Workbook
Name DEfensive: Lists!$BL:$BL
Name EventType: Lists!$A$2:$A$16
Name Faceoff: Lists!$G$2:$G$1048576
Name Goal: Lists!$J$2:$J$1048576
Name Goal_PenaltyShot: Lists!$BA$2:$BA$1048576
Name Goal_Scored: Lists!$AY$2:$AY$1048576
Name Goal_Shootout: Lists!$AZ$2:$AZ$1048576
Name LoosePuck: Lists!$P$2:$P$1048576
Name Offensive: Lists!$BK:$BK
Name Pass: Lists!$I$2:$I$1048576
Name Pass_Completed: Lists!$R$2:$R$1048576
Name Pass_Deflected: Lists!$T$2:$T$1048576
Name Pass_Intercepted: Lists!$U$2:$U$1048576
Name Pass_Missed: Lists!$S$2:$S$1048576
Name Penalty: Lists!$M$2:$M$1048576
Name Penalty_Major: Lists!$AA$2:$AA$1048576
Name Penalty_Minor: Lists!$AB$2:$AB$1048576
Name Penalty_Offsetting: Lists!$AC$2:$AC$1048576
Name PenaltyShot_Missed: Lists!$AK$2:$AK$1048576
Name PenaltyShot_OnNet: Lists!$AJ$2:$AJ$1048576
Name PenaltyShot_Saved: Lists!$AL$2:$AL$1048576
Name PenaltyShot_Shootout: Lists!$N$2:$N$1048576
Name Play: Lists!$F:$F
Name Play_Defensive: Lists!$BE:$BE
Name Play_Offensive: Lists!$BD:$BD
Name Possession: Lists!$BF:$BF
Name Rebound: Lists!$BC$2:$BC$1048576
Name Save: Lists!$Q$2:$Q$1048576
Name Save_Freeze: Lists!$AN$2:$AN$1048576
Name Save_Played: Lists!$BB:$BB
Name Save_Rebound: Lists!$AM$2:$AM$1048576
Name Shootout_Missed: Lists!$AH$2:$AH$1048576
Name Shootout_OnNet: Lists!$AG$2:$AG$1048576
Name Shootout_Saved: Lists!$AI$2:$AI$1048576
Name Shot: Lists!$H$2:$H$1048576
Name Shot_Blocked: Lists!$AQ$2:$AQ$1048576
Name Shot_BlockedSameTeam: Lists!$AR$2:$AR$1048576
Name Shot_Deflected: Lists!$AS$2:$AS$1048576
Name Shot_DeflectedGoal: Lists!$AX$2:$AX$1048576
Name Shot_DeflectedOnNetSaved: Lists!$AT$2:$AT$1048576
Name Shot_Missed: Lists!$AP$2:$AP$1048576
Name Shot_MissedPost: Lists!$BH:$BH
Name Shot_OnNetGoal: Lists!$AV$2:$AV$1048576
Name Shot_OnNetSaved: Lists!$AO$2:$AO$1048576
Name Shot_TippedGoal: Lists!$AW$2:$AW$1048576
Name Shot_TippedOnNetSaved: Lists!$AU$2:$AU$1048576
Name Stoppage: Lists!$O$2:$O$1048576
Name Stoppage_Other: Lists!$AF$2:$AF$1048576
Name Stoppage_Period: Lists!$AE$2:$AE$1048576
Name Stoppage_Play: Lists!$AD$2:$AD$1048576
Name Turnover: Lists!$K$2:$K$1048576
Name Turnover_Giveaway: Lists!$V$2:$V$1048576
Name Turnover_Takeaway: Lists!$W$2:$W$1048576
Name Zone_Entry: Lists!$X$2:$X$1048576
Name Zone_Entry_Exit: Lists!$L$2:$L$1048576
Name Zone_EntryFailed: Lists!$BM:$BM
Name Zone_Exit: Lists!$Y$2:$Y$1048576
Name Zone_ExitFailed: Lists!$BN:$BN
Name Zone_Keepin: Lists!$Z$2:$Z$1048576

Sheet examples
A1: shift_index | B1: Period | C1: shift_start_min | D1: shift_start_sec | E1: shift_end_min | F1: shift_end_sec | G1: shift_start_type | H1: shift_stop_type | I1: home_forward_1 | J1: home_forward_2 | K1: home_forward_3 | L1: home_defense_1 | M1: home_defense_2 | N1: home_xtra | O1: home_goalie | P1: away_forward_1 | Q1: away_forward_2 | R1: away_forward_3 | S1: away_defense_1 | T1: away_defense_2 | U1: away_xtra | V1: away_goalie | W1: stoppage_time | X1: home_ozone_start | Y1: home_ozone_end | Z1: home_dzone_start | AA1: home_dzone_end | AB1: home_nzone_start | AC1: home_nzone_end | AD1: game_id | AE1: home_team | AF1: away_team | AG1: shift_start_total_seconds | AH1: shift_end_total_seconds | AI1: shift_duration | AJ1: home_team_strength | AK1: away_team_strength | AL1: home_team_en | AM1: away_team_en | AN1: home_team_pk | AO1: home_team_pp | AP1: away_team_pp | AQ1: away_team_pk | AR1: situation | AS1: strength | AT1: home_goals | AU1: away_goals | AV1: period_start_total_running_seconds | AW1: running_video_time | AX1: shift_start_running_time | AY1: shift_end_running_time
A2: 40 | B2: 1 | C2: 2 | D2: 07 | E2: 0 | F2: 35 | G2: OtherFaceoff | H2: Away Goalie Stopped (after Home SOG) | I2: 42 | J2: 14 | K2: 61 | L2: 22 | M2: 9 | O2: 39 | P2: 91 | Q2: 80 | R2: 89 | S2: 4 | T2: 25 | V2: 30 | Y2: 1
A3: 41 | B3: 1 | C3: 0 | D3: 35 | E3: 0 | F3: 0.01 | G3: OtherFaceoff | H3: Period End | I3: 42 | J3: 14 | K3: 61 | L3: 22 | M3: 9 | O3: 39 | P3: 77 | Q3: 13 | R3: 68 | S3: 4 | T3: 25 | V3: 30 | Y3: 1
A4: 42 | B4: 1 | G4: Intermission
A5: 43 | B5: 2 | C5: 18 | D5: 0 | E5: 17 | F5: 18 | G5: PeriodStart | H5: Away Goalie Stopped (after Home SOG) | I5: 70 | J5: 14 | K5: 55 | L5: 91 | M5: 84 | O5: 39 | P5: 77 | Q5: 13 | R5: 68 | S5: 44 | T5: 18 | V5: 30 | Y5: 1
A8: 105 | B8: 3 | C8: 1 | D8: 01 | E8: 0 | F8: 49 | I8: 42 | J8: 24 | K8: 61 | L8: 91 | M8: 84 | O8: 39 | P8: 77 | Q8: 12 | R8: 68 | S8: 44 | T8: 18 | V8: 30 | AA8: 1
A9: 106 | B9: 3 | C9: 0 | D9: 49 | E9: 0 | F9: 0.01 | H9: GameEnd | I9: 42 | J9: 24 | K9: 61 | L9: 91 | M9: 84 | O9: 39 | P9: 77 | Q9: 12 | R9: 56 | S9: 44 | T9: 18 | U9: 3 | AA9: 1
A10: 107 | B10: 3 | C10: 0 | D10: 0.01
A25: event_index | B25: linked_event_index_ | C25: linked_event_index | D25: tracking_event_index | E25: sequence_index | F25: play_index | G25: zone_change_index | H25: Period | I25: event_start_min_ | J25: event_start_sec_ | K25: event_end_min_ | L25: event_end_sec_ | M25: event_start_min | N25: event_start_sec | O25: event_end_min | P25: event_end_sec | Q25: Team_ | R25: Player | S25: role_abrev_binary | T25: role_abrev | U25: Type_ | V25: event_detail_ | W25: event_detail_2_ | X25: successful | Y25: play_detail1 | Z25: play_detail2 | AA25: play_detail_successful | AB25: context | AC25: play_tag1 | AD25: play_tag2 | AE25: high_danger | AF25: event_team_zone | AG25: home_team_zone | AH25: away_team_zone | AI25: forced_forcer | AJ25: pressured_pressurer
A27: 599 | H27: 1 | I27: 0 | J27: 01 | Q27: a | R27: 13 | S27: 1 | T27: e | U27: Shot | V27: Shot_Missed | W27: Shot-Backhand | X27: u | AF27: o | AJ27: 1 | AM27: Shot | AN27: Shot_Missed | AP27: Offensive
A28: 599 | H28: 1 | R28: 9 | T28: o | Y28: Defensive_PlayPossession-StickCheck | AA28: s | AJ28: 1 | AM28: Shot | AN28: Shot_Missed | AP28: Defensive
A29: 600 | H29: 1 | I29: 0 | J29: 00 | T29: o | U29: Stoppage | V29: Stoppage_Period | W29: Stoppage-PeriodEnd | AM29: Stoppage | AN29: Stoppage_Period
A30: 601 | H30: 2 | I30: 56 | J30: 46 | K30: 55 | L30: 39 | T30: o | U30: Intermission | AM30: Intermission
A31: 602 | H31: 2 | I31: 18 | J31: 00 | Q31: h | R31: 70 | S31: 1 | T31: e | U31: Faceoff | V31: Faceoff_PeriodStart | AF31: n | AM31: Faceoff | AN31: Faceoff_PeriodStart | AP31: Offensive
A34: 1438 | B34: 223 | H34: 3 | I34: 5 | J34: 55 | Q34: h | R34: 61 | S34: 1 | T34: e | U34: Shot | V34: Shot_Goal | AF34: o | AM34: Shot | AN34: Shot_Goal | AP34: Offensive
A35: 1438 | B35: 223 | H35: 3 | R35: 30 | T35: o | AM35: Shot | AN35: Shot_Goal | AP35: Defensive
A36: 1439 | B36: 223 | H36: 3 | I36: 5 | J36: 55 | Q36: h | R36: 61 | S36: 1 | T36: e | U36: Goal | V36: Goal_Scored | W36: Goal-Wrist | AF36: o | AM36: Goal | AN36: Goal_Scored | AP36: Offensive
A37: 1439 | B37: 223 | H37: 3 | R37: 30 | T37: o | AM37: Goal | AN37: Goal_Scored | AP37: Defensive
A38: 1440 | B38: 223 | H38: 3 | I38: 5 | J38: 55 | Q38: h | R38: 61 | S38: 1 | T38: e | U38: Stoppage | V38: Stoppage_Play | W38: Stoppage-Goal | AF38: o | AJ38: 1 | AM38: Stoppage | AN38: Stoppage_Play
A39: 1441 | B39: 223 | H39: 3 | I39: 5 | J39: 55 | K39: 5 | L39: 31 | Q39: h | R39: 61 | S39: 1 | T39: e | U39: DeadIce | AF39: o | AJ39: 1 | AM39: DeadIce
A43: 1590 | H43: 3 | I43: 0 | J43: 26 | Q43: h | R43: 84 | S43: 1 | T43: e | U43: Penalty_Delayed | AF43: d | AJ43: 1 | AM43: Penalty_Delayed | AP43: Offensive
A44: 1590 | H44: 3 | R44: 3 | T44: o | AJ44: 1 | AM44: Penalty_Delayed | AP44: Defensive
A45: 1591 | B45: 247 | H45: 3 | I45: 0 | J45: 25 | Q45: a | R45: 18 | S45: 1 | T45: e | U45: Shot | V45: Shot_OnNetSaved | W45: Shot-Wrist | X45: s | AF45: o | AM45: Shot | AN45: Shot_OnNetSaved | AP45: Offensive
A46: 1591 | B46: 247 | H46: 3 | R46: 77 | S46: 1 | T46: e | Y46: OffensivePlay_Shot-Screen | AM46: Shot | AN46: Shot_OnNetSaved | AP46: Offensive
A47: 1591 | B47: 247 | H47: 3 | R47: 39 | T47: o | AM47: Shot | AN47: Shot_OnNetSaved | AP47: Defensive
A48: 1592 | B48: 247 | H48: 3 | I48: 0 | J48: 25 | Q48: h | R48: 39 | S48: 1 | T48: e | U48: Save | V48: Save_Rebound | W48: Save-Blocker | AF48: d | AM48: Save | AN48: Save_Rebound | AP48: Defensive
A49: 1592 | B49: 247 | H49: 3 | R49: 18 | T49: o | AM49: Save | AN49: Save_Rebound | AP49: Offensive
A50: 1592 | B50: 247 | H50: 3 | R50: 77 | T50: o | Y50: OffensivePlay_Shot-Screen | AM50: Save | AN50: Save_Rebound | AP50: Offensive
A51: 1593 | B51: 247 | H51: 3 | I51: 0 | J51: 25 | Q51: h | R51: 39 | S51: 1 | T51: e | AF51: d | AP51: Offensive
A52: 1594 | H52: 3 | I52: 0 | J52: 21 | Q52: a | R52: 56 | S52: 1 | T52: e | U52: Possession | V52: PuckRecovery | X52: u | Y52: OffensivePlay_Zone-PuckRecoveryShot | AA52: u | AF52: o | AM52: Possession | AN52: PuckRecovery | AP52: Offensive
A53: 1595 | H53: 3 | I53: 0 | J53: 21 | Q53: a | R53: 56 | S53: 1 | T53: e | U53: Pass | V53: Pass_Missed | W53: Pass-Forehand | X53: u | Y53: OffensivePlay_Pass-SecondTouch | AA53: u | AF53: o | AJ53: 1 | AM53: Pass | AN53: Pass_Missed | AP53: Offensive
A54: 1595 | H54: 3 | R54: 3 | S54: 1 | T54: e | AM54: Pass | AN54: Pass_Missed | AP54: Offensive
A55: 1595 | H55: 3 | R55: 91 | T55: o | AJ55: 1 | AM55: Pass | AN55: Pass_Missed | AP55: Defensive
A56: 1596 | H56: 3 | I56: 0 | J56: 21 | Q56: h | S56: 1 | T56: e | U56: Zone_Entry_Exit | V56: Zone_Exit | W56: ZoneExit-OppTeam | AF56: d | AM56: Zone_Entry_Exit | AN56: Zone_Exit | AP56: Offensive
A57: 1597 | H57: 3 | I57: 0 | J57: 17 | K57: 0 | L57: 15 | Q57: a | R57: 44 | S57: 1 | T57: e | U57: Possession | V57: PuckRecovery | X57: s | Y57: OffensivePlay_Zone-PuckRecoveryTurnover | AA57: s | AF57: n | AM57: Possession | AN57: PuckRecovery | AP57: Offensive
A58: 1598 | H58: 3 | I58: 0 | J58: 15 | Q58: a | R58: 44 | S58: 1 | T58: e | U58: Pass | V58: Pass_Completed | W58: Pass-Forehand | X58: s | AF58: n | AM58: Pass | AN58: Pass_Completed | AP58: Offensive
A59: 1598 | H59: 3 | R59: 18 | S59: 1 | T59: e | AM59: Pass | AN59: Pass_Completed | AP59: Offensive
A60: 1599 | H60: 3 | I60: 0 | J60: 14 | Q60: a | R60: 18 | S60: 1 | T60: e | U60: Zone_Entry_Exit | V60: Zone_Entry | W60: ZoneEntry-Rush | X60: u | AF60: o | AJ60: 1 | AM60: Zone_Entry_Exit | AN60: Zone_Entry | AP60: Offensive
A61: 1599 | H61: 3 | R61: 24 | T61: o | AJ61: 1 | AM61: Zone_Entry_Exit | AN61: Zone_Entry | AP61: Defensive
A62: 1600 | H62: 3 | I62: 0 | J62: 12 | Q62: h | R62: 24 | S62: 1 | T62: e | U62: Turnover | V62: Turnover_Takeaway | W62: Takeaway-BattleWon | X62: s | Y62: Defensive_PlayPossession-SeperateFromPuck | AA62: s | AF62: d | AJ62: 1 | AM62: Turnover | AN62: Turnover_Takeaway | AP62: Defensive
A63: 1600 | H63: 3 | R63: 91 | S63: 1 | T63: e | Y63: Defensive_PlayPossession-StickCheck | AA63: s | AJ63: 1 | AM63: Turnover | AN63: Turnover_Takeaway | AP63: Defensive
A64: 1600 | H64: 3 | R64: 18 | T64: o | AJ64: 1 | AM64: Turnover | AN64: Turnover_Takeaway | AP64: Offensive
A65: 1601 | B65: 248 | H65: 3 | I65: 0 | J65: 11 | Q65: h | R65: 84 | S65: 1 | T65: e | U65: Penalty | V65: Penalty_Minor | W65: Penalty-Tripping | AF65: d | AM65: Penalty | AN65: Penalty_Minor | AP65: Offensive
A66: 1602 | B66: 248 | H66: 3 | I66: 0 | J66: 11 | K66: 0 | L66: 00 | Q66: h | R66: 84 | S66: 1 | T66: e | U66: Stoppage | V66: Stoppage_Period | W66: Stoppage-PeriodEnd | AF66: d | AM66: Stoppage | AN66: Stoppage_Period

Sheet Sheet1
A1: duration | C1: context
A2: time_start_total_seconds | C2: play_tag1
A3: time_end_total_seconds | C3: play_tag2
A4: shift_index | C4: high_danger
A5: player_role
A6: role_number
A7: running_intermission_duration
A8: period_start_total_running_seconds
A9: running_video_time
A10: event_running_start
A11: event_running_end
A12: event_id
A13: linked_event_id
A14: play_id
A15: sequence_id
A16: zone_change_id
... A72: possession_change

Sheet Rules
A1: EventType | B1: Definition | C1: Next Event | D1: Uses | E1: Linked Events | F1: Successful/Unsuccessful | G1: Successful Def | J1: EventTypeDetail | K1: Definition | L1: Next Event | M1: Uses | N1: Linked Events | O1: Successful/Unsuccessful | P1: Successful Def | S1: EventTypeDetail2 | T1: Definition | U1: Next Event | V1: Uses | W1: Linked Events | X1: Successful/Unsuccessful | Y1: Successful Def | AC1: Definition | AD1: Next Event | AE1: Uses | AF1: Linked Events | AG1: Successful/Unsuccessful | AH1: Successful Def | AL1: Definition | AM1: Next Event | AN1: Uses | AO1: Linked Events | AP1: Linked Events | AQ1: Successful/Unsuccessful | AR1: Successful Def | AT1: play_tag1 | AU1: Definition | AV1: Next Event | AW1: Uses | AX1: Linked Events | AZ1: play_tag2 | BA1: Definition | BB1: Next Event | BC1: Uses | BD1: Linked Events | BF1: Context | BG1: Definition | BH1: Next Event | BI1: Uses | BJ1: Linked Events | BM1: shift_start | BN1: Definition | BO1: Next Event | BP1: Linked Events | BR1: shift_end | BS1: Definition | BT1: Next Event | BU1: Linked Events
A2: Faceoff | J2: Faceoff | S2: PenaltyShot/Shootout | AB2: Offensive | AH2: sucessful if next play positive | AK2: Defensive | AR2: sucessful if next play positive | AT2: LowToHigh | AZ2: Rush | BF2: LeadToBreakout | BM2: PeriodStart | BR2: -
A3: Shot | E3: Save | J3: Faceoff-AfterPenalty | S3: PenaltyShot_OnNet | X3: s | AB3: OffensivePlay_Possession-DriveMiddle | AK3: Defensive_PlayPossession-PokeCheck | AT3: HighToLow | AZ3: Cycle | BF3: LeadToZoneEntry | BM3: FaceoffAfterGoal | BR3: Period Start
A4: Pass | J4: Faceoff-AfterGoal | S4: PenaltyShot_Missed | X4: u | AB4: OffensivePlay_Possession-DriveWide | AK4: Defensive_PlayPossession-SeperateFromPuck | AT4: CrossIce | AZ4: Forecheck | BF4: LeadToTurnover | BM4: GameStart | BR4: Period End
A5: Goal | E5: Shot | J5: Faceoff-PeriodStart | S5: PenaltyShot_Saved | X5: s | AB5: OffensivePlay_Possession-DriveCorner | AK5: Defensive_PlayPossession-Backcheck | AT5: Slot | AZ5: Dumpin | BF5: LeadToShot | BM5: FaceoffAfterPenalty | BR5: Puck Out of Play
A6: Turnover | E6: Pass, Shot, Play | J6: Shot-OnNet | S6: ShootoutShot_OnNet | X6: s | AB6: OffensivePlay_Possession-DriveNetMiddle | AK6: Defensive_PlayPossession-FroceWide | AZ6: Regroup | BF6: LeadToGoal | BM6: OtherFaceoff | BR6: Injury
A7: Zone_Entry_Exit | E7: Pass, Turnover, Attempted Failed, Keepins | J7: Shot-Missed | S7: ShootoutShot_Missed | X7: u | AB7: OffensivePlay_Possession-DriveNetWide | AK7: Defensive_PlayPossession-Contain | AZ7: Counter | BF7: LeadToPenalty | BM7: DeadIce/Stoppage | BR7: Home Penalty
A8: Penalty | J8: Shot-Blocked | S8: ShootoutShot_Saved | X8: s | AB8: OffensivePlay_Possession-CrashNet | AK8: Defensive_PlayPossession-BeatMiddle | AZ8: ZoneExit | BF8: LeadToFailedBreakout | BM8: Intermission | BR8: Away Penalty
A9: PenaltyShot_Shootout | J9: Shot-BlockedSameTeam | AB9: OffensivePlay_Possession-Delay | AK9: Defensive_PlayPossession-BeatWide | AZ9: ZoneEntry | BF9: LeadToFailedZoneEntry | BM9: DelayedPenalty | BR9: Home Goalie Stoppage
A10: Stoppage | E10: Save Freeze | J10: Shot-Deflected | S10: Stoppage_Period | AB10: OffensivePlay_Possession-Deke | AK10: Defensive_PlayPossession-BeatDeke | AZ10: Clear | BM10: GameStart | BR10: Away Goalie Stoppage
A11: Hit | J11: Shot-DeflectedOnNet | S11: Stoppage_Play | AB11: OffensivePlay_Possession-Chip | AK11: Defensive_PlayPossession-BeatSpeed | BR11: Home Offside
A12: Possession | J12: Shot-Tipped | S12: Stoppage_Other | AB12: OffensivePlay_Possession-Other | AK12: Defensive_PlayPossession-Pressure | BR12: Home Icing
A13: LoosePuck | J13: Pass-Completed | S13: Stoppage_GameEnd | AB13: OffensivePlay_Possession-Speed | AK13: Defensive_PlayPossession-Zone | BR13: Away Offside
A14: Save | E14: Shot, Stoppage, Deadice | J14: Pass-Missed | AB14: OffensivePlay_Possession-OpenIceDeke | AK14: Defensive_PlayPossession-ManOnMan | BR14: Away Icing
A15: TeamPossessionChange | J15: Pass-Deflected | S15: Save_Rebound | AB15: OffensivePlay_Possession-EndToEndRush | AK15: Defensive_PlayPossession-Tracker | BR15: Clock Problem
A16: Rebound | E16: Shot, Save | J16: Pass-Intercepted | S16: Save_Freeze | AB16: OffensivePlay_Possession-FrontofNet | AK16: Defensive_PlayPossession-Surf | BR16: Puck Frozen
A17: DeadIce | J17: Turnover-Giveaway | S17: Save_Played | AB17: OffensivePlay_Possession-CutBack | AK17: Defensive_PlayPossession-StickCheck | BR17: Puck in Crowd
A18: Play | J18: Turnover-Takeaway | AB18: OffensivePlay_Possession-Wheel | AK18: Defensive_PlayPass-PassIntercepted | BR18: Goalie Stopped (after SOG)
A19: Timeout | J19: Zone-Entry | S19: Pass-Stretch | X19: s/u | AB19: OffensivePlay_Possession-ForecedOutside | AK19: Defensive_PlayPass-InShotPassLane | BR19: Referee or Linesperson
A20: Intermission | J20: Zone-Exit | S20: Pass-Rim/Wrap | X20: s/u | AB20: OffensivePlay_Pass-AssistPrimary | AK20: Defensive_PlayShot-BoxOut | BR20: High Stick
A21: Clockstop | J21: Zone-Keepin | S21: Pass-Backhand | X21: s/u | AB21: OffensivePlay_Pass-AssistSecondary | AK21: Defensive_PlayShot-BlockedShot | BR21: Objects on Ice
A22: GameStart | J22: Zone_Entryfailed | S22: Pass-Forehand | X22: s/u | AB22: OffensivePlay_Pass-AssistTertiary | AK22: Defensive_PlayShot-FrontofNet | BR22: Hand Pass
A23: GameEnd | J23: Zone_ExitFailed | S23: Pass-Bank | X23: s/u | AB23: OffensivePlay_Pass-GiveAndGo | AK23: Defensive_PlayZone-ClearingAttempt | BR23: Premature Substitution
A24: Penalty_Delayed | J24: Zone_KeepinFailed | S24: Pass-Dump | X24: s/u | AB24: OffensivePlay_Pass-Reverse | AK24: Defensive_PlayZone-ZoneEntryDenial | BR24: Puck in Netting
A25: Zone_Change | J25: Penalty | S25: Pass-Tipped | X25: s/u | AB25: OffensivePlay_Pass-QuickUp | AK25: Defensive_PlayZone-ZoneExitDenial | BR25: Puck in Benches
J26: Penalty-Offsetting | S26: Pass-Lob | X26: s/u | AB26: OffensivePlay_Pass-SecondTouch | AK26: Defensive_PlayZone-PenaltyKillClear | BR26: Net Dislodged Offensive Skater
J27: Stoppage-Freeze | S27: Pass-Drop | X27: s/u | AB27: OffensivePlay_Pass-ReceiverMissed | AK27: Defensive_PlayZone-PuckRetrievalDumpIn | BR27: Puck Frzn-Goalie-Bynd Ctr
J28: Stoppage-OutfofPlay | S28: Pass-Deflected/TippedShot | X28: s/u | AB28: OffensivePlay_Shot-Screen | AK28: Defensive_PlayZone-PuckRetrievalShot | BR28: Skater Puck Frozen
J29: Stoppage-PeriodEnd | S29: Pass-ReceiverMissed | X29: s/u | AB29: OffensivePlay_Zone-Breakout | AK29: Defensive_PlayZone-PuckRetreivalTurnover | BR29: Valid stoppage type reasons (reason):
J30: Stoppage-Goal | S30: Pass-OneTouch | X30: s/u | AB30: OffensivePlay_Zone-DumpChase | AK30: Defensive_PlayZone-PuckRetreivalPass | BR30: TV timeout
J31: Stoppage-Penalty | S31: Pass-SecondTouch | X31: s/u | AB31: OffensivePlay_Zone-Forecheck | AK31: Defensive_PlayZone-PuckRetrievalRebound | BR31: Home Timeout
J32: Shootout-OnNet | S32: Pass-QuickUp | X32: s/u | AB32: OffensivePlay_Zone-Dump/RimInZone | AK32: Defensive_PlayZone-PuckRecoveryDumpIn | BR32: Visitor Timeout
J33: Shootout-Missed | S33: Pass-GiveAndGo | X33: s/u | AB33: OffensivePlay_Zone-DumpInAttempt | AK33: Defensive_PlayZone-PuckRecoveryShot | BR33: Player Injury
J34: Shootout-Saved | S34: Pass-Reverse | X34: s/u | AB34: OffensivePlay_Zone-Breakout | AK34: Defensive_PlayZone-PuckRecoveryTurnover | BR34: Official Injury
J35: PenaltyShot-OnNet | S35: Pass-Other | X35: s/u | AB35: OffensivePlay_Zone-Cycle | AK35: Defensive_PlayZone-PuckRecoveryPass | BR35: Rink Repair
J36: PenaltyShot-Missed | AB36: OffensivePlay_Zone-PuckRetrievalDumpIn | AK36: Defensive_PlayZone-PuckRecoveryRebound | BR36: Ice problem
J37: PenaltyShot-Saved | S37: Giveaway-Misplayed | AB37: OffensivePlay_Zone-PuckRetrievalShot | AK37: Defensive_PlayZone-ForcedDumpin/Clear | BR37: Player Equipment
J38: LoosePuck-Forecheck | S38: Giveaway-BattleLost | AB38: OffensivePlay_Zone-PuckRetreivalTurnover | AK38: Offensive_Zone-AttemptedKeepin | BR38: Video Review
J39: LoosePuck-Battle | S39: Giveaway-PassIntercepted | AB39: OffensivePlay_Zone-PuckRetreivalPass | AK39: Defensive_Zone-AttemptedBreakOutPass | BR39: Chlg Hm - off-side
J40: Save-Rebound | S40: Giveaway-PassMissed | AB40: OffensivePlay_Zone-PuckRetreivalRebound | AK40: Defensive_Zone-AttemptedBreakOutRush | BR40: Chlg Vis - off-side
J41: Save-Freeze | S41: Giveaway-PassBlocked | AB41: OffensivePlay_Zone-PuckRetreivalShot | AK41: Defensive_Zone-AttemptedBreakOutClear | BR41: Chlg Hm - goal interference
J42: Save | S42: Giveaway-PassReceiverMissed | AB42: OffensivePlay_Zone-PuckRecoveryDumpIn | AK42: Offensive_Zone-AttemptedEntryDumpIn | BR42: Chlg Vis - goal interference
J43: DeadIce | S43: Giveaway-ShotBlocked | AB43: OffensivePlay_Zone-PuckRecoveryShot | AK43: Offensive_Zone-AttemptedEntryPass | BR43: Chlg League - off-side
J44: Play | S44: Giveaway-ShotMissed | AB44: OffensivePlay_Zone-PuckRecoveryTurnover | AK44: Offensive_Zone-AttemptedEntryRush | BR44: Chlg League - goal interference
J45: Faceoff-GameStart | S45: Giveaway-ZoneClear/Dump | AB45: OffensivePlay_Zone-PuckRecoveryPass | BR45: Switch sides
J46: Breakaway | K46: Possession on zone entry when on breakaway | S46: Giveaway-AttemptedZoneClear/Dump | AB46: OffensivePlay_Zone-PuckRecoveryRebound | BR46: Chlg Hm - Missed stoppage
J47: PuckRetrieval | K47: Puck reterived after opp team touch/turnover' | O47: s/u | P47: successful if next play positive | S47: Giveaway-ZoneEntry/ExitMisplay | AB47: Offensive_Zone-AttemptedKeepin | BR47: Chlg Vis - Missed stoppage
J48: PuckRecovery | K48: Puck recovered after same team touch/turnover | O48: s/u | S48: Giveaway-DumpInZone | AB48: Defensive_Zone-AttemptedBreakOutPass | BR48: Chlg League - Missed stoppage
J49: Regroup | K49: Circle back in Nzone/Dzone | O49: s/u | S49: Giveaway-Other | AB49: Defensive_Zone-AttemptedBreakOutRush | BR49: Chlg Hm - puck over glass
O50: s/u | AB50: Defensive_Zone-AttemptedBreakOutClear | BR50: Chlg Vis - puck over glass
S51: Takeaway-BattleWon | AB51: Offensive_Zone-AttemptedEntryDumpIn | BR51: Chlg League - puck over glass
S52: Takeaway-PokeCheck | AB52: Offensive_Zone-AttemptedEntryPass | BR52: Home Goal
S53: Takeaway-PassIntercepted | AB53: Offensive_Zone-AttemptedEntryRush | BR53: Away Goal
S54: Takeaway-PassBlocked | BR54: Away Goalie Stopped (after Home SOG)
S55: Takeaway-ShotBlocked | BR55: Home Goalie Stopped (after Away SOG)
S56: Takeaway-ZoneClear/Dump | BR56: DeadIce/Stoppage
S57: Takeaway-AttemptedZoneClear/Dump | BR57: Offset Penalty
S58: Takeaway-Other | BR58: GameEnd
S60: Zone-EntryFailed | X60: s/u
S61: ZoneEntry-Rush | X61: s/u
S62: ZoneEntry-Pass | X62: s/u
S63: ZoneEntry-DumpIn | X63: s/u
S64: ZoneEntry-Chip | X64: s/u
S65: ZoneEntry-FromExitClear | X65: s/u
S66: ZoneEntry-PassMiss/Misplay | X66: s/u
S67: ZoneEntry-OppTeam | X67: s/u
S68: ZoneEntry-Lob | X68: s/u
S69: ZoneEntry-RushBreakaway | X69: s/u
S70: ZoneEntry-CausedTurnover | X70: s/u
S71: ZoneEntry-PenaltyKillClear | X71: s/u
... S89: Zone-Other | X89: s/u
S91: OffensivePlay | Y91: successful if positive play made next
S92: DriveMiddle | T92: Cut to middle of ice | X92: s/u
S93: DriveWide | T93: drive wide either foreced /unforced | X93: s/u
S94: DriveCorner | T94: drive to offensive corner forced/unforced | X94: s/u
S95: DriveNetMiddle | T95: drive to slot from middle | X95: s/u
S96: DriveNetWide | T96: drive to slot from wide | X96: s/u
S97: CrashNet | T97: crash net for rebound | X97: s/u
S98: Delay | X98: s/u
S99: Deke | X99: s/u
S100: Chip | X100: s/u
S101: Other | X101: s/u
S102: DumpChase | T102: dumped into ozone form ozone/nzone | X102: s/u
S103: Forecheck | T103: offensive players crashing puck after dumpin | X103: s/u
S104: Speed | X104: s/u
S106: DefensivePlay | Y106: successful if positive play made next
S107: PokeCheck | X107: s/u
S108: PokeCheckFailed | X108: s/u
S109: SeperateFromPuck | X109: s/u
S110: Backcheck | X110: s/u
S111: FroceWide | X111: s/u
S112: Contain | X112: s/u
S113: BeatMiddle | X113: s/u
S114: BeatWide | X114: s/u
S115: BeatDeke | X115: s/u
S116: BeatSpeed | X116: s/u
S117: BoxOut | X117: s/u
S118: Other | X118: s/u
... S130: Shot-Other | X130: s/u
S132: Save-Glove
...

Sheet Lists
A1: EventType | B1: EventTypeDetail | C1: EventTypeDetail2 | D1: OffensivePlay | E1: DefensivePlay | F1: Play | G1: Faceoff | H1: Shot | I1: Pass | J1: Goal | K1: Turnover | L1: Zone_Entry_Exit | M1: Penalty | N1: PenaltyShot/Shootout | O1: Stoppage | P1: LoosePuck | Q1: Save | R1: Pass_Completed | S1: Pass_Missed | T1: Pass_Deflected | U1: Pass_Intercepted | V1: Turnover_Giveaway | W1: Turnover_Takeaway | X1: Zone_Entry | Y1: Zone_Exit | Z1: Zone_Keepin | AA1: Penalty_Major | AB1: Penalty_Minor | AC1: Penalty_Offsetting | AD1: Stoppage_Play | AE1: Stoppage_Period | AF1: Stoppage_Other | AG1: Shootout_OnNet | AH1: Shootout_Missed | AI1: Shootout_Saved | AJ1: PenaltyShot_OnNet | AK1: PenaltyShot_Missed | AL1: PenaltyShot_Saved | AM1: Save_Rebound | AN1: Save_Freeze | AO1: Shot_OnNetSaved | AP1: Shot_Missed | AQ1: Shot_Blocked | AR1: Shot_BlockedSameTeam | AS1: Shot_Deflected | AT1: Shot_DeflectedOnNetSaved | AU1: Shot_TippedOnNetSaved | AV1: Shot_OnNetGoal | AW1: Shot_TippedGoal | AX1: Shot_DeflectedGoal | AY1: Goal_Scored | AZ1: Goal_Shootout | BA1: Goal_PenaltyShot | BB1: Save_Played | BC1: Rebound | BD1: Play_Offensive | BE1: Play_Defensive | BF1: Possession | BG1: Faceoff | BH1: Shot_MissedPost | BI1: shift_start | BJ1: shift_end | BK1: Offensive | BL1: Defensive | BM1: Zone_EntryFailed | BN1: Zone_ExitFailed | BO1: Zone_KeepinFailed | BQ1: play_details
F2: Play_Offensive | G2: Faceoff_AfterPenalty | H2: Shot_OnNetSaved | I2: Pass_Completed | J2: Goal_Scored | K2: Turnover_Giveaway | L2: Zone_Entry | M2: Penalty_Minor | N2: PenaltyShot_OnNet | O2: Stoppage_Period | P2: LoosePuck_Forecheck | Q2: Save_Rebound | R2: Pass-Stretch | S2: Pass-Stretch | T2: Pass-Stretch | U2: Pass-Stretch | V2: Giveaway-Misplayed | W2: Takeaway-BattleWon | X2: ZoneEntry-Rush | Y2: ZoneExit-Rush | Z2: Zone-KeepIn | AA2: Penalty-Bench Penalty | AB2: Penalty-Bench Penalty | AC2: Penalty-Bench Penalty | AD2: Stoppage-Icing | AE2: Stoppage-StartofShootout | AF2: Stoppage-ObjectsonIce | AG2: Shot-Wrist | AH2: Shot-Wrist | AI2: Shot-Wrist | AJ2: Shot-Wrist | AK2: Shot-Wrist | AL2: Shot-Wrist | AM2: Save-Glove | AN2: Save-Glove | AO2: Shot-Wrist | AP2: Shot-Wrist | AQ2: Shot-Wrist | AR2: Shot-Wrist | AS2: Shot-Deflection | AT2: Shot-Deflection | AU2: Shot-Tip | AV2: Shot-Wrist | AX2: Shot-Deflection | AY2: Goal-Wrist | AZ2: Goal-Wrist | BA2: Goal-Wrist | BB2: Save-Glove | BC2: Rebound_TeamRecovered | BE2: Play-PokeCheck | BF2: Breakaway | BG2: Shot | BH2: Shot-Wrist | BI2: PeriodStart | BJ2: - | BK2: AssistPrimary | BL2: AttemptedBlockedShot | BM2: ZoneEntry-Rush | BN2: ZoneExit-Rush | BO2: Zone-KeepIn | BQ2: {=_xlfn._xlws.SORT(_xlfn.UNIQUE(BK2:BK1000))} -> AssistPrimary
A3: Faceoff | B3: Faceoff | C3: Shot-Wrist | D3: DriveMiddle | E3: PokeCheck | F3: Play_Defensive | G3: Faceoff_AfterGoal | H3: Shot_Missed | I3: Pass_Missed | J3: Goal_Shootout | K3: Turnover_Takeaway | L3: Zone_Exit | M3: Penalty_Offsetting | N3: PenaltyShot_Missed | O3: Stoppage_Play | P3: LoosePuck_Battle | Q3: Save_Freeze | R3: Pass-Rim/Wrap | S3: Pass-Rim/Wrap | T3: Pass-Rim/Wrap | U3: Pass-Rim/Wrap | V3: Giveaway-BattleLost | W3: Takeaway-PokeCheck | X3: ZoneEntry-Pass | Y3: ZoneExit-Pass | Z3: Zone-Pinch | AA3: Penalty-Boarding | AB3: Penalty-Boarding | AC3: Penalty-Boarding | AD3: Stoppage-Offsides | AE3: Stoppage-PeriodStart | AF3: Stoppage-HomeTimeout | AG3: Shot-Slap | AH3: Shot-Slap | AI3: Shot-Slap | AJ3: Shot-Slap | AK3: Shot-Slap | AL3: Shot-Slap | AM3: Save-Blocker | AN3: Save-Blocker | AO3: Shot-Slap | AP3: Shot-Slap | AQ3: Shot-Slap | AR3: Shot-Slap | AS3: Shot-Wrist | AT3: Shot-Wrist | AU3: Shot-Wrist | AV3: Shot-Slap | AW3: Shot-Wrist | AX3: Shot-Wrist | AY3: Goal-Slap | AZ3: Goal-Slap | BA3: Goal-Slap | BB3: Save-Blocker | BC3: Rebound_OppTeamRecovered | BD3: Play-DriveMiddle | BE3: Play-PokeCheckFailed | BF3: PuckRetrieval | BG3: Pass | BH3: Shot-Slap | BI3: FaceoffAfterGoal | BJ3: Period Start | BK3: AssistSecondary | BL3: AttemptedBreakOutClear | BM3: ZoneEntry-Pass | BN3: ZoneExit-Pass | BO3: Zone-Pinch | BQ3: AssistSecondary
A4: Shot | B4: Faceoff-AfterPenalty | C4: Shot-Slap | D4: DriveWide | E4: PokeCheckFailed | G4: Faceoff_PeriodStart | H4: Shot_Blocked | I4: Pass_Deflected | J4: Goal_PenaltyShot | L4: Zone_Keepin | M4: Penalty_Major | N4: PenaltyShot_Saved | O4: Stoppage_Other | Q4: Save_Played | R4: Pass-Backhand | S4: Pass-Backhand | T4: Pass-Backhand | U4: Pass-Backhand | V4: Giveaway-PassIntercepted | W4: Takeaway-PassIntercepted | X4: ZoneEntry-DumpIn | Y4: ZoneExit-Clear | Z4: Zone-Other | AA4: Penalty-Charging | AB4: Penalty-Charging | AC4: Penalty-Charging | AD4: Stoppage-ClockProblem | AE4: Stoppage-PeriodEnd | AF4: Stoppage-VisitorTimeout | AG4: Shot-Backhand | AH4: Shot-Backhand | AI4: Shot-Backhand | AJ4: Shot-Backhand | AK4: Shot-Backhand | AL4: Shot-Backhand | AM4: Save-LeftPad | AN4: Save-LeftPad | AO4: Shot-Backhand | AP4: Shot-Backhand | AQ4: Shot-Backhand | AR4: Shot-Backhand | AS4: Shot-Slap | AT4: Shot-Slap | AU4: Shot-Slap | AV4: Shot-Backhand | AW4: Shot-Slap | AX4: Shot-Slap | AY4: Goal-Backhand | AZ4: Goal-Backhand | BA4: Goal-Backhand | BB4: Save-LeftPad | BC4: Rebound_ShotGenerated | BD4: Play-DriveWide | BE4: Play-SeperateFromPuck | BF4: PuckRecovery | BG4: Goal | BH4: Shot-Backhand | BI4: GameStart | BJ4: Period End | BK4: AssistTertiary | BL4: AttemptedBreakOutPass | BM4: ZoneEntry-DumpIn | BN4: ZoneExit-Clear | BO4: Zone-Other | BQ4: AssistTertiary
A5: Pass | B5: Faceoff-AfterGoal | C5: Shot-Backhand | D5: DriveCorner | E5: SeperateFromPuck | G5: Faceoff_AfterStoppage | H5: Shot_BlockedSameTeam | I5: Pass_Intercepted | L5: Zone_Entryfailed | N5: ShootoutShot_OnNet | O5: Stoppage_GameEnd | R5: Pass-Forehand | S5: Pass-Forehand | T5: Pass-Forehand | U5: Pass-Forehand | V5: Giveaway-PassMissed | W5: Takeaway-PassBlocked | X5: ZoneEntry-Chip | Y5: ZoneExit-Chip | AA5: Penalty-CrossChecking | AB5: Penalty-CrossChecking | AC5: Penalty-CrossChecking | AD5: Stoppage-HighStick | AF5: Stoppage-RinkRepair | AG5: Shot-Snap | AH5: Shot-Snap | AI5: Shot-Snap | AJ5: Shot-Snap | AK5: Shot-Snap | AL5: Shot-Snap | AM5: Save-RightPad | AN5: Save-RightPad | AO5: Shot-Snap | AP5: Shot-Snap | AQ5: Shot-Snap | AR5: Shot-Snap | AS5: Shot-Backhand | AT5: Shot-Backhand | AU5: Shot-Backhand | AV5: Shot-Snap | AW5: Shot-Backhand | AX5: Shot-Backhand | AY5: Goal-Tip | AZ5: Goal-Snap | BA5: Goal-Snap | BB5: Save-RightPad | BC5: Rebound_FlurryGenerated | BD5: Play-DriveCorner | BE5: Play-Backcheck | BF5: Regroup | BG5: Turnover | BH5: Shot-Snap | BI5: FaceoffAfterPenalty | BJ5: Puck Out of Play | BK5: AttemptedBreakOutClear | BL5: AttemptedBreakOutRush | BM5: ZoneEntry-Chip | BN5: ZoneExit-Chip | BQ5: AttemptedBlockedShot
A6: Goal | B6: Faceoff-PeriodStart | C6: Shot-Tip | D6: DriveNetMiddle | E6: Backcheck | G6: Faceoff_GameStart | H6: Shot_Deflected | L6: Zone_ExitFailed | N6: ShootoutShot_Missed | R6: Pass-Bank | S6: Pass-Bank | T6: Pass-Bank | U6: Pass-Bank | V6: Giveaway-PassBlocked | W6: Takeaway-ShotBlocked | X6: ZoneEntry-FromExitClear | Y6: ZoneExit-PassMiss/Misplay | AA6: Penalty-DelayofGame | AB6: Penalty-DelayofGame | AC6: Penalty-DelayofGame | AD6: Stoppage-HandPass | AF6: Stoppage-PlayerEquipment | AG6: Shot-WrapAround | AH6: Shot-WrapAround | AI6: Shot-WrapAround | AJ6: Shot-WrapAround | AK6: Shot-WrapAround | AL6: Shot-WrapAround | AM6: Save-Stick | AN6: Save-Stick | AO6: Shot-WrapAround | AP6: Shot-WrapAround | AQ6: Shot-WrapAround | AR6: Shot-WrapAround | AS6: Shot-Snap | AT6: Shot-Snap | AU6: Shot-Snap | AV6: Shot-WrapAround | AW6: Shot-Snap | AX6: Shot-Snap | AY6: Goal-Snap | AZ6: Goal-WrapAround | BA6: Goal-WrapAround | BB6: Save-Stick | BD6: Play-DriveNetMiddle | BE6: Play-FroceWide | BG6: Zone_Entry_Exit | BH6: Shot-WrapAround | BI6: OtherFaceoff | BJ6: Injury | BK6: AttemptedBreakOutPass | BL6: AttemptedEntryDumpIn | BM6: ZoneEntry-FromExitClear | BN6: ZoneExit-PassMiss/Misplay | BQ6: AttemptedBreakOutClear
A7: Turnover | B7: Shot-OnNet | C7: Shot-Snap | D7: DriveNetWide | E7: FroceWide | H7: Shot_DeflectedOnNetSaved | L7: Zone_KeepinFailed | N7: ShootoutShot_Saved | R7: Pass-Dump | S7: Pass-Dump | T7: Pass-Dump | U7: Pass-Dump | V7: Giveaway-PassReceiverMissed | W7: Takeaway-ZoneClear/Dump | X7: ZoneEntry-PassMiss/Misplay | Y7: ZoneExit-OppTeam | AA7: Penalty-Diving | AB7: Penalty-Diving | AC7: Penalty-Diving | AD7: Stoppage-NetDislodged | AF7: Stoppage-Challenge | AG7: Shot-Bat | AH7: Shot-Bat | AI7: Shot-Bat | AJ7: Shot-Bat | AK7: Shot-Bat | AL7: Shot-Bat | AM7: Save-Scramble | AN7: Save-Scramble | AO7: Shot-Bat | AP7: Shot-Bat | AQ7: Shot-Bat | AR7: Shot-Bat | AS7: Shot-WrapAround | AT7: Shot-WrapAround | AU7: Shot-WrapAround | AV7: Shot-Bat | AW7: Shot-WrapAround | AX7: Shot-WrapAround | AY7: Goal-WrapAround | AZ7: Goal-Bat | BA7: Goal-Bat | BB7: Save-Scramble | BD7: Play-DriveNetWide | BE7: Play-Contain | BG7: Penalty | BH7: Shot-Bat | BI7: DeadIce/Stoppage | BJ7: Home Penalty | BK7: AttemptedBreakOutRush | BL7: AttemptedEntryPass | BM7: ZoneEntry-PassMiss/Misplay | BN7: ZoneExit-OppTeam | BQ7: AttemptedBreakOutPass
A8: Zone_Entry_Exit | B8: Shot-Missed | C8: Shot-WrapAround | D8: CrashNet | E8: Contain | H8: Shot_Tipped | R8: Pass-Tipped | S8: Pass-Tipped | T8: Pass-Tipped | U8: Pass-Tipped | V8: Giveaway-ShotBlocked | W8: Takeaway-AttemptedZoneClear/Dump | X8: ZoneEntry-OppTeam | Y8: ZoneExit-Lob | AA8: Penalty-Elbowing | AB8: Penalty-Elbowing | AC8: Penalty-Elbowing | AD8: Stoppage-Injury | AF8: Stoppage-Other | AG8: Shot-Cradle | AH8: Shot-Cradle | AI8: Shot-Cradle | AJ8: Shot-Cradle | AK8: Shot-Cradle | AL8: Shot-Cradle | AM8: Save-Butterfly | AN8: Save-Butterfly | AO8: Shot-Cradle | AP8: Shot-Cradle | AQ8: Shot-Cradle | AR8: Shot-Cradle | AS8: Shot-Bat | AT8: Shot-Bat | AU8: Shot-Bat | AV8: Shot-Cradle | AW8: Shot-Bat | AX8: Shot-Bat | AY8: Goal-Bat | AZ8: Goal-Cradle | BA8: Goal-Cradle | BB8: Save-Butterfly | BD8: Play-CrashNet | BE8: Play-BeatMiddle | BG8: PenaltyShot_Shootout | BH8: Shot-Cradle | BI8: Intermission | BJ8: Away Penalty | BK8: AttemptedEntryDumpIn | BL8: AttemptedEntryRush | BM8: ZoneEntry-OppTeam | BN8: ZoneExit-Lob | BQ8: AttemptedBreakOutRush
A9: Penalty | B9: Shot-Blocked | C9: Shot-Bat | D9: Delay | E9: BeatMiddle | H9: Shot_TippedOnNetSaved | R9: Pass-Lob | S9: Pass-Lob | T9: Pass-Lob | U9: Pass-Lob | V9: Giveaway-ShotMissed | W9: Takeaway-Other | X9: ZoneEntry-Lob | Y9: ZoneExit-CausedTurnover | AA9: Penalty-GoalieInterference | AB9: Penalty-GoalieInterference | AC9: Penalty-GoalieInterference | AD9: Stoppage-GoalieStoppage | AG9: Shot-Poke | AH9: Shot-Poke | AI9: Shot-Poke | AJ9: Shot-Poke | AK9: Shot-Poke | AL9: Shot-Poke | AM9: Save-Chest | AN9: Save-Chest | AO9: Shot-Poke | AP9: Shot-Poke | AQ9: Shot-Poke | AR9: Shot-Poke | AS9: Shot-Cradle | AT9: Shot-Cradle | AU9: Shot-Cradle | AV9: Shot-Poke | AW9: Shot-Cradle | AX9: Shot-Cradle | AY9: Goal-Cradle | AZ9: Goal-Poke | BA9: Goal-Poke | BB9: Save-Chest | BD9: Play-Delay | BE9: Play-BeatWide | BG9: Stoppage | BH9: Shot-Poke | BI9: DelayedPenalty | BJ9: Home Goalie Stoppage | BK9: AttemptedEntryPass | BL9: AttemptedKeepin | BM9: ZoneEntry-Lob | BN9: ZoneExit-CausedTurnover | BQ9: AttemptedEntryDumpIn
A10: PenaltyShot_Shootout | B10: Shot-BlockedSameTeam | C10: Shot-Cradle | D10: Deke | E10: BeatWide | H10: Shot_OnNetGoal | R10: Pass-Drop | S10: Pass-Drop | T10: Pass-Drop | U10: Pass-Drop | V10: Giveaway-ZoneClear/Dump | X10: ZoneEntry-RushBreakaway | Y10: ZoneExit-PenaltyKillClear | AA10: Penalty-HighSticking | AB10: Penalty-HighSticking | AC10: Penalty-HighSticking | AD10: Stoppage-PuckOutofPlay | AG10: Shot-BetweenLegs | AH10: Shot-BetweenLegs | AI10: Shot-BetweenLegs | AJ10: Shot-BetweenLegs | AK10: Shot-BetweenLegs | AL10: Shot-BetweenLegs | AM10: Save-Shoulder | AN10: Save-Shoulder | AO10: Shot-BetweenLegs | AP10: Shot-BetweenLegs | AQ10: Shot-BetweenLegs | AR10: Shot-BetweenLegs | AS10: Shot-Poke | AT10: Shot-Poke | AU10: Shot-Poke | AV10: Shot-BetweenLegs | AW10: Shot-Poke | AX10: Shot-Poke | AY10: Goal-Poke | AZ10: Goal-BetweenLegs | BA10: Goal-BetweenLegs | BB10: Save-Other | BD10: Play-Deke | BE10: Play-BeatDeke | BG10: Hit | BH10: Shot-BetweenLegs | BI10: GameStart | BJ10: Away Goalie Stoppage | BK10: AttemptedEntryRush | BL10: Backcheck | BM10: ZoneEntry-RushBreakaway | BN10: ZoneExit-PenaltyKillClear | BQ10: AttemptedEntryPass
A11: Stoppage | B11: Shot-Deflected | C11: Shot-Poke | D11: Chip | E11: BeatDeke | H11: Shot_OnNetTippedGoal | R11: Pass-Deflected/TippedShot | S11: Pass-Deflected/TippedShot | T11: Pass-Deflected/TippedShot | U11: Pass-Deflected/TippedShot | V11: Giveaway-AttemptedZoneClear/Dump | X11: ZoneEntry-CausedTurnover | Y11: ZoneExit-Shot | AA11: Penalty-Holding | AB11: Penalty-Holding | AC11: Penalty-Holding | AD11: Stoppage-Penalty | AG11: Shot-Tip | AH11: Shot-Tip | AI11: Shot-Other | AJ11: Shot-Other | AK11: Shot-Other | AL11: Shot-Other | AM11: Save-Skate | AN11: Save-Skate | AO11: Shot-Dumpin | AP11: Shot-Dumpin | AQ11: Shot-Dumpin | AR11: Shot-Dumpin | AS11: Shot-BetweenLegs | AT11: Shot-BetweenLegs | AU11: Shot-BetweenLegs | AV11: Shot-Dumpin | AW11: Shot-BetweenLegs | AX11: Shot-BetweenLegs | AY11: Goal-BetweenLegs | AZ11: Goal-Other | BA11: Goal-Other | BD11: Play-Chip | BE11: Play-BeatSpeed | BG11: Possession | BH11: Shot-Dumpin | BJ11: Home Offside | BK11: AttemptedKeepin | BL11: BeatDeke | BM11: ZoneEntry-CausedTurnover | BN11: ZoneExit-Other | BQ11: AttemptedEntryRush
A12: Hit | B12: Shot-DeflectedOnNet | C12: Shot-BetweenLegs | D12: Other | E12: BeatSpeed | H12: Shot_OnNetDeflectedGoal | R12: Pass-ReceiverMissed | S12: Pass-ReceiverMissed | T12: Pass-ReceiverMissed | U12: Pass-ReceiverMissed | V12: Giveaway-ZoneEntry/ExitMisplay | X12: ZoneEntry-PenaltyKillClear | Y12: ZoneExit-Other | AA12: Penalty-Interference | AB12: Penalty-Interference | AC12: Penalty-Interference | AD12: Stoppage-Goal | AG12: Shot-Other | AH12: Shot-Other | AM12: Save-Other | AN12: Save-Other | AO12: Shot-OneTime | AP12: Shot-OneTime | AQ12: Shot-OneTime | AR12: Shot-OneTime | AS12: Shot-Dumpin | AT12: Shot-Dumpin | AU12: Shot-Dumpin | AV12: Shot-OneTime | AW12: Shot-Dumpin | AX12: Shot-Dumpin | AY12: Goal-Dumpin | BD12: Play-Other | BE12: Play-BoxOut | BG12: LoosePuck | BH12: Shot-OneTime | BJ12: Home Icing | BK12: Breakout | BL12: BeatFake | BM12: ZoneEntry-PenaltyKillClear | BQ12: AttemptedKeepin
A13: Possession | B13: Shot-Tipped | C13: Shot-Dumpin | D13: DumpChase | E13: BoxOut | H13: Shot_Goal | R13: Pass-OneTouch | S13: Pass-Other | T13: Pass-Other | U13: Pass-Other | V13: Giveaway-DumpInZone | X13: ZoneEntry-Shot | AA13: Penalty-Hooking | AB13: Penalty-Fighting | AC13: Penalty-Fighting | AO13: Shot-Tip | AP13: Shot_Tipped | AQ13: Shot_Tipped | AR13: Shot_Tipped | AS13: Shot-OneTime | AT13: Shot-OneTime | AU13: Shot-OneTime | AV13: Shot-Other | AW13: Shot-OneTime | AX13: Shot-OneTime | AY13: Goal-Deflection | BD13: Play-DumpChase | BE13: Play-AttemptedClear | BG13: Save | BH13: Shot_Tipped | BJ13: Away Offside | BK13: Breakout | BL13: BeatMiddle | BM13: ZoneEntry-Other | BQ13: AttemptedPass
A14: LoosePuck | B14: Pass-Completed | C14: Shot-Deflection | D14: Forecheck | E14: Other | H14: Shot_MissedPost | R14: Pass-SecondTouch | S14: Pass-SecondTouch | T14: Pass-SecondTouch | U14: Pass-SecondTouch | V14: Giveaway-Other | X14: ZoneEntry-Other | AA14: Penalty-Roughing | AB14: Penalty-Hooking | AC14: Penalty-Hooking | AO14: Shot-Other | AP14: Shot-Other | AQ14: Shot-Other | AR14: Shot-Other | AS14: Shot-Other | AT14: Shot-Other | AU14: Shot-Other | AV14: Shot-Deflection | AW14: Shot-Other | AX14: Shot-Other | AY14: Goal-OneTime | BD14: Play-Forecheck | BE14: Play-Other | BG14: TeamPossessionChange | BH14: Shot-Other | BJ14: Away Icing | BK14: CededZoneEntry | BL14: BeatSpeed | BQ14: AttemptedShot
A15: Save | B15: Pass-Missed | C15: Shot-OneTime | D15: Speed | R15: Pass-QuickUp | S15: Pass-QuickUp | T15: Pass-QuickUp | U15: Pass-QuickUp | AA15: Penalty-Slashing | AB15: Penalty-Roughing | AC15: Penalty-Roughing | AV15: Shot-Tip | AY15: Goal-Other | BD15: Play-Speed | BG15: Rebound | BJ15: Clock Problem | BK15: CededZoneExit | BL15: BeatWide | BQ15: AttemptedTip/Deflection
A16: TeamPossessionChange | B16: Pass-Deflected | C16: Shot-Other | R16: Pass-GiveAndGo | S16: Pass-GiveAndGo | T16: Pass-GiveAndGo | U16: Pass-GiveAndGo | AA16: Penalty-TooManyMenontheIce | AB16: Penalty-Slashing | AC16: Penalty-Slashing | BD16: Play-Dump/RimInZone | BJ16: Puck Frozen | BK16: Chip | BL16: BlockedShot | BQ16: Backcheck
A17: Rebound | B17: Pass-Intercepted | C17: Pass-Stretch | R17: Pass-Reverse | S17: Pass-Reverse | T17: Pass-Reverse | U17: Pass-Reverse | AA17: Penalty-Tripping | AB17: Penalty-Misconduct | AC17: Penalty-Misconduct | BJ17: Puck in Crowd | BK17: CrashNet | BL17: BoxOut | BQ17: BeatDeke
A18: DeadIce | B18: Turnover-Giveaway | C18: Pass-Rim/Wrap | R18: Pass-Other | S18: Pass-Other | T18: Pass-Other | U18: Pass-Other | AA18: Penalty-Other | AB18: Penalty-TooManyMenontheIce | AC18: Penalty-TooManyMenontheIce | BJ18: Goalie Stopped (after SOG) | BK18: CutBack | BL18: CededZoneEntry | BQ18: BeatFake
A19: Play | B19: Turnover-Takeaway | C19: Pass-Backhand | AB19: Penalty-Tripping | AC19: Penalty-Tripping | BJ19: Referee or Linesperson | BK19: Cycle | BL19: CededZoneExit | BQ19: BeatMiddle
A20: Timeout | B20: Zone-Entry | C20: Pass-Forehand | AB20: Penalty-UnsportsmanlikeConduct | AC20: Penalty-UnsportsmanlikeConduct | BJ20: High Stick | BK20: Deke | BL20: ClearingAttempt | BQ20: BeatSpeed
A21: Intermission | B21: Zone-Exit | C21: Pass-Bank | AB21: Penalty-Other | AC21: Penalty-Other | BJ21: Objects on Ice | BK21: Delay | BL21: Contain | BQ21: BeatWide
A22: Clockstop | B22: Zone-Keepin | C22: Pass-Other | BJ22: Hand Pass | BK22: DriveCorner | BL22: ForcedDumpin/Clear | BQ22: BlockedShot
A23: GameStart | B23: Penalty | C23: Giveaway-Misplayed | BJ23: Premature Substitution | BK23: DriveMiddle | BL23: ForcedLostPossession | BQ23: BoxOut
A24: GameEnd | B24: Penalty-Offsetting | C24: Giveaway-BattleLost | BJ24: Puck in Netting | BK24: DriveNetMiddle | BL24: ForcedMissedPass | BQ24: Breakout
A25: Penalty_Delayed | B25: Stoppage-Freeze | C25: Giveaway-PassIntercepted | BJ25: Puck in Benches | BK25: DriveNetWide | BL25: ForcedMissedShot | BQ25: CededZoneEntry
A26: Zone_Change | B26: Stoppage-OutfofPlay | C26: Giveaway-PassMissed | BJ26: Net Dislodged Offensive Skater | BK26: DriveWide | BL26: ForcedTurnover | BQ26: CededZoneExit
B27: Stoppage-PeriodEnd | C27: Giveaway-PassBlocked | BJ27: Puck Frzn-Goalie-Bynd Ctr | BK27: Dump/RimInZone | BL27: ForceWide | BQ27: Chip
B28: Stoppage-Goal | C28: Giveaway-ShotBlocked | BJ28: Skater Puck Frozen | BK28: DumpChase | BL28: Forecheck | BQ28: ClearingAttempt
B29: Stoppage-Penalty | C29: Giveaway-ShotMissed | BJ29: Valid stoppage type reasons (reason): | BK29: DumpInAttempt | BL29: FrontofNet | BQ29: Contain
B30: Shootout-OnNet | C30: Giveaway-Other | BJ30: TV timeout | BK30: EndToEndRush | BL30: GapControl | BQ30: CrashNet
B31: Shootout-Missed | C31: Takeaway-BattleWon | BJ31: Home Timeout | BK31: FakeShot | BL31: InShotPassLane | BQ31: CutBack
B32: Shootout-Saved | C32: Takeaway-PokeCheck | BJ32: Visitor Timeout | BK32: ForecedOutside | BL32: LoosePuckBattleLost | BQ32: Cycle
B33: PenaltyShot-OnNet | C33: Takeaway-PassIntercepted | BJ33: Player Injury | BK33: Forecheck | BL33: LoosePuckBattleWon | BQ33: DeflectedShot
B34: PenaltyShot-Missed | C34: Takeaway-PassBlocked | BJ34: Official Injury | BK34: FrontofNet | BL34: ManOnMan | BQ34: Deke
B35: PenaltyShot-Saved | C35: Takeaway-ShotBlocked | BJ35: Rink Repair | BK35: GiveAndGo | BL35: PassDeflected | BQ35: Delay
B36: LoosePuck-Forecheck | C36: Takeaway-Other | BJ36: Ice problem | BK36: LoosePuckBattleLost | BL36: PassIntercepted | BQ36: DelayedOffside
B37: LoosePuck-Battle | C37: ZoneEntry-Rush | BJ37: Player Equipment | BK37: LoosePuckBattleWon | BL37: PenaltyKillClear | BQ37: DriveCorner
B38: Save-Rebound | C38: ZoneEntry-Pass | BJ38: Video Review | BK38: LostPuck | BL38: PokeCheck | BQ38: DriveMiddle
... B43: Faceoff-GameStart | C43: Zone-KeepIn | BJ43: Chlg League - off-side | BK43: RecoveryRetreivalFaceoff | BL43: PuckRecoveryPass | BQ43: DumpChase
C44: Zone-Pinch | BJ44: Chlg League - goal interference | BK44: RecoveryRetreivalOther | BL44: PuckRecoveryRebound | BQ44: DumpInAttempt
C45: Zone-Other | BJ45: Switch sides | BK45: RecoveryRetreivalPass | BL45: PuckRecoveryShot | BQ45: EndToEndRush
C46: Save-Glove | BJ46: Chlg Hm - Missed stoppage | BK46: RecoveryRetreivalRebound | BL46: PuckRecoveryTurnover | BQ46: FakeShot
C47: Save-Blocker | BJ47: Chlg Vis - Missed stoppage | BK47: RecoveryRetreivalShot | BL47: PuckRetreivalFaceoff | BQ47: ForcedDumpin/Clear
C48: Save-LeftPad | BJ48: Chlg League - Missed stoppage | BK48: RecoveryRetreivalTurnover | BL48: PuckRetreivalOther | BQ48: ForcedLostPossession
C49: Save-RightPad | BJ49: Chlg Hm - puck over glass | BK49: RecoveryRetreivalFaceoff | BL49: PuckRetreivalPass | BQ49: ForcedMissedPass
C50: Save-Stick | BJ50: Chlg Vis - puck over glass | BK50: RecoveryRetreivalOther | BL50: PuckRetreivalTurnover | BQ50: ForcedMissedShot
C51: Save-Scramble | BJ51: Chlg League - puck over glass | BK51: RecoveryRetreivalPass | BL51: PuckRetrievalDumpIn | BQ51: ForcedTurnover
C52: Save-Butterfly | BJ52: Home Goal | BK52: RecoveryRetreivalRebound | BL52: PuckRetrievalRebound | BQ52: ForceWide
C53: Save-Chest | BJ53: Away Goal | BK53: RecoveryRetreivalShot | BL53: PuckRetrievalShot | BQ53: ForecedOutside
C54: Save-Other | BJ54: Away Goalie Stopped (after Home SOG) | BK54: RecoveryRetreivalTurnover | BL54: RegroupClear | BQ54: Forecheck
C55: Stoppage-StartofShootout | BJ55: Home Goalie Stopped (after Away SOG) | BK55: RecoveryRetrievalDumpIn | BL55: SeperateFromPuck | BQ55: FrontofNet
... C58: Stoppage-PuckOutofPlay | BJ58: GameEnd | BK58: ReceiverMissed | BL58: Surf | BQ58: InShotPassLane
C59: Stoppage-Penalty | BK59: Regroup | BL59: Tracker | BQ59: LoosePuckBattleLost
C60: Stoppage-Icing | BK60: RegroupDumpin | BL60: Zone | BQ60: LoosePuckBattleWon
C61: Stoppage-Offsides | BK61: Reverse | BL61: ZoneEntryDenial | BQ61: LostPuck
C62: Stoppage-GoalieStoppage | BK62: Screen | BL62: ZoneExitDenial | BQ62: ManOnMan
C63: Stoppage-ClockProblem | BK63: SecondTouch | BQ63: MisplayedPuck
C64: Stoppage-HighStick | BK64: Speed | BQ64: OpenIceDeke
C65: Stoppage-ObjectsonIce | BK65: Wheel | BQ65: Other
C66: Stoppage-HandPass | BK66: ZoneKeepin | BQ66: PassDeflected
C67: Stoppage-NetDislodged | BK67: AttemptedBlockedShot | BQ67: PassForTip
C68: Stoppage-HomeTimeout | BK68: AttemptedBreakOutClear | BQ68: PassIntercepted
C69: Stoppage-VisitorTimeout | BK69: AttemptedBreakOutPass | BQ69: PenaltyKillClear
C70: Stoppage-Injury | BK70: AttemptedBreakOutRush | BQ70: PokeCheck
C71: Stoppage-OfficialInjury | BK71: AttemptedEntryDumpIn | BQ71: Pressure
C72: Stoppage-RinkRepair | BK72: AttemptedEntryPass | BQ72: PuckRecoveryRetreivalAttemptedClear
C73: Stoppage-PlayerEquipment | BK73: AttemptedEntryRush | BQ73: PuckRecoveryRetreivalClear
C74: Stoppage-Challenge | BK74: AttemptedKeepin | BQ74: PuckRecoveryRetreivalDumpIn
... C98: Play-Defensive | BK98: LoosePuckBattleWon | BQ98: RegroupDumpin
BK99: ManOnMan | BQ99: Reverse
BK100: PassDeflected | BQ100: Screen
BK101: PassIntercepted | BQ101: SecondTouch
BK102: PenaltyKillClear | BQ102: SeperateFromPuck
BK103: PokeCheck | BQ103: Speed
BK104: Pressure | BQ104: StickCheck
BK105: PuckRecoveryRetreivalDumpIn | BQ105: StoppedDeke
BK106: PuckRecoveryRetreivalFaceoff | BQ106: Surf
BK107: PuckRecoveryRetreivalOther | BQ107: Tracker
BK108: PuckRecoveryRetreivalPass | BQ108: Wheel
BK109: PuckRecoveryRetreivalRebound | BQ109: Zone
BK110: PuckRecoveryRetreivalShot | BQ110: ZoneEntryDenial
... BK112: PuckRecoveryRetreivalFaceoff | BQ112: ZoneKeepin
BK113: PuckRecoveryRetreivalOther | BQ113: 0
BK114: PuckRecoveryRetreivalPass
BK115: PuckRecoveryRetreivalTurnover
BK116: PuckRetrievalDumpIn
BK117: PuckRetrievalRebound
BK118: PuckRetrievalShot
BK119: RegroupClear
BK120: SeperateFromPuck
BK121: StickCheck
BK122: StoppedDeke
BK123: Surf
BK124: Tracker
BK125: Zone
... BK139: PassForTip

Sheet events
A1: event_index_flag_ | B1: sequence_index_flag_ | C1: play_index_flag_ | D1: linked_event_index_flag_ | E1: event_start_min_ | F1: event_start_sec_ | G1: event_end_min_ | H1: event_end_sec_ | I1: player_game_number_ | J1: event_team_zone_ | K1: event_type_ | L1: event_detail_ | M1: event_detail_2_ | N1: event_successful_ | O1: play_detail1_ | P1: play_detail2_ | Q1: play_detail_successful_ | R1: pressured_pressurer_ | S1: event_index_ | T1: linked_event_index_ | U1: sequence_index_ | V1: play_index_ | W1: team_ | X1: player_game_number | Y1: player_num_dup_ | Z1: role_abrev_binary_ | AA1: event_index | AB1: linked_event_index | AC1: tracking_event_index | AD1: period | AE1: event_start_min | AF1: event_start_sec | AG1: event_end_min | AH1: event_end_sec | AI1: role_abrev | AJ1: event_team_zone2_ | AK1: event_team_zone | AL1: home_team_zone_ | AM1: away_team_zone_ | AN1: team_venue_ | AO1: team_venue_abv_ | AP1: home_team_zone | AQ1: away_team_zone | AR1: team_venue | AS1: team_venue_abv | AT1: side_of_puck | AU1: sequence_index | AV1: play_index | AW1: play_detail1 | AX1: play_detail_2 | AY1: play_detail_successful | AZ1: pressured_pressurer | BA1: zone_change_index | BB1: game_id | BC1: home_team | BD1: away_team | BE1: Type | BF1: event_detail | BG1: event_detail_2 | BH1: event_successful | BI1: shift_index | BJ1: duration | BK1: time_start_total_seconds | BL1: time_end_total_seconds | BM1: running_intermission_duration | BN1: period_start_total_running_seconds | BO1: running_video_time | BP1: event_running_start | BQ1: event_running_end | BR1: player_role | BS1: role_number | BT1: player_id | BU1: player_team
K2: GameStart | L2: Faceoff_GameStart | S2: 0 | Z2: x | AA2: =S2+1000 -> 1000 | AB2: =IF(T2<>"",9000+T2,"") | AC2: =IF(AB2<>"",AB2,S2+1000) -> 1000 | AD2: 1 | AI2: =IF(Z2="x","",IF(Z2=1,"e","o")) | AJ2: =IF($J2<>"",$J2,IF($AC2=$AC1,AJ1,"")) | AK2: =IF($J2<>"",$J2,IF($AC2=$AC1,AK1,"")) | AL2: =IF($W2="","",IF($AJ2="","",IF($W2="h",$AJ2,IF($AJ2="n","n",IF(AND($W2="a",$AJ2="d"),"o",IF(AND($W2="a",$AJ2="o"),"d")))))) | AM2: =IF($W2="","",IF(J2="","",IF(AL2="n","n",IF(AL2="d","o",IF(AL2="o","d",""))))) | AN2: =IF(AO2="H","Home",IF(AO2="A","Away","")) | AO2: =IF($W2<>"",$W2,IF($AC2=$AC1,AO1,"")) | AP2: =IF(AL2<>"",AL2,IF($AC2=$AC1,AP1,"")) | AQ2: =IF(AM2<>"",AM2,IF($AC2=$AC1,AQ1,"")) | AR2: =IF(AN2<>"",AN2,IF($AC2=$AC1,AR1,"")) | AS2: =IF(AO2<>"",AO2,IF($AC2=$AC1,AS1,"")) | AT2: =IF(AND(AI2="e",OR(BE2="Save",BF2="Turnover_Takeaway",BF2="Play_Defensive")),"Defensive",IF(AND(AI2="o",OR(BE2="Save",BF2="Turnover_Takeaway",BF2="Play_Defensive")),"Offensive",IF(OR(BE2="Deadice",BE2="Stoppage",BE2="Intermission"),"",IF(AI2="e","Offensive",IF(AI2="o","Defensive",""))))) | AU2: =IF(U2<>"",U2+5000,"") | AV2: =IF(V2<>"",V2+6000,"") | AW2: {=IFERROR(IF(O2<>"",O2,IF(OR($S2="",$T2=""),"",IF(O2<>"",O2,IF($T2<>"",_xlfn._xlws.FILTER(O:O,($BU:$BU=$BU2)*($I:$I=$I2)*($T:$T=$T2)*($S:$S=_xlfn.MINIFS($S:$S,$T:$T,"="&$T2)),"")))))&"",IF(O2="","",""))&""} | AX2: {=IFERROR(IF(P2<>"",P2,IF(OR($S2="",$T2=""),"",IF($T2<>"",_xlfn._xlws.FILTER(P:P,($BU:$BU=$BU2)*($I:$I=$I2)*($T:$T=$T2)*($S:$S=_xlfn.MINIFS($S:$S,$T:$T,"="&$T2)),""))))&"",IF(P2="","",""))&""} | AY2: {=IFERROR(IF(Q2<>"",Q2,IF(OR($S2="",$T2=""),"",IF($T2<>"",_xlfn._xlws.FILTER(Q:Q,($BU:$BU=$BU2)*($I:$I=$I2)*($T:$T=$T2)*($S:$S=_xlfn.MINIFS($S:$S,$T:$T,"="&$T2)),""))))&"",IF(Q2="","",""))&""} | AZ2: {=IFERROR(IF(R2<>"",R2,IF(OR($S2="",$T2=""),"",IF($T2<>"",_xlfn._xlws.FILTER(R:R,($BU:$BU=$BU2)*($I:$I=$I2)*($T:$T=$T2)*($S:$S=_xlfn.MINIFS($S:$S,$T:$T,"="&$T2)),""))))&"",IF(R2="","",""))&""} | BA2: 1 | BB2: 18987 | BC2: Velodrome | BD2: Outlaws | BE2: GameStart | BN2: 0 | BO2: 0 | BP2: =IF(BO2<5,0,BO2-5) -> 0 | BQ2: =BP2+BJ2+5 -> 5 | BT2: =IFERROR(VLOOKUP(BB2&BU2&I2,game_rosters!U:W,3,FALSE),"") | BU2: =IF(AR2="","",IF(AND(AR2="Away",AI2="e"),BD2,IF(AND(AR2="Home",AI2="e"),BC2,IF(AND(AR2="Away",AI2="o"),BC2,IF(AND(AR2="Home",AI2="o"),BD2)))))
A3: 1 | E3: 18 | F3: 00 | I3: 77 | J3: n | K3: Faceoff | L3: Faceoff_PeriodStart | S3: 1 | U3: =IF(B3=1,MAX($U$2:$U2)+1,IF(AND($T3<>"",$T3=$T2),$U2,IF(B3="x",U2,""))) | V3: =IF(C3=1,MAX($V$2:$V2)+1,IF(AND($T3<>"",$T3=$T2),$U2,IF(C3="x",V2,""))) | W3: a | X3: 77 | Z3: 1 | AA3: =S3+1000 -> 1001 | AB3: =IF(T3<>"",9000+T3,"") | AC3: =IF(AB3<>"",AB3,S3+1000) -> 1001 | AD3: 1 | AE3: 18 | AF3: 00 | AI3: =IF(Z3="x","",IF(Z3=1,"e","o")) -> e | AJ3: =IF($J3<>"",$J3,IF($AC3=$AC2,AJ2,"")) -> n | AK3: =IF($J3<>"",$J3,IF($AC3=$AC2,AK2,"")) -> n | AL3: =IF($W3="","",IF($AJ3="","",IF($W3="h",$AJ3,IF($AJ3="n","n",IF(AND($W3="a",$AJ3="d"),"o",IF(AND($W3="a",$AJ3="o"),"d")))))) -> n | AM3: =IF($W3="","",IF(J3="","",IF(AL3="n","n",IF(AL3="d","o",IF(AL3="o","d",""))))) -> n | AN3: =IF(AO3="H","Home",IF(AO3="A","Away","")) -> Away | AO3: =IF($W3<>"",$W3,IF($AC3=$AC2,AO2,"")) -> a | AP3: =IF(AL3<>"",AL3,IF($AC3=$AC2,AP2,"")) -> n | AQ3: =IF(AM3<>"",AM3,IF($AC3=$AC2,AQ2,"")) -> n | AR3: =IF(AN3<>"",AN3,IF($AC3=$AC2,AR2,"")) -> Away | AS3: =IF(AO3<>"",AO3,IF($AC3=$AC2,AS2,"")) -> a | AT3: =IF(AND(AI3="e",OR(BE3="Save",BF3="Turnover_Takeaway",BF3="Play_Defensive")),"Defensive",IF(AND(AI3="o",OR(BE3="Save",BF3="Turnover_Takeaway",BF3="Play_Defensive")),"Offensive",IF(OR(BE3="Deadice",BE3="Stoppage",BE3="Intermission"),"",IF(AI3="e","Offensive",IF(AI3="o","Defensive",""))))) -> Offensive | AU3: =IF(U3<>"",U3+5000,"") | AV3: =IF(V3<>"",V3+6000,"") | AW3: {=IFERROR(IF(O3<>"",O3,IF(OR($S3="",$T3=""),"",IF(O3<>"",O3,IF($T3<>"",_xlfn._xlws.FILTER(O:O,($BU:$BU=$BU3)*($I:$I=$I3)*($T:$T=$T3)*($S:$S=_xlfn.MINIFS($S:$S,$T:$T,"="&$T3)),"")))))&"",IF(O3="","",""))&""} | AX3: {=IFERROR(IF(P3<>"",P3,IF(OR($S3="",$T3=""),"",IF($T3<>"",_xlfn._xlws.FILTER(P:P,($BU:$BU=$BU3)*($I:$I=$I3)*($T:$T=$T3)*($S:$S=_xlfn.MINIFS($S:$S,$T:$T,"="&$T3)),""))))&"",IF(P3="","",""))&""} | AY3: {=IFERROR(IF(Q3<>"",Q3,IF(OR($S3="",$T3=""),"",IF($T3<>"",_xlfn._xlws.FILTER(Q:Q,($BU:$BU=$BU3)*($I:$I=$I3)*($T:$T=$T3)*($S:$S=_xlfn.MINIFS($S:$S,$T:$T,"="&$T3)),""))))&"",IF(Q3="","",""))&""} | AZ3: {=IFERROR(IF(R3<>"",R3,IF(OR($S3="",$T3=""),"",IF($T3<>"",_xlfn._xlws.FILTER(R:R,($BU:$BU=$BU3)*($I:$I=$I3)*($T:$T=$T3)*($S:$S=_xlfn.MINIFS($S:$S,$T:$T,"="&$T3)),""))))&"",IF(R3="","",""))&""} | BA3: =IF(OR(L3="Zone_Entry",L3="Zone_Exit"),BA2+1,BA2) -> 1 | BB3: =BB2 -> 18987 | BC3: =BC2 -> Velodrome | BD3: =BD2 -> Outlaws | BE3: Faceoff | BF3: Faceoff_PeriodStart | BH3: =IF($N3<>"",$N3,IF($S3=$S2,BH2,"")) | BI3: {=IFERROR(_xlfn._xlws.FILTER(shifts!A:A,(shifts!B:B=events!AD3)*(shifts!AG:AG>=events!BK3)*(shifts!AH:AH<=events!BL3)),BI2)} -> 1 | BJ3: =IF(AND(AG3="",AH3=""),0,((AE3*60)+AF3)-((AG3*60)+AH3)) -> 0 | BK3: =(AE3*60)+AF3 -> 1080 | BL3: =IF(AND(AG3="",AH3=""),BK3,((AG3*60)+AH3)) -> 1080 | BM3: =SUMIFS(BJ$2:BJ3,K$2:K3,"=Intermission")+SUMIFS(BJ$2:BJ3,K$2:K3,"=Timeout") -> 0 | BN3: =IF(AD3=1,0,IF(AD3=2,1080+BM3,IF(AD3=3,(1080*2)+BM3,0))) -> 0 | BO3: =IF(K3="Intermission",BO2,((1080)-((AE3*60)+AF3))+BN3) -> 0 | BP3: =IF(BO3<5,0,BO3-5) -> 0 | BQ3: =BP3+BJ3+5 -> 5 | BR3: =IF(AI3="e","event_team_player_"&BS3,IF(AI3="o","opp_team_player_"&BS3,"")) -> event_team_player_1 | BS3: =COUNTIFS(S$3:S3,"="&S3,AI$3:AI3,"="&AI3) -> 1 | BT3: =IFERROR(VLOOKUP(BB3&BU3&X3,game_rosters!U:W,3,FALSE),"") -> P100185 | BU3: =IF(AR3="","",IF(AND(AR3="Away",AI3="e"),BD3,IF(AND(AR3="Home",AI3="e"),BC3,IF(AND(AR3="Away",AI3="o"),BC3,IF(AND(AR3="Home",AI3="o"),BD3))))) -> Outlaws
A4: =IF(K4<>"",1,IF(D4="x","x","")) | I4: 4 | S4: 1 | U4: =IF(B4=1,MAX($U$2:$U3)+1,IF(AND($T4<>"",$T4=$T3),$U3,IF(B4="x",U3,""))) | V4: =IF(C4=1,MAX($V$2:$V3)+1,IF(AND($T4<>"",$T4=$T3),$U3,IF(C4="x",V3,""))) | X4: 4 | Z4: 1 | AA4: =S4+1000 -> 1001 | AB4: =IF(T4<>"",9000+T4,"") | AC4: =IF(AB4<>"",AB4,S4+1000) -> 1001 | AD4: 1 | AE4: 18 | AF4: 00 | AI4: =IF(Z4="x","",IF(Z4=1,"e","o")) -> e | AJ4: =IF($J4<>"",$J4,IF($AC4=$AC3,AJ3,"")) -> n | AK4: =IF($J4<>"",$J4,IF($AC4=$AC3,AK3,"")) -> n | AL4: =IF($W4="","",IF($AJ4="","",IF($W4="h",$AJ4,IF($AJ4="n","n",IF(AND($W4="a",$AJ4="d"),"o",IF(AND($W4="a",$AJ4="o"),"d")))))) | AM4: =IF($W4="","",IF(J4="","",IF(AL4="n","n",IF(AL4="d","o",IF(AL4="o","d",""))))) | AN4: =IF(AO4="H","Home",IF(AO4="A","Away","")) -> Away | AO4: =IF($W4<>"",$W4,IF($AC4=$AC3,AO3,"")) -> a | AP4: =IF(AL4<>"",AL4,IF($AC4=$AC3,AP3,"")) -> n | AQ4: =IF(AM4<>"",AM4,IF($AC4=$AC3,AQ3,"")) -> n | AR4: =IF(AN4<>"",AN4,IF($AC4=$AC3,AR3,"")) -> Away | AS4: =IF(AO4<>"",AO4,IF($AC4=$AC3,AS3,"")) -> a | AT4: =IF(AND(AI4="e",OR(BE4="Save",BF4="Turnover_Takeaway",BF4="Play_Defensive")),"Defensive",IF(AND(AI4="o",OR(BE4="Save",BF4="Turnover_Takeaway",BF4="Play_Defensive")),"Offensive",IF(OR(BE4="Deadice",BE4="Stoppage",BE4="Intermission"),"",IF(AI4="e","Offensive",IF(AI4="o","Defensive",""))))) -> Offensive | AU4: =IF(U4<>"",U4+5000,"") | AV4: =IF(V4<>"",V4+6000,"") | AW4: {=IFERROR(IF(O4<>"",O4,IF(OR($S4="",$T4=""),"",IF(O4<>"",O4,IF($T4<>"",_xlfn._xlws.FILTER(O:O,($BU:$BU=$BU4)*($I:$I=$I4)*($T:$T=$T4)*($S:$S=_xlfn.MINIFS($S:$S,$T:$T,"="&$T4)),"")))))&"",IF(O4="","",""))&""} | AX4: {=IFERROR(IF(P4<>"",P4,IF(OR($S4="",$T4=""),"",IF($T4<>"",_xlfn._xlws.FILTER(P:P,($BU:$BU=$BU4)*($I:$I=$I4)*($T:$T=$T4)*($S:$S=_xlfn.MINIFS($S:$S,$T:$T,"="&$T4)),""))))&"",IF(P4="","",""))&""} | AY4: {=IFERROR(IF(Q4<>"",Q4,IF(OR($S4="",$T4=""),"",IF($T4<>"",_xlfn._xlws.FILTER(Q:Q,($BU:$BU=$BU4)*($I:$I=$I4)*($T:$T=$T4)*($S:$S=_xlfn.MINIFS($S:$S,$T:$T,"="&$T4)),""))))&"",IF(Q4="","",""))&""} | AZ4: {=IFERROR(IF(R4<>"",R4,IF(OR($S4="",$T4=""),"",IF($T4<>"",_xlfn._xlws.FILTER(R:R,($BU:$BU=$BU4)*($I:$I=$I4)*($T:$T=$T4)*($S:$S=_xlfn.MINIFS($S:$S,$T:$T,"="&$T4)),""))))&"",IF(R4="","",""))&""} | BA4: =IF(OR(L4="Zone_Entry",L4="Zone_Exit"),BA3+1,BA3) -> 1 | BB4: =BB3 -> 18987 | BC4: =BC3 -> Velodrome | BD4: =BD3 -> Outlaws | BE4: Faceoff | BF4: Faceoff_PeriodStart | BH4: =IF($N4<>"",$N4,IF($S4=$S3,BH3,"")) | BI4: {=IFERROR(_xlfn._xlws.FILTER(shifts!A:A,(shifts!B:B=events!AD4)*(shifts!AG:AG>=events!BK4)*(shifts!AH:AH<=events!BL4)),BI3)} -> 1 | BJ4: =IF(AND(AG4="",AH4=""),0,((AE4*60)+AF4)-((AG4*60)+AH4)) -> 0 | BK4: =(AE4*60)+AF4 -> 1080 | BL4: =IF(AND(AG4="",AH4=""),BK4,((AG4*60)+AH4)) -> 1080 | BM4: =SUMIFS(BJ$2:BJ4,K$2:K4,"=Intermission")+SUMIFS(BJ$2:BJ4,K$2:K4,"=Timeout") -> 0 | BN4: =IF(AD4=1,0,IF(AD4=2,1080+BM4,IF(AD4=3,(1080*2)+BM4,0))) -> 0 | BO4: =IF(K4="Intermission",BO3,((1080)-((AE4*60)+AF4))+BN4) -> 0 | BP4: =IF(BO4<5,0,BO4-5) -> 0 | BQ4: =BP4+BJ4+5 -> 5 | BR4: =IF(AI4="e","event_team_player_"&BS4,IF(AI4="o","opp_team_player_"&BS4,"")) -> event_team_player_2 | BS4: =COUNTIFS(S$3:S4,"="&S4,AI$3:AI4,"="&AI4) -> 2 | BT4: =IFERROR(VLOOKUP(BB4&BU4&X4,game_rosters!U:W,3,FALSE),"") -> P100032 | BU4: =IF(AR4="","",IF(AND(AR4="Away",AI4="e"),BD4,IF(AND(AR4="Home",AI4="e"),BC4,IF(AND(AR4="Away",AI4="o"),BC4,IF(AND(AR4="Home",AI4="o"),BD4))))) -> Outlaws
A5: =IF(K5<>"",1,IF(D5="x","x","")) | I5: 70 | J5: =IF(OR(K5="Goal",K5="Shot",L5="Zone_Entry",M5="Stoppage-Goal",M4="Stoppage-Goal"),"o",IF(OR(K5="Save",K5="Rebound",L5="Zone_Exit",M5="Stoppage-GoalieStoppage",M4="Stoppage-GoalieStoppage"),"d",IF(OR(L5="Faceoff_AfterGoal",L5="Faceoff_PeriodStart",698="Faceoff_GameStart",M4="Stoppage-Goal"),"n",""))) | S5: 1 | U5: =IF(B5=1,MAX($U$2:$U4)+1,IF(AND($T5<>"",$T5=$T4),$U4,IF(B5="x",U4,""))) | V5: =IF(C5=1,MAX($V$2:$V4)+1,IF(AND($T5<>"",$T5=$T4),$U4,IF(C5="x",V4,""))) | X5: 70 | AA5: =S5+1000 -> 1001 | AB5: =IF(T5<>"",9000+T5,"") | AC5: =IF(AB5<>"",AB5,S5+1000) -> 1001 | AD5: 1 | AE5: 18 | AF5: 00 | AI5: =IF(Z5="x","",IF(Z5=1,"e","o")) -> o | AJ5: =IF($J5<>"",$J5,IF($AC5=$AC4,AJ4,"")) -> n | AK5: =IF($J5<>"",$J5,IF($AC5=$AC4,AK4,"")) -> n | AL5: =IF($W5="","",IF($AJ5="","",IF($W5="h",$AJ5,IF($AJ5="n","n",IF(AND($W5="a",$AJ5="d"),"o",IF(AND($W5="a",$AJ5="o"),"d")))))) | AM5: =IF($W5="","",IF(J5="","",IF(AL5="n","n",IF(AL5="d","o",IF(AL5="o","d",""))))) | AN5: =IF(AO5="H","Home",IF(AO5="A","Away","")) -> Away | AO5: =IF($W5<>"",$W5,IF($AC5=$AC4,AO4,"")) -> a | AP5: =IF(AL5<>"",AL5,IF($AC5=$AC4,AP4,"")) -> n | AQ5: =IF(AM5<>"",AM5,IF($AC5=$AC4,AQ4,"")) -> n | AR5: =IF(AN5<>"",AN5,IF($AC5=$AC4,AR4,"")) -> Away | AS5: =IF(AO5<>"",AO5,IF($AC5=$AC4,AS4,"")) -> a | AT5: =IF(AND(AI5="e",OR(BE5="Save",BF5="Turnover_Takeaway",BF5="Play_Defensive")),"Defensive",IF(AND(AI5="o",OR(BE5="Save",BF5="Turnover_Takeaway",BF5="Play_Defensive")),"Offensive",IF(OR(BE5="Deadice",BE5="Stoppage",BE5="Intermission"),"",IF(AI5="e","Offensive",IF(AI5="o","Defensive",""))))) -> Defensive | AU5: =IF(U5<>"",U5+5000,"") | AV5: =IF(V5<>"",V5+6000,"") | AW5: {=IFERROR(IF(O5<>"",O5,IF(OR($S5="",$T5=""),"",IF(O5<>"",O5,IF($T5<>"",_xlfn._xlws.FILTER(O:O,($BU:$BU=$BU5)*($I:$I=$I5)*($T:$T=$T5)*($S:$S=_xlfn.MINIFS($S:$S,$T:$T,"="&$T5)),"")))))&"",IF(O5="","",""))&""} | AX5: {=IFERROR(IF(P5<>"",P5,IF(OR($S5="",$T5=""),"",IF($T5<>"",_xlfn._xlws.FILTER(P:P,($BU:$BU=$BU5)*($I:$I=$I5)*($T:$T=$T5)*($S:$S=_xlfn.MINIFS($S:$S,$T:$T,"="&$T5)),""))))&"",IF(P5="","",""))&""} | AY5: {=IFERROR(IF(Q5<>"",Q5,IF(OR($S5="",$T5=""),"",IF($T5<>"",_xlfn._xlws.FILTER(Q:Q,($BU:$BU=$BU5)*($I:$I=$I5)*($T:$T=$T5)*($S:$S=_xlfn.MINIFS($S:$S,$T:$T,"="&$T5)),""))))&"",IF(Q5="","",""))&""} | AZ5: {=IFERROR(IF(R5<>"",R5,IF(OR($S5="",$T5=""),"",IF($T5<>"",_xlfn._xlws.FILTER(R:R,($BU:$BU=$BU5)*($I:$I=$I5)*($T:$T=$T5)*($S:$S=_xlfn.MINIFS($S:$S,$T:$T,"="&$T5)),""))))&"",IF(R5="","",""))&""} | BA5: =IF(OR(L5="Zone_Entry",L5="Zone_Exit"),BA4+1,BA4) -> 1 | BB5: =BB4 -> 18987 | BC5: =BC4 -> Velodrome | BD5: =BD4 -> Outlaws | BE5: Faceoff | BF5: Faceoff_PeriodStart | BI5: {=IFERROR(_xlfn._xlws.FILTER(shifts!A:A,(shifts!B:B=events!AD5)*(shifts!AG:AG>=events!BK5)*(shifts!AH:AH<=events!BL5)),BI4)} -> 1 | BJ5: =IF(AND(AG5="",AH5=""),0,((AE5*60)+AF5)-((AG5*60)+AH5)) -> 0 | BK5: =(AE5*60)+AF5 -> 1080 | BL5: =IF(AND(AG5="",AH5=""),BK5,((AG5*60)+AH5)) -> 1080 | BM5: =SUMIFS(BJ$2:BJ5,K$2:K5,"=Intermission")+SUMIFS(BJ$2:BJ5,K$2:K5,"=Timeout") -> 0 | BN5: =IF(AD5=1,0,IF(AD5=2,1080+BM5,IF(AD5=3,(1080*2)+BM5,0))) -> 0 | BO5: =IF(K5="Intermission",BO4,((1080)-((AE5*60)+AF5))+BN5) -> 0 | BP5: =IF(BO5<5,0,BO5-5) -> 0 | BQ5: =BP5+BJ5+5 -> 5 | BR5: =IF(AI5="e","event_team_player_"&BS5,IF(AI5="o","opp_team_player_"&BS5,"")) -> opp_team_player_1 | BS5: =COUNTIFS(S$3:S5,"="&S5,AI$3:AI5,"="&AI5) -> 1 | BT5: =IFERROR(VLOOKUP(BB5&BU5&X5,game_rosters!U:W,3,FALSE),"") -> P100001 | BU5: =IF(AR5="","",IF(AND(AR5="Away",AI5="e"),BD5,IF(AND(AR5="Home",AI5="e"),BC5,IF(AND(AR5="Away",AI5="o"),BC5,IF(AND(AR5="Home",AI5="o"),BD5))))) -> Velodrome
A6: =IF(K6<>"",1,IF(D6="x","x","")) -> 1 | I6: 77 | J6: =IF(OR(K6="Goal",K6="Shot",L6="Zone_Entry",M6="Stoppage-Goal",M5="Stoppage-Goal"),"o",IF(OR(K6="Save",K6="Rebound",L6="Zone_Exit",M6="Stoppage-GoalieStoppage",M5="Stoppage-GoalieStoppage"),"d",IF(OR(L6="Faceoff_AfterGoal",L6="Faceoff_PeriodStart",698="Faceoff_GameStart",M5="Stoppage-Goal"),"n",""))) -> o | K6: Zone_Entry_Exit | L6: Zone_Entry | M6: ZoneEntry-OppTeam | S6: 2 | U6: =IF(B6=1,MAX($U$2:$U5)+1,IF(AND($T6<>"",$T6=$T5),$U5,IF(B6="x",U5,""))) | V6: =IF(C6=1,MAX($V$2:$V5)+1,IF(AND($T6<>"",$T6=$T5),$U5,IF(C6="x",V5,""))) | W6: h | Z6: 1 | AA6: =S6+1000 -> 1002 | AB6: =IF(T6<>"",9000+T6,"") | AC6: =IF(AB6<>"",AB6,S6+1000) -> 1002 | AD6: 1 | AE6: 18 | AF6: 0 | AI6: =IF(Z6="x","",IF(Z6=1,"e","o")) -> e | AJ6: =IF($J6<>"",$J6,IF($AC6=$AC5,AJ5,"")) -> o | AK6: =IF($J6<>"",$J6,IF($AC6=$AC5,AK5,"")) -> o | AL6: =IF($W6="","",IF($AJ6="","",IF($W6="h",$AJ6,IF($AJ6="n","n",IF(AND($W6="a",$AJ6="d"),"o",IF(AND($W6="a",$AJ6="o"),"d")))))) -> o | AM6: =IF($W6="","",IF(J6="","",IF(AL6="n","n",IF(AL6="d","o",IF(AL6="o","d",""))))) -> d | AN6: =IF(AO6="H","Home",IF(AO6="A","Away","")) -> Home | AO6: =IF($W6<>"",$W6,IF($AC6=$AC5,AO5,"")) -> h | AP6: =IF(AL6<>"",AL6,IF($AC6=$AC5,AP5,"")) -> o | AQ6: =IF(AM6<>"",AM6,IF($AC6=$AC5,AQ5,"")) -> d | AR6: =IF(AN6<>"",AN6,IF($AC6=$AC5,AR5,"")) -> Home | AS6: =IF(AO6<>"",AO6,IF($AC6=$AC5,AS5,"")) -> h | AT6: =IF(AND(AI6="e",OR(BE6="Save",BF6="Turnover_Takeaway",BF6="Play_Defensive")),"Defensive",IF(AND(AI6="o",OR(BE6="Save",BF6="Turnover_Takeaway",BF6="Play_Defensive")),"Offensive",IF(OR(BE6="Deadice",BE6="Stoppage",BE6="Intermission"),"",IF(AI6="e","Offensive",IF(AI6="o","Defensive",""))))) -> Offensive | AU6: =IF(U6<>"",U6+5000,"") | AV6: =IF(V6<>"",V6+6000,"") | AW6: {=IFERROR(IF(O6<>"",O6,IF(OR($S6="",$T6=""),"",IF(O6<>"",O6,IF($T6<>"",_xlfn._xlws.FILTER(O:O,($BU:$BU=$BU6)*($I:$I=$I6)*($T:$T=$T6)*($S:$S=_xlfn.MINIFS($S:$S,$T:$T,"="&$T6)),"")))))&"",IF(O6="","",""))&""} | AX6: {=IFERROR(IF(P6<>"",P6,IF(OR($S6="",$T6=""),"",IF($T6<>"",_xlfn._xlws.FILTER(P:P,($BU:$BU=$BU6)*($I:$I=$I6)*($T:$T=$T6)*($S:$S=_xlfn.MINIFS($S:$S,$T:$T,"="&$T6)),""))))&"",IF(P6="","",""))&""} | AY6: {=IFERROR(IF(Q6<>"",Q6,IF(OR($S6="",$T6=""),"",IF($T6<>"",_xlfn._xlws.FILTER(Q:Q,($BU:$BU=$BU6)*($I:$I=$I6)*($T:$T=$T6)*($S:$S=_xlfn.MINIFS($S:$S,$T:$T,"="&$T6)),""))))&"",IF(Q6="","",""))&""} | AZ6: {=IFERROR(IF(R6<>"",R6,IF(OR($S6="",$T6=""),"",IF($T6<>"",_xlfn._xlws.FILTER(R:R,($BU:$BU=$BU6)*($I:$I=$I6)*($T:$T=$T6)*($S:$S=_xlfn.MINIFS($S:$S,$T:$T,"="&$T6)),""))))&"",IF(R6="","",""))&""} | BA6: =IF(OR(L6="Zone_Entry",L6="Zone_Exit"),BA5+1,BA5) -> 2 | BB6: =BB5 -> 18987 | BC6: =BC5 -> Velodrome | BD6: =BD5 -> Outlaws | BE6: Zone_Entry_Exit | BF6: Zone_Entry | BI6: {=IFERROR(_xlfn._xlws.FILTER(shifts!A:A,(shifts!B:B=events!AD6)*(shifts!AG:AG>=events!BK6)*(shifts!AH:AH<=events!BL6)),BI5)} -> 1 | BJ6: =IF(AND(AG6="",AH6=""),0,((AE6*60)+AF6)-((AG6*60)+AH6)) -> 0 | BK6: =(AE6*60)+AF6 -> 1080 | BL6: =IF(AND(AG6="",AH6=""),BK6,((AG6*60)+AH6)) -> 1080 | BM6: =SUMIFS(BJ$2:BJ6,K$2:K6,"=Intermission")+SUMIFS(BJ$2:BJ6,K$2:K6,"=Timeout") -> 0 | BN6: =IF(AD6=1,0,IF(AD6=2,1080+BM6,IF(AD6=3,(1080*2)+BM6,0))) -> 0 | BO6: =IF(K6="Intermission",BO5,((1080)-((AE6*60)+AF6))+BN6) -> 0 | BP6: =IF(BO6<5,0,BO6-5) -> 0 | BQ6: =BP6+BJ6+5 -> 5 | BR6: =IF(AI6="e","event_team_player_"&BS6,IF(AI6="o","opp_team_player_"&BS6,"")) -> event_team_player_1 | BS6: =COUNTIFS(S$3:S6,"="&S6,AI$3:AI6,"="&AI6) -> 1 | BT6: =IFERROR(VLOOKUP(BB6&BU6&X6,game_rosters!U:W,3,FALSE),"") | BU6: =IF(AR6="","",IF(AND(AR6="Away",AI6="e"),BD6,IF(AND(AR6="Home",AI6="e"),BC6,IF(AND(AR6="Away",AI6="o"),BC6,IF(AND(AR6="Home",AI6="o"),BD6))))) -> Velodrome
A7: =IF(K7<>"",1,IF(D7="x","x","")) -> 1 | I7: 4 | J7: =IF(OR(K7="Goal",K7="Shot",L7="Zone_Entry",M7="Stoppage-Goal",M6="Stoppage-Goal"),"o",IF(OR(K7="Save",K7="Rebound",L7="Zone_Exit",M7="Stoppage-GoalieStoppage",M6="Stoppage-GoalieStoppage"),"d",IF(OR(L7="Faceoff_AfterGoal",L7="Faceoff_PeriodStart",698="Faceoff_GameStart",M6="Stoppage-Goal"),"n",""))) | K7: Pass | L7: Pass_Missed | M7: Pass-Forehand | N7: u | R7: 1 | S7: 4 | T7: 1 | U7: =IF(B7=1,MAX($U$2:$U6)+1,IF(AND($T7<>"",$T7=$T6),$U6,IF(B7="x",U6,""))) | V7: =IF(C7=1,MAX($V$2:$V6)+1,IF(AND($T7<>"",$T7=$T6),$U6,IF(C7="x",V6,""))) | W7: a | X7: 4 | Z7: 1 | AA7: =S7+1000 -> 1004 | AB7: =IF(T7<>"",9000+T7,"") -> 9001 | AC7: =IF(AB7<>"",AB7,S7+1000) -> 9001 | AD7: 1 | AE7: 17 | AF7: 59 | AI7: =IF(Z7="x","",IF(Z7=1,"e","o")) -> e | AJ7: =IF($J7<>"",$J7,IF($AC7=$AC6,AJ6,"")) | AK7: =IF($J7<>"",$J7,IF($AC7=$AC6,AK6,"")) | AL7: =IF($W7="","",IF($AJ7="","",IF($W7="h",$AJ7,IF($AJ7="n","n",IF(AND($W7="a",$AJ7="d"),"o",IF(AND($W7="a",$AJ7="o"),"d")))))) | AM7: =IF($W7="","",IF(J7="","",IF(AL7="n","n",IF(AL7="d","o",IF(AL7="o","d",""))))) | AN7: =IF(AO7="H","Home",IF(AO7="A","Away","")) -> Away | AO7: =IF($W7<>"",$W7,IF($AC7=$AC6,AO6,"")) -> a | AP7: =IF(AL7<>"",AL7,IF($AC7=$AC6,AP6,"")) | AQ7: =IF(AM7<>"",AM7,IF($AC7=$AC6,AQ6,"")) | AR7: =IF(AN7<>"",AN7,IF($AC7=$AC6,AR6,"")) -> Away | AS7: =IF(AO7<>"",AO7,IF($AC7=$AC6,AS6,"")) -> a | AT7: =IF(AND(AI7="e",OR(BE7="Save",BF7="Turnover_Takeaway",BF7="Play_Defensive")),"Defensive",IF(AND(AI7="o",OR(BE7="Save",BF7="Turnover_Takeaway",BF7="Play_Defensive")),"Offensive",IF(OR(BE7="Deadice",BE7="Stoppage",BE7="Intermission"),"",IF(AI7="e","Offensive",IF(AI7="o","Defensive",""))))) -> Offensive | AU7: =IF(U7<>"",U7+5000,"") | AV7: =IF(V7<>"",V7+6000,"") | AW7: {=IFERROR(IF(O7<>"",O7,IF(OR($S7="",$T7=""),"",IF(O7<>"",O7,IF($T7<>"",_xlfn._xlws.FILTER(O:O,($BU:$BU=$BU7)*($I:$I=$I7)*($T:$T=$T7)*($S:$S=_xlfn.MINIFS($S:$S,$T:$T,"="&$T7)),"")))))&"",IF(O7="","",""))&""} | AX7: {=IFERROR(IF(P7<>"",P7,IF(OR($S7="",$T7=""),"",IF($T7<>"",_xlfn._xlws.FILTER(P:P,($BU:$BU=$BU7)*($I:$I=$I7)*($T:$T=$T7)*($S:$S=_xlfn.MINIFS($S:$S,$T:$T,"="&$T7)),""))))&"",IF(P7="","",""))&""} | AY7: {=IFERROR(IF(Q7<>"",Q7,IF(OR($S7="",$T7=""),"",IF($T7<>"",_xlfn._xlws.FILTER(Q:Q,($BU:$BU=$BU7)*($I:$I=$I7)*($T:$T=$T7)*($S:$S=_xlfn.MINIFS($S:$S,$T:$T,"="&$T7)),""))))&"",IF(Q7="","",""))&""} | AZ7: {=IFERROR(IF(R7<>"",R7,IF(OR($S7="",$T7=""),"",IF($T7<>"",_xlfn._xlws.FILTER(R:R,($BU:$BU=$BU7)*($I:$I=$I7)*($T:$T=$T7)*($S:$S=_xlfn.MINIFS($S:$S,$T:$T,"="&$T7)),""))))&"",IF(R7="","",""))&""} -> 1 | BA7: =IF(OR(L7="Zone_Entry",L7="Zone_Exit"),BA6+1,BA6) -> 2 | BB7: =BB6 -> 18987 | BC7: =BC6 -> Velodrome | BD7: =BD6 -> Outlaws | BE7: Pass | BF7: Pass_Missed | BI7: {=IFERROR(_xlfn._xlws.FILTER(shifts!A:A,(shifts!B:B=events!AD7)*(shifts!AG:AG>=events!BK7)*(shifts!AH:AH<=events!BL7)),BI6)} -> 1 | BJ7: =IF(AND(AG7="",AH7=""),0,((AE7*60)+AF7)-((AG7*60)+AH7)) -> 0 | BK7: =(AE7*60)+AF7 -> 1079 | BL7: =IF(AND(AG7="",AH7=""),BK7,((AG7*60)+AH7)) -> 1079 | BM7: =SUMIFS(BJ$2:BJ7,K$2:K7,"=Intermission")+SUMIFS(BJ$2:BJ7,K$2:K7,"=Timeout") -> 0 | BN7: =IF(AD7=1,0,IF(AD7=2,1080+BM7,IF(AD7=3,(1080*2)+BM7,0))) -> 0 | BO7: =IF(K7="Intermission",BO6,((1080)-((AE7*60)+AF7))+BN7) -> 1 | BP7: =IF(BO7<5,0,BO7-5) -> 0 | BQ7: =BP7+BJ7+5 -> 5 | BR7: =IF(AI7="e","event_team_player_"&BS7,IF(AI7="o","opp_team_player_"&BS7,"")) -> event_team_player_1 | BS7: =COUNTIFS(S$3:S7,"="&S7,AI$3:AI7,"="&AI7) -> 1 | BT7: =IFERROR(VLOOKUP(BB7&BU7&X7,game_rosters!U:W,3,FALSE),"") -> P100032 | BU7: =IF(AR7="","",IF(AND(AR7="Away",AI7="e"),BD7,IF(AND(AR7="Home",AI7="e"),BC7,IF(AND(AR7="Away",AI7="o"),BC7,IF(AND(AR7="Home",AI7="o"),BD7))))) -> Outlaws
A8: =IF(K8<>"",1,IF(D8="x","x","")) | I8: 25 | J8: =IF(OR(K8="Goal",K8="Shot",L8="Zone_Entry",M8="Stoppage-Goal",M7="Stoppage-Goal"),"o",IF(OR(K8="Save",K8="Rebound",L8="Zone_Exit",M8="Stoppage-GoalieStoppage",M7="Stoppage-GoalieStoppage"),"d",IF(OR(L8="Faceoff_AfterGoal",L8="Faceoff_PeriodStart",698="Faceoff_GameStart",M7="Stoppage-Goal"),"n",""))) | N8: u | S8: 4 | T8: 1 | U8: =IF(B8=1,MAX($U$2:$U7)+1,IF(AND($T8<>"",$T8=$T7),$U7,IF(B8="x",U7,""))) | V8: =IF(C8=1,MAX($V$2:$V7)+1,IF(AND($T8<>"",$T8=$T7),$U7,IF(C8="x",V7,""))) | X8: 25 | Z8: 1 | AA8: =S8+1000 -> 1004 | AB8: =IF(T8<>"",9000+T8,"") -> 9001 | AC8: =IF(AB8<>"",AB8,S8+1000) -> 9001 | AD8: 1 | AE8: 17 | AF8: 59 | AI8: =IF(Z8="x","",IF(Z8=1,"e","o")) -> e | AJ8: =IF($J8<>"",$J8,IF($AC8=$AC7,AJ7,"")) | AK8: =IF($J8<>"",$J8,IF($AC8=$AC7,AK7,"")) | AL8: =IF($W8="","",IF($AJ8="","",IF($W8="h",$AJ8,IF($AJ8="n","n",IF(AND($W8="a",$AJ8="d"),"o",IF(AND($W8="a",$AJ8="o"),"d")))))) | AM8: =IF($W8="","",IF(J8="","",IF(AL8="n","n",IF(AL8="d","o",IF(AL8="o","d",""))))) | AN8: =IF(AO8="H","Home",IF(AO8="A","Away","")) -> Away | AO8: =IF($W8<>"",$W8,IF($AC8=$AC7,AO7,"")) -> a | AP8: =IF(AL8<>"",AL8,IF($AC8=$AC7,AP7,"")) | AQ8: =IF(AM8<>"",AM8,IF($AC8=$AC7,AQ7,"")) | AR8: =IF(AN8<>"",AN8,IF($AC8=$AC7,AR7,"")) -> Away | AS8: =IF(AO8<>"",AO8,IF($AC8=$AC7,AS7,"")) -> a | AT8: =IF(AND(AI8="e",OR(BE8="Save",BF8="Turnover_Takeaway",BF8="Play_Defensive")),"Defensive",IF(AND(AI8="o",OR(BE8="Save",BF8="Turnover_Takeaway",BF8="Play_Defensive")),"Offensive",IF(OR(BE8="Deadice",BE8="Stoppage",BE8="Intermission"),"",IF(AI8="e","Offensive",IF(AI8="o","Defensive",""))))) -> Offensive | AU8: =IF(U8<>"",U8+5000,"") | AV8: =IF(V8<>"",V8+6000,"") | AW8: {=IFERROR(IF(O8<>"",O8,IF(OR($S8="",$T8=""),"",IF(O8<>"",O8,IF($T8<>"",_xlfn._xlws.FILTER(O:O,($BU:$BU=$BU8)*($I:$I=$I8)*($T:$T=$T8)*($S:$S=_xlfn.MINIFS($S:$S,$T:$T,"="&$T8)),"")))))&"",IF(O8="","",""))&""} | AX8: {=IFERROR(IF(P8<>"",P8,IF(OR($S8="",$T8=""),"",IF($T8<>"",_xlfn._xlws.FILTER(P:P,($BU:$BU=$BU8)*($I:$I=$I8)*($T:$T=$T8)*($S:$S=_xlfn.MINIFS($S:$S,$T:$T,"="&$T8)),""))))&"",IF(P8="","",""))&""} | AY8: {=IFERROR(IF(Q8<>"",Q8,IF(OR($S8="",$T8=""),"",IF($T8<>"",_xlfn._xlws.FILTER(Q:Q,($BU:$BU=$BU8)*($I:$I=$I8)*($T:$T=$T8)*($S:$S=_xlfn.MINIFS($S:$S,$T:$T,"="&$T8)),""))))&"",IF(Q8="","",""))&""} | AZ8: {=IFERROR(IF(R8<>"",R8,IF(OR($S8="",$T8=""),"",IF($T8<>"",_xlfn._xlws.FILTER(R:R,($BU:$BU=$BU8)*($I:$I=$I8)*($T:$T=$T8)*($S:$S=_xlfn.MINIFS($S:$S,$T:$T,"="&$T8)),""))))&"",IF(R8="","",""))&""} | BA8: =IF(OR(L8="Zone_Entry",L8="Zone_Exit"),BA7+1,BA7) -> 2 | BB8: =BB7 -> 18987 | BC8: =BC7 -> Velodrome | BD8: =BD7 -> Outlaws | BE8: Pass | BF8: Pass_Missed | BI8: {=IFERROR(_xlfn._xlws.FILTER(shifts!A:A,(shifts!B:B=events!AD8)*(shifts!AG:AG>=events!BK8)*(shifts!AH:AH<=events!BL8)),BI7)} -> 1 | BJ8: =IF(AND(AG8="",AH8=""),0,((AE8*60)+AF8)-((AG8*60)+AH8)) -> 0 | BK8: =(AE8*60)+AF8 -> 1079 | BL8: =IF(AND(AG8="",AH8=""),BK8,((AG8*60)+AH8)) -> 1079 | BM8: =SUMIFS(BJ$2:BJ8,K$2:K8,"=Intermission")+SUMIFS(BJ$2:BJ8,K$2:K8,"=Timeout") -> 0 | BN8: =IF(AD8=1,0,IF(AD8=2,1080+BM8,IF(AD8=3,(1080*2)+BM8,0))) -> 0 | BO8: =IF(K8="Intermission",BO7,((1080)-((AE8*60)+AF8))+BN8) -> 1 | BP8: =IF(BO8<5,0,BO8-5) -> 0 | BQ8: =BP8+BJ8+5 -> 5 | BR8: =IF(AI8="e","event_team_player_"&BS8,IF(AI8="o","opp_team_player_"&BS8,"")) -> event_team_player_2 | BS8: =COUNTIFS(S$3:S8,"="&S8,AI$3:AI8,"="&AI8) -> 2 | BT8: =IFERROR(VLOOKUP(BB8&BU8&X8,game_rosters!U:W,3,FALSE),"") -> P100170 | BU8: =IF(AR8="","",IF(AND(AR8="Away",AI8="e"),BD8,IF(AND(AR8="Home",AI8="e"),BC8,IF(AND(AR8="Away",AI8="o"),BC8,IF(AND(AR8="Home",AI8="o"),BD8))))) -> Outlaws
A9: =IF(K9<>"",1,IF(D9="x","x","")) | I9: 70 | J9: =IF(OR(K9="Goal",K9="Shot",L9="Zone_Entry",M9="Stoppage-Goal",M8="Stoppage-Goal"),"o",IF(OR(K9="Save",K9="Rebound",L9="Zone_Exit",M9="Stoppage-GoalieStoppage",M8="Stoppage-GoalieStoppage"),"d",IF(OR(L9="Faceoff_AfterGoal",L9="Faceoff_PeriodStart",698="Faceoff_GameStart",M8="Stoppage-Goal"),"n",""))) | N9: u | S9: 4 | T9: 1 | U9: =IF(B9=1,MAX($U$2:$U8)+1,IF(AND($T9<>"",$T9=$T8),$U8,IF(B9="x",U8,""))) | V9: =IF(C9=1,MAX($V$2:$V8)+1,IF(AND($T9<>"",$T9=$T8),$U8,IF(C9="x",V8,""))) | X9: 70 | AA9: =S9+1000 -> 1004 | AB9: =IF(T9<>"",9000+T9,"") -> 9001 | AC9: =IF(AB9<>"",AB9,S9+1000) -> 9001 | AD9: 1 | AE9: 17 | AF9: 59 | AI9: =IF(Z9="x","",IF(Z9=1,"e","o")) -> o | AJ9: =IF($J9<>"",$J9,IF($AC9=$AC8,AJ8,"")) | AK9: =IF($J9<>"",$J9,IF($AC9=$AC8,AK8,"")) | AL9: =IF($W9="","",IF($AJ9="","",IF($W9="h",$AJ9,IF($AJ9="n","n",IF(AND($W9="a",$AJ9="d"),"o",IF(AND($W9="a",$AJ9="o"),"d")))))) | AM9: =IF($W9="","",IF(J9="","",IF(AL9="n","n",IF(AL9="d","o",IF(AL9="o","d",""))))) | AN9: =IF(AO9="H","Home",IF(AO9="A","Away","")) -> Away | AO9: =IF($W9<>"",$W9,IF($AC9=$AC8,AO8,"")) -> a | AP9: =IF(AL9<>"",AL9,IF($AC9=$AC8,AP8,"")) | AQ9: =IF(AM9<>"",AM9,IF($AC9=$AC8,AQ8,"")) | AR9: =IF(AN9<>"",AN9,IF($AC9=$AC8,AR8,"")) -> Away | AS9: =IF(AO9<>"",AO9,IF($AC9=$AC8,AS8,"")) -> a | AT9: =IF(AND(AI9="e",OR(BE9="Save",BF9="Turnover_Takeaway",BF9="Play_Defensive")),"Defensive",IF(AND(AI9="o",OR(BE9="Save",BF9="Turnover_Takeaway",BF9="Play_Defensive")),"Offensive",IF(OR(BE9="Deadice",BE9="Stoppage",BE9="Intermission"),"",IF(AI9="e","Offensive",IF(AI9="o","Defensive",""))))) -> Defensive | AU9: =IF(U9<>"",U9+5000,"") | AV9: =IF(V9<>"",V9+6000,"") | AW9: {=IFERROR(IF(O9<>"",O9,IF(OR($S9="",$T9=""),"",IF(O9<>"",O9,IF($T9<>"",_xlfn._xlws.FILTER(O:O,($BU:$BU=$BU9)*($I:$I=$I9)*($T:$T=$T9)*($S:$S=_xlfn.MINIFS($S:$S,$T:$T,"="&$T9)),"")))))&"",IF(O9="","",""))&""} | AX9: {=IFERROR(IF(P9<>"",P9,IF(OR($S9="",$T9=""),"",IF($T9<>"",_xlfn._xlws.FILTER(P:P,($BU:$BU=$BU9)*($I:$I=$I9)*($T:$T=$T9)*($S:$S=_xlfn.MINIFS($S:$S,$T:$T,"="&$T9)),""))))&"",IF(P9="","",""))&""} | AY9: {=IFERROR(IF(Q9<>"",Q9,IF(OR($S9="",$T9=""),"",IF($T9<>"",_xlfn._xlws.FILTER(Q:Q,($BU:$BU=$BU9)*($I:$I=$I9)*($T:$T=$T9)*($S:$S=_xlfn.MINIFS($S:$S,$T:$T,"="&$T9)),""))))&"",IF(Q9="","",""))&""} | AZ9: {=IFERROR(IF(R9<>"",R9,IF(OR($S9="",$T9=""),"",IF($T9<>"",_xlfn._xlws.FILTER(R:R,($BU:$BU=$BU9)*($I:$I=$I9)*($T:$T=$T9)*($S:$S=_xlfn.MINIFS($S:$S,$T:$T,"="&$T9)),""))))&"",IF(R9="","",""))&""} | BA9: =IF(OR(L9="Zone_Entry",L9="Zone_Exit"),BA8+1,BA8) -> 2 | BB9: =BB8 -> 18987 | BC9: =BC8 -> Velodrome | BD9: =BD8 -> Outlaws | BE9: Pass | BF9: Pass_Missed | BI9: {=IFERROR(_xlfn._xlws.FILTER(shifts!A:A,(shifts!B:B=events!AD9)*(shifts!AG:AG>=events!BK9)*(shifts!AH:AH<=events!BL9)),BI8)} -> 1 | BJ9: =IF(AND(AG9="",AH9=""),0,((AE9*60)+AF9)-((AG9*60)+AH9)) -> 0 | BK9: =(AE9*60)+AF9 -> 1079 | BL9: =IF(AND(AG9="",AH9=""),BK9,((AG9*60)+AH9)) -> 1079 | BM9: =SUMIFS(BJ$2:BJ9,K$2:K9,"=Intermission")+SUMIFS(BJ$2:BJ9,K$2:K9,"=Timeout") -> 0 | BN9: =IF(AD9=1,0,IF(AD9=2,1080+BM9,IF(AD9=3,(1080*2)+BM9,0))) -> 0 | BO9: =IF(K9="Intermission",BO8,((1080)-((AE9*60)+AF9))+BN9) -> 1 | BP9: =IF(BO9<5,0,BO9-5) -> 0 | BQ9: =BP9+BJ9+5 -> 5 | BR9: =IF(AI9="e","event_team_player_"&BS9,IF(AI9="o","opp_team_player_"&BS9,"")) -> opp_team_player_1 | BS9: =COUNTIFS(S$3:S9,"="&S9,AI$3:AI9,"="&AI9) -> 1 | BT9: =IFERROR(VLOOKUP(BB9&BU9&X9,game_rosters!U:W,3,FALSE),"") -> P100001 | BU9: =IF(AR9="","",IF(AND(AR9="Away",AI9="e"),BD9,IF(AND(AR9="Home",AI9="e"),BC9,IF(AND(AR9="Away",AI9="o"),BC9,IF(AND(AR9="Home",AI9="o"),BD9))))) -> Velodrome
A10: =IF(K10<>"",1,IF(D10="x","x","")) -> 1 | I10: 4 | J10: =IF(OR(K10="Goal",K10="Shot",L10="Zone_Entry",M10="Stoppage-Goal",M9="Stoppage-Goal"),"o",IF(OR(K10="Save",K10="Rebound",L10="Zone_Exit",M10="Stoppage-GoalieStoppage",M9="Stoppage-GoalieStoppage"),"d",IF(OR(L10="Faceoff_AfterGoal",L10="Faceoff_PeriodStart",698="Faceoff_GameStart",M9="Stoppage-Goal"),"n",""))) | K10: Turnover | L10: Turnover_Giveaway | M10: Giveaway-PassMissed | S10: 5 | T10: 1 | U10: =IF(B10=1,MAX($U$2:$U9)+1,IF(AND($T10<>"",$T10=$T9),$U9,IF(B10="x",U9,""))) | V10: =IF(C10=1,MAX($V$2:$V9)+1,IF(AND($T10<>"",$T10=$T9),$U9,IF(C10="x",V9,""))) | W10: h | X10: 4 | Z10: 1 | AA10: =S10+1000 -> 1005 | AB10: =IF(T10<>"",9000+T10,"") -> 9001 | AC10: =IF(AB10<>"",AB10,S10+1000) -> 9001 | AD10: 1 | AE10: 17 | AF10: 59 | AI10: =IF(Z10="x","",IF(Z10=1,"e","o")) -> e | AJ10: =IF($J10<>"",$J10,IF($AC10=$AC9,AJ9,"")) | AK10: =IF($J10<>"",$J10,IF($AC10=$AC9,AK9,"")) | AL10: =IF($W10="","",IF($AJ10="","",IF($W10="h",$AJ10,IF($AJ10="n","n",IF(AND($W10="a",$AJ10="d"),"o",IF(AND($W10="a",$AJ10="o"),"d")))))) | AM10: =IF($W10="","",IF(J10="","",IF(AL10="n","n",IF(AL10="d","o",IF(AL10="o","d",""))))) | AN10: =IF(AO10="H","Home",IF(AO10="A","Away","")) -> Home | AO10: =IF($W10<>"",$W10,IF($AC10=$AC9,AO9,"")) -> h | AP10: =IF(AL10<>"",AL10,IF($AC10=$AC9,AP9,"")) | AQ10: =IF(AM10<>"",AM10,IF($AC10=$AC9,AQ9,"")) | AR10: =IF(AN10<>"",AN10,IF($AC10=$AC9,AR9,"")) -> Home | AS10: =IF(AO10<>"",AO10,IF($AC10=$AC9,AS9,"")) -> h | AT10: =IF(AND(AI10="e",OR(BE10="Save",BF10="Turnover_Takeaway",BF10="Play_Defensive")),"Defensive",IF(AND(AI10="o",OR(BE10="Save",BF10="Turnover_Takeaway",BF10="Play_Defensive")),"Offensive",IF(OR(BE10="Deadice",BE10="Stoppage",BE10="Intermission"),"",IF(AI10="e","Offensive",IF(AI10="o","Defensive",""))))) -> Offensive | AU10: =IF(U10<>"",U10+5000,"") | AV10: =IF(V10<>"",V10+6000,"") | AW10: {=IFERROR(IF(O10<>"",O10,IF(OR($S10="",$T10=""),"",IF(O10<>"",O10,IF($T10<>"",_xlfn._xlws.FILTER(O:O,($BU:$BU=$BU10)*($I:$I=$I10)*($T:$T=$T10)*($S:$S=_xlfn.MINIFS($S:$S,$T:$T,"="&$T10)),"")))))&"",IF(O10="","",""))&""} | AX10: {=IFERROR(IF(P10<>"",P10,IF(OR($S10="",$T10=""),"",IF($T10<>"",_xlfn._xlws.FILTER(P:P,($BU:$BU=$BU10)*($I:$I=$I10)*($T:$T=$T10)*($S:$S=_xlfn.MINIFS($S:$S,$T:$T,"="&$T10)),""))))&"",IF(P10="","",""))&""} | AY10: {=IFERROR(IF(Q10<>"",Q10,IF(OR($S10="",$T10=""),"",IF($T10<>"",_xlfn._xlws.FILTER(Q:Q,($BU:$BU=$BU10)*($I:$I=$I10)*($T:$T=$T10)*($S:$S=_xlfn.MINIFS($S:$S,$T:$T,"="&$T10)),""))))&"",IF(Q10="","",""))&""} | AZ10: {=IFERROR(IF(R10<>"",R10,IF(OR($S10="",$T10=""),"",IF($T10<>"",_xlfn._xlws.FILTER(R:R,($BU:$BU=$BU10)*($I:$I=$I10)*($T:$T=$T10)*($S:$S=_xlfn.MINIFS($S:$S,$T:$T,"="&$T10)),""))))&"",IF(R10="","",""))&""} -> 1 | BA10: =IF(OR(L10="Zone_Entry",L10="Zone_Exit"),BA9+1,BA9) -> 2 | BB10: =BB9 -> 18987 | BC10: =BC9 -> Velodrome | BD10: =BD9 -> Outlaws | BE10: Turnover | BF10: Turnover_Giveaway | BI10: {=IFERROR(_xlfn._xlws.FILTER(shifts!A:A,(shifts!B:B=events!AD10)*(shifts!AG:AG>=events!BK10)*(shifts!AH:AH<=events!BL10)),BI9)} -> 1 | BJ10: =IF(AND(AG10="",AH10=""),0,((AE10*60)+AF10)-((AG10*60)+AH10)) -> 0 | BK10: =(AE10*60)+AF10 -> 1079 | BL10: =IF(AND(AG10="",AH10=""),BK10,((AG10*60)+AH10)) -> 1079 | BM10: =SUMIFS(BJ$2:BJ10,K$2:K10,"=Intermission")+SUMIFS(BJ$2:BJ10,K$2:K10,"=Timeout") -> 0 | BN10: =IF(AD10=1,0,IF(AD10=2,1080+BM10,IF(AD10=3,(1080*2)+BM10,0))) -> 0 | BO10: =IF(K10="Intermission",BO9,((1080)-((AE10*60)+AF10))+BN10) -> 1 | BP10: =IF(BO10<5,0,BO10-5) -> 0 | BQ10: =BP10+BJ10+5 -> 5 | BR10: =IF(AI10="e","event_team_player_"&BS10,IF(AI10="o","opp_team_player_"&BS10,"")) -> event_team_player_1 | BS10: =COUNTIFS(S$3:S10,"="&S10,AI$3:AI10,"="&AI10) -> 1 | BT10: =IFERROR(VLOOKUP(BB10&BU10&X10,game_rosters!U:W,3,FALSE),"") -> P100032 | BU10: Outlaws
A11: =IF(K11<>"",1,IF(D11="x","x","")) | I11: 25 | J11: =IF(OR(K11="Goal",K11="Shot",L11="Zone_Entry",M11="Stoppage-Goal",M10="Stoppage-Goal"),"o",IF(OR(K11="Save",K11="Rebound",L11="Zone_Exit",M11="Stoppage-GoalieStoppage",M10="Stoppage-GoalieStoppage"),"d",IF(OR(L11="Faceoff_AfterGoal",L11="Faceoff_PeriodStart",698="Faceoff_GameStart",M10="Stoppage-Goal"),"n",""))) | S11: 5 | T11: 1 | U11: =IF(B11=1,MAX($U$2:$U10)+1,IF(AND($T11<>"",$T11=$T10),$U10,IF(B11="x",U10,""))) | V11: =IF(C11=1,MAX($V$2:$V10)+1,IF(AND($T11<>"",$T11=$T10),$U10,IF(C11="x",V10,""))) | X11: 25 | Z11: 1 | AA11: =S11+1000 -> 1005 | AB11: =IF(T11<>"",9000+T11,"") -> 9001 | AC11: =IF(AB11<>"",AB11,S11+1000) -> 9001 | AD11: 1 | AE11: 17 | AF11: 59 | AI11: =IF(Z11="x","",IF(Z11=1,"e","o")) -> e | AJ11: =IF($J11<>"",$J11,IF($AC11=$AC10,AJ10,"")) | AK11: =IF($J11<>"",$J11,IF($AC11=$AC10,AK10,"")) | AL11: =IF($W11="","",IF($AJ11="","",IF($W11="h",$AJ11,IF($AJ11="n","n",IF(AND($W11="a",$AJ11="d"),"o",IF(AND($W11="a",$AJ11="o"),"d")))))) | AM11: =IF($W11="","",IF(J11="","",IF(AL11="n","n",IF(AL11="d","o",IF(AL11="o","d",""))))) | AN11: =IF(AO11="H","Home",IF(AO11="A","Away","")) -> Home | AO11: =IF($W11<>"",$W11,IF($AC11=$AC10,AO10,"")) -> h | AP11: =IF(AL11<>"",AL11,IF($AC11=$AC10,AP10,"")) | AQ11: =IF(AM11<>"",AM11,IF($AC11=$AC10,AQ10,"")) | AR11: =IF(AN11<>"",AN11,IF($AC11=$AC10,AR10,"")) -> Home | AS11: =IF(AO11<>"",AO11,IF($AC11=$AC10,AS10,"")) -> h | AT11: =IF(AND(AI11="e",OR(BE11="Save",BF11="Turnover_Takeaway",BF11="Play_Defensive")),"Defensive",IF(AND(AI11="o",OR(BE11="Save",BF11="Turnover_Takeaway",BF11="Play_Defensive")),"Offensive",IF(OR(BE11="Deadice",BE11="Stoppage",BE11="Intermission"),"",IF(AI11="e","Offensive",IF(AI11="o","Defensive",""))))) -> Offensive | AU11: =IF(U11<>"",U11+5000,"") | AV11: =IF(V11<>"",V11+6000,"") | AW11: {=IFERROR(IF(O11<>"",O11,IF(OR($S11="",$T11=""),"",IF(O11<>"",O11,IF($T11<>"",_xlfn._xlws.FILTER(O:O,($BU:$BU=$BU11)*($I:$I=$I11)*($T:$T=$T11)*($S:$S=_xlfn.MINIFS($S:$S,$T:$T,"="&$T11)),"")))))&"",IF(O11="","",""))&""} | AX11: {=IFERROR(IF(P11<>"",P11,IF(OR($S11="",$T11=""),"",IF($T11<>"",_xlfn._xlws.FILTER(P:P,($BU:$BU=$BU11)*($I:$I=$I11)*($T:$T=$T11)*($S:$S=_xlfn.MINIFS($S:$S,$T:$T,"="&$T11)),""))))&"",IF(P11="","",""))&""} | AY11: {=IFERROR(IF(Q11<>"",Q11,IF(OR($S11="",$T11=""),"",IF($T11<>"",_xlfn._xlws.FILTER(Q:Q,($BU:$BU=$BU11)*($I:$I=$I11)*($T:$T=$T11)*($S:$S=_xlfn.MINIFS($S:$S,$T:$T,"="&$T11)),""))))&"",IF(Q11="","",""))&""} | AZ11: {=IFERROR(IF(R11<>"",R11,IF(OR($S11="",$T11=""),"",IF($T11<>"",_xlfn._xlws.FILTER(R:R,($BU:$BU=$BU11)*($I:$I=$I11)*($T:$T=$T11)*($S:$S=_xlfn.MINIFS($S:$S,$T:$T,"="&$T11)),""))))&"",IF(R11="","",""))&""} | BA11: =IF(OR(L11="Zone_Entry",L11="Zone_Exit"),BA10+1,BA10) -> 2 | BB11: =BB10 -> 18987 | BC11: =BC10 -> Velodrome | BD11: =BD10 -> Outlaws | BE11: Turnover | BF11: Turnover_Giveaway | BI11: {=IFERROR(_xlfn._xlws.FILTER(shifts!A:A,(shifts!B:B=events!AD11)*(shifts!AG:AG>=events!BK11)*(shifts!AH:AH<=events!BL11)),BI10)} -> 1 | BJ11: =IF(AND(AG11="",AH11=""),0,((AE11*60)+AF11)-((AG11*60)+AH11)) -> 0 | BK11: =(AE11*60)+AF11 -> 1079 | BL11: =IF(AND(AG11="",AH11=""),BK11,((AG11*60)+AH11)) -> 1079 | BM11: =SUMIFS(BJ$2:BJ11,K$2:K11,"=Intermission")+SUMIFS(BJ$2:BJ11,K$2:K11,"=Timeout") -> 0 | BN11: =IF(AD11=1,0,IF(AD11=2,1080+BM11,IF(AD11=3,(1080*2)+BM11,0))) -> 0 | BO11: =IF(K11="Intermission",BO10,((1080)-((AE11*60)+AF11))+BN11) -> 1 | BP11: =IF(BO11<5,0,BO11-5) -> 0 | BQ11: =BP11+BJ11+5 -> 5 | BR11: =IF(AI11="e","event_team_player_"&BS11,IF(AI11="o","opp_team_player_"&BS11,"")) -> event_team_player_2 | BS11: =COUNTIFS(S$3:S11,"="&S11,AI$3:AI11,"="&AI11) -> 2 | BT11: =IFERROR(VLOOKUP(BB11&BU11&X11,game_rosters!U:W,3,FALSE),"") -> P100170 | BU11: Outlaws
A12: =IF(K12<>"",1,IF(D12="x","x","")) -> 1 | I12: 14 | J12: =IF(OR(K12="Goal",K12="Shot",L12="Zone_Entry",M12="Stoppage-Goal",M11="Stoppage-Goal"),"o",IF(OR(K12="Save",K12="Rebound",L12="Zone_Exit",M12="Stoppage-GoalieStoppage",M11="Stoppage-GoalieStoppage"),"d",IF(OR(L12="Faceoff_AfterGoal",L12="Faceoff_PeriodStart",698="Faceoff_GameStart",M11="Stoppage-Goal"),"n",""))) | K12: Zone_Entry_Exit | L12: Zone_Keepin | M12: Zone-KeepIn | O12: OffensivePlay_Zone-Dump/RimInZone | Q12: u | R12: 1 | S12: 6 | T12: 2 | U12: =IF(B12=1,MAX($U$2:$U11)+1,IF(AND($T12<>"",$T12=$T11),$U11,IF(B12="x",U11,""))) | V12: =IF(C12=1,MAX($V$2:$V11)+1,IF(AND($T12<>"",$T12=$T11),$U11,IF(C12="x",V11,""))) | W12: h | X12: 14 | Z12: 1 | AA12: =S12+1000 -> 1006 | AB12: =IF(T12<>"",9000+T12,"") -> 9002 | AC12: =IF(AB12<>"",AB12,S12+1000) -> 9002 | AD12: 1 | AE12: 17 | AF12: 57 | AI12: =IF(Z12="x","",IF(Z12=1,"e","o")) -> e | AJ12: =IF($J12<>"",$J12,IF($AC12=$AC11,AJ11,"")) | AK12: =IF($J12<>"",$J12,IF($AC12=$AC11,AK11,"")) | AL12: =IF($W12="","",IF($AJ12="","",IF($W12="h",$AJ12,IF($AJ12="n","n",IF(AND($W12="a",$AJ12="d"),"o",IF(AND($W12="a",$AJ12="o"),"d")))))) | AM12: =IF($W12="","",IF(J12="","",IF(AL12="n","n",IF(AL12="d","o",IF(AL12="o","d",""))))) | AN12: =IF(AO12="H","Home",IF(AO12="A","Away","")) -> Home | AO12: =IF($W12<>"",$W12,IF($AC12=$AC11,AO11,"")) -> h | AP12: =IF(AL12<>"",AL12,IF($AC12=$AC11,AP11,"")) | AQ12: =IF(AM12<>"",AM12,IF($AC12=$AC11,AQ11,"")) | AR12: =IF(AN12<>"",AN12,IF($AC12=$AC11,AR11,"")) -> Home | AS12: =IF(AO12<>"",AO12,IF($AC12=$AC11,AS11,"")) -> h | AT12: =IF(AND(AI12="e",OR(BE12="Save",BF12="Turnover_Takeaway",BF12="Play_Defensive")),"Defensive",IF(AND(AI12="o",OR(BE12="Save",BF12="Turnover_Takeaway",BF12="Play_Defensive")),"Offensive",IF(OR(BE12="Deadice",BE12="Stoppage",BE12="Intermission"),"",IF(AI12="e","Offensive",IF(AI12="o","Defensive",""))))) -> Offensive | AU12: =IF(U12<>"",U12+5000,"") | AV12: =IF(V12<>"",V12+6000,"") | AW12: {=IFERROR(IF(O12<>"",O12,IF(OR($S12="",$T12=""),"",IF(O12<>"",O12,IF($T12<>"",_xlfn._xlws.FILTER(O:O,($BU:$BU=$BU12)*($I:$I=$I12)*($T:$T=$T12)*($S:$S=_xlfn.MINIFS($S:$S,$T:$T,"="&$T12)),"")))))&"",IF(O12="","",""))&""} -> OffensivePlay_Zone-Dump/RimInZone | AX12: {=IFERROR(IF(P12<>"",P12,IF(OR($S12="",$T12=""),"",IF($T12<>"",_xlfn._xlws.FILTER(P:P,($BU:$BU=$BU12)*($I:$I=$I12)*($T:$T=$T12)*($S:$S=_xlfn.MINIFS($S:$S,$T:$T,"="&$T12)),""))))&"",IF(P12="","",""))&""} | AY12: {=IFERROR(IF(Q12<>"",Q12,IF(OR($S12="",$T12=""),"",IF($T12<>"",_xlfn._xlws.FILTER(Q:Q,($BU:$BU=$BU12)*($I:$I=$I12)*($T:$T=$T12)*($S:$S=_xlfn.MINIFS($S:$S,$T:$T,"="&$T12)),""))))&"",IF(Q12="","",""))&""} -> u | AZ12: {=IFERROR(IF(R12<>"",R12,IF(OR($S12="",$T12=""),"",IF($T12<>"",_xlfn._xlws.FILTER(R:R,($BU:$BU=$BU12)*($I:$I=$I12)*($T:$T=$T12)*($S:$S=_xlfn.MINIFS($S:$S,$T:$T,"="&$T12)),""))))&"",IF(R12="","",""))&""} -> 1 | BA12: =IF(OR(L12="Zone_Entry",L12="Zone_Exit"),BA11+1,BA11) -> 2 | BB12: =BB11 -> 18987 | BC12: =BC11 -> Velodrome | BD12: =BD11 -> Outlaws | BE12: Zone_Entry_Exit | BF12: Zone_Keepin | BI12: {=IFERROR(_xlfn._xlws.FILTER(shifts!A:A,(shifts!B:B=events!AD12)*(shifts!AG:AG>=events!BK12)*(shifts!AH:AH<=events!BL12)),BI11)} -> 1 | BJ12: =IF(AND(AG12="",AH12=""),0,((AE12*60)+AF12)-((AG12*60)+AH12)) -> 0 | BK12: =(AE12*60)+AF12 -> 1077 | BL12: =IF(AND(AG12="",AH12=""),BK12,((AG12*60)+AH12)) -> 1077 | BM12: =SUMIFS(BJ$2:BJ12,K$2:K12,"=Intermission")+SUMIFS(BJ$2:BJ12,K$2:K12,"=Timeout") -> 0 | BN12: =IF(AD12=1,0,IF(AD12=2,1080+BM12,IF(AD12=3,(1080*2)+BM12,0))) -> 0 | BO12: =IF(K12="Intermission",BO11,((1080)-((AE12*60)+AF12))+BN12) -> 3 | BP12: =IF(BO12<5,0,BO12-5) -> 0 | BQ12: =BP12+BJ12+5 -> 5 | BR12: =IF(AI12="e","event_team_player_"&BS12,IF(AI12="o","opp_team_player_"&BS12,"")) -> event_team_player_1 | BS12: =COUNTIFS(S$3:S12,"="&S12,AI$3:AI12,"="&AI12) -> 1 | BT12: =IFERROR(VLOOKUP(BB12&BU12&X12,game_rosters!U:W,3,FALSE),"") -> P100132 | BU12: =IF(AR12="","",IF(AND(AR12="Away",AI12="e"),BD12,IF(AND(AR12="Home",AI12="e"),BC12,IF(AND(AR12="Away",AI12="o"),BC12,IF(AND(AR12="Home",AI12="o"),BD12))))) -> Velodrome
A13: =IF(K13<>"",1,IF(D13="x","x","")) | I13: 77 | J13: =IF(OR(K13="Goal",K13="Shot",L13="Zone_Entry",M13="Stoppage-Goal",M12="Stoppage-Goal"),"o",IF(OR(K13="Save",K13="Rebound",L13="Zone_Exit",M13="Stoppage-GoalieStoppage",M12="Stoppage-GoalieStoppage"),"d",IF(OR(L13="Faceoff_AfterGoal",L13="Faceoff_PeriodStart",698="Faceoff_GameStart",M12="Stoppage-Goal"),"n",""))) | R13: 1 | S13: 6 | T13: 2 | U13: =IF(B13=1,MAX($U$2:$U12)+1,IF(AND($T13<>"",$T13=$T12),$U12,IF(B13="x",U12,""))) | V13: =IF(C13=1,MAX($V$2:$V12)+1,IF(AND($T13<>"",$T13=$T12),$U12,IF(C13="x",V12,""))) | X13: 77 | AA13: =S13+1000 -> 1006 | AB13: =IF(T13<>"",9000+T13,"") -> 9002 | AC13: =IF(AB13<>"",AB13,S13+1000) -> 9002 | AD13: 1 | AE13: 17 | AF13: 57 | AI13: =IF(Z13="x","",IF(Z13=1,"e","o")) -> o | AJ13: =IF($J13<>"",$J13,IF($AC13=$AC12,AJ12,"")) | AK13: =IF($J13<>"",$J13,IF($AC13=$AC12,AK12,"")) | AL13: =IF($W13="","",IF($AJ13="","",IF($W13="h",$AJ13,IF($AJ13="n","n",IF(AND($W13="a",$AJ13="d"),"o",IF(AND($W13="a",$AJ13="o"),"d")))))) | AM13: =IF($W13="","",IF(J13="","",IF(AL13="n","n",IF(AL13="d","o",IF(AL13="o","d",""))))) | AN13: =IF(AO13="H","Home",IF(AO13="A","Away","")) -> Home | AO13: =IF($W13<>"",$W13,IF($AC13=$AC12,AO12,"")) -> h | AP13: =IF(AL13<>"",AL13,IF($AC13=$AC12,AP12,"")) | AQ13: =IF(AM13<>"",AM13,IF($AC13=$AC12,AQ12,"")) | AR13: =IF(AN13<>"",AN13,IF($AC13=$AC12,AR12,"")) -> Home | AS13: =IF(AO13<>"",AO13,IF($AC13=$AC12,AS12,"")) -> h | AT13: =IF(AND(AI13="e",OR(BE13="Save",BF13="Turnover_Takeaway",BF13="Play_Defensive")),"Defensive",IF(AND(AI13="o",OR(BE13="Save",BF13="Turnover_Takeaway",BF13="Play_Defensive")),"Offensive",IF(OR(BE13="Deadice",BE13="Stoppage",BE13="Intermission"),"",IF(AI13="e","Offensive",IF(AI13="o","Defensive",""))))) -> Defensive | AU13: =IF(U13<>"",U13+5000,"") | AV13: =IF(V13<>"",V13+6000,"") | AW13: {=IFERROR(IF(O13<>"",O13,IF(OR($S13="",$T13=""),"",IF(O13<>"",O13,IF($T13<>"",_xlfn._xlws.FILTER(O:O,($BU:$BU=$BU13)*($I:$I=$I13)*($T:$T=$T13)*($S:$S=_xlfn.MINIFS($S:$S,$T:$T,"="&$T13)),"")))))&"",IF(O13="","",""))&""} | AX13: {=IFERROR(IF(P13<>"",P13,IF(OR($S13="",$T13=""),"",IF($T13<>"",_xlfn._xlws.FILTER(P:P,($BU:$BU=$BU13)*($I:$I=$I13)*($T:$T=$T13)*($S:$S=_xlfn.MINIFS($S:$S,$T:$T,"="&$T13)),""))))&"",IF(P13="","",""))&""} | AY13: {=IFERROR(IF(Q13<>"",Q13,IF(OR($S13="",$T13=""),"",IF($T13<>"",_xlfn._xlws.FILTER(Q:Q,($BU:$BU=$BU13)*($I:$I=$I13)*($T:$T=$T13)*($S:$S=_xlfn.MINIFS($S:$S,$T:$T,"="&$T13)),""))))&"",IF(Q13="","",""))&""} | AZ13: {=IFERROR(IF(R13<>"",R13,IF(OR($S13="",$T13=""),"",IF($T13<>"",_xlfn._xlws.FILTER(R:R,($BU:$BU=$BU13)*($I:$I=$I13)*($T:$T=$T13)*($S:$S=_xlfn.MINIFS($S:$S,$T:$T,"="&$T13)),""))))&"",IF(R13="","",""))&""} -> 1 | BA13: =IF(OR(L13="Zone_Entry",L13="Zone_Exit"),BA12+1,BA12) -> 2 | BB13: =BB12 -> 18987 | BC13: =BC12 -> Velodrome | BD13: =BD12 -> Outlaws | BE13: Zone_Entry_Exit | BF13: Zone_Keepin | BI13: {=IFERROR(_xlfn._xlws.FILTER(shifts!A:A,(shifts!B:B=events!AD13)*(shifts!AG:AG>=events!BK13)*(shifts!AH:AH<=events!BL13)),BI12)} -> 1 | BJ13: =IF(AND(AG13="",AH13=""),0,((AE13*60)+AF13)-((AG13*60)+AH13)) -> 0 | BK13: =(AE13*60)+AF13 -> 1077 | BL13: =IF(AND(AG13="",AH13=""),BK13,((AG13*60)+AH13)) -> 1077 | BM13: =SUMIFS(BJ$2:BJ13,K$2:K13,"=Intermission")+SUMIFS(BJ$2:BJ13,K$2:K13,"=Timeout") -> 0 | BN13: =IF(AD13=1,0,IF(AD13=2,1080+BM13,IF(AD13=3,(1080*2)+BM13,0))) -> 0 | BO13: =IF(K13="Intermission",BO12,((1080)-((AE13*60)+AF13))+BN13) -> 3 | BP13: =IF(BO13<5,0,BO13-5) -> 0 | BQ13: =BP13+BJ13+5 -> 5 | BR13: =IF(AI13="e","event_team_player_"&BS13,IF(AI13="o","opp_team_player_"&BS13,"")) -> opp_team_player_1 | BS13: =COUNTIFS(S$3:S13,"="&S13,AI$3:AI13,"="&AI13) -> 1 | BT13: =IFERROR(VLOOKUP(BB13&BU13&X13,game_rosters!U:W,3,FALSE),"") -> P100185 | BU13: =IF(AR13="","",IF(AND(AR13="Away",AI13="e"),BD13,IF(AND(AR13="Home",AI13="e"),BC13,IF(AND(AR13="Away",AI13="o"),BC13,IF(AND(AR13="Home",AI13="o"),BD13))))) -> Outlaws
A14: =IF(K14<>"",1,IF(D14="x","x","")) | I14: 25 | J14: =IF(OR(K14="Goal",K14="Shot",L14="Zone_Entry",M14="Stoppage-Goal",M13="Stoppage-Goal"),"o",IF(OR(K14="Save",K14="Rebound",L14="Zone_Exit",M14="Stoppage-GoalieStoppage",M13="Stoppage-GoalieStoppage"),"d",IF(OR(L14="Faceoff_AfterGoal",L14="Faceoff_PeriodStart",698="Faceoff_GameStart",M13="Stoppage-Goal"),"n",""))) | S14: 6 | T14: 2 | U14: =IF(B14=1,MAX($U$2:$U13)+1,IF(AND($T14<>"",$T14=$T13),$U13,IF(B14="x",U13,""))) | V14: =IF(C14=1,MAX($V$2:$V13)+1,IF(AND($T14<>"",$T14=$T13),$U13,IF(C14="x",V13,""))) | X14: 25 | AA14: =S14+1000 -> 1006 | AB14: =IF(T14<>"",9000+T14,"") -> 9002 | AC14: =IF(AB14<>"",AB14,S14+1000) -> 9002 | AD14: 1 | AE14: 17 | AF14: 57 | AI14: =IF(Z14="x","",IF(Z14=1,"e","o")) -> o | AJ14: =IF($J14<>"",$J14,IF($AC14=$AC13,AJ13,"")) | AK14: =IF($J14<>"",$J14,IF($AC14=$AC13,AK13,"")) | AL14: =IF($W14="","",IF($AJ14="","",IF($W14="h",$AJ14,IF($AJ14="n","n",IF(AND($W14="a",$AJ14="d"),"o",IF(AND($W14="a",$AJ14="o"),"d")))))) | AM14: =IF($W14="","",IF(J14="","",IF(AL14="n","n",IF(AL14="d","o",IF(AL14="o","d",""))))) | AN14: =IF(AO14="H","Home",IF(AO14="A","Away","")) -> Home | AO14: =IF($W14<>"",$W14,IF($AC14=$AC13,AO13,"")) -> h | AP14: =IF(AL14<>"",AL14,IF($AC14=$AC13,AP13,"")) | AQ14: =IF(AM14<>"",AM14,IF($AC14=$AC13,AQ13,"")) | AR14: =IF(AN14<>"",AN14,IF($AC14=$AC13,AR13,"")) -> Home | AS14: =IF(AO14<>"",AO14,IF($AC14=$AC13,AS13,"")) -> h | AT14: =IF(AND(AI14="e",OR(BE14="Save",BF14="Turnover_Takeaway",BF14="Play_Defensive")),"Defensive",IF(AND(AI14="o",OR(BE14="Save",BF14="Turnover_Takeaway",BF14="Play_Defensive")),"Offensive",IF(OR(BE14="Deadice",BE14="Stoppage",BE14="Intermission"),"",IF(AI14="e","Offensive",IF(AI14="o","Defensive",""))))) -> Defensive | AU14: =IF(U14<>"",U14+5000,"") | AV14: =IF(V14<>"",V14+6000,"") | AW14: {=IFERROR(IF(O14<>"",O14,IF(OR($S14="",$T14=""),"",IF(O14<>"",O14,IF($T14<>"",_xlfn._xlws.FILTER(O:O,($BU:$BU=$BU14)*($I:$I=$I14)*($T:$T=$T14)*($S:$S=_xlfn.MINIFS($S:$S,$T:$T,"="&$T14)),"")))))&"",IF(O14="","",""))&""} | AX14: {=IFERROR(IF(P14<>"",P14,IF(OR($S14="",$T14=""),"",IF($T14<>"",_xlfn._xlws.FILTER(P:P,($BU:$BU=$BU14)*($I:$I=$I14)*($T:$T=$T14)*($S:$S=_xlfn.MINIFS($S:$S,$T:$T,"="&$T14)),""))))&"",IF(P14="","",""))&""} | AY14: {=IFERROR(IF(Q14<>"",Q14,IF(OR($S14="",$T14=""),"",IF($T14<>"",_xlfn._xlws.FILTER(Q:Q,($BU:$BU=$BU14)*($I:$I=$I14)*($T:$T=$T14)*($S:$S=_xlfn.MINIFS($S:$S,$T:$T,"="&$T14)),""))))&"",IF(Q14="","",""))&""} | AZ14: {=IFERROR(IF(R14<>"",R14,IF(OR($S14="",$T14=""),"",IF($T14<>"",_xlfn._xlws.FILTER(R:R,($BU:$BU=$BU14)*($I:$I=$I14)*($T:$T=$T14)*($S:$S=_xlfn.MINIFS($S:$S,$T:$T,"="&$T14)),""))))&"",IF(R14="","",""))&""} | BA14: =IF(OR(L14="Zone_Entry",L14="Zone_Exit"),BA13+1,BA13) -> 2 | BB14: =BB13 -> 18987 | BC14: =BC13 -> Velodrome | BD14: =BD13 -> Outlaws | BE14: Zone_Entry_Exit | BF14: Zone_Keepin | BI14: {=IFERROR(_xlfn._xlws.FILTER(shifts!A:A,(shifts!B:B=events!AD14)*(shifts!AG:AG>=events!BK14)*(shifts!AH:AH<=events!BL14)),BI13)} -> 1 | BJ14: =IF(AND(AG14="",AH14=""),0,((AE14*60)+AF14)-((AG14*60)+AH14)) -> 0 | BK14: =(AE14*60)+AF14 -> 1077 | BL14: =IF(AND(AG14="",AH14=""),BK14,((AG14*60)+AH14)) -> 1077 | BM14: =SUMIFS(BJ$2:BJ14,K$2:K14,"=Intermission")+SUMIFS(BJ$2:BJ14,K$2:K14,"=Timeout") -> 0 | BN14: =IF(AD14=1,0,IF(AD14=2,1080+BM14,IF(AD14=3,(1080*2)+BM14,0))) -> 0 | BO14: =IF(K14="Intermission",BO13,((1080)-((AE14*60)+AF14))+BN14) -> 3 | BP14: =IF(BO14<5,0,BO14-5) -> 0 | BQ14: =BP14+BJ14+5 -> 5 | BR14: =IF(AI14="e","event_team_player_"&BS14,IF(AI14="o","opp_team_player_"&BS14,"")) -> opp_team_player_2 | BS14: =COUNTIFS(S$3:S14,"="&S14,AI$3:AI14,"="&AI14) -> 2 | BT14: =IFERROR(VLOOKUP(BB14&BU14&X14,game_rosters!U:W,3,FALSE),"") -> P100170 | BU14: =IF(AR14="","",IF(AND(AR14="Away",AI14="e"),BD14,IF(AND(AR14="Home",AI14="e"),BC14,IF(AND(AR14="Away",AI14="o"),BC14,IF(AND(AR14="Home",AI14="o"),BD14))))) -> Outlaws
A15: =IF(K15<>"",1,IF(D15="x","x","")) -> 1 | I15: 14 | J15: =IF(OR(K15="Goal",K15="Shot",L15="Zone_Entry",M15="Stoppage-Goal",M14="Stoppage-Goal"),"o",IF(OR(K15="Save",K15="Rebound",L15="Zone_Exit",M15="Stoppage-GoalieStoppage",M14="Stoppage-GoalieStoppage"),"d",IF(OR(L15="Faceoff_AfterGoal",L15="Faceoff_PeriodStart",698="Faceoff_GameStart",M14="Stoppage-Goal"),"n",""))) | K15: Turnover | L15: Turnover_Giveaway | M15: Giveaway-DumpInZone | R15: 1 | S15: 7 | T15: 2 | U15: =IF(B15=1,MAX($U$2:$U14)+1,IF(AND($T15<>"",$T15=$T14),$U14,IF(B15="x",U14,""))) | V15: =IF(C15=1,MAX($V$2:$V14)+1,IF(AND($T15<>"",$T15=$T14),$U14,IF(C15="x",V14,""))) | W15: h | X15: 14 | Z15: 1 | AA15: =S15+1000 -> 1007 | AB15: =IF(T15<>"",9000+T15,"") -> 9002 | AC15: =IF(AB15<>"",AB15,S15+1000) -> 9002 | AD15: 1 | AE15: 17 | AF15: 55 | AI15: =IF(Z15="x","",IF(Z15=1,"e","o")) -> e | AJ15: =IF($J15<>"",$J15,IF($AC15=$AC14,AJ14,"")) | AK15: =IF($J15<>"",$J15,IF($AC15=$AC14,AK14,"")) | AL15: =IF($W15="","",IF($AJ15="","",IF($W15="h",$AJ15,IF($AJ15="n","n",IF(AND($W15="a",$AJ15="d"),"o",IF(AND($W15="a",$AJ15="o"),"d")))))) | AM15: =IF($W15="","",IF(J15="","",IF(AL15="n","n",IF(AL15="d","o",IF(AL15="o","d",""))))) | AN15: =IF(AO15="H","Home",IF(AO15="A","Away","")) -> Home | AO15: =IF($W15<>"",$W15,IF($AC15=$AC14,AO14,"")) -> h | AP15: =IF(AL15<>"",AL15,IF($AC15=$AC14,AP14,"")) | AQ15: =IF(AM15<>"",AM15,IF($AC15=$AC14,AQ14,"")) | AR15: =IF(AN15<>"",AN15,IF($AC15=$AC14,AR14,"")) -> Home | AS15: =IF(AO15<>"",AO15,IF($AC15=$AC14,AS14,"")) -> h | AT15: =IF(AND(AI15="e",OR(BE15="Save",BF15="Turnover_Takeaway",BF15="Play_Defensive")),"Defensive",IF(AND(AI15="o",OR(BE15="Save",BF15="Turnover_Takeaway",BF15="Play_Defensive")),"Offensive",IF(OR(BE15="Deadice",BE15="Stoppage",BE15="Intermission"),"",IF(AI15="e","Offensive",IF(AI15="o","Defensive",""))))) -> Offensive | AU15: =IF(U15<>"",U15+5000,"") | AV15: =IF(V15<>"",V15+6000,"") | AW15: {=IFERROR(IF(O15<>"",O15,IF(OR($S15="",$T15=""),"",IF(O15<>"",O15,IF($T15<>"",_xlfn._xlws.FILTER(O:O,($BU:$BU=$BU15)*($I:$I=$I15)*($T:$T=$T15)*($S:$S=_xlfn.MINIFS($S:$S,$T:$T,"="&$T15)),"")))))&"",IF(O15="","",""))&""} -> OffensivePlay_Zone-Dump/RimInZone | AX15: {=IFERROR(IF(P15<>"",P15,IF(OR($S15="",$T15=""),"",IF($T15<>"",_xlfn._xlws.FILTER(P:P,($BU:$BU=$BU15)*($I:$I=$I15)*($T:$T=$T15)*($S:$S=_xlfn.MINIFS($S:$S,$T:$T,"="&$T15)),""))))&"",IF(P15="","",""))&""} | AY15: {=IFERROR(IF(Q15<>"",Q15,IF(OR($S15="",$T15=""),"",IF($T15<>"",_xlfn._xlws.FILTER(Q:Q,($BU:$BU=$BU15)*($I:$I=$I15)*($T:$T=$T15)*($S:$S=_xlfn.MINIFS($S:$S,$T:$T,"="&$T15)),""))))&"",IF(Q15="","",""))&""} -> u | AZ15: {=IFERROR(IF(R15<>"",R15,IF(OR($S15="",$T15=""),"",IF($T15<>"",_xlfn._xlws.FILTER(R:R,($BU:$BU=$BU15)*($I:$I=$I15)*($T:$T=$T15)*($S:$S=_xlfn.MINIFS($S:$S,$T:$T,"="&$T15)),""))))&"",IF(R15="","",""))&""} -> 1 | BA15: =IF(OR(L15="Zone_Entry",L15="Zone_Exit"),BA14+1,BA14) -> 2 | BB15: =BB14 -> 18987 | BC15: =BC14 -> Velodrome | BD15: =BD14 -> Outlaws | BE15: Turnover | BF15: Turnover_Giveaway | BI15: {=IFERROR(_xlfn._xlws.FILTER(shifts!A:A,(shifts!B:B=events!AD15)*(shifts!AG:AG>=events!BK15)*(shifts!AH:AH<=events!BL15)),BI14)} -> 1 | BJ15: =IF(AND(AG15="",AH15=""),0,((AE15*60)+AF15)-((AG15*60)+AH15)) -> 0 | BK15: =(AE15*60)+AF15 -> 1075 | BL15: =IF(AND(AG15="",AH15=""),BK15,((AG15*60)+AH15)) -> 1075 | BM15: =SUMIFS(BJ$2:BJ15,K$2:K15,"=Intermission")+SUMIFS(BJ$2:BJ15,K$2:K15,"=Timeout") -> 0 | BN15: =IF(AD15=1,0,IF(AD15=2,1080+BM15,IF(AD15=3,(1080*2)+BM15,0))) -> 0 | BO15: =IF(K15="Intermission",BO14,((1080)-((AE15*60)+AF15))+BN15) -> 5 | BP15: =IF(BO15<5,0,BO15-5) -> 0 | BQ15: =BP15+BJ15+5 -> 5 | BR15: =IF(AI15="e","event_team_player_"&BS15,IF(AI15="o","opp_team_player_"&BS15,"")) -> event_team_player_1 | BS15: =COUNTIFS(S$3:S15,"="&S15,AI$3:AI15,"="&AI15) -> 1 | BT15: =IFERROR(VLOOKUP(BB15&BU15&X15,game_rosters!U:W,3,FALSE),"") -> P100132 | BU15: =IF(AR15="","",IF(AND(AR15="Away",AI15="e"),BD15,IF(AND(AR15="Home",AI15="e"),BC15,IF(AND(AR15="Away",AI15="o"),BC15,IF(AND(AR15="Home",AI15="o"),BD15))))) -> Velodrome
A16: =IF(K16<>"",1,IF(D16="x","x","")) -> 1 | I16: 68 | J16: =IF(OR(K16="Goal",K16="Shot",L16="Zone_Entry",M16="Stoppage-Goal",M15="Stoppage-Goal"),"o",IF(OR(K16="Save",K16="Rebound",L16="Zone_Exit",M16="Stoppage-GoalieStoppage",M15="Stoppage-GoalieStoppage"),"d",IF(OR(L16="Faceoff_AfterGoal",L16="Faceoff_PeriodStart",698="Faceoff_GameStart",M15="Stoppage-Goal"),"n",""))) | K16: Possession | O16: OffensivePlay_Possession-CutBack | Q16: s | R16: 1 | S16: 8 | U16: =IF(B16=1,MAX($U$2:$U15)+1,IF(AND($T16<>"",$T16=$T15),$U15,IF(B16="x",U15,""))) | V16: =IF(C16=1,MAX($V$2:$V15)+1,IF(AND($T16<>"",$T16=$T15),$U15,IF(C16="x",V15,""))) | W16: a | X16: 68 | Z16: 1 | AA16: =S16+1000 -> 1008 | AB16: =IF(T16<>"",9000+T16,"") | AC16: =IF(AB16<>"",AB16,S16+1000) -> 1008 | AD16: 1 | AE16: 17 | AF16: 50 | AG16: 17 | AH16: 48 | AI16: =IF(Z16="x","",IF(Z16=1,"e","o")) -> e | AJ16: =IF($J16<>"",$J16,IF($AC16=$AC15,AJ15,"")) | AK16: =IF($J16<>"",$J16,IF($AC16=$AC15,AK15,"")) | AL16: =IF($W16="","",IF($AJ16="","",IF($W16="h",$AJ16,IF($AJ16="n","n",IF(AND($W16="a",$AJ16="d"),"o",IF(AND($W16="a",$AJ16="o"),"d")))))) | AM16: =IF($W16="","",IF(J16="","",IF(AL16="n","n",IF(AL16="d","o",IF(AL16="o","d",""))))) | AN16: =IF(AO16="H","Home",IF(AO16="A","Away","")) -> Away | AO16: =IF($W16<>"",$W16,IF($AC16=$AC15,AO15,"")) -> a | AP16: =IF(AL16<>"",AL16,IF($AC16=$AC15,AP15,"")) | AQ16: =IF(AM16<>"",AM16,IF($AC16=$AC15,AQ15,"")) | AR16: =IF(AN16<>"",AN16,IF($AC16=$AC15,AR15,"")) -> Away | AS16: =IF(AO16<>"",AO16,IF($AC16=$AC15,AS15,"")) -> a | AT16: =IF(AND(AI16="e",OR(BE16="Save",BF16="Turnover_Takeaway",BF16="Play_Defensive")),"Defensive",IF(AND(AI16="o",OR(BE16="Save",BF16="Turnover_Takeaway",BF16="Play_Defensive")),"Offensive",IF(OR(BE16="Deadice",BE16="Stoppage",BE16="Intermission"),"",IF(AI16="e","Offensive",IF(AI16="o","Defensive",""))))) -> Offensive | AU16: =IF(U16<>"",U16+5000,"") | AV16: =IF(V16<>"",V16+6000,"") | AW16: {=IFERROR(IF(O16<>"",O16,IF(OR($S16="",$T16=""),"",IF(O16<>"",O16,IF($T16<>"",_xlfn._xlws.FILTER(O:O,($BU:$BU=$BU16)*($I:$I=$I16)*($T:$T=$T16)*($S:$S=_xlfn.MINIFS($S:$S,$T:$T,"="&$T16)),"")))))&"",IF(O16="","",""))&""} -> OffensivePlay_Possession-CutBack | AX16: {=IFERROR(IF(P16<>"",P16,IF(OR($S16="",$T16=""),"",IF($T16<>"",_xlfn._xlws.FILTER(P:P,($BU:$BU=$BU16)*($I:$I=$I16)*($T:$T=$T16)*($S:$S=_xlfn.MINIFS($S:$S,$T:$T,"="&$T16)),""))))&"",IF(P16="","",""))&""} | AY16: {=IFERROR(IF(Q16<>"",Q16,IF(OR($S16="",$T16=""),"",IF($T16<>"",_xlfn._xlws.FILTER(Q:Q,($BU:$BU=$BU16)*($I:$I=$I16)*($T:$T=$T16)*($S:$S=_xlfn.MINIFS($S:$S,$T:$T,"="&$T16)),""))))&"",IF(Q16="","",""))&""} -> s | AZ16: {=IFERROR(IF(R16<>"",R16,IF(OR($S16="",$T16=""),"",IF($T16<>"",_xlfn._xlws.FILTER(R:R,($BU:$BU=$BU16)*($I:$I=$I16)*($T:$T=$T16)*($S:$S=_xlfn.MINIFS($S:$S,$T:$T,"="&$T16)),""))))&"",IF(R16="","",""))&""} -> 1 | BA16: =IF(OR(L16="Zone_Entry",L16="Zone_Exit"),BA15+1,BA15) -> 2 | BB16: =BB15 -> 18987 | BC16: =BC15 -> Velodrome | BD16: =BD15 -> Outlaws | BE16: Possession | BI16: {=IFERROR(_xlfn._xlws.FILTER(shifts!A:A,(shifts!B:B=events!AD16)*(shifts!AG:AG>=events!BK16)*(shifts!AH:AH<=events!BL16)),BI15)} -> 1 | BJ16: =IF(AND(AG16="",AH16=""),0,((AE16*60)+AF16)-((AG16*60)+AH16)) -> 2 | BK16: =(AE16*60)+AF16 -> 1070 | BL16: =IF(AND(AG16="",AH16=""),BK16,((AG16*60)+AH16)) -> 1068 | BM16: =SUMIFS(BJ$2:BJ16,K$2:K16,"=Intermission")+SUMIFS(BJ$2:BJ16,K$2:K16,"=Timeout") -> 0 | BN16: =IF(AD16=1,0,IF(AD16=2,1080+BM16,IF(AD16=3,(1080*2)+BM16,0))) -> 0 | BO16: =IF(K16="Intermission",BO15,((1080)-((AE16*60)+AF16))+BN16) -> 10 | BP16: =IF(BO16<5,0,BO16-5) -> 5 | BQ16: =BP16+BJ16+5 -> 12 | BR16: =IF(AI16="e","event_team_player_"&BS16,IF(AI16="o","opp_team_player_"&BS16,"")) -> event_team_player_1 | BS16: =COUNTIFS(S$3:S16,"="&S16,AI$3:AI16,"="&AI16) -> 1 | BT16: =IFERROR(VLOOKUP(BB16&BU16&X16,game_rosters!U:W,3,FALSE),"") -> P100128 | BU16: =IF(AR16="","",IF(AND(AR16="Away",AI16="e"),BD16,IF(AND(AR16="Home",AI16="e"),BC16,IF(AND(AR16="Away",AI16="o"),BC16,IF(AND(AR16="Home",AI16="o"),BD16))))) -> Outlaws
A17: =IF(K17<>"",1,IF(D17="x","x","")) | I17: 70 | J17: =IF(OR(K17="Goal",K17="Shot",L17="Zone_Entry",M17="Stoppage-Goal",M16="Stoppage-Goal"),"o",IF(OR(K17="Save",K17="Rebound",L17="Zone_Exit",M17="Stoppage-GoalieStoppage",M16="Stoppage-GoalieStoppage"),"d",IF(OR(L17="Faceoff_AfterGoal",L17="Faceoff_PeriodStart",698="Faceoff_GameStart",M16="Stoppage-Goal"),"n",""))) | O17: Defensive_PlayPossession-StickCheck | R17: 1 | S17: 8 | U17: =IF(B17=1,MAX($U$2:$U16)+1,IF(AND($T17<>"",$T17=$T16),$U16,IF(B17="x",U16,""))) | V17: =IF(C17=1,MAX($V$2:$V16)+1,IF(AND($T17<>"",$T17=$T16),$U16,IF(C17="x",V16,""))) | X17: 70 | AA17: =S17+1000 -> 1008 | AB17: =IF(T17<>"",9000+T17,"") | AC17: =IF(AB17<>"",AB17,S17+1000) -> 1008 | AD17: 1 | AE17: 17 | AF17: 50 | AG17: 17 | AH17: 48 | AI17: =IF(Z17="x","",IF(Z17=1,"e","o")) -> o | AJ17: =IF($J17<>"",$J17,IF($AC17=$AC16,AJ16,"")) | AK17: =IF($J17<>"",$J17,IF($AC17=$AC16,AK16,"")) | AL17: =IF($W17="","",IF($AJ17="","",IF($W17="h",$AJ17,IF($AJ17="n","n",IF(AND($W17="a",$AJ17="d"),"o",IF(AND($W17="a",$AJ17="o"),"d")))))) | AM17: =IF($W17="","",IF(J17="","",IF(AL17="n","n",IF(AL17="d","o",IF(AL17="o","d",""))))) | AN17: =IF(AO17="H","Home",IF(AO17="A","Away","")) -> Away | AO17: =IF($W17<>"",$W17,IF($AC17=$AC16,AO16,"")) -> a | AP17: =IF(AL17<>"",AL17,IF($AC17=$AC16,AP16,"")) | AQ17: =IF(AM17<>"",AM17,IF($AC17=$AC16,AQ16,"")) | AR17: =IF(AN17<>"",AN17,IF($AC17=$AC16,AR16,"")) -> Away | AS17: =IF(AO17<>"",AO17,IF($AC17=$AC16,AS16,"")) -> a | AT17: =IF(AND(AI17="e",OR(BE17="Save",BF17="Turnover_Takeaway",BF17="Play_Defensive")),"Defensive",IF(AND(AI17="o",OR(BE17="Save",BF17="Turnover_Takeaway",BF17="Play_Defensive")),"Offensive",IF(OR(BE17="Deadice",BE17="Stoppage",BE17="Intermission"),"",IF(AI17="e","Offensive",IF(AI17="o","Defensive",""))))) -> Defensive | AU17: =IF(U17<>"",U17+5000,"") | AV17: =IF(V17<>"",V17+6000,"") | AW17: {=IFERROR(IF(O17<>"",O17,IF(OR($S17="",$T17=""),"",IF(O17<>"",O17,IF($T17<>"",_xlfn._xlws.FILTER(O:O,($BU:$BU=$BU17)*($I:$I=$I17)*($T:$T=$T17)*($S:$S=_xlfn.MINIFS($S:$S,$T:$T,"="&$T17)),"")))))&"",IF(O17="","",""))&""} -> Defensive_PlayPossession-StickCheck | AX17: {=IFERROR(IF(P17<>"",P17,IF(OR($S17="",$T17=""),"",IF($T17<>"",_xlfn._xlws.FILTER(P:P,($BU:$BU=$BU17)*($I:$I=$I17)*($T:$T=$T17)*($S:$S=_xlfn.MINIFS($S:$S,$T:$T,"="&$T17)),""))))&"",IF(P17="","",""))&""} | AY17: {=IFERROR(IF(Q17<>"",Q17,IF(OR($S17="",$T17=""),"",IF($T17<>"",_xlfn._xlws.FILTER(Q:Q,($BU:$BU=$BU17)*($I:$I=$I17)*($T:$T=$T17)*($S:$S=_xlfn.MINIFS($S:$S,$T:$T,"="&$T17)),""))))&"",IF(Q17="","",""))&""} | AZ17: {=IFERROR(IF(R17<>"",R17,IF(OR($S17="",$T17=""),"",IF($T17<>"",_xlfn._xlws.FILTER(R:R,($BU:$BU=$BU17)*($I:$I=$I17)*($T:$T=$T17)*($S:$S=_xlfn.MINIFS($S:$S,$T:$T,"="&$T17)),""))))&"",IF(R17="","",""))&""} -> 1 | BA17: =IF(OR(L17="Zone_Entry",L17="Zone_Exit"),BA16+1,BA16) -> 2 | BB17: =BB16 -> 18987 | BC17: =BC16 -> Velodrome | BD17: =BD16 -> Outlaws | BE17: Possession | BI17: {=IFERROR(_xlfn._xlws.FILTER(shifts!A:A,(shifts!B:B=events!AD17)*(shifts!AG:AG>=events!BK17)*(shifts!AH:AH<=events!BL17)),BI16)} -> 1 | BJ17: =IF(AND(AG17="",AH17=""),0,((AE17*60)+AF17)-((AG17*60)+AH17)) -> 2 | BK17: =(AE17*60)+AF17 -> 1070 | BL17: =IF(AND(AG17="",AH17=""),BK17,((AG17*60)+AH17)) -> 1068 | BM17: =SUMIFS(BJ$2:BJ17,K$2:K17,"=Intermission")+SUMIFS(BJ$2:BJ17,K$2:K17,"=Timeout") -> 0 | BN17: =IF(AD17=1,0,IF(AD17=2,1080+BM17,IF(AD17=3,(1080*2)+BM17,0))) -> 0 | BO17: =IF(K17="Intermission",BO16,((1080)-((AE17*60)+AF17))+BN17) -> 10 | BP17: =IF(BO17<5,0,BO17-5) -> 5 | BQ17: =BP17+BJ17+5 -> 12 | BR17: =IF(AI17="e","event_team_player_"&BS17,IF(AI17="o","opp_team_player_"&BS17,"")) -> opp_team_player_1 | BS17: =COUNTIFS(S$3:S17,"="&S17,AI$3:AI17,"="&AI17) -> 1 | BT17: =IFERROR(VLOOKUP(BB17&BU17&X17,game_rosters!U:W,3,FALSE),"") -> P100001 | BU17: =IF(AR17="","",IF(AND(AR17="Away",AI17="e"),BD17,IF(AND(AR17="Home",AI17="e"),BC17,IF(AND(AR17="Away",AI17="o"),BC17,IF(AND(AR17="Home",AI17="o"),BD17))))) -> Velodrome
A18: =IF(K18<>"",1,IF(D18="x","x","")) -> 1 | I18: 68 | J18: =IF(OR(K18="Goal",K18="Shot",L18="Zone_Entry",M18="Stoppage-Goal",M17="Stoppage-Goal"),"o",IF(OR(K18="Save",K18="Rebound",L18="Zone_Exit",M18="Stoppage-GoalieStoppage",M17="Stoppage-GoalieStoppage"),"d",IF(OR(L18="Faceoff_AfterGoal",L18="Faceoff_PeriodStart",698="Faceoff_GameStart",M17="Stoppage-Goal"),"n",""))) | K18: Pass | L18: Pass_Completed | M18: Pass-Forehand | N18: s | O18: OffensivePlay_Zone-Breakout | Q18: s | S18: 9 | T18: 3 | U18: =IF(B18=1,MAX($U$2:$U17)+1,IF(AND($T18<>"",$T18=$T17),$U17,IF(B18="x",U17,""))) | V18: =IF(C18=1,MAX($V$2:$V17)+1,IF(AND($T18<>"",$T18=$T17),$U17,IF(C18="x",V17,""))) | W18: a | X18: 68 | Z18: 1 | AA18: =S18+1000 -> 1009 | AB18: =IF(T18<>"",9000+T18,"") -> 9003 | AC18: =IF(AB18<>"",AB18,S18+1000) -> 9003 | AD18: 1 | AE18: 17 | AF18: 48 | AI18: =IF(Z18="x","",IF(Z18=1,"e","o")) -> e | AJ18: =IF($J18<>"",$J18,IF($AC18=$AC17,AJ17,"")) | AK18: =IF($J18<>"",$J18,IF($AC18=$AC17,AK17,"")) | AL18: =IF($W18="","",IF($AJ18="","",IF($W18="h",$AJ18,IF($AJ18="n","n",IF(AND($W18="a",$AJ18="d"),"o",IF(AND($W18="a",$AJ18="o"),"d")))))) | AM18: =IF($W18="","",IF(J18="","",IF(AL18="n","n",IF(AL18="d","o",IF(AL18="o","d",""))))) | AN18: =IF(AO18="H","Home",IF(AO18="A","Away","")) -> Away | AO18: =IF($W18<>"",$W18,IF($AC18=$AC17,AO17,"")) -> a | AP18: =IF(AL18<>"",AL18,IF($AC18=$AC17,AP17,"")) | AQ18: =IF(AM18<>"",AM18,IF($AC18=$AC17,AQ17,"")) | AR18: =IF(AN18<>"",AN18,IF($AC18=$AC17,AR17,"")) -> Away | AS18: =IF(AO18<>"",AO18,IF($AC18=$AC17,AS17,"")) -> a | AT18: =IF(AND(AI18="e",OR(BE18="Save",BF18="Turnover_Takeaway",BF18="Play_Defensive")),"Defensive",IF(AND(AI18="o",OR(BE18="Save",BF18="Turnover_Takeaway",BF18="Play_Defensive")),"Offensive",IF(OR(BE18="Deadice",BE18="Stoppage",BE18="Intermission"),"",IF(AI18="e","Offensive",IF(AI18="o","Defensive",""))))) -> Offensive | AU18: =IF(U18<>"",U18+5000,"") | AV18: =IF(V18<>"",V18+6000,"") | AW18: {=IFERROR(IF(O18<>"",O18,IF(OR($S18="",$T18=""),"",IF(O18<>"",O18,IF($T18<>"",_xlfn._xlws.FILTER(O:O,($BU:$BU=$BU18)*($I:$I=$I18)*($T:$T=$T18)*($S:$S=_xlfn.MINIFS($S:$S,$T:$T,"="&$T18)),"")))))&"",IF(O18="","",""))&""} -> OffensivePlay_Zone-Breakout | AX18: {=IFERROR(IF(P18<>"",P18,IF(OR($S18="",$T18=""),"",IF($T18<>"",_xlfn._xlws.FILTER(P:P,($BU:$BU=$BU18)*($I:$I=$I18)*($T:$T=$T18)*($S:$S=_xlfn.MINIFS($S:$S,$T:$T,"="&$T18)),""))))&"",IF(P18="","",""))&""} | AY18: {=IFERROR(IF(Q18<>"",Q18,IF(OR($S18="",$T18=""),"",IF($T18<>"",_xlfn._xlws.FILTER(Q:Q,($BU:$BU=$BU18)*($I:$I=$I18)*($T:$T=$T18)*($S:$S=_xlfn.MINIFS($S:$S,$T:$T,"="&$T18)),""))))&"",IF(Q18="","",""))&""} -> s | AZ18: {=IFERROR(IF(R18<>"",R18,IF(OR($S18="",$T18=""),"",IF($T18<>"",_xlfn._xlws.FILTER(R:R,($BU:$BU=$BU18)*($I:$I=$I18)*($T:$T=$T18)*($S:$S=_xlfn.MINIFS($S:$S,$T:$T,"="&$T18)),""))))&"",IF(R18="","",""))&""} | BA18: =IF(OR(L18="Zone_Entry",L18="Zone_Exit"),BA17+1,BA17) -> 2 | BB18: =BB17 -> 18987 | BC18: =BC17 -> Velodrome | BD18: =BD17 -> Outlaws | BE18: Pass | BF18: Pass_Completed | BI18: {=IFERROR(_xlfn._xlws.FILTER(shifts!A:A,(shifts!B:B=events!AD18)*(shifts!AG:AG>=events!BK18)*(shifts!AH:AH<=events!BL18)),BI17)} -> 1 | BJ18: =IF(AND(AG18="",AH18=""),0,((AE18*60)+AF18)-((AG18*60)+AH18)) -> 0 | BK18: =(AE18*60)+AF18 -> 1068 | BL18: =IF(AND(AG18="",AH18=""),BK18,((AG18*60)+AH18)) -> 1068 | BM18: =SUMIFS(BJ$2:BJ18,K$2:K18,"=Intermission")+SUMIFS(BJ$2:BJ18,K$2:K18,"=Timeout") -> 0 | BN18: =IF(AD18=1,0,IF(AD18=2,1080+BM18,IF(AD18=3,(1080*2)+BM18,0))) -> 0 | BO18: =IF(K18="Intermission",BO17,((1080)-((AE18*60)+AF18))+BN18) -> 12 | BP18: =IF(BO18<5,0,BO18-5) -> 7 | BQ18: =BP18+BJ18+5 -> 12 | BR18: =IF(AI18="e","event_team_player_"&BS18,IF(AI18="o","opp_team_player_"&BS18,"")) -> event_team_player_1 | BS18: =COUNTIFS(S$3:S18,"="&S18,AI$3:AI18,"="&AI18) -> 1 | BT18: =IFERROR(VLOOKUP(BB18&BU18&X18,game_rosters!U:W,3,FALSE),"") -> P100128 | BU18: =IF(AR18="","",IF(AND(AR18="Away",AI18="e"),BD18,IF(AND(AR18="Home",AI18="e"),BC18,IF(AND(AR18="Away",AI18="o"),BC18,IF(AND(AR18="Home",AI18="o"),BD18))))) -> Outlaws
A19: =IF(K19<>"",1,IF(D19="x","x","")) | I19: 77 | J19: =IF(OR(K19="Goal",K19="Shot",L19="Zone_Entry",M19="Stoppage-Goal",M18="Stoppage-Goal"),"o",IF(OR(K19="Save",K19="Rebound",L19="Zone_Exit",M19="Stoppage-GoalieStoppage",M18="Stoppage-GoalieStoppage"),"d",IF(OR(L19="Faceoff_AfterGoal",L19="Faceoff_PeriodStart",698="Faceoff_GameStart",M18="Stoppage-Goal"),"n",""))) | N19: s | S19: 9 | T19: 3 | U19: =IF(B19=1,MAX($U$2:$U18)+1,IF(AND($T19<>"",$T19=$T18),$U18,IF(B19="x",U18,""))) | V19: =IF(C19=1,MAX($V$2:$V18)+1,IF(AND($T19<>"",$T19=$T18),$U18,IF(C19="x",V18,""))) | X19: 77 | Z19: 1 | AA19: =S19+1000 -> 1009 | AB19: =IF(T19<>"",9000+T19,"") -> 9003 | AC19: =IF(AB19<>"",AB19,S19+1000) -> 9003 | AD19: 1 | AE19: 17 | AF19: 48 | AI19: =IF(Z19="x","",IF(Z19=1,"e","o")) -> e | AJ19: =IF($J19<>"",$J19,IF($AC19=$AC18,AJ18,"")) | AK19: =IF($J19<>"",$J19,IF($AC19=$AC18,AK18,"")) | AL19: =IF($W19="","",IF($AJ19="","",IF($W19="h",$AJ19,IF($AJ19="n","n",IF(AND($W19="a",$AJ19="d"),"o",IF(AND($W19="a",$AJ19="o"),"d")))))) | AM19: =IF($W19="","",IF(J19="","",IF(AL19="n","n",IF(AL19="d","o",IF(AL19="o","d",""))))) | AN19: =IF(AO19="H","Home",IF(AO19="A","Away","")) -> Away | AO19: =IF($W19<>"",$W19,IF($AC19=$AC18,AO18,"")) -> a | AP19: =IF(AL19<>"",AL19,IF($AC19=$AC18,AP18,"")) | AQ19: =IF(AM19<>"",AM19,IF($AC19=$AC18,AQ18,"")) | AR19: =IF(AN19<>"",AN19,IF($AC19=$AC18,AR18,"")) -> Away | AS19: =IF(AO19<>"",AO19,IF($AC19=$AC18,AS18,"")) -> a | AT19: =IF(AND(AI19="e",OR(BE19="Save",BF19="Turnover_Takeaway",BF19="Play_Defensive")),"Defensive",IF(AND(AI19="o",OR(BE19="Save",BF19="Turnover_Takeaway",BF19="Play_Defensive")),"Offensive",IF(OR(BE19="Deadice",BE19="Stoppage",BE19="Intermission"),"",IF(AI19="e","Offensive",IF(AI19="o","Defensive",""))))) -> Offensive | AU19: =IF(U19<>"",U19+5000,"") | AV19: =IF(V19<>"",V19+6000,"") | AW19: {=IFERROR(IF(O19<>"",O19,IF(OR($S19="",$T19=""),"",IF(O19<>"",O19,IF($T19<>"",_xlfn._xlws.FILTER(O:O,($BU:$BU=$BU19)*($I:$I=$I19)*($T:$T=$T19)*($S:$S=_xlfn.MINIFS($S:$S,$T:$T,"="&$T19)),"")))))&"",IF(O19="","",""))&""} | AX19: {=IFERROR(IF(P19<>"",P19,IF(OR($S19="",$T19=""),"",IF($T19<>"",_xlfn._xlws.FILTER(P:P,($BU:$BU=$BU19)*($I:$I=$I19)*($T:$T=$T19)*($S:$S=_xlfn.MINIFS($S:$S,$T:$T,"="&$T19)),""))))&"",IF(P19="","",""))&""} | AY19: {=IFERROR(IF(Q19<>"",Q19,IF(OR($S19="",$T19=""),"",IF($T19<>"",_xlfn._xlws.FILTER(Q:Q,($BU:$BU=$BU19)*($I:$I=$I19)*($T:$T=$T19)*($S:$S=_xlfn.MINIFS($S:$S,$T:$T,"="&$T19)),""))))&"",IF(Q19="","",""))&""} | AZ19: {=IFERROR(IF(R19<>"",R19,IF(OR($S19="",$T19=""),"",IF($T19<>"",_xlfn._xlws.FILTER(R:R,($BU:$BU=$BU19)*($I:$I=$I19)*($T:$T=$T19)*($S:$S=_xlfn.MINIFS($S:$S,$T:$T,"="&$T19)),""))))&"",IF(R19="","",""))&""} | BA19: =IF(OR(L19="Zone_Entry",L19="Zone_Exit"),BA18+1,BA18) -> 2 | BB19: =BB18 -> 18987 | BC19: =BC18 -> Velodrome | BD19: =BD18 -> Outlaws | BE19: Pass | BF19: Pass_Completed | BI19: {=IFERROR(_xlfn._xlws.FILTER(shifts!A:A,(shifts!B:B=events!AD19)*(shifts!AG:AG>=events!BK19)*(shifts!AH:AH<=events!BL19)),BI18)} -> 1 | BJ19: =IF(AND(AG19="",AH19=""),0,((AE19*60)+AF19)-((AG19*60)+AH19)) -> 0 | BK19: =(AE19*60)+AF19 -> 1068 | BL19: =IF(AND(AG19="",AH19=""),BK19,((AG19*60)+AH19)) -> 1068 | BM19: =SUMIFS(BJ$2:BJ19,K$2:K19,"=Intermission")+SUMIFS(BJ$2:BJ19,K$2:K19,"=Timeout") -> 0 | BN19: =IF(AD19=1,0,IF(AD19=2,1080+BM19,IF(AD19=3,(1080*2)+BM19,0))) -> 0 | BO19: =IF(K19="Intermission",BO18,((1080)-((AE19*60)+AF19))+BN19) -> 12 | BP19: =IF(BO19<5,0,BO19-5) -> 7 | BQ19: =BP19+BJ19+5 -> 12 | BR19: =IF(AI19="e","event_team_player_"&BS19,IF(AI19="o","opp_team_player_"&BS19,"")) -> event_team_player_2 | BS19: =COUNTIFS(S$3:S19,"="&S19,AI$3:AI19,"="&AI19) -> 2 | BT19: =IFERROR(VLOOKUP(BB19&BU19&X19,game_rosters!U:W,3,FALSE),"") -> P100185 | BU19: =IF(AR19="","",IF(AND(AR19="Away",AI19="e"),BD19,IF(AND(AR19="Home",AI19="e"),BC19,IF(AND(AR19="Away",AI19="o"),BC19,IF(AND(AR19="Home",AI19="o"),BD19))))) -> Outlaws
A20: =IF(K20<>"",1,IF(D20="x","x","")) | I20: 70 | J20: =IF(OR(K20="Goal",K20="Shot",L20="Zone_Entry",M20="Stoppage-Goal",M19="Stoppage-Goal"),"o",IF(OR(K20="Save",K20="Rebound",L20="Zone_Exit",M20="Stoppage-GoalieStoppage",M19="Stoppage-GoalieStoppage"),"d",IF(OR(L20="Faceoff_AfterGoal",L20="Faceoff_PeriodStart",698="Faceoff_GameStart",M19="Stoppage-Goal"),"n",""))) | N20: s | S20: 9 | T20: 3 | U20: =IF(B20=1,MAX($U$2:$U19)+1,IF(AND($T20<>"",$T20=$T19),$U19,IF(B20="x",U19,""))) | V20: =IF(C20=1,MAX($V$2:$V19)+1,IF(AND($T20<>"",$T20=$T19),$U19,IF(C20="x",V19,""))) | X20: 70 | AA20: =S20+1000 -> 1009 | AB20: =IF(T20<>"",9000+T20,"") -> 9003 | AC20: =IF(AB20<>"",AB20,S20+1000) -> 9003 | AD20: 1 | AE20: 17 | AF20: 48 | AI20: =IF(Z20="x","",IF(Z20=1,"e","o")) -> o | AJ20: =IF($J20<>"",$J20,IF($AC20=$AC19,AJ19,"")) | AK20: =IF($J20<>"",$J20,IF($AC20=$AC19,AK19,"")) | AL20: =IF($W20="","",IF($AJ20="","",IF($W20="h",$AJ20,IF($AJ20="n","n",IF(AND($W20="a",$AJ20="d"),"o",IF(AND($W20="a",$AJ20="o"),"d")))))) | AM20: =IF($W20="","",IF(J20="","",IF(AL20="n","n",IF(AL20="d","o",IF(AL20="o","d",""))))) | AN20: =IF(AO20="H","Home",IF(AO20="A","Away","")) -> Away | AO20: =IF($W20<>"",$W20,IF($AC20=$AC19,AO19,"")) -> a | AP20: =IF(AL20<>"",AL20,IF($AC20=$AC19,AP19,"")) | AQ20: =IF(AM20<>"",AM20,IF($AC20=$AC19,AQ19,"")) | AR20: =IF(AN20<>"",AN20,IF($AC20=$AC19,AR19,"")) -> Away | AS20: =IF(AO20<>"",AO20,IF($AC20=$AC19,AS19,"")) -> a | AT20: =IF(AND(AI20="e",OR(BE20="Save",BF20="Turnover_Takeaway",BF20="Play_Defensive")),"Defensive",IF(AND(AI20="o",OR(BE20="Save",BF20="Turnover_Takeaway",BF20="Play_Defensive")),"Offensive",IF(OR(BE20="Deadice",BE20="Stoppage",BE20="Intermission"),"",IF(AI20="e","Offensive",IF(AI20="o","Defensive",""))))) -> Defensive | AU20: =IF(U20<>"",U20+5000,"") | AV20: =IF(V20<>"",V20+6000,"") | AW20: {=IFERROR(IF(O20<>"",O20,IF(OR($S20="",$T20=""),"",IF(O20<>"",O20,IF($T20<>"",_xlfn._xlws.FILTER(O:O,($BU:$BU=$BU20)*($I:$I=$I20)*($T:$T=$T20)*($S:$S=_xlfn.MINIFS($S:$S,$T:$T,"="&$T20)),"")))))&"",IF(O20="","",""))&""} | AX20: {=IFERROR(IF(P20<>"",P20,IF(OR($S20="",$T20=""),"",IF($T20<>"",_xlfn._xlws.FILTER(P:P,($BU:$BU=$BU20)*($I:$I=$I20)*($T:$T=$T20)*($S:$S=_xlfn.MINIFS($S:$S,$T:$T,"="&$T20)),""))))&"",IF(P20="","",""))&""} | AY20: {=IFERROR(IF(Q20<>"",Q20,IF(OR($S20="",$T20=""),"",IF($T20<>"",_xlfn._xlws.FILTER(Q:Q,($BU:$BU=$BU20)*($I:$I=$I20)*($T:$T=$T20)*($S:$S=_xlfn.MINIFS($S:$S,$T:$T,"="&$T20)),""))))&"",IF(Q20="","",""))&""} | AZ20: {=IFERROR(IF(R20<>"",R20,IF(OR($S20="",$T20=""),"",IF($T20<>"",_xlfn._xlws.FILTER(R:R,($BU:$BU=$BU20)*($I:$I=$I20)*($T:$T=$T20)*($S:$S=_xlfn.MINIFS($S:$S,$T:$T,"="&$T20)),""))))&"",IF(R20="","",""))&""} | BA20: =IF(OR(L20="Zone_Entry",L20="Zone_Exit"),BA19+1,BA19) -> 2 | BB20: =BB19 -> 18987 | BC20: =BC19 -> Velodrome | BD20: =BD19 -> Outlaws | BE20: Pass | BF20: Pass_Completed | BI20: {=IFERROR(_xlfn._xlws.FILTER(shifts!A:A,(shifts!B:B=events!AD20)*(shifts!AG:AG>=events!BK20)*(shifts!AH:AH<=events!BL20)),BI19)} -> 1 | BJ20: =IF(AND(AG20="",AH20=""),0,((AE20*60)+AF20)-((AG20*60)+AH20)) -> 0 | BK20: =(AE20*60)+AF20 -> 1068 | BL20: =IF(AND(AG20="",AH20=""),BK20,((AG20*60)+AH20)) -> 1068 | BM20: =SUMIFS(BJ$2:BJ20,K$2:K20,"=Intermission")+SUMIFS(BJ$2:BJ20,K$2:K20,"=Timeout") -> 0 | BN20: =IF(AD20=1,0,IF(AD20=2,1080+BM20,IF(AD20=3,(1080*2)+BM20,0))) -> 0 | BO20: =IF(K20="Intermission",BO19,((1080)-((AE20*60)+AF20))+BN20) -> 12 | BP20: =IF(BO20<5,0,BO20-5) -> 7 | BQ20: =BP20+BJ20+5 -> 12 | BR20: =IF(AI20="e","event_team_player_"&BS20,IF(AI20="o","opp_team_player_"&BS20,"")) -> opp_team_player_1 | BS20: =COUNTIFS(S$3:S20,"="&S20,AI$3:AI20,"="&AI20) -> 1 | BT20: =IFERROR(VLOOKUP(BB20&BU20&X20,game_rosters!U:W,3,FALSE),"") -> P100001 | BU20: =IF(AR20="","",IF(AND(AR20="Away",AI20="e"),BD20,IF(AND(AR20="Home",AI20="e"),BC20,IF(AND(AR20="Away",AI20="o"),BC20,IF(AND(AR20="Home",AI20="o"),BD20))))) -> Velodrome
A21: =IF(K21<>"",1,IF(D21="x","x","")) -> 1 | I21: 68 | J21: =IF(OR(K21="Goal",K21="Shot",L21="Zone_Entry",M21="Stoppage-Goal",M20="Stoppage-Goal"),"o",IF(OR(K21="Save",K21="Rebound",L21="Zone_Exit",M21="Stoppage-GoalieStoppage",M20="Stoppage-GoalieStoppage"),"d",IF(OR(L21="Faceoff_AfterGoal",L21="Faceoff_PeriodStart",698="Faceoff_GameStart",M20="Stoppage-Goal"),"n",""))) -> d | K21: Zone_Entry_Exit | L21: Zone_Exit | M21: ZoneExit-Pass | N21: s | Q21: s | S21: 10 | T21: 3 | U21: =IF(B21=1,MAX($U$2:$U20)+1,IF(AND($T21<>"",$T21=$T20),$U20,IF(B21="x",U20,""))) | V21: =IF(C21=1,MAX($V$2:$V20)+1,IF(AND($T21<>"",$T21=$T20),$U20,IF(C21="x",V20,""))) | W21: a | X21: 68 | Z21: 1 | AA21: =S21+1000 -> 1010 | AB21: =IF(T21<>"",9000+T21,"") -> 9003 | AC21: =IF(AB21<>"",AB21,S21+1000) -> 9003 | AD21: 1 | AE21: 17 | AF21: 48 | AI21: =IF(Z21="x","",IF(Z21=1,"e","o")) -> e | AJ21: =IF($J21<>"",$J21,IF($AC21=$AC20,AJ20,"")) -> d | AK21: =IF($J21<>"",$J21,IF($AC21=$AC20,AK20,"")) -> d | AL21: =IF($W21="","",IF($AJ21="","",IF($W21="h",$AJ21,IF($AJ21="n","n",IF(AND($W21="a",$AJ21="d"),"o",IF(AND($W21="a",$AJ21="o"),"d")))))) -> o | AM21: =IF($W21="","",IF(J21="","",IF(AL21="n","n",IF(AL21="d","o",IF(AL21="o","d",""))))) -> d | AN21: =IF(AO21="H","Home",IF(AO21="A","Away","")) -> Away | AO21: =IF($W21<>"",$W21,IF($AC21=$AC20,AO20,"")) -> a | AP21: =IF(AL21<>"",AL21,IF($AC21=$AC20,AP20,"")) -> o | AQ21: =IF(AM21<>"",AM21,IF($AC21=$AC20,AQ20,"")) -> d | AR21: =IF(AN21<>"",AN21,IF($AC21=$AC20,AR20,"")) -> Away | AS21: =IF(AO21<>"",AO21,IF($AC21=$AC20,AS20,"")) -> a | AT21: =IF(AND(AI21="e",OR(BE21="Save",BF21="Turnover_Takeaway",BF21="Play_Defensive")),"Defensive",IF(AND(AI21="o",OR(BE21="Save",BF21="Turnover_Takeaway",BF21="Play_Defensive")),"Offensive",IF(OR(BE21="Deadice",BE21="Stoppage",BE21="Intermission"),"",IF(AI21="e","Offensive",IF(AI21="o","Defensive",""))))) -> Offensive | AU21: =IF(U21<>"",U21+5000,"") | AV21: =IF(V21<>"",V21+6000,"") | AW21: {=IFERROR(IF(O21<>"",O21,IF(OR($S21="",$T21=""),"",IF(O21<>"",O21,IF($T21<>"",_xlfn._xlws.FILTER(O:O,($BU:$BU=$BU21)*($I:$I=$I21)*($T:$T=$T21)*($S:$S=_xlfn.MINIFS($S:$S,$T:$T,"="&$T21)),"")))))&"",IF(O21="","",""))&""} -> OffensivePlay_Zone-Breakout | AX21: {=IFERROR(IF(P21<>"",P21,IF(OR($S21="",$T21=""),"",IF($T21<>"",_xlfn._xlws.FILTER(P:P,($BU:$BU=$BU21)*($I:$I=$I21)*($T:$T=$T21)*($S:$S=_xlfn.MINIFS($S:$S,$T:$T,"="&$T21)),""))))&"",IF(P21="","",""))&""} | AY21: {=IFERROR(IF(Q21<>"",Q21,IF(OR($S21="",$T21=""),"",IF($T21<>"",_xlfn._xlws.FILTER(Q:Q,($BU:$BU=$BU21)*($I:$I=$I21)*($T:$T=$T21)*($S:$S=_xlfn.MINIFS($S:$S,$T:$T,"="&$T21)),""))))&"",IF(Q21="","",""))&""} -> s | AZ21: {=IFERROR(IF(R21<>"",R21,IF(OR($S21="",$T21=""),"",IF($T21<>"",_xlfn._xlws.FILTER(R:R,($BU:$BU=$BU21)*($I:$I=$I21)*($T:$T=$T21)*($S:$S=_xlfn.MINIFS($S:$S,$T:$T,"="&$T21)),""))))&"",IF(R21="","",""))&""} | BA21: =IF(OR(L21="Zone_Entry",L21="Zone_Exit"),BA20+1,BA20) -> 3 | BB21: =BB20 -> 18987 | BC21: =BC20 -> Velodrome | BD21: =BD20 -> Outlaws | BE21: Zone_Entry_Exit | BF21: Zone_Exit | BI21: {=IFERROR(_xlfn._xlws.FILTER(shifts!A:A,(shifts!B:B=events!AD21)*(shifts!AG:AG>=events!BK21)*(shifts!AH:AH<=events!BL21)),BI20)} -> 1 | BJ21: =IF(AND(AG21="",AH21=""),0,((AE21*60)+AF21)-((AG21*60)+AH21)) -> 0 | BK21: =(AE21*60)+AF21 -> 1068 | BL21: =IF(AND(AG21="",AH21=""),BK21,((AG21*60)+AH21)) -> 1068 | BM21: =SUMIFS(BJ$2:BJ21,K$2:K21,"=Intermission")+SUMIFS(BJ$2:BJ21,K$2:K21,"=Timeout") -> 0 | BN21: =IF(AD21=1,0,IF(AD21=2,1080+BM21,IF(AD21=3,(1080*2)+BM21,0))) -> 0 | BO21: =IF(K21="Intermission",BO20,((1080)-((AE21*60)+AF21))+BN21) -> 12 | BP21: =IF(BO21<5,0,BO21-5) -> 7 | BQ21: =BP21+BJ21+5 -> 12 | BR21: =IF(AI21="e","event_team_player_"&BS21,IF(AI21="o","opp_team_player_"&BS21,"")) -> event_team_player_1 | BS21: =COUNTIFS(S$3:S21,"="&S21,AI$3:AI21,"="&AI21) -> 1 | BT21: =IFERROR(VLOOKUP(BB21&BU21&X21,game_rosters!U:W,3,FALSE),"") -> P100128 | BU21: =IF(AR21="","",IF(AND(AR21="Away",AI21="e"),BD21,IF(AND(AR21="Home",AI21="e"),BC21,IF(AND(AR21="Away",AI21="o"),BC21,IF(AND(AR21="Home",AI21="o"),BD21))))) -> Outlaws
A22: =IF(K22<>"",1,IF(D22="x","x","")) | I22: 77 | J22: =IF(OR(K22="Goal",K22="Shot",L22="Zone_Entry",M22="Stoppage-Goal",M21="Stoppage-Goal"),"o",IF(OR(K22="Save",K22="Rebound",L22="Zone_Exit",M22="Stoppage-GoalieStoppage",M21="Stoppage-GoalieStoppage"),"d",IF(OR(L22="Faceoff_AfterGoal",L22="Faceoff_PeriodStart",698="Faceoff_GameStart",M21="Stoppage-Goal"),"n",""))) | N22: s | S22: 10 | T22: 3 | U22: =IF(B22=1,MAX($U$2:$U21)+1,IF(AND($T22<>"",$T22=$T21),$U21,IF(B22="x",U21,""))) | V22: =IF(C22=1,MAX($V$2:$V21)+1,IF(AND($T22<>"",$T22=$T21),$U21,IF(C22="x",V21,""))) | X22: 77 | Z22: 1 | AA22: =S22+1000 -> 1010 | AB22: =IF(T22<>"",9000+T22,"") -> 9003 | AC22: =IF(AB22<>"",AB22,S22+1000) -> 9003 | AD22: 1 | AE22: 17 | AF22: 48 | AI22: =IF(Z22="x","",IF(Z22=1,"e","o")) -> e | AJ22: =IF($J22<>"",$J22,IF($AC22=$AC21,AJ21,"")) -> d | AK22: =IF($J22<>"",$J22,IF($AC22=$AC21,AK21,"")) -> d | AL22: =IF($W22="","",IF($AJ22="","",IF($W22="h",$AJ22,IF($AJ22="n","n",IF(AND($W22="a",$AJ22="d"),"o",IF(AND($W22="a",$AJ22="o"),"d")))))) | AM22: =IF($W22="","",IF(J22="","",IF(AL22="n","n",IF(AL22="d","o",IF(AL22="o","d",""))))) | AN22: =IF(AO22="H","Home",IF(AO22="A","Away","")) -> Away | AO22: =IF($W22<>"",$W22,IF($AC22=$AC21,AO21,"")) -> a | AP22: =IF(AL22<>"",AL22,IF($AC22=$AC21,AP21,"")) -> o | AQ22: =IF(AM22<>"",AM22,IF($AC22=$AC21,AQ21,"")) -> d | AR22: =IF(AN22<>"",AN22,IF($AC22=$AC21,AR21,"")) -> Away | AS22: =IF(AO22<>"",AO22,IF($AC22=$AC21,AS21,"")) -> a | AT22: =IF(AND(AI22="e",OR(BE22="Save",BF22="Turnover_Takeaway",BF22="Play_Defensive")),"Defensive",IF(AND(AI22="o",OR(BE22="Save",BF22="Turnover_Takeaway",BF22="Play_Defensive")),"Offensive",IF(OR(BE22="Deadice",BE22="Stoppage",BE22="Intermission"),"",IF(AI22="e","Offensive",IF(AI22="o","Defensive",""))))) -> Offensive | AU22: =IF(U22<>"",U22+5000,"") | AV22: =IF(V22<>"",V22+6000,"") | AW22: {=IFERROR(IF(O22<>"",O22,IF(OR($S22="",$T22=""),"",IF(O22<>"",O22,IF($T22<>"",_xlfn._xlws.FILTER(O:O,($BU:$BU=$BU22)*($I:$I=$I22)*($T:$T=$T22)*($S:$S=_xlfn.MINIFS($S:$S,$T:$T,"="&$T22)),"")))))&"",IF(O22="","",""))&""} | AX22: {=IFERROR(IF(P22<>"",P22,IF(OR($S22="",$T22=""),"",IF($T22<>"",_xlfn._xlws.FILTER(P:P,($BU:$BU=$BU22)*($I:$I=$I22)*($T:$T=$T22)*($S:$S=_xlfn.MINIFS($S:$S,$T:$T,"="&$T22)),""))))&"",IF(P22="","",""))&""} | AY22: {=IFERROR(IF(Q22<>"",Q22,IF(OR($S22="",$T22=""),"",IF($T22<>"",_xlfn._xlws.FILTER(Q:Q,($BU:$BU=$BU22)*($I:$I=$I22)*($T:$T=$T22)*($S:$S=_xlfn.MINIFS($S:$S,$T:$T,"="&$T22)),""))))&"",IF(Q22="","",""))&""} | AZ22: {=IFERROR(IF(R22<>"",R22,IF(OR($S22="",$T22=""),"",IF($T22<>"",_xlfn._xlws.FILTER(R:R,($BU:$BU=$BU22)*($I:$I=$I22)*($T:$T=$T22)*($S:$S=_xlfn.MINIFS($S:$S,$T:$T,"="&$T22)),""))))&"",IF(R22="","",""))&""} | BA22: =IF(OR(L22="Zone_Entry",L22="Zone_Exit"),BA21+1,BA21) -> 3 | BB22: =BB21 -> 18987 | BC22: =BC21 -> Velodrome | BD22: =BD21 -> Outlaws | BE22: Zone_Entry_Exit | BF22: Zone_Exit | BI22: {=IFERROR(_xlfn._xlws.FILTER(shifts!A:A,(shifts!B:B=events!AD22)*(shifts!AG:AG>=events!BK22)*(shifts!AH:AH<=events!BL22)),BI21)} -> 1 | BJ22: =IF(AND(AG22="",AH22=""),0,((AE22*60)+AF22)-((AG22*60)+AH22)) -> 0 | BK22: =(AE22*60)+AF22 -> 1068 | BL22: =IF(AND(AG22="",AH22=""),BK22,((AG22*60)+AH22)) -> 1068 | BM22: =SUMIFS(BJ$2:BJ22,K$2:K22,"=Intermission")+SUMIFS(BJ$2:BJ22,K$2:K22,"=Timeout") -> 0 | BN22: =IF(AD22=1,0,IF(AD22=2,1080+BM22,IF(AD22=3,(1080*2)+BM22,0))) -> 0 | BO22: =IF(K22="Intermission",BO21,((1080)-((AE22*60)+AF22))+BN22) -> 12 | BP22: =IF(BO22<5,0,BO22-5) -> 7 | BQ22: =BP22+BJ22+5 -> 12 | BR22: =IF(AI22="e","event_team_player_"&BS22,IF(AI22="o","opp_team_player_"&BS22,"")) -> event_team_player_2 | BS22: =COUNTIFS(S$3:S22,"="&S22,AI$3:AI22,"="&AI22) -> 2 | BT22: =IFERROR(VLOOKUP(BB22&BU22&X22,game_rosters!U:W,3,FALSE),"") -> P100185 | BU22: =IF(AR22="","",IF(AND(AR22="Away",AI22="e"),BD22,IF(AND(AR22="Home",AI22="e"),BC22,IF(AND(AR22="Away",AI22="o"),BC22,IF(AND(AR22="Home",AI22="o"),BD22))))) -> Outlaws
A23: =IF(K23<>"",1,IF(D23="x","x","")) | I23: 70 | J23: =IF(OR(K23="Goal",K23="Shot",L23="Zone_Entry",M23="Stoppage-Goal",M22="Stoppage-Goal"),"o",IF(OR(K23="Save",K23="Rebound",L23="Zone_Exit",M23="Stoppage-GoalieStoppage",M22="Stoppage-GoalieStoppage"),"d",IF(OR(L23="Faceoff_AfterGoal",L23="Faceoff_PeriodStart",698="Faceoff_GameStart",M22="Stoppage-Goal"),"n",""))) | N23: s | S23: 10 | T23: 3 | U23: =IF(B23=1,MAX($U$2:$U22)+1,IF(AND($T23<>"",$T23=$T22),$U22,IF(B23="x",U22,""))) | V23: =IF(C23=1,MAX($V$2:$V22)+1,IF(AND($T23<>"",$T23=$T22),$U22,IF(C23="x",V22,""))) | X23: 70 | AA23: =S23+1000 -> 1010 | AB23: =IF(T23<>"",9000+T23,"") -> 9003 | AC23: =IF(AB23<>"",AB23,S23+1000) -> 9003 | AD23: 1 | AE23: 17 | AF23: 48 | AI23: =IF(Z23="x","",IF(Z23=1,"e","o")) -> o | AJ23: =IF($J23<>"",$J23,IF($AC23=$AC22,AJ22,"")) -> d | AK23: =IF($J23<>"",$J23,IF($AC23=$AC22,AK22,"")) -> d | AL23: =IF($W23="","",IF($AJ23="","",IF($W23="h",$AJ23,IF($AJ23="n","n",IF(AND($W23="a",$AJ23="d"),"o",IF(AND($W23="a",$AJ23="o"),"d")))))) | AM23: =IF($W23="","",IF(J23="","",IF(AL23="n","n",IF(AL23="d","o",IF(AL23="o","d",""))))) | AN23: =IF(AO23="H","Home",IF(AO23="A","Away","")) -> Away | AO23: =IF($W23<>"",$W23,IF($AC23=$AC22,AO22,"")) -> a | AP23: =IF(AL23<>"",AL23,IF($AC23=$AC22,AP22,"")) -> o | AQ23: =IF(AM23<>"",AM23,IF($AC23=$AC22,AQ22,"")) -> d | AR23: =IF(AN23<>"",AN23,IF($AC23=$AC22,AR22,"")) -> Away | AS23: =IF(AO23<>"",AO23,IF($AC23=$AC22,AS22,"")) -> a | AT23: =IF(AND(AI23="e",OR(BE23="Save",BF23="Turnover_Takeaway",BF23="Play_Defensive")),"Defensive",IF(AND(AI23="o",OR(BE23="Save",BF23="Turnover_Takeaway",BF23="Play_Defensive")),"Offensive",IF(OR(BE23="Deadice",BE23="Stoppage",BE23="Intermission"),"",IF(AI23="e","Offensive",IF(AI23="o","Defensive",""))))) -> Defensive | AU23: =IF(U23<>"",U23+5000,"") | AV23: =IF(V23<>"",V23+6000,"") | AW23: {=IFERROR(IF(O23<>"",O23,IF(OR($S23="",$T23=""),"",IF(O23<>"",O23,IF($T23<>"",_xlfn._xlws.FILTER(O:O,($BU:$BU=$BU23)*($I:$I=$I23)*($T:$T=$T23)*($S:$S=_xlfn.MINIFS($S:$S,$T:$T,"="&$T23)),"")))))&"",IF(O23="","",""))&""} | AX23: {=IFERROR(IF(P23<>"",P23,IF(OR($S23="",$T23=""),"",IF($T23<>"",_xlfn._xlws.FILTER(P:P,($BU:$BU=$BU23)*($I:$I=$I23)*($T:$T=$T23)*($S:$S=_xlfn.MINIFS($S:$S,$T:$T,"="&$T23)),""))))&"",IF(P23="","",""))&""} | AY23: {=IFERROR(IF(Q23<>"",Q23,IF(OR($S23="",$T23=""),"",IF($T23<>"",_xlfn._xlws.FILTER(Q:Q,($BU:$BU=$BU23)*($I:$I=$I23)*($T:$T=$T23)*($S:$S=_xlfn.MINIFS($S:$S,$T:$T,"="&$T23)),""))))&"",IF(Q23="","",""))&""} | AZ23: {=IFERROR(IF(R23<>"",R23,IF(OR($S23="",$T23=""),"",IF($T23<>"",_xlfn._xlws.FILTER(R:R,($BU:$BU=$BU23)*($I:$I=$I23)*($T:$T=$T23)*($S:$S=_xlfn.MINIFS($S:$S,$T:$T,"="&$T23)),""))))&"",IF(R23="","",""))&""} | BA23: =IF(OR(L23="Zone_Entry",L23="Zone_Exit"),BA22+1,BA22) -> 3 | BB23: =BB22 -> 18987 | BC23: =BC22 -> Velodrome | BD23: =BD22 -> Outlaws | BE23: Zone_Entry_Exit | BF23: Zone_Exit | BI23: {=IFERROR(_xlfn._xlws.FILTER(shifts!A:A,(shifts!B:B=events!AD23)*(shifts!AG:AG>=events!BK23)*(shifts!AH:AH<=events!BL23)),BI22)} -> 1 | BJ23: =IF(AND(AG23="",AH23=""),0,((AE23*60)+AF23)-((AG23*60)+AH23)) -> 0 | BK23: =(AE23*60)+AF23 -> 1068 | BL23: =IF(AND(AG23="",AH23=""),BK23,((AG23*60)+AH23)) -> 1068 | BM23: =SUMIFS(BJ$2:BJ23,K$2:K23,"=Intermission")+SUMIFS(BJ$2:BJ23,K$2:K23,"=Timeout") -> 0 | BN23: =IF(AD23=1,0,IF(AD23=2,1080+BM23,IF(AD23=3,(1080*2)+BM23,0))) -> 0 | BO23: =IF(K23="Intermission",BO22,((1080)-((AE23*60)+AF23))+BN23) -> 12 | BP23: =IF(BO23<5,0,BO23-5) -> 7 | BQ23: =BP23+BJ23+5 -> 12 | BR23: =IF(AI23="e","event_team_player_"&BS23,IF(AI23="o","opp_team_player_"&BS23,"")) -> opp_team_player_1 | BS23: =COUNTIFS(S$3:S23,"="&S23,AI$3:AI23,"="&AI23) -> 1 | BT23: =IFERROR(VLOOKUP(BB23&BU23&X23,game_rosters!U:W,3,FALSE),"") -> P100001 | BU23: =IF(AR23="","",IF(AND(AR23="Away",AI23="e"),BD23,IF(AND(AR23="Home",AI23="e"),BC23,IF(AND(AR23="Away",AI23="o"),BC23,IF(AND(AR23="Home",AI23="o"),BD23))))) -> Velodrome
A24: =IF(K24<>"",1,IF(D24="x","x","")) -> 1 | I24: 77 | J24: =IF(OR(K24="Goal",K24="Shot",L24="Zone_Entry",M24="Stoppage-Goal",M23="Stoppage-Goal"),"o",IF(OR(K24="Save",K24="Rebound",L24="Zone_Exit",M24="Stoppage-GoalieStoppage",M23="Stoppage-GoalieStoppage"),"d",IF(OR(L24="Faceoff_AfterGoal",L24="Faceoff_PeriodStart",698="Faceoff_GameStart",M23="Stoppage-Goal"),"n",""))) | K24: Possession | N24: s | S24: 11 | U24: =IF(B24=1,MAX($U$2:$U23)+1,IF(AND($T24<>"",$T24=$T23),$U23,IF(B24="x",U23,""))) | V24: =IF(C24=1,MAX($V$2:$V23)+1,IF(AND($T24<>"",$T24=$T23),$U23,IF(C24="x",V23,""))) | W24: a | X24: 77 | Z24: 1 | AA24: =S24+1000 -> 1011 | AB24: =IF(T24<>"",9000+T24,"") | AC24: =IF(AB24<>"",AB24,S24+1000) -> 1011 | AD24: 1 | AE24: 17 | AF24: 48 | AG24: 17 | AH24: 46 | AI24: =IF(Z24="x","",IF(Z24=1,"e","o")) -> e | AJ24: =IF($J24<>"",$J24,IF($AC24=$AC23,AJ23,"")) | AK24: =IF($J24<>"",$J24,IF($AC24=$AC23,AK23,"")) | AL24: =IF($W24="","",IF($AJ24="","",IF($W24="h",$AJ24,IF($AJ24="n","n",IF(AND($W24="a",$AJ24="d"),"o",IF(AND($W24="a",$AJ24="o"),"d")))))) | AM24: =IF($W24="","",IF(J24="","",IF(AL24="n","n",IF(AL24="d","o",IF(AL24="o","d",""))))) | AN24: =IF(AO24="H","Home",IF(AO24="A","Away","")) -> Away | AO24: =IF($W24<>"",$W24,IF($AC24=$AC23,AO23,"")) -> a | AP24: =IF(AL24<>"",AL24,IF($AC24=$AC23,AP23,"")) | AQ24: =IF(AM24<>"",AM24,IF($AC24=$AC23,AQ23,"")) | AR24: =IF(AN24<>"",AN24,IF($AC24=$AC23,AR23,"")) -> Away | AS24: =IF(AO24<>"",AO24,IF($AC24=$AC23,AS23,"")) -> a | AT24: =IF(AND(AI24="e",OR(BE24="Save",BF24="Turnover_Takeaway",BF24="Play_Defensive")),"Defensive",IF(AND(AI24="o",OR(BE24="Save",BF24="Turnover_Takeaway",BF24="Play_Defensive")),"Offensive",IF(OR(BE24="Deadice",BE24="Stoppage",BE24="Intermission"),"",IF(AI24="e","Offensive",IF(AI24="o","Defensive",""))))) -> Offensive | AU24: =IF(U24<>"",U24+5000,"") | AV24: =IF(V24<>"",V24+6000,"") | AW24: {=IFERROR(IF(O24<>"",O24,IF(OR($S24="",$T24=""),"",IF(O24<>"",O24,IF($T24<>"",_xlfn._xlws.FILTER(O:O,($BU:$BU=$BU24)*($I:$I=$I24)*($T:$T=$T24)*($S:$S=_xlfn.MINIFS($S:$S,$T:$T,"="&$T24)),"")))))&"",IF(O24="","",""))&""} | AX24: {=IFERROR(IF(P24<>"",P24,IF(OR($S24="",$T24=""),"",IF($T24<>"",_xlfn._xlws.FILTER(P:P,($BU:$BU=$BU24)*($I:$I=$I24)*($T:$T=$T24)*($S:$S=_xlfn.MINIFS($S:$S,$T:$T,"="&$T24)),""))))&"",IF(P24="","",""))&""} | AY24: {=IFERROR(IF(Q24<>"",Q24,IF(OR($S24="",$T24=""),"",IF($T24<>"",_xlfn._xlws.FILTER(Q:Q,($BU:$BU=$BU24)*($I:$I=$I24)*($T:$T=$T24)*($S:$S=_xlfn.MINIFS($S:$S,$T:$T,"="&$T24)),""))))&"",IF(Q24="","",""))&""} | AZ24: {=IFERROR(IF(R24<>"",R24,IF(OR($S24="",$T24=""),"",IF($T24<>"",_xlfn._xlws.FILTER(R:R,($BU:$BU=$BU24)*($I:$I=$I24)*($T:$T=$T24)*($S:$S=_xlfn.MINIFS($S:$S,$T:$T,"="&$T24)),""))))&"",IF(R24="","",""))&""} | BA24: =IF(OR(L24="Zone_Entry",L24="Zone_Exit"),BA23+1,BA23) -> 3 | BB24: =BB23 -> 18987 | BC24: =BC23 -> Velodrome | BD24: =BD23 -> Outlaws | BE24: Possession | BI24: {=IFERROR(_xlfn._xlws.FILTER(shifts!A:A,(shifts!B:B=events!AD24)*(shifts!AG:AG>=events!BK24)*(shifts!AH:AH<=events!BL24)),BI23)} -> 1 | BJ24: =IF(AND(AG24="",AH24=""),0,((AE24*60)+AF24)-((AG24*60)+AH24)) -> 2 | BK24: =(AE24*60)+AF24 -> 1068 | BL24: =IF(AND(AG24="",AH24=""),BK24,((AG24*60)+AH24)) -> 1066 | BM24: =SUMIFS(BJ$2:BJ24,K$2:K24,"=Intermission")+SUMIFS(BJ$2:BJ24,K$2:K24,"=Timeout") -> 0 | BN24: =IF(AD24=1,0,IF(AD24=2,1080+BM24,IF(AD24=3,(1080*2)+BM24,0))) -> 0 | BO24: =IF(K24="Intermission",BO23,((1080)-((AE24*60)+AF24))+BN24) -> 12 | BP24: =IF(BO24<5,0,BO24-5) -> 7 | BQ24: =BP24+BJ24+5 -> 14 | BR24: =IF(AI24="e","event_team_player_"&BS24,IF(AI24="o","opp_team_player_"&BS24,"")) -> event_team_player_1 | BS24: =COUNTIFS(S$3:S24,"="&S24,AI$3:AI24,"="&AI24) -> 1 | BT24: =IFERROR(VLOOKUP(BB24&BU24&X24,game_rosters!U:W,3,FALSE),"") -> P100185 | BU24: =IF(AR24="","",IF(AND(AR24="Away",AI24="e"),BD24,IF(AND(AR24="Home",AI24="e"),BC24,IF(AND(AR24="Away",AI24="o"),BC24,IF(AND(AR24="Home",AI24="o"),BD24))))) -> Outlaws
A25: =IF(K25<>"",1,IF(D25="x","x","")) | I25: 14 | J25: =IF(OR(K25="Goal",K25="Shot",L25="Zone_Entry",M25="Stoppage-Goal",M24="Stoppage-Goal"),"o",IF(OR(K25="Save",K25="Rebound",L25="Zone_Exit",M25="Stoppage-GoalieStoppage",M24="Stoppage-GoalieStoppage"),"d",IF(OR(L25="Faceoff_AfterGoal",L25="Faceoff_PeriodStart",698="Faceoff_GameStart",M24="Stoppage-Goal"),"n",""))) | N25: s | S25: 11 | U25: =IF(B25=1,MAX($U$2:$U24)+1,IF(AND($T25<>"",$T25=$T24),$U24,IF(B25="x",U24,""))) | V25: =IF(C25=1,MAX($V$2:$V24)+1,IF(AND($T25<>"",$T25=$T24),$U24,IF(C25="x",V24,""))) | X25: 14 | AA25: =S25+1000 -> 1011 | AB25: =IF(T25<>"",9000+T25,"") | AC25: =IF(AB25<>"",AB25,S25+1000) -> 1011 | AD25: 1 | AE25: 17 | AF25: 48 | AG25: 17 | AH25: 46 | AI25: =IF(Z25="x","",IF(Z25=1,"e","o")) -> o | AJ25: =IF($J25<>"",$J25,IF($AC25=$AC24,AJ24,"")) | AK25: =IF($J25<>"",$J25,IF($AC25=$AC24,AK24,"")) | AL25: =IF($W25="","",IF($AJ25="","",IF($W25="h",$AJ25,IF($AJ25="n","n",IF(AND($W25="a",$AJ25="d"),"o",IF(AND($W25="a",$AJ25="o"),"d")))))) | AM25: =IF($W25="","",IF(J25="","",IF(AL25="n","n",IF(AL25="d","o",IF(AL25="o","d",""))))) | AN25: =IF(AO25="H","Home",IF(AO25="A","Away","")) -> Away | AO25: =IF($W25<>"",$W25,IF($AC25=$AC24,AO24,"")) -> a | AP25: =IF(AL25<>"",AL25,IF($AC25=$AC24,AP24,"")) | AQ25: =IF(AM25<>"",AM25,IF($AC25=$AC24,AQ24,"")) | AR25: =IF(AN25<>"",AN25,IF($AC25=$AC24,AR24,"")) -> Away | AS25: =IF(AO25<>"",AO25,IF($AC25=$AC24,AS24,"")) -> a | AT25: =IF(AND(AI25="e",OR(BE25="Save",BF25="Turnover_Takeaway",BF25="Play_Defensive")),"Defensive",IF(AND(AI25="o",OR(BE25="Save",BF25="Turnover_Takeaway",BF25="Play_Defensive")),"Offensive",IF(OR(BE25="Deadice",BE25="Stoppage",BE25="Intermission"),"",IF(AI25="e","Offensive",IF(AI25="o","Defensive",""))))) -> Defensive | AU25: =IF(U25<>"",U25+5000,"") | AV25: =IF(V25<>"",V25+6000,"") | AW25: {=IFERROR(IF(O25<>"",O25,IF(OR($S25="",$T25=""),"",IF(O25<>"",O25,IF($T25<>"",_xlfn._xlws.FILTER(O:O,($BU:$BU=$BU25)*($I:$I=$I25)*($T:$T=$T25)*($S:$S=_xlfn.MINIFS($S:$S,$T:$T,"="&$T25)),"")))))&"",IF(O25="","",""))&""} | AX25: {=IFERROR(IF(P25<>"",P25,IF(OR($S25="",$T25=""),"",IF($T25<>"",_xlfn._xlws.FILTER(P:P,($BU:$BU=$BU25)*($I:$I=$I25)*($T:$T=$T25)*($S:$S=_xlfn.MINIFS($S:$S,$T:$T,"="&$T25)),""))))&"",IF(P25="","",""))&""} | AY25: {=IFERROR(IF(Q25<>"",Q25,IF(OR($S25="",$T25=""),"",IF($T25<>"",_xlfn._xlws.FILTER(Q:Q,($BU:$BU=$BU25)*($I:$I=$I25)*($T:$T=$T25)*($S:$S=_xlfn.MINIFS($S:$S,$T:$T,"="&$T25)),""))))&"",IF(Q25="","",""))&""} | AZ25: {=IFERROR(IF(R25<>"",R25,IF(OR($S25="",$T25=""),"",IF($T25<>"",_xlfn._xlws.FILTER(R:R,($BU:$BU=$BU25)*($I:$I=$I25)*($T:$T=$T25)*($S:$S=_xlfn.MINIFS($S:$S,$T:$T,"="&$T25)),""))))&"",IF(R25="","",""))&""} | BA25: =IF(OR(L25="Zone_Entry",L25="Zone_Exit"),BA24+1,BA24) -> 3 | BB25: =BB24 -> 18987 | BC25: =BC24 -> Velodrome | BD25: =BD24 -> Outlaws | BE25: Possession | BI25: {=IFERROR(_xlfn._xlws.FILTER(shifts!A:A,(shifts!B:B=events!AD25)*(shifts!AG:AG>=events!BK25)*(shifts!AH:AH<=events!BL25)),BI24)} -> 1 | BJ25: =IF(AND(AG25="",AH25=""),0,((AE25*60)+AF25)-((AG25*60)+AH25)) -> 2 | BK25: =(AE25*60)+AF25 -> 1068 | BL25: =IF(AND(AG25="",AH25=""),BK25,((AG25*60)+AH25)) -> 1066 | BM25: =SUMIFS(BJ$2:BJ25,K$2:K25,"=Intermission")+SUMIFS(BJ$2:BJ25,K$2:K25,"=Timeout") -> 0 | BN25: =IF(AD25=1,0,IF(AD25=2,1080+BM25,IF(AD25=3,(1080*2)+BM25,0))) -> 0 | BO25: =IF(K25="Intermission",BO24,((1080)-((AE25*60)+AF25))+BN25) -> 12 | BP25: =IF(BO25<5,0,BO25-5) -> 7 | BQ25: =BP25+BJ25+5 -> 14 | BR25: =IF(AI25="e","event_team_player_"&BS25,IF(AI25="o","opp_team_player_"&BS25,"")) -> opp_team_player_1 | BS25: =COUNTIFS(S$3:S25,"="&S25,AI$3:AI25,"="&AI25) -> 1 | BT25: =IFERROR(VLOOKUP(BB25&BU25&X25,game_rosters!U:W,3,FALSE),"") -> P100132 | BU25: =IF(AR25="","",IF(AND(AR25="Away",AI25="e"),BD25,IF(AND(AR25="Home",AI25="e"),BC25,IF(AND(AR25="Away",AI25="o"),BC25,IF(AND(AR25="Home",AI25="o"),BD25))))) -> Velodrome
A26: =IF(K26<>"",1,IF(D26="x","x","")) -> 1 | I26: 77 | J26: =IF(OR(K26="Goal",K26="Shot",L26="Zone_Entry",M26="Stoppage-Goal",M25="Stoppage-Goal"),"o",IF(OR(K26="Save",K26="Rebound",L26="Zone_Exit",M26="Stoppage-GoalieStoppage",M25="Stoppage-GoalieStoppage"),"d",IF(OR(L26="Faceoff_AfterGoal",L26="Faceoff_PeriodStart",698="Faceoff_GameStart",M25="Stoppage-Goal"),"n",""))) -> o | K26: Zone_Entry_Exit | L26: Zone_Entry | M26: ZoneEntry-Rush | N26: s | O26: OffensivePlay_Possession-DriveMiddle | Q26: s | S26: 12 | U26: =IF(B26=1,MAX($U$2:$U25)+1,IF(AND($T26<>"",$T26=$T25),$U25,IF(B26="x",U25,""))) | V26: =IF(C26=1,MAX($V$2:$V25)+1,IF(AND($T26<>"",$T26=$T25),$U25,IF(C26="x",V25,""))) | W26: a | X26: 77 | Z26: 1 | AA26: =S26+1000 -> 1012 | AB26: =IF(T26<>"",9000+T26,"") | AC26: =IF(AB26<>"",AB26,S26+1000) -> 1012 | AD26: 1 | AE26: 17 | AF26: 46 | AG26: 17 | AH26: 45 | AI26: =IF(Z26="x","",IF(Z26=1,"e","o")) -> e | AJ26: =IF($J26<>"",$J26,IF($AC26=$AC25,AJ25,"")) -> o | AK26: =IF($J26<>"",$J26,IF($AC26=$AC25,AK25,"")) -> o | AL26: =IF($W26="","",IF($AJ26="","",IF($W26="h",$AJ26,IF($AJ26="n","n",IF(AND($W26="a",$AJ26="d"),"o",IF(AND($W26="a",$AJ26="o"),"d")))))) -> d | AM26: =IF($W26="","",IF(J26="","",IF(AL26="n","n",IF(AL26="d","o",IF(AL26="o","d",""))))) -> o | AN26: =IF(AO26="H","Home",IF(AO26="A","Away","")) -> Away | AO26: =IF($W26<>"",$W26,IF($AC26=$AC25,AO25,"")) -> a | AP26: =IF(AL26<>"",AL26,IF($AC26=$AC25,AP25,"")) -> d | AQ26: =IF(AM26<>"",AM26,IF($AC26=$AC25,AQ25,"")) -> o | AR26: =IF(AN26<>"",AN26,IF($AC26=$AC25,AR25,"")) -> Away | AS26: =IF(AO26<>"",AO26,IF($AC26=$AC25,AS25,"")) -> a | AT26: =IF(AND(AI26="e",OR(BE26="Save",BF26="Turnover_Takeaway",BF26="Play_Defensive")),"Defensive",IF(AND(AI26="o",OR(BE26="Save",BF26="Turnover_Takeaway",BF26="Play_Defensive")),"Offensive",IF(OR(BE26="Deadice",BE26="Stoppage",BE26="Intermission"),"",IF(AI26="e","Offensive",IF(AI26="o","Defensive",""))))) -> Offensive | AU26: =IF(U26<>"",U26+5000,"") | AV26: =IF(V26<>"",V26+6000,"") | AW26: {=IFERROR(IF(O26<>"",O26,IF(OR($S26="",$T26=""),"",IF(O26<>"",O26,IF($T26<>"",_xlfn._xlws.FILTER(O:O,($BU:$BU=$BU26)*($I:$I=$I26)*($T:$T=$T26)*($S:$S=_xlfn.MINIFS($S:$S,$T:$T,"="&$T26)),"")))))&"",IF(O26="","",""))&""} -> OffensivePlay_Possession-DriveMiddle | AX26: {=IFERROR(IF(P26<>"",P26,IF(OR($S26="",$T26=""),"",IF($T26<>"",_xlfn._xlws.FILTER(P:P,($BU:$BU=$BU26)*($I:$I=$I26)*($T:$T=$T26)*($S:$S=_xlfn.MINIFS($S:$S,$T:$T,"="&$T26)),""))))&"",IF(P26="","",""))&""} | AY26: {=IFERROR(IF(Q26<>"",Q26,IF(OR($S26="",$T26=""),"",IF($T26<>"",_xlfn._xlws.FILTER(Q:Q,($BU:$BU=$BU26)*($I:$I=$I26)*($T:$T=$T26)*($S:$S=_xlfn.MINIFS($S:$S,$T:$T,"="&$T26)),""))))&"",IF(Q26="","",""))&""} -> s | AZ26: {=IFERROR(IF(R26<>"",R26,IF(OR($S26="",$T26=""),"",IF($T26<>"",_xlfn._xlws.FILTER(R:R,($BU:$BU=$BU26)*($I:$I=$I26)*($T:$T=$T26)*($S:$S=_xlfn.MINIFS($S:$S,$T:$T,"="&$T26)),""))))&"",IF(R26="","",""))&""} | BA26: =IF(OR(L26="Zone_Entry",L26="Zone_Exit"),BA25+1,BA25) -> 4 | BB26: =BB25 -> 18987 | BC26: =BC25 -> Velodrome | BD26: =BD25 -> Outlaws | BE26: Zone_Entry_Exit | BF26: Zone_Entry | BI26: {=IFERROR(_xlfn._xlws.FILTER(shifts!A:A,(shifts!B:B=events!AD26)*(shifts!AG:AG>=events!BK26)*(shifts!AH:AH<=events!BL26)),BI25)} -> 1 | BJ26: =IF(AND(AG26="",AH26=""),0,((AE26*60)+AF26)-((AG26*60)+AH26)) -> 1 | BK26: =(AE26*60)+AF26 -> 1066 | BL26: =IF(AND(AG26="",AH26=""),BK26,((AG26*60)+AH26)) -> 1065 | BM26: =SUMIFS(BJ$2:BJ26,K$2:K26,"=Intermission")+SUMIFS(BJ$2:BJ26,K$2:K26,"=Timeout") -> 0 | BN26: =IF(AD26=1,0,IF(AD26=2,1080+BM26,IF(AD26=3,(1080*2)+BM26,0))) -> 0 | BO26: =IF(K26="Intermission",BO25,((1080)-((AE26*60)+AF26))+BN26) -> 14 | BP26: =IF(BO26<5,0,BO26-5) -> 9 | BQ26: =BP26+BJ26+5 -> 15 | BR26: =IF(AI26="e","event_team_player_"&BS26,IF(AI26="o","opp_team_player_"&BS26,"")) -> event_team_player_1 | BS26: =COUNTIFS(S$3:S26,"="&S26,AI$3:AI26,"="&AI26) -> 1 | BT26: =IFERROR(VLOOKUP(BB26&BU26&X26,game_rosters!U:W,3,FALSE),"") -> P100185 | BU26: =IF(AR26="","",IF(AND(AR26="Away",AI26="e"),BD26,IF(AND(AR26="Home",AI26="e"),BC26,IF(AND(AR26="Away",AI26="o"),BC26,IF(AND(AR26="Home",AI26="o"),BD26))))) -> Outlaws
A27: =IF(K27<>"",1,IF(D27="x","x","")) | I27: 13 | J27: =IF(OR(K27="Goal",K27="Shot",L27="Zone_Entry",M27="Stoppage-Goal",M26="Stoppage-Goal"),"o",IF(OR(K27="Save",K27="Rebound",L27="Zone_Exit",M27="Stoppage-GoalieStoppage",M26="Stoppage-GoalieStoppage"),"d",IF(OR(L27="Faceoff_AfterGoal",L27="Faceoff_PeriodStart",698="Faceoff_GameStart",M26="Stoppage-Goal"),"n",""))) | N27: s | S27: 12 | U27: =IF(B27=1,MAX($U$2:$U26)+1,IF(AND($T27<>"",$T27=$T26),$U26,IF(B27="x",U26,""))) | V27: =IF(C27=1,MAX($V$2:$V26)+1,IF(AND($T27<>"",$T27=$T26),$U26,IF(C27="x",V26,""))) | X27: 13 | Z27: 1 | AA27: =S27+1000 -> 1012 | AB27: =IF(T27<>"",9000+T27,"") | AC27: =IF(AB27<>"",AB27,S27+1000) -> 1012 | AD27: 1 | AE27: 17 | AF27: 46 | AG27: 17 | AH27: 45 | AI27: =IF(Z27="x","",IF(Z27=1,"e","o")) -> e | AJ27: =IF($J27<>"",$J27,IF($AC27=$AC26,AJ26,"")) -> o | AK27: =IF($J27<>"",$J27,IF($AC27=$AC26,AK26,"")) -> o | AL27: =IF($W27="","",IF($AJ27="","",IF($W27="h",$AJ27,IF($AJ27="n","n",IF(AND($W27="a",$AJ27="d"),"o",IF(AND($W27="a",$AJ27="o"),"d")))))) | AM27: =IF($W27="","",IF(J27="","",IF(AL27="n","n",IF(AL27="d","o",IF(AL27="o","d",""))))) | AN27: =IF(AO27="H","Home",IF(AO27="A","Away","")) -> Away | AO27: =IF($W27<>"",$W27,IF($AC27=$AC26,AO26,"")) -> a | AP27: =IF(AL27<>"",AL27,IF($AC27=$AC26,AP26,"")) -> d | AQ27: =IF(AM27<>"",AM27,IF($AC27=$AC26,AQ26,"")) -> o | AR27: =IF(AN27<>"",AN27,IF($AC27=$AC26,AR26,"")) -> Away | AS27: =IF(AO27<>"",AO27,IF($AC27=$AC26,AS26,"")) -> a | AT27: =IF(AND(AI27="e",OR(BE27="Save",BF27="Turnover_Takeaway",BF27="Play_Defensive")),"Defensive",IF(AND(AI27="o",OR(BE27="Save",BF27="Turnover_Takeaway",BF27="Play_Defensive")),"Offensive",IF(OR(BE27="Deadice",BE27="Stoppage",BE27="Intermission"),"",IF(AI27="e","Offensive",IF(AI27="o","Defensive",""))))) -> Offensive | AU27: =IF(U27<>"",U27+5000,"") | AV27: =IF(V27<>"",V27+6000,"") | AW27: {=IFERROR(IF(O27<>"",O27,IF(OR($S27="",$T27=""),"",IF(O27<>"",O27,IF($T27<>"",_xlfn._xlws.FILTER(O:O,($BU:$BU=$BU27)*($I:$I=$I27)*($T:$T=$T27)*($S:$S=_xlfn.MINIFS($S:$S,$T:$T,"="&$T27)),"")))))&"",IF(O27="","",""))&""} | AX27: {=IFERROR(IF(P27<>"",P27,IF(OR($S27="",$T27=""),"",IF($T27<>"",_xlfn._xlws.FILTER(P:P,($BU:$BU=$BU27)*($I:$I=$I27)*($T:$T=$T27)*($S:$S=_xlfn.MINIFS($S:$S,$T:$T,"="&$T27)),""))))&"",IF(P27="","",""))&""} | AY27: {=IFERROR(IF(Q27<>"",Q27,IF(OR($S27="",$T27=""),"",IF($T27<>"",_xlfn._xlws.FILTER(Q:Q,($BU:$BU=$BU27)*($I:$I=$I27)*($T:$T=$T27)*($S:$S=_xlfn.MINIFS($S:$S,$T:$T,"="&$T27)),""))))&"",IF(Q27="","",""))&""} | AZ27: {=IFERROR(IF(R27<>"",R27,IF(OR($S27="",$T27=""),"",IF($T27<>"",_xlfn._xlws.FILTER(R:R,($BU:$BU=$BU27)*($I:$I=$I27)*($T:$T=$T27)*($S:$S=_xlfn.MINIFS($S:$S,$T:$T,"="&$T27)),""))))&"",IF(R27="","",""))&""} | BA27: =IF(OR(L27="Zone_Entry",L27="Zone_Exit"),BA26+1,BA26) -> 4 | BB27: =BB26 -> 18987 | BC27: =BC26 -> Velodrome | BD27: =BD26 -> Outlaws | BE27: Zone_Entry_Exit | BF27: Zone_Entry | BI27: {=IFERROR(_xlfn._xlws.FILTER(shifts!A:A,(shifts!B:B=events!AD27)*(shifts!AG:AG>=events!BK27)*(shifts!AH:AH<=events!BL27)),BI26)} -> 1 | BJ27: =IF(AND(AG27="",AH27=""),0,((AE27*60)+AF27)-((AG27*60)+AH27)) -> 1 | BK27: =(AE27*60)+AF27 -> 1066 | BL27: =IF(AND(AG27="",AH27=""),BK27,((AG27*60)+AH27)) -> 1065 | BM27: =SUMIFS(BJ$2:BJ27,K$2:K27,"=Intermission")+SUMIFS(BJ$2:BJ27,K$2:K27,"=Timeout") -> 0 | BN27: =IF(AD27=1,0,IF(AD27=2,1080+BM27,IF(AD27=3,(1080*2)+BM27,0))) -> 0 | BO27: =IF(K27="Intermission",BO26,((1080)-((AE27*60)+AF27))+BN27) -> 14 | BP27: =IF(BO27<5,0,BO27-5) -> 9 | BQ27: =BP27+BJ27+5 -> 15 | BR27: =IF(AI27="e","event_team_player_"&BS27,IF(AI27="o","opp_team_player_"&BS27,"")) -> event_team_player_2 | BS27: =COUNTIFS(S$3:S27,"="&S27,AI$3:AI27,"="&AI27) -> 2 | BT27: =IFERROR(VLOOKUP(BB27&BU27&X27,game_rosters!U:W,3,FALSE),"") -> P100031 | BU27: =IF(AR27="","",IF(AND(AR27="Away",AI27="e"),BD27,IF(AND(AR27="Home",AI27="e"),BC27,IF(AND(AR27="Away",AI27="o"),BC27,IF(AND(AR27="Home",AI27="o"),BD27))))) -> Outlaws
A28: =IF(K28<>"",1,IF(D28="x","x","")) | I28: 91 | J28: =IF(OR(K28="Goal",K28="Shot",L28="Zone_Entry",M28="Stoppage-Goal",M27="Stoppage-Goal"),"o",IF(OR(K28="Save",K28="Rebound",L28="Zone_Exit",M28="Stoppage-GoalieStoppage",M27="Stoppage-GoalieStoppage"),"d",IF(OR(L28="Faceoff_AfterGoal",L28="Faceoff_PeriodStart",698="Faceoff_GameStart",M27="Stoppage-Goal"),"n",""))) | N28: s | S28: 12 | U28: =IF(B28=1,MAX($U$2:$U27)+1,IF(AND($T28<>"",$T28=$T27),$U27,IF(B28="x",U27,""))) | V28: =IF(C28=1,MAX($V$2:$V27)+1,IF(AND($T28<>"",$T28=$T27),$U27,IF(C28="x",V27,""))) | X28: 91 | AA28: =S28+1000 -> 1012 | AB28: =IF(T28<>"",9000+T28,"") | AC28: =IF(AB28<>"",AB28,S28+1000) -> 1012 | AD28: 1 | AE28: 17 | AF28: 46 | AG28: 17 | AH28: 45 | AI28: =IF(Z28="x","",IF(Z28=1,"e","o")) -> o | AJ28: =IF($J28<>"",$J28,IF($AC28=$AC27,AJ27,"")) -> o | AK28: =IF($J28<>"",$J28,IF($AC28=$AC27,AK27,"")) -> o | AL28: =IF($W28="","",IF($AJ28="","",IF($W28="h",$AJ28,IF($AJ28="n","n",IF(AND($W28="a",$AJ28="d"),"o",IF(AND($W28="a",$AJ28="o"),"d")))))) | AM28: =IF($W28="","",IF(J28="","",IF(AL28="n","n",IF(AL28="d","o",IF(AL28="o","d",""))))) | AN28: =IF(AO28="H","Home",IF(AO28="A","Away","")) -> Away | AO28: =IF($W28<>"",$W28,IF($AC28=$AC27,AO27,"")) -> a | AP28: =IF(AL28<>"",AL28,IF($AC28=$AC27,AP27,"")) -> d | AQ28: =IF(AM28<>"",AM28,IF($AC28=$AC27,AQ27,"")) -> o | AR28: =IF(AN28<>"",AN28,IF($AC28=$AC27,AR27,"")) -> Away | AS28: =IF(AO28<>"",AO28,IF($AC28=$AC27,AS27,"")) -> a | AT28: =IF(AND(AI28="e",OR(BE28="Save",BF28="Turnover_Takeaway",BF28="Play_Defensive")),"Defensive",IF(AND(AI28="o",OR(BE28="Save",BF28="Turnover_Takeaway",BF28="Play_Defensive")),"Offensive",IF(OR(BE28="Deadice",BE28="Stoppage",BE28="Intermission"),"",IF(AI28="e","Offensive",IF(AI28="o","Defensive",""))))) -> Defensive | AU28: =IF(U28<>"",U28+5000,"") | AV28: =IF(V28<>"",V28+6000,"") | AW28: {=IFERROR(IF(O28<>"",O28,IF(OR($S28="",$T28=""),"",IF(O28<>"",O28,IF($T28<>"",_xlfn._xlws.FILTER(O:O,($BU:$BU=$BU28)*($I:$I=$I28)*($T:$T=$T28)*($S:$S=_xlfn.MINIFS($S:$S,$T:$T,"="&$T28)),"")))))&"",IF(O28="","",""))&""} | AX28: {=IFERROR(IF(P28<>"",P28,IF(OR($S28="",$T28=""),"",IF($T28<>"",_xlfn._xlws.FILTER(P:P,($BU:$BU=$BU28)*($I:$I=$I28)*($T:$T=$T28)*($S:$S=_xlfn.MINIFS($S:$S,$T:$T,"="&$T28)),""))))&"",IF(P28="","",""))&""} | AY28: {=IFERROR(IF(Q28<>"",Q28,IF(OR($S28="",$T28=""),"",IF($T28<>"",_xlfn._xlws.FILTER(Q:Q,($BU:$BU=$BU28)*($I:$I=$I28)*($T:$T=$T28)*($S:$S=_xlfn.MINIFS($S:$S,$T:$T,"="&$T28)),""))))&"",IF(Q28="","",""))&""} | AZ28: {=IFERROR(IF(R28<>"",R28,IF(OR($S28="",$T28=""),"",IF($T28<>"",_xlfn._xlws.FILTER(R:R,($BU:$BU=$BU28)*($I:$I=$I28)*($T:$T=$T28)*($S:$S=_xlfn.MINIFS($S:$S,$T:$T,"="&$T28)),""))))&"",IF(R28="","",""))&""} | BA28: =IF(OR(L28="Zone_Entry",L28="Zone_Exit"),BA27+1,BA27) -> 4 | BB28: =BB27 -> 18987 | BC28: =BC27 -> Velodrome | BD28: =BD27 -> Outlaws | BE28: Zone_Entry_Exit | BF28: Zone_Entry | BI28: {=IFERROR(_xlfn._xlws.FILTER(shifts!A:A,(shifts!B:B=events!AD28)*(shifts!AG:AG>=events!BK28)*(shifts!AH:AH<=events!BL28)),BI27)} -> 1 | BJ28: =IF(AND(AG28="",AH28=""),0,((AE28*60)+AF28)-((AG28*60)+AH28)) -> 1 | BK28: =(AE28*60)+AF28 -> 1066 | BL28: =IF(AND(AG28="",AH28=""),BK28,((AG28*60)+AH28)) -> 1065 | BM28: =SUMIFS(BJ$2:BJ28,K$2:K28,"=Intermission")+SUMIFS(BJ$2:BJ28,K$2:K28,"=Timeout") -> 0 | BN28: =IF(AD28=1,0,IF(AD28=2,1080+BM28,IF(AD28=3,(1080*2)+BM28,0))) -> 0 | BO28: =IF(K28="Intermission",BO27,((1080)-((AE28*60)+AF28))+BN28) -> 14 | BP28: =IF(BO28<5,0,BO28-5) -> 9 | BQ28: =BP28+BJ28+5 -> 15 | BR28: =IF(AI28="e","event_team_player_"&BS28,IF(AI28="o","opp_team_player_"&BS28,"")) -> opp_team_player_1 | BS28: =COUNTIFS(S$3:S28,"="&S28,AI$3:AI28,"="&AI28) -> 1 | BT28: =IFERROR(VLOOKUP(BB28&BU28&X28,game_rosters!U:W,3,FALSE),"") -> P100002 | BU28: =IF(AR28="","",IF(AND(AR28="Away",AI28="e"),BD28,IF(AND(AR28="Home",AI28="e"),BC28,IF(AND(AR28="Away",AI28="o"),BC28,IF(AND(AR28="Home",AI28="o"),BD28))))) -> Velodrome
A29: =IF(K29<>"",1,IF(D29="x","x","")) | I29: 9 | J29: =IF(OR(K29="Goal",K29="Shot",L29="Zone_Entry",M29="Stoppage-Goal",M28="Stoppage-Goal"),"o",IF(OR(K29="Save",K29="Rebound",L29="Zone_Exit",M29="Stoppage-GoalieStoppage",M28="Stoppage-GoalieStoppage"),"d",IF(OR(L29="Faceoff_AfterGoal",L29="Faceoff_PeriodStart",698="Faceoff_GameStart",M28="Stoppage-Goal"),"n",""))) | N29: s | S29: 12 | U29: =IF(B29=1,MAX($U$2:$U28)+1,IF(AND($T29<>"",$T29=$T28),$U28,IF(B29="x",U28,""))) | V29: =IF(C29=1,MAX($V$2:$V28)+1,IF(AND($T29<>"",$T29=$T28),$U28,IF(C29="x",V28,""))) | X29: 9 | AA29: =S29+1000 -> 1012 | AB29: =IF(T29<>"",9000+T29,"") | AC29: =IF(AB29<>"",AB29,S29+1000) -> 1012 | AD29: 1 | AE29: 17 | AF29: 46 | AG29: 17 | AH29: 45 | AI29: =IF(Z29="x","",IF(Z29=1,"e","o")) -> o | AJ29: =IF($J29<>"",$J29,IF($AC29=$AC28,AJ28,"")) -> o | AK29: =IF($J29<>"",$J29,IF($AC29=$AC28,AK28,"")) -> o | AL29: =IF($W29="","",IF($AJ29="","",IF($W29="h",$AJ29,IF($AJ29="n","n",IF(AND($W29="a",$AJ29="d"),"o",IF(AND($W29="a",$AJ29="o"),"d")))))) | AM29: =IF($W29="","",IF(J29="","",IF(AL29="n","n",IF(AL29="d","o",IF(AL29="o","d",""))))) | AN29: =IF(AO29="H","Home",IF(AO29="A","Away","")) -> Away | AO29: =IF($W29<>"",$W29,IF($AC29=$AC28,AO28,"")) -> a | AP29: =IF(AL29<>"",AL29,IF($AC29=$AC28,AP28,"")) -> d | AQ29: =IF(AM29<>"",AM29,IF($AC29=$AC28,AQ28,"")) -> o | AR29: =IF(AN29<>"",AN29,IF($AC29=$AC28,AR28,"")) -> Away | AS29: =IF(AO29<>"",AO29,IF($AC29=$AC28,AS28,"")) -> a | AT29: =IF(AND(AI29="e",OR(BE29="Save",BF29="Turnover_Takeaway",BF29="Play_Defensive")),"Defensive",IF(AND(AI29="o",OR(BE29="Save",BF29="Turnover_Takeaway",BF29="Play_Defensive")),"Offensive",IF(OR(BE29="Deadice",BE29="Stoppage",BE29="Intermission"),"",IF(AI29="e","Offensive",IF(AI29="o","Defensive",""))))) -> Defensive | AU29: =IF(U29<>"",U29+5000,"") | AV29: =IF(V29<>"",V29+6000,"") | AW29: {=IFERROR(IF(O29<>"",O29,IF(OR($S29="",$T29=""),"",IF(O29<>"",O29,IF($T29<>"",_xlfn._xlws.FILTER(O:O,($BU:$BU=$BU29)*($I:$I=$I29)*($T:$T=$T29)*($S:$S=_xlfn.MINIFS($S:$S,$T:$T,"="&$T29)),"")))))&"",IF(O29="","",""))&""} | AX29: {=IFERROR(IF(P29<>"",P29,IF(OR($S29="",$T29=""),"",IF($T29<>"",_xlfn._xlws.FILTER(P:P,($BU:$BU=$BU29)*($I:$I=$I29)*($T:$T=$T29)*($S:$S=_xlfn.MINIFS($S:$S,$T:$T,"="&$T29)),""))))&"",IF(P29="","",""))&""} | AY29: {=IFERROR(IF(Q29<>"",Q29,IF(OR($S29="",$T29=""),"",IF($T29<>"",_xlfn._xlws.FILTER(Q:Q,($BU:$BU=$BU29)*($I:$I=$I29)*($T:$T=$T29)*($S:$S=_xlfn.MINIFS($S:$S,$T:$T,"="&$T29)),""))))&"",IF(Q29="","",""))&""} | AZ29: {=IFERROR(IF(R29<>"",R29,IF(OR($S29="",$T29=""),"",IF($T29<>"",_xlfn._xlws.FILTER(R:R,($BU:$BU=$BU29)*($I:$I=$I29)*($T:$T=$T29)*($S:$S=_xlfn.MINIFS($S:$S,$T:$T,"="&$T29)),""))))&"",IF(R29="","",""))&""} | BA29: =IF(OR(L29="Zone_Entry",L29="Zone_Exit"),BA28+1,BA28) -> 4 | BB29: =BB28 -> 18987 | BC29: =BC28 -> Velodrome | BD29: =BD28 -> Outlaws | BE29: Zone_Entry_Exit | BF29: Zone_Entry | BI29: {=IFERROR(_xlfn._xlws.FILTER(shifts!A:A,(shifts!B:B=events!AD29)*(shifts!AG:AG>=events!BK29)*(shifts!AH:AH<=events!BL29)),BI28)} -> 1 | BJ29: =IF(AND(AG29="",AH29=""),0,((AE29*60)+AF29)-((AG29*60)+AH29)) -> 1 | BK29: =(AE29*60)+AF29 -> 1066 | BL29: =IF(AND(AG29="",AH29=""),BK29,((AG29*60)+AH29)) -> 1065 | BM29: =SUMIFS(BJ$2:BJ29,K$2:K29,"=Intermission")+SUMIFS(BJ$2:BJ29,K$2:K29,"=Timeout") -> 0 | BN29: =IF(AD29=1,0,IF(AD29=2,1080+BM29,IF(AD29=3,(1080*2)+BM29,0))) -> 0 | BO29: =IF(K29="Intermission",BO28,((1080)-((AE29*60)+AF29))+BN29) -> 14 | BP29: =IF(BO29<5,0,BO29-5) -> 9 | BQ29: =BP29+BJ29+5 -> 15 | BR29: =IF(AI29="e","event_team_player_"&BS29,IF(AI29="o","opp_team_player_"&BS29,"")) -> opp_team_player_2 | BS29: =COUNTIFS(S$3:S29,"="&S29,AI$3:AI29,"="&AI29) -> 2 | BT29: =IFERROR(VLOOKUP(BB29&BU29&X29,game_rosters!U:W,3,FALSE),"") -> P100105 | BU29: =IF(AR29="","",IF(AND(AR29="Away",AI29="e"),BD29,IF(AND(AR29="Home",AI29="e"),BC29,IF(AND(AR29="Away",AI29="o"),BC29,IF(AND(AR29="Home",AI29="o"),BD29))))) -> Velodrome
A30: =IF(K30<>"",1,IF(D30="x","x","")) | I30: 14 | J30: =IF(OR(K30="Goal",K30="Shot",L30="Zone_Entry",M30="Stoppage-Goal",M29="Stoppage-Goal"),"o",IF(OR(K30="Save",K30="Rebound",L30="Zone_Exit",M30="Stoppage-GoalieStoppage",M29="Stoppage-GoalieStoppage"),"d",IF(OR(L30="Faceoff_AfterGoal",L30="Faceoff_PeriodStart",698="Faceoff_GameStart",M29="Stoppage-Goal"),"n",""))) | N30: s | S30: 12 | U30: =IF(B30=1,MAX($U$2:$U29)+1,IF(AND($T30<>"",$T30=$T29),$U29,IF(B30="x",U29,""))) | V30: =IF(C30=1,MAX($V$2:$V29)+1,IF(AND($T30<>"",$T30=$T29),$U29,IF(C30="x",V29,""))) | X30: 14 | AA30: =S30+1000 -> 1012 | AB30: =IF(T30<>"",9000+T30,"") | AC30: =IF(AB30<>"",AB30,S30+1000) -> 1012 | AD30: 1 | AE30: 17 | AF30: 46 | AG30: 17 | AH30: 45 | AI30: =IF(Z30="x","",IF(Z30=1,"e","o")) -> o | AJ30: =IF($J30<>"",$J30,IF($AC30=$AC29,AJ29,"")) -> o | AK30: =IF($J30<>"",$J30,IF($AC30=$AC29,AK29,"")) -> o | AL30: =IF($W30="","",IF($AJ30="","",IF($W30="h",$AJ30,IF($AJ30="n","n",IF(AND($W30="a",$AJ30="d"),"o",IF(AND($W30="a",$AJ30="o"),"d")))))) | AM30: =IF($W30="","",IF(J30="","",IF(AL30="n","n",IF(AL30="d","o",IF(AL30="o","d",""))))) | AN30: =IF(AO30="H","Home",IF(AO30="A","Away","")) -> Away | AO30: =IF($W30<>"",$W30,IF($AC30=$AC29,AO29,"")) -> a | AP30: =IF(AL30<>"",AL30,IF($AC30=$AC29,AP29,"")) -> d | AQ30: =IF(AM30<>"",AM30,IF($AC30=$AC29,AQ29,"")) -> o | AR30: =IF(AN30<>"",AN30,IF($AC30=$AC29,AR29,"")) -> Away | AS30: =IF(AO30<>"",AO30,IF($AC30=$AC29,AS29,"")) -> a | AT30: =IF(AND(AI30="e",OR(BE30="Save",BF30="Turnover_Takeaway",BF30="Play_Defensive")),"Defensive",IF(AND(AI30="o",OR(BE30="Save",BF30="Turnover_Takeaway",BF30="Play_Defensive")),"Offensive",IF(OR(BE30="Deadice",BE30="Stoppage",BE30="Intermission"),"",IF(AI30="e","Offensive",IF(AI30="o","Defensive",""))))) -> Defensive | AU30: =IF(U30<>"",U30+5000,"") | AV30: =IF(V30<>"",V30+6000,"") | AW30: {=IFERROR(IF(O30<>"",O30,IF(OR($S30="",$T30=""),"",IF(O30<>"",O30,IF($T30<>"",_xlfn._xlws.FILTER(O:O,($BU:$BU=$BU30)*($I:$I=$I30)*($T:$T=$T30)*($S:$S=_xlfn.MINIFS($S:$S,$T:$T,"="&$T30)),"")))))&"",IF(O30="","",""))&""} | AX30: {=IFERROR(IF(P30<>"",P30,IF(OR($S30="",$T30=""),"",IF($T30<>"",_xlfn._xlws.FILTER(P:P,($BU:$BU=$BU30)*($I:$I=$I30)*($T:$T=$T30)*($S:$S=_xlfn.MINIFS($S:$S,$T:$T,"="&$T30)),""))))&"",IF(P30="","",""))&""} | AY30: {=IFERROR(IF(Q30<>"",Q30,IF(OR($S30="",$T30=""),"",IF($T30<>"",_xlfn._xlws.FILTER(Q:Q,($BU:$BU=$BU30)*($I:$I=$I30)*($T:$T=$T30)*($S:$S=_xlfn.MINIFS($S:$S,$T:$T,"="&$T30)),""))))&"",IF(Q30="","",""))&""} | AZ30: {=IFERROR(IF(R30<>"",R30,IF(OR($S30="",$T30=""),"",IF($T30<>"",_xlfn._xlws.FILTER(R:R,($BU:$BU=$BU30)*($I:$I=$I30)*($T:$T=$T30)*($S:$S=_xlfn.MINIFS($S:$S,$T:$T,"="&$T30)),""))))&"",IF(R30="","",""))&""} | BA30: =IF(OR(L30="Zone_Entry",L30="Zone_Exit"),BA29+1,BA29) -> 4 | BB30: =BB29 -> 18987 | BC30: =BC29 -> Velodrome | BD30: =BD29 -> Outlaws | BE30: Zone_Entry_Exit | BF30: Zone_Entry | BI30: {=IFERROR(_xlfn._xlws.FILTER(shifts!A:A,(shifts!B:B=events!AD30)*(shifts!AG:AG>=events!BK30)*(shifts!AH:AH<=events!BL30)),BI29)} -> 1 | BJ30: =IF(AND(AG30="",AH30=""),0,((AE30*60)+AF30)-((AG30*60)+AH30)) -> 1 | BK30: =(AE30*60)+AF30 -> 1066 | BL30: =IF(AND(AG30="",AH30=""),BK30,((AG30*60)+AH30)) -> 1065 | BM30: =SUMIFS(BJ$2:BJ30,K$2:K30,"=Intermission")+SUMIFS(BJ$2:BJ30,K$2:K30,"=Timeout") -> 0 | BN30: =IF(AD30=1,0,IF(AD30=2,1080+BM30,IF(AD30=3,(1080*2)+BM30,0))) -> 0 | BO30: =IF(K30="Intermission",BO29,((1080)-((AE30*60)+AF30))+BN30) -> 14 | BP30: =IF(BO30<5,0,BO30-5) -> 9 | BQ30: =BP30+BJ30+5 -> 15 | BR30: =IF(AI30="e","event_team_player_"&BS30,IF(AI30="o","opp_team_player_"&BS30,"")) -> opp_team_player_3 | BS30: =COUNTIFS(S$3:S30,"="&S30,AI$3:AI30,"="&AI30) -> 3 | BT30: =IFERROR(VLOOKUP(BB30&BU30&X30,game_rosters!U:W,3,FALSE),"") -> P100132 | BU30: =IF(AR30="","",IF(AND(AR30="Away",AI30="e"),BD30,IF(AND(AR30="Home",AI30="e"),BC30,IF(AND(AR30="Away",AI30="o"),BC30,IF(AND(AR30="Home",AI30="o"),BD30))))) -> Velodrome
A31: =IF(K31<>"",1,IF(D31="x","x","")) -> 1 | I31: 77 | J31: =IF(OR(K31="Goal",K31="Shot",L31="Zone_Entry",M31="Stoppage-Goal",M30="Stoppage-Goal"),"o",IF(OR(K31="Save",K31="Rebound",L31="Zone_Exit",M31="Stoppage-GoalieStoppage",M30="Stoppage-GoalieStoppage"),"d",IF(OR(L31="Faceoff_AfterGoal",L31="Faceoff_PeriodStart",698="Faceoff_GameStart",M30="Stoppage-Goal"),"n",""))) -> o | K31: Shot | L31: Shot_Blocked | M31: Shot-Wrist | R31: 1 | S31: 13 | T31: 4 | U31: =IF(B31=1,MAX($U$2:$U30)+1,IF(AND($T31<>"",$T31=$T30),$U30,IF(B31="x",U30,""))) | V31: =IF(C31=1,MAX($V$2:$V30)+1,IF(AND($T31<>"",$T31=$T30),$U30,IF(C31="x",V30,""))) | W31: a | X31: 77 | Z31: 1 | AA31: =S31+1000 -> 1013 | AB31: =IF(T31<>"",9000+T31,"") -> 9004 | AC31: =IF(AB31<>"",AB31,S31+1000) -> 9004 | AD31: 1 | AE31: 17 | AF31: 45 | AI31: =IF(Z31="x","",IF(Z31=1,"e","o")) -> e | AJ31: =IF($J31<>"",$J31,IF($AC31=$AC30,AJ30,"")) -> o | AK31: =IF($J31<>"",$J31,IF($AC31=$AC30,AK30,"")) -> o | AL31: =IF($W31="","",IF($AJ31="","",IF($W31="h",$AJ31,IF($AJ31="n","n",IF(AND($W31="a",$AJ31="d"),"o",IF(AND($W31="a",$AJ31="o"),"d")))))) -> d | AM31: =IF($W31="","",IF(J31="","",IF(AL31="n","n",IF(AL31="d","o",IF(AL31="o","d",""))))) -> o | AN31: =IF(AO31="H","Home",IF(AO31="A","Away","")) -> Away | AO31: =IF($W31<>"",$W31,IF($AC31=$AC30,AO30,"")) -> a | AP31: =IF(AL31<>"",AL31,IF($AC31=$AC30,AP30,"")) -> d | AQ31: =IF(AM31<>"",AM31,IF($AC31=$AC30,AQ30,"")) -> o | AR31: =IF(AN31<>"",AN31,IF($AC31=$AC30,AR30,"")) -> Away | AS31: =IF(AO31<>"",AO31,IF($AC31=$AC30,AS30,"")) -> a | AT31: =IF(AND(AI31="e",OR(BE31="Save",BF31="Turnover_Takeaway",BF31="Play_Defensive")),"Defensive",IF(AND(AI31="o",OR(BE31="Save",BF31="Turnover_Takeaway",BF31="Play_Defensive")),"Offensive",IF(OR(BE31="Deadice",BE31="Stoppage",BE31="Intermission"),"",IF(AI31="e","Offensive",IF(AI31="o","Defensive",""))))) -> Offensive | AU31: =IF(U31<>"",U31+5000,"") | AV31: =IF(V31<>"",V31+6000,"") | AW31: {=IFERROR(IF(O31<>"",O31,IF(OR($S31="",$T31=""),"",IF(O31<>"",O31,IF($T31<>"",_xlfn._xlws.FILTER(O:O,($BU:$BU=$BU31)*($I:$I=$I31)*($T:$T=$T31)*($S:$S=_xlfn.MINIFS($S:$S,$T:$T,"="&$T31)),"")))))&"",IF(O31="","",""))&""} | AX31: {=IFERROR(IF(P31<>"",P31,IF(OR($S31="",$T31=""),"",IF($T31<>"",_xlfn._xlws.FILTER(P:P,($BU:$BU=$BU31)*($I:$I=$I31)*($T:$T=$T31)*($S:$S=_xlfn.MINIFS($S:$S,$T:$T,"="&$T31)),""))))&"",IF(P31="","",""))&""} | AY31: {=IFERROR(IF(Q31<>"",Q31,IF(OR($S31="",$T31=""),"",IF($T31<>"",_xlfn._xlws.FILTER(Q:Q,($BU:$BU=$BU31)*($I:$I=$I31)*($T:$T=$T31)*($S:$S=_xlfn.MINIFS($S:$S,$T:$T,"="&$T31)),""))))&"",IF(Q31="","",""))&""} | AZ31: {=IFERROR(IF(R31<>"",R31,IF(OR($S31="",$T31=""),"",IF($T31<>"",_xlfn._xlws.FILTER(R:R,($BU:$BU=$BU31)*($I:$I=$I31)*($T:$T=$T31)*($S:$S=_xlfn.MINIFS($S:$S,$T:$T,"="&$T31)),""))))&"",IF(R31="","",""))&""} -> 1 | BA31: =IF(OR(L31="Zone_Entry",L31="Zone_Exit"),BA30+1,BA30) -> 4 | BB31: =BB30 -> 18987 | BC31: =BC30 -> Velodrome | BD31: =BD30 -> Outlaws | BE31: Shot | BF31: Shot_Blocked | BI31: {=IFERROR(_xlfn._xlws.FILTER(shifts!A:A,(shifts!B:B=events!AD31)*(shifts!AG:AG>=events!BK31)*(shifts!AH:AH<=events!BL31)),BI30)} -> 1 | BJ31: =IF(AND(AG31="",AH31=""),0,((AE31*60)+AF31)-((AG31*60)+AH31)) -> 0 | BK31: =(AE31*60)+AF31 -> 1065 | BL31: =IF(AND(AG31="",AH31=""),BK31,((AG31*60)+AH31)) -> 1065 | BM31: =SUMIFS(BJ$2:BJ31,K$2:K31,"=Intermission")+SUMIFS(BJ$2:BJ31,K$2:K31,"=Timeout") -> 0 | BN31: =IF(AD31=1,0,IF(AD31=2,1080+BM31,IF(AD31=3,(1080*2)+BM31,0))) -> 0 | BO31: =IF(K31="Intermission",BO30,((1080)-((AE31*60)+AF31))+BN31) -> 15 | BP31: =IF(BO31<5,0,BO31-5) -> 10 | BQ31: =BP31+BJ31+5 -> 15 | BR31: =IF(AI31="e","event_team_player_"&BS31,IF(AI31="o","opp_team_player_"&BS31,"")) -> event_team_player_1 | BS31: =COUNTIFS(S$3:S31,"="&S31,AI$3:AI31,"="&AI31) -> 1 | BT31: =IFERROR(VLOOKUP(BB31&BU31&X31,game_rosters!U:W,3,FALSE),"") -> P100185 | BU31: =IF(AR31="","",IF(AND(AR31="Away",AI31="e"),BD31,IF(AND(AR31="Home",AI31="e"),BC31,IF(AND(AR31="Away",AI31="o"),BC31,IF(AND(AR31="Home",AI31="o"),BD31))))) -> Outlaws
A32: =IF(K32<>"",1,IF(D32="x","x","")) | I32: 9 | J32: =IF(OR(K32="Goal",K32="Shot",L32="Zone_Entry",M32="Stoppage-Goal",M31="Stoppage-Goal"),"o",IF(OR(K32="Save",K32="Rebound",L32="Zone_Exit",M32="Stoppage-GoalieStoppage",M31="Stoppage-GoalieStoppage"),"d",IF(OR(L32="Faceoff_AfterGoal",L32="Faceoff_PeriodStart",698="Faceoff_GameStart",M31="Stoppage-Goal"),"n",""))) | O32: Defensive_PlayShot-BlockedShot | Q32: s | R32: 1 | S32: 13 | T32: 4 | U32: =IF(B32=1,MAX($U$2:$U31)+1,IF(AND($T32<>"",$T32=$T31),$U31,IF(B32="x",U31,""))) | V32: =IF(C32=1,MAX($V$2:$V31)+1,IF(AND($T32<>"",$T32=$T31),$U31,IF(C32="x",V31,""))) | X32: 9 | AA32: =S32+1000 -> 1013 | AB32: =IF(T32<>"",9000+T32,"") -> 9004 | AC32: =IF(AB32<>"",AB32,S32+1000) -> 9004 | AD32: 1 | AE32: 17 | AF32: 45 | AI32: =IF(Z32="x","",IF(Z32=1,"e","o")) -> o | AJ32: =IF($J32<>"",$J32,IF($AC32=$AC31,AJ31,"")) -> o | AK32: =IF($J32<>"",$J32,IF($AC32=$AC31,AK31,"")) -> o | AL32: =IF($W32="","",IF($AJ32="","",IF($W32="h",$AJ32,IF($AJ32="n","n",IF(AND($W32="a",$AJ32="d"),"o",IF(AND($W32="a",$AJ32="o"),"d")))))) | AM32: =IF($W32="","",IF(J32="","",IF(AL32="n","n",IF(AL32="d","o",IF(AL32="o","d",""))))) | AN32: =IF(AO32="H","Home",IF(AO32="A","Away","")) -> Away | AO32: =IF($W32<>"",$W32,IF($AC32=$AC31,AO31,"")) -> a | AP32: =IF(AL32<>"",AL32,IF($AC32=$AC31,AP31,"")) -> d | AQ32: =IF(AM32<>"",AM32,IF($AC32=$AC31,AQ31,"")) -> o | AR32: =IF(AN32<>"",AN32,IF($AC32=$AC31,AR31,"")) -> Away | AS32: =IF(AO32<>"",AO32,IF($AC32=$AC31,AS31,"")) -> a | AT32: =IF(AND(AI32="e",OR(BE32="Save",BF32="Turnover_Takeaway",BF32="Play_Defensive")),"Defensive",IF(AND(AI32="o",OR(BE32="Save",BF32="Turnover_Takeaway",BF32="Play_Defensive")),"Offensive",IF(OR(BE32="Deadice",BE32="Stoppage",BE32="Intermission"),"",IF(AI32="e","Offensive",IF(AI32="o","Defensive",""))))) -> Defensive | AU32: =IF(U32<>"",U32+5000,"") | AV32: =IF(V32<>"",V32+6000,"") | AW32: {=IFERROR(IF(O32<>"",O32,IF(OR($S32="",$T32=""),"",IF(O32<>"",O32,IF($T32<>"",_xlfn._xlws.FILTER(O:O,($BU:$BU=$BU32)*($I:$I=$I32)*($T:$T=$T32)*($S:$S=_xlfn.MINIFS($S:$S,$T:$T,"="&$T32)),"")))))&"",IF(O32="","",""))&""} -> Defensive_PlayShot-BlockedShot | AX32: {=IFERROR(IF(P32<>"",P32,IF(OR($S32="",$T32=""),"",IF($T32<>"",_xlfn._xlws.FILTER(P:P,($BU:$BU=$BU32)*($I:$I=$I32)*($T:$T=$T32)*($S:$S=_xlfn.MINIFS($S:$S,$T:$T,"="&$T32)),""))))&"",IF(P32="","",""))&""} | AY32: {=IFERROR(IF(Q32<>"",Q32,IF(OR($S32="",$T32=""),"",IF($T32<>"",_xlfn._xlws.FILTER(Q:Q,($BU:$BU=$BU32)*($I:$I=$I32)*($T:$T=$T32)*($S:$S=_xlfn.MINIFS($S:$S,$T:$T,"="&$T32)),""))))&"",IF(Q32="","",""))&""} -> s | AZ32: {=IFERROR(IF(R32<>"",R32,IF(OR($S32="",$T32=""),"",IF($T32<>"",_xlfn._xlws.FILTER(R:R,($BU:$BU=$BU32)*($I:$I=$I32)*($T:$T=$T32)*($S:$S=_xlfn.MINIFS($S:$S,$T:$T,"="&$T32)),""))))&"",IF(R32="","",""))&""} -> 1 | BA32: =IF(OR(L32="Zone_Entry",L32="Zone_Exit"),BA31+1,BA31) -> 4 | BB32: =BB31 -> 18987 | BC32: =BC31 -> Velodrome | BD32: =BD31 -> Outlaws | BE32: Shot | BF32: Shot_Blocked | BI32: {=IFERROR(_xlfn._xlws.FILTER(shifts!A:A,(shifts!B:B=events!AD32)*(shifts!AG:AG>=events!BK32)*(shifts!AH:AH<=events!BL32)),BI31)} -> 1 | BJ32: =IF(AND(AG32="",AH32=""),0,((AE32*60)+AF32)-((AG32*60)+AH32)) -> 0 | BK32: =(AE32*60)+AF32 -> 1065 | BL32: =IF(AND(AG32="",AH32=""),BK32,((AG32*60)+AH32)) -> 1065 | BM32: =SUMIFS(BJ$2:BJ32,K$2:K32,"=Intermission")+SUMIFS(BJ$2:BJ32,K$2:K32,"=Timeout") -> 0 | BN32: =IF(AD32=1,0,IF(AD32=2,1080+BM32,IF(AD32=3,(1080*2)+BM32,0))) -> 0 | BO32: =IF(K32="Intermission",BO31,((1080)-((AE32*60)+AF32))+BN32) -> 15 | BP32: =IF(BO32<5,0,BO32-5) -> 10 | BQ32: =BP32+BJ32+5 -> 15 | BR32: =IF(AI32="e","event_team_player_"&BS32,IF(AI32="o","opp_team_player_"&BS32,"")) -> opp_team_player_1 | BS32: =COUNTIFS(S$3:S32,"="&S32,AI$3:AI32,"="&AI32) -> 1 | BT32: =IFERROR(VLOOKUP(BB32&BU32&X32,game_rosters!U:W,3,FALSE),"") -> P100105 | BU32: =IF(AR32="","",IF(AND(AR32="Away",AI32="e"),BD32,IF(AND(AR32="Home",AI32="e"),BC32,IF(AND(AR32="Away",AI32="o"),BC32,IF(AND(AR32="Home",AI32="o"),BD32))))) -> Velodrome
A33: =IF(K33<>"",1,IF(D33="x","x","")) -> 1 | I33: 77 | J33: =IF(OR(K33="Goal",K33="Shot",L33="Zone_Entry",M33="Stoppage-Goal",M32="Stoppage-Goal"),"o",IF(OR(K33="Save",K33="Rebound",L33="Zone_Exit",M33="Stoppage-GoalieStoppage",M32="Stoppage-GoalieStoppage"),"d",IF(OR(L33="Faceoff_AfterGoal",L33="Faceoff_PeriodStart",698="Faceoff_GameStart",M32="Stoppage-Goal"),"n",""))) | K33: Turnover | L33: Turnover_Giveaway | M33: Giveaway-ShotBlocked | R33: 1 | S33: 14 | T33: 4 | U33: =IF(B33=1,MAX($U$2:$U32)+1,IF(AND($T33<>"",$T33=$T32),$U32,IF(B33="x",U32,""))) | V33: =IF(C33=1,MAX($V$2:$V32)+1,IF(AND($T33<>"",$T33=$T32),$U32,IF(C33="x",V32,""))) | W33: a | X33: 77 | Z33: 1 | AA33: =S33+1000 -> 1014 | AB33: =IF(T33<>"",9000+T33,"") -> 9004 | AC33: =IF(AB33<>"",AB33,S33+1000) -> 9004 | AD33: 1 | AE33: 17 | AF33: 45 | AI33: =IF(Z33="x","",IF(Z33=1,"e","o")) -> e | AJ33: =IF($J33<>"",$J33,IF($AC33=$AC32,AJ32,"")) -> o | AK33: =IF($J33<>"",$J33,IF($AC33=$AC32,AK32,"")) -> o | AL33: =IF($W33="","",IF($AJ33="","",IF($W33="h",$AJ33,IF($AJ33="n","n",IF(AND($W33="a",$AJ33="d"),"o",IF(AND($W33="a",$AJ33="o"),"d")))))) -> d | AM33: =IF($W33="","",IF(J33="","",IF(AL33="n","n",IF(AL33="d","o",IF(AL33="o","d",""))))) | AN33: =IF(AO33="H","Home",IF(AO33="A","Away","")) -> Away | AO33: =IF($W33<>"",$W33,IF($AC33=$AC32,AO32,"")) -> a | AP33: =IF(AL33<>"",AL33,IF($AC33=$AC32,AP32,"")) -> d | AQ33: =IF(AM33<>"",AM33,IF($AC33=$AC32,AQ32,"")) -> o | AR33: =IF(AN33<>"",AN33,IF($AC33=$AC32,AR32,"")) -> Away | AS33: =IF(AO33<>"",AO33,IF($AC33=$AC32,AS32,"")) -> a | AT33: =IF(AND(AI33="e",OR(BE33="Save",BF33="Turnover_Takeaway",BF33="Play_Defensive")),"Defensive",IF(AND(AI33="o",OR(BE33="Save",BF33="Turnover_Takeaway",BF33="Play_Defensive")),"Offensive",IF(OR(BE33="Deadice",BE33="Stoppage",BE33="Intermission"),"",IF(AI33="e","Offensive",IF(AI33="o","Defensive",""))))) -> Offensive | AU33: =IF(U33<>"",U33+5000,"") | AV33: =IF(V33<>"",V33+6000,"") | AW33: {=IFERROR(IF(O33<>"",O33,IF(OR($S33="",$T33=""),"",IF(O33<>"",O33,IF($T33<>"",_xlfn._xlws.FILTER(O:O,($BU:$BU=$BU33)*($I:$I=$I33)*($T:$T=$T33)*($S:$S=_xlfn.MINIFS($S:$S,$T:$T,"="&$T33)),"")))))&"",IF(O33="","",""))&""} | AX33: {=IFERROR(IF(P33<>"",P33,IF(OR($S33="",$T33=""),"",IF($T33<>"",_xlfn._xlws.FILTER(P:P,($BU:$BU=$BU33)*($I:$I=$I33)*($T:$T=$T33)*($S:$S=_xlfn.MINIFS($S:$S,$T:$T,"="&$T33)),""))))&"",IF(P33="","",""))&""} | AY33: {=IFERROR(IF(Q33<>"",Q33,IF(OR($S33="",$T33=""),"",IF($T33<>"",_xlfn._xlws.FILTER(Q:Q,($BU:$BU=$BU33)*($I:$I=$I33)*($T:$T=$T33)*($S:$S=_xlfn.MINIFS($S:$S,$T:$T,"="&$T33)),""))))&"",IF(Q33="","",""))&""} | AZ33: {=IFERROR(IF(R33<>"",R33,IF(OR($S33="",$T33=""),"",IF($T33<>"",_xlfn._xlws.FILTER(R:R,($BU:$BU=$BU33)*($I:$I=$I33)*($T:$T=$T33)*($S:$S=_xlfn.MINIFS($S:$S,$T:$T,"="&$T33)),""))))&"",IF(R33="","",""))&""} -> 1 | BA33: =IF(OR(L33="Zone_Entry",L33="Zone_Exit"),BA32+1,BA32) -> 4 | BB33: =BB32 -> 18987 | BC33: =BC32 -> Velodrome | BD33: =BD32 -> Outlaws | BE33: Turnover | BF33: Turnover_Giveaway | BI33: {=IFERROR(_xlfn._xlws.FILTER(shifts!A:A,(shifts!B:B=events!AD33)*(shifts!AG:AG>=events!BK33)*(shifts!AH:AH<=events!BL33)),BI32)} -> 1 | BJ33: =IF(AND(AG33="",AH33=""),0,((AE33*60)+AF33)-((AG33*60)+AH33)) -> 0 | BK33: =(AE33*60)+AF33 -> 1065 | BL33: =IF(AND(AG33="",AH33=""),BK33,((AG33*60)+AH33)) -> 1065 | BM33: =SUMIFS(BJ$2:BJ33,K$2:K33,"=Intermission")+SUMIFS(BJ$2:BJ33,K$2:K33,"=Timeout") -> 0 | BN33: =IF(AD33=1,0,IF(AD33=2,1080+BM33,IF(AD33=3,(1080*2)+BM33,0))) -> 0 | BO33: =IF(K33="Intermission",BO32,((1080)-((AE33*60)+AF33))+BN33) -> 15 | BP33: =IF(BO33<5,0,BO33-5) -> 10 | BQ33: =BP33+BJ33+5 -> 15 | BR33: =IF(AI33="e","event_team_player_"&BS33,IF(AI33="o","opp_team_player_"&BS33,"")) -> event_team_player_1 | BS33: =COUNTIFS(S$3:S33,"="&S33,AI$3:AI33,"="&AI33) -> 1 | BT33: =IFERROR(VLOOKUP(BB33&BU33&X33,game_rosters!U:W,3,FALSE),"") -> P100185 | BU33: =IF(AR33="","",IF(AND(AR33="Away",AI33="e"),BD33,IF(AND(AR33="Home",AI33="e"),BC33,IF(AND(AR33="Away",AI33="o"),BC33,IF(AND(AR33="Home",AI33="o"),BD33))))) -> Outlaws
A34: =IF(K34<>"",1,IF(D34="x","x","")) | I34: 9 | J34: =IF(OR(K34="Goal",K34="Shot",L34="Zone_Entry",M34="Stoppage-Goal",M33="Stoppage-Goal"),"o",IF(OR(K34="Save",K34="Rebound",L34="Zone_Exit",M34="Stoppage-GoalieStoppage",M33="Stoppage-GoalieStoppage"),"d",IF(OR(L34="Faceoff_AfterGoal",L34="Faceoff_PeriodStart",698="Faceoff_GameStart",M33="Stoppage-Goal"),"n",""))) | S34: 14 | T34: 4 | U34: =IF(B34=1,MAX($U$2:$U33)+1,IF(AND($T34<>"",$T34=$T33),$U33,IF(B34="x",U33,""))) | V34: =IF(C34=1,MAX($V$2:$V33)+1,IF(AND($T34<>"",$T34=$T33),$U33,IF(C34="x",V33,""))) | W34: a | X34: 9 | AA34: =S34+1000 -> 1014 | AB34: =IF(T34<>"",9000+T34,"") -> 9004 | AC34: =IF(AB34<>"",AB34,S34+1000) -> 9004 | AD34: 1 | AE34: 17 | AF34: 45 | AI34: =IF(Z34="x","",IF(Z34=1,"e","o")) -> o | AJ34: =IF($J34<>"",$J34,IF($AC34=$AC33,AJ33,"")) -> o | AK34: =IF($J34<>"",$J34,IF($AC34=$AC33,AK33,"")) -> o | AL34: =IF($W34="","",IF($AJ34="","",IF($W34="h",$AJ34,IF($AJ34="n","n",IF(AND($W34="a",$AJ34="d"),"o",IF(AND($W34="a",$AJ34="o"),"d")))))) -> d | AM34: =IF($W34="","",IF(J34="","",IF(AL34="n","n",IF(AL34="d","o",IF(AL34="o","d",""))))) | AN34: =IF(AO34="H","Home",IF(AO34="A","Away","")) -> Away | AO34: =IF($W34<>"",$W34,IF($AC34=$AC33,AO33,"")) -> a | AP34: =IF(AL34<>"",AL34,IF($AC34=$AC33,AP33,"")) -> d | AQ34: =IF(AM34<>"",AM34,IF($AC34=$AC33,AQ33,"")) -> o | AR34: =IF(AN34<>"",AN34,IF($AC34=$AC33,AR33,"")) -> Away | AS34: =IF(AO34<>"",AO34,IF($AC34=$AC33,AS33,"")) -> a | AT34: =IF(AND(AI34="e",OR(BE34="Save",BF34="Turnover_Takeaway",BF34="Play_Defensive")),"Defensive",IF(AND(AI34="o",OR(BE34="Save",BF34="Turnover_Takeaway",BF34="Play_Defensive")),"Offensive",IF(OR(BE34="Deadice",BE34="Stoppage",BE34="Intermission"),"",IF(AI34="e","Offensive",IF(AI34="o","Defensive",""))))) -> Defensive | AU34: =IF(U34<>"",U34+5000,"") | AV34: =IF(V34<>"",V34+6000,"") | AW34: {=IFERROR(IF(O34<>"",O34,IF(OR($S34="",$T34=""),"",IF(O34<>"",O34,IF($T34<>"",_xlfn._xlws.FILTER(O:O,($BU:$BU=$BU34)*($I:$I=$I34)*($T:$T=$T34)*($S:$S=_xlfn.MINIFS($S:$S,$T:$T,"="&$T34)),"")))))&"",IF(O34="","",""))&""} -> Defensive_PlayShot-BlockedShot | AX34: {=IFERROR(IF(P34<>"",P34,IF(OR($S34="",$T34=""),"",IF($T34<>"",_xlfn._xlws.FILTER(P:P,($BU:$BU=$BU34)*($I:$I=$I34)*($T:$T=$T34)*($S:$S=_xlfn.MINIFS($S:$S,$T:$T,"="&$T34)),""))))&"",IF(P34="","",""))&""} | AY34: {=IFERROR(IF(Q34<>"",Q34,IF(OR($S34="",$T34=""),"",IF($T34<>"",_xlfn._xlws.FILTER(Q:Q,($BU:$BU=$BU34)*($I:$I=$I34)*($T:$T=$T34)*($S:$S=_xlfn.MINIFS($S:$S,$T:$T,"="&$T34)),""))))&"",IF(Q34="","",""))&""} -> s | AZ34: {=IFERROR(IF(R34<>"",R34,IF(OR($S34="",$T34=""),"",IF($T34<>"",_xlfn._xlws.FILTER(R:R,($BU:$BU=$BU34)*($I:$I=$I34)*($T:$T=$T34)*($S:$S=_xlfn.MINIFS($S:$S,$T:$T,"="&$T34)),""))))&"",IF(R34="","",""))&""} -> 1 | BA34: =IF(OR(L34="Zone_Entry",L34="Zone_Exit"),BA33+1,BA33) -> 4 | BB34: =BB33 -> 18987 | BC34: =BC33 -> Velodrome | BD34: =BD33 -> Outlaws | BE34: Turnover | BF34: Turnover_Giveaway | BI34: {=IFERROR(_xlfn._xlws.FILTER(shifts!A:A,(shifts!B:B=events!AD34)*(shifts!AG:AG>=events!BK34)*(shifts!AH:AH<=events!BL34)),BI33)} -> 1 | BJ34: =IF(AND(AG34="",AH34=""),0,((AE34*60)+AF34)-((AG34*60)+AH34)) -> 0 | BK34: =(AE34*60)+AF34 -> 1065 | BL34: =IF(AND(AG34="",AH34=""),BK34,((AG34*60)+AH34)) -> 1065 | BM34: =SUMIFS(BJ$2:BJ34,K$2:K34,"=Intermission")+SUMIFS(BJ$2:BJ34,K$2:K34,"=Timeout") -> 0 | BN34: =IF(AD34=1,0,IF(AD34=2,1080+BM34,IF(AD34=3,(1080*2)+BM34,0))) -> 0 | BO34: =IF(K34="Intermission",BO33,((1080)-((AE34*60)+AF34))+BN34) -> 15 | BP34: =IF(BO34<5,0,BO34-5) -> 10 | BQ34: =BP34+BJ34+5 -> 15 | BR34: =IF(AI34="e","event_team_player_"&BS34,IF(AI34="o","opp_team_player_"&BS34,"")) -> opp_team_player_1 | BS34: =COUNTIFS(S$3:S34,"="&S34,AI$3:AI34,"="&AI34) -> 1 | BT34: =IFERROR(VLOOKUP(BB34&BU34&X34,game_rosters!U:W,3,FALSE),"") -> P100105 | BU34: =IF(AR34="","",IF(AND(AR34="Away",AI34="e"),BD34,IF(AND(AR34="Home",AI34="e"),BC34,IF(AND(AR34="Away",AI34="o"),BC34,IF(AND(AR34="Home",AI34="o"),BD34))))) -> Velodrome
A35: =IF(K35<>"",1,IF(D35="x","x","")) -> 1 | I35: 91 | J35: =IF(OR(K35="Goal",K35="Shot",L35="Zone_Entry",M35="Stoppage-Goal",M34="Stoppage-Goal"),"o",IF(OR(K35="Save",K35="Rebound",L35="Zone_Exit",M35="Stoppage-GoalieStoppage",M34="Stoppage-GoalieStoppage"),"d",IF(OR(L35="Faceoff_AfterGoal",L35="Faceoff_PeriodStart",698="Faceoff_GameStart",M34="Stoppage-Goal"),"n",""))) | K35: Possession | N35: s | O35: OffensivePlay_Zone-PuckRetrievalShot | S35: 15 | T35: 4 | U35: =IF(B35=1,MAX($U$2:$U34)+1,IF(AND($T35<>"",$T35=$T34),$U34,IF(B35="x",U34,""))) | V35: =IF(C35=1,MAX($V$2:$V34)+1,IF(AND($T35<>"",$T35=$T34),$U34,IF(C35="x",V34,""))) | W35: h | X35: 91 | Z35: 1 | AA35: =S35+1000 -> 1015 | AB35: =IF(T35<>"",9000+T35,"") -> 9004 | AC35: =IF(AB35<>"",AB35,S35+1000) -> 9004 | AD35: 1 | AE35: 17 | AF35: 42 | AI35: =IF(Z35="x","",IF(Z35=1,"e","o")) -> e | AJ35: =IF($J35<>"",$J35,IF($AC35=$AC34,AJ34,"")) -> o | AK35: =IF($J35<>"",$J35,IF($AC35=$AC34,AK34,"")) -> o | AL35: =IF($W35="","",IF($AJ35="","",IF($W35="h",$AJ35,IF($AJ35="n","n",IF(AND($W35="a",$AJ35="d"),"o",IF(AND($W35="a",$AJ35="o"),"d")))))) -> o | AM35: =IF($W35="","",IF(J35="","",IF(AL35="n","n",IF(AL35="d","o",IF(AL35="o","d",""))))) | AN35: =IF(AO35="H","Home",IF(AO35="A","Away","")) -> Home | AO35: =IF($W35<>"",$W35,IF($AC35=$AC34,AO34,"")) -> h | AP35: =IF(AL35<>"",AL35,IF($AC35=$AC34,AP34,"")) -> o | AQ35: =IF(AM35<>"",AM35,IF($AC35=$AC34,AQ34,"")) -> o | AR35: =IF(AN35<>"",AN35,IF($AC35=$AC34,AR34,"")) -> Home | AS35: =IF(AO35<>"",AO35,IF($AC35=$AC34,AS34,"")) -> h | AT35: =IF(AND(AI35="e",OR(BE35="Save",BF35="Turnover_Takeaway",BF35="Play_Defensive")),"Defensive",IF(AND(AI35="o",OR(BE35="Save",BF35="Turnover_Takeaway",BF35="Play_Defensive")),"Offensive",IF(OR(BE35="Deadice",BE35="Stoppage",BE35="Intermission"),"",IF(AI35="e","Offensive",IF(AI35="o","Defensive",""))))) -> Offensive | AU35: =IF(U35<>"",U35+5000,"") | AV35: =IF(V35<>"",V35+6000,"") | AW35: {=IFERROR(IF(O35<>"",O35,IF(OR($S35="",$T35=""),"",IF(O35<>"",O35,IF($T35<>"",_xlfn._xlws.FILTER(O:O,($BU:$BU=$BU35)*($I:$I=$I35)*($T:$T=$T35)*($S:$S=_xlfn.MINIFS($S:$S,$T:$T,"="&$T35)),"")))))&"",IF(O35="","",""))&""} -> OffensivePlay_Zone-PuckRetrievalShot | AX35: {=IFERROR(IF(P35<>"",P35,IF(OR($S35="",$T35=""),"",IF($T35<>"",_xlfn._xlws.FILTER(P:P,($BU:$BU=$BU35)*($I:$I=$I35)*($T:$T=$T35)*($S:$S=_xlfn.MINIFS($S:$S,$T:$T,"="&$T35)),""))))&"",IF(P35="","",""))&""} | AY35: {=IFERROR(IF(Q35<>"",Q35,IF(OR($S35="",$T35=""),"",IF($T35<>"",_xlfn._xlws.FILTER(Q:Q,($BU:$BU=$BU35)*($I:$I=$I35)*($T:$T=$T35)*($S:$S=_xlfn.MINIFS($S:$S,$T:$T,"="&$T35)),""))))&"",IF(Q35="","",""))&""} | AZ35: {=IFERROR(IF(R35<>"",R35,IF(OR($S35="",$T35=""),"",IF($T35<>"",_xlfn._xlws.FILTER(R:R,($BU:$BU=$BU35)*($I:$I=$I35)*($T:$T=$T35)*($S:$S=_xlfn.MINIFS($S:$S,$T:$T,"="&$T35)),""))))&"",IF(R35="","",""))&""} | BA35: =IF(OR(L35="Zone_Entry",L35="Zone_Exit"),BA34+1,BA34) -> 4 | BB35: =BB34 -> 18987 | BC35: =BC34 -> Velodrome | BD35: =BD34 -> Outlaws | BE35: Possession | BI35: {=IFERROR(_xlfn._xlws.FILTER(shifts!A:A,(shifts!B:B=events!AD35)*(shifts!AG:AG>=events!BK35)*(shifts!AH:AH<=events!BL35)),BI34)} -> 1 | BJ35: =IF(AND(AG35="",AH35=""),0,((AE35*60)+AF35)-((AG35*60)+AH35)) -> 0 | BK35: =(AE35*60)+AF35 -> 1062 | BL35: =IF(AND(AG35="",AH35=""),BK35,((AG35*60)+AH35)) -> 1062 | BM35: =SUMIFS(BJ$2:BJ35,K$2:K35,"=Intermission")+SUMIFS(BJ$2:BJ35,K$2:K35,"=Timeout") -> 0 | BN35: =IF(AD35=1,0,IF(AD35=2,1080+BM35,IF(AD35=3,(1080*2)+BM35,0))) -> 0 | BO35: =IF(K35="Intermission",BO34,((1080)-((AE35*60)+AF35))+BN35) -> 18 | BP35: =IF(BO35<5,0,BO35-5) -> 13 | BQ35: =BP35+BJ35+5 -> 18 | BR35: =IF(AI35="e","event_team_player_"&BS35,IF(AI35="o","opp_team_player_"&BS35,"")) -> event_team_player_1 | BS35: =COUNTIFS(S$3:S35,"="&S35,AI$3:AI35,"="&AI35) -> 1 | BT35: =IFERROR(VLOOKUP(BB35&BU35&X35,game_rosters!U:W,3,FALSE),"") -> P100002 | BU35: =IF(AR35="","",IF(AND(AR35="Away",AI35="e"),BD35,IF(AND(AR35="Home",AI35="e"),BC35,IF(AND(AR35="Away",AI35="o"),BC35,IF(AND(AR35="Home",AI35="o"),BD35))))) -> Velodrome
A36: =IF(K36<>"",1,IF(D36="x","x","")) -> 1 | I36: 91 | J36: =IF(OR(K36="Goal",K36="Shot",L36="Zone_Entry",M36="Stoppage-Goal",M35="Stoppage-Goal"),"o",IF(OR(K36="Save",K36="Rebound",L36="Zone_Exit",M36="Stoppage-GoalieStoppage",M35="Stoppage-GoalieStoppage"),"d",IF(OR(L36="Faceoff_AfterGoal",L36="Faceoff_PeriodStart",698="Faceoff_GameStart",M35="Stoppage-Goal"),"n",""))) | K36: Turnover | L36: Turnover_Giveaway | M36: Giveaway-AttemptedZoneClear/Dump | O36: OffensivePlay_Zone-Breakout | Q36: u | R36: 1 | S36: 16 | T36: 5 | U36: =IF(B36=1,MAX($U$2:$U35)+1,IF(AND($T36<>"",$T36=$T35),$U35,IF(B36="x",U35,""))) | V36: =IF(C36=1,MAX($V$2:$V35)+1,IF(AND($T36<>"",$T36=$T35),$U35,IF(C36="x",V35,""))) | W36: h | X36: 91 | Z36: 1 | AA36: =S36+1000 -> 1016 | AB36: =IF(T36<>"",9000+T36,"") -> 9005 | AC36: =IF(AB36<>"",AB36,S36+1000) -> 9005 | AD36: 1 | AE36: 17 | AF36: 42 | AI36: =IF(Z36="x","",IF(Z36=1,"e","o")) -> e | AJ36: =IF($J36<>"",$J36,IF($AC36=$AC35,AJ35,"")) | AK36: =IF($J36<>"",$J36,IF($AC36=$AC35,AK35,"")) | AL36: =IF($W36="","",IF($AJ36="","",IF($W36="h",$AJ36,IF($AJ36="n","n",IF(AND($W36="a",$AJ36="d"),"o",IF(AND($W36="a",$AJ36="o"),"d")))))) | AM36: =IF($W36="","",IF(J36="","",IF(AL36="n","n",IF(AL36="d","o",IF(AL36="o","d",""))))) | AN36: =IF(AO36="H","Home",IF(AO36="A","Away","")) -> Home | AO36: =IF($W36<>"",$W36,IF($AC36=$AC35,AO35,"")) -> h | AP36: =IF(AL36<>"",AL36,IF($AC36=$AC35,AP35,"")) | AQ36: =IF(AM36<>"",AM36,IF($AC36=$AC35,AQ35,"")) | AR36: =IF(AN36<>"",AN36,IF($AC36=$AC35,AR35,"")) -> Home | AS36: =IF(AO36<>"",AO36,IF($AC36=$AC35,AS35,"")) -> h | AT36: =IF(AND(AI36="e",OR(BE36="Save",BF36="Turnover_Takeaway",BF36="Play_Defensive")),"Defensive",IF(AND(AI36="o",OR(BE36="Save",BF36="Turnover_Takeaway",BF36="Play_Defensive")),"Offensive",IF(OR(BE36="Deadice",BE36="Stoppage",BE36="Intermission"),"",IF(AI36="e","Offensive",IF(AI36="o","Defensive",""))))) -> Offensive | AU36: =IF(U36<>"",U36+5000,"") | AV36: =IF(V36<>"",V36+6000,"") | AW36: {=IFERROR(IF(O36<>"",O36,IF(OR($S36="",$T36=""),"",IF(O36<>"",O36,IF($T36<>"",_xlfn._xlws.FILTER(O:O,($BU:$BU=$BU36)*($I:$I=$I36)*($T:$T=$T36)*($S:$S=_xlfn.MINIFS($S:$S,$T:$T,"="&$T36)),"")))))&"",IF(O36="","",""))&""} -> OffensivePlay_Zone-Breakout | AX36: {=IFERROR(IF(P36<>"",P36,IF(OR($S36="",$T36=""),"",IF($T36<>"",_xlfn._xlws.FILTER(P:P,($BU:$BU=$BU36)*($I:$I=$I36)*($T:$T=$T36)*($S:$S=_xlfn.MINIFS($S:$S,$T:$T,"="&$T36)),""))))&"",IF(P36="","",""))&""} | AY36: {=IFERROR(IF(Q36<>"",Q36,IF(OR($S36="",$T36=""),"",IF($T36<>"",_xlfn._xlws.FILTER(Q:Q,($BU:$BU=$BU36)*($I:$I=$I36)*($T:$T=$T36)*($S:$S=_xlfn.MINIFS($S:$S,$T:$T,"="&$T36)),""))))&"",IF(Q36="","",""))&""} -> u | AZ36: {=IFERROR(IF(R36<>"",R36,IF(OR($S36="",$T36=""),"",IF($T36<>"",_xlfn._xlws.FILTER(R:R,($BU:$BU=$BU36)*($I:$I=$I36)*($T:$T=$T36)*($S:$S=_xlfn.MINIFS($S:$S,$T:$T,"="&$T36)),""))))&"",IF(R36="","",""))&""} -> 1 | BA36: =IF(OR(L36="Zone_Entry",L36="Zone_Exit"),BA35+1,BA35) -> 4 | BB36: =BB35 -> 18987 | BC36: =BC35 -> Velodrome | BD36: =BD35 -> Outlaws | BE36: Turnover | BF36: Turnover_Giveaway | BI36: {=IFERROR(_xlfn._xlws.FILTER(shifts!A:A,(shifts!B:B=events!AD36)*(shifts!AG:AG>=events!BK36)*(shifts!AH:AH<=events!BL36)),BI35)} -> 1 | BJ36: =IF(AND(AG36="",AH36=""),0,((AE36*60)+AF36)-((AG36*60)+AH36)) -> 0 | BK36: =(AE36*60)+AF36 -> 1062 | BL36: =IF(AND(AG36="",AH36=""),BK36,((AG36*60)+AH36)) -> 1062 | BM36: =SUMIFS(BJ$2:BJ36,K$2:K36,"=Intermission")+SUMIFS(BJ$2:BJ36,K$2:K36,"=Timeout") -> 0 | BN36: =IF(AD36=1,0,IF(AD36=2,1080+BM36,IF(AD36=3,(1080*2)+BM36,0))) -> 0 | BO36: =IF(K36="Intermission",BO35,((1080)-((AE36*60)+AF36))+BN36) -> 18 | BP36: =IF(BO36<5,0,BO36-5) -> 13 | BQ36: =BP36+BJ36+5 -> 18 | BR36: =IF(AI36="e","event_team_player_"&BS36,IF(AI36="o","opp_team_player_"&BS36,"")) -> event_team_player_1 | BS36: =COUNTIFS(S$3:S36,"="&S36,AI$3:AI36,"="&AI36) -> 1 | BT36: =IFERROR(VLOOKUP(BB36&BU36&X36,game_rosters!U:W,3,FALSE),"") -> P100002 | BU36: =IF(AR36="","",IF(AND(AR36="Away",AI36="e"),BD36,IF(AND(AR36="Home",AI36="e"),BC36,IF(AND(AR36="Away",AI36="o"),BC36,IF(AND(AR36="Home",AI36="o"),BD36))))) -> Velodrome
A37: =IF(K37<>"",1,IF(D37="x","x","")) | I37: 68 | J37: =IF(OR(K37="Goal",K37="Shot",L37="Zone_Entry",M37="Stoppage-Goal",M36="Stoppage-Goal"),"o",IF(OR(K37="Save",K37="Rebound",L37="Zone_Exit",M37="Stoppage-GoalieStoppage",M36="Stoppage-GoalieStoppage"),"d",IF(OR(L37="Faceoff_AfterGoal",L37="Faceoff_PeriodStart",698="Faceoff_GameStart",M36="Stoppage-Goal"),"n",""))) | R37: 1 | S37: 16 | T37: 5 | U37: =IF(B37=1,MAX($U$2:$U36)+1,IF(AND($T37<>"",$T37=$T36),$U36,IF(B37="x",U36,""))) | V37: =IF(C37=1,MAX($V$2:$V36)+1,IF(AND($T37<>"",$T37=$T36),$U36,IF(C37="x",V36,""))) | X37: 68 | AA37: =S37+1000 -> 1016 | AB37: =IF(T37<>"",9000+T37,"") -> 9005 | AC37: =IF(AB37<>"",AB37,S37+1000) -> 9005 | AD37: 1 | AE37: 17 | AF37: 42 | AI37: =IF(Z37="x","",IF(Z37=1,"e","o")) -> o | AJ37: =IF($J37<>"",$J37,IF($AC37=$AC36,AJ36,"")) | AK37: =IF($J37<>"",$J37,IF($AC37=$AC36,AK36,"")) | AL37: =IF($W37="","",IF($AJ37="","",IF($W37="h",$AJ37,IF($AJ37="n","n",IF(AND($W37="a",$AJ37="d"),"o",IF(AND($W37="a",$AJ37="o"),"d")))))) | AM37: =IF($W37="","",IF(J37="","",IF(AL37="n","n",IF(AL37="d","o",IF(AL37="o","d",""))))) | AN37: =IF(AO37="H","Home",IF(AO37="A","Away","")) -> Home | AO37: =IF($W37<>"",$W37,IF($AC37=$AC36,AO36,"")) -> h | AP37: =IF(AL37<>"",AL37,IF($AC37=$AC36,AP36,"")) | AQ37: =IF(AM37<>"",AM37,IF($AC37=$AC36,AQ36,"")) | AR37: =IF(AN37<>"",AN37,IF($AC37=$AC36,AR36,"")) -> Home | AS37: =IF(AO37<>"",AO37,IF($AC37=$AC36,AS36,"")) -> h | AT37: =IF(AND(AI37="e",OR(BE37="Save",BF37="Turnover_Takeaway",BF37="Play_Defensive")),"Defensive",IF(AND(AI37="o",OR(BE37="Save",BF37="Turnover_Takeaway",BF37="Play_Defensive")),"Offensive",IF(OR(BE37="Deadice",BE37="Stoppage",BE37="Intermission"),"",IF(AI37="e","Offensive",IF(AI37="o","Defensive",""))))) -> Defensive | AU37: =IF(U37<>"",U37+5000,"") | AV37: =IF(V37<>"",V37+6000,"") | AW37: {=IFERROR(IF(O37<>"",O37,IF(OR($S37="",$T37=""),"",IF(O37<>"",O37,IF($T37<>"",_xlfn._xlws.FILTER(O:O,($BU:$BU=$BU37)*($I:$I=$I37)*($T:$T=$T37)*($S:$S=_xlfn.MINIFS($S:$S,$T:$T,"="&$T37)),"")))))&"",IF(O37="","",""))&""} | AX37: {=IFERROR(IF(P37<>"",P37,IF(OR($S37="",$T37=""),"",IF($T37<>"",_xlfn._xlws.FILTER(P:P,($BU:$BU=$BU37)*($I:$I=$I37)*($T:$T=$T37)*($S:$S=_xlfn.MINIFS($S:$S,$T:$T,"="&$T37)),""))))&"",IF(P37="","",""))&""} | AY37: {=IFERROR(IF(Q37<>"",Q37,IF(OR($S37="",$T37=""),"",IF($T37<>"",_xlfn._xlws.FILTER(Q:Q,($BU:$BU=$BU37)*($I:$I=$I37)*($T:$T=$T37)*($S:$S=_xlfn.MINIFS($S:$S,$T:$T,"="&$T37)),""))))&"",IF(Q37="","",""))&""} | AZ37: {=IFERROR(IF(R37<>"",R37,IF(OR($S37="",$T37=""),"",IF($T37<>"",_xlfn._xlws.FILTER(R:R,($BU:$BU=$BU37)*($I:$I=$I37)*($T:$T=$T37)*($S:$S=_xlfn.MINIFS($S:$S,$T:$T,"="&$T37)),""))))&"",IF(R37="","",""))&""} -> 1 | BA37: =IF(OR(L37="Zone_Entry",L37="Zone_Exit"),BA36+1,BA36) -> 4 | BB37: =BB36 -> 18987 | BC37: =BC36 -> Velodrome | BD37: =BD36 -> Outlaws | BE37: Turnover | BF37: Turnover_Giveaway | BI37: {=IFERROR(_xlfn._xlws.FILTER(shifts!A:A,(shifts!B:B=events!AD37)*(shifts!AG:AG>=events!BK37)*(shifts!AH:AH<=events!BL37)),BI36)} -> 1 | BJ37: =IF(AND(AG37="",AH37=""),0,((AE37*60)+AF37)-((AG37*60)+AH37)) -> 0 | BK37: =(AE37*60)+AF37 -> 1062 | BL37: =IF(AND(AG37="",AH37=""),BK37,((AG37*60)+AH37)) -> 1062 | BM37: =SUMIFS(BJ$2:BJ37,K$2:K37,"=Intermission")+SUMIFS(BJ$2:BJ37,K$2:K37,"=Timeout") -> 0 | BN37: =IF(AD37=1,0,IF(AD37=2,1080+BM37,IF(AD37=3,(1080*2)+BM37,0))) -> 0 | BO37: =IF(K37="Intermission",BO36,((1080)-((AE37*60)+AF37))+BN37) -> 18 | BP37: =IF(BO37<5,0,BO37-5) -> 13 | BQ37: =BP37+BJ37+5 -> 18 | BR37: =IF(AI37="e","event_team_player_"&BS37,IF(AI37="o","opp_team_player_"&BS37,"")) -> opp_team_player_1 | BS37: =COUNTIFS(S$3:S37,"="&S37,AI$3:AI37,"="&AI37) -> 1 | BT37: =IFERROR(VLOOKUP(BB37&BU37&X37,game_rosters!U:W,3,FALSE),"") -> P100128 | BU37: =IF(AR37="","",IF(AND(AR37="Away",AI37="e"),BD37,IF(AND(AR37="Home",AI37="e"),BC37,IF(AND(AR37="Away",AI37="o"),BC37,IF(AND(AR37="Home",AI37="o"),BD37))))) -> Outlaws
A38: =IF(K38<>"",1,IF(D38="x","x","")) -> 1 | I38: 77 | J38: =IF(OR(K38="Goal",K38="Shot",L38="Zone_Entry",M38="Stoppage-Goal",M37="Stoppage-Goal"),"o",IF(OR(K38="Save",K38="Rebound",L38="Zone_Exit",M38="Stoppage-GoalieStoppage",M37="Stoppage-GoalieStoppage"),"d",IF(OR(L38="Faceoff_AfterGoal",L38="Faceoff_PeriodStart",698="Faceoff_GameStart",M37="Stoppage-Goal"),"n",""))) | K38: Possession | L38: PuckRetrieval | N38: u | O38: OffensivePlay_Zone-PuckRetreivalTurnover | Q38: s | R38: 1 | S38: 17 | T38: 5 | U38: =IF(B38=1,MAX($U$2:$U37)+1,IF(AND($T38<>"",$T38=$T37),$U37,IF(B38="x",U37,""))) | V38: =IF(C38=1,MAX($V$2:$V37)+1,IF(AND($T38<>"",$T38=$T37),$U37,IF(C38="x",V37,""))) | W38: a | X38: 77 | Z38: 1 | AA38: =S38+1000 -> 1017 | AB38: =IF(T38<>"",9000+T38,"") -> 9005 | AC38: =IF(AB38<>"",AB38,S38+1000) -> 9005 | AD38: 1 | AE38: 17 | AF38: 41 | AG38: 17 | AH38: 40 | AI38: =IF(Z38="x","",IF(Z38=1,"e","o")) -> e | AJ38: =IF($J38<>"",$J38,IF($AC38=$AC37,AJ37,"")) | AK38: =IF($J38<>"",$J38,IF($AC38=$AC37,AK37,"")) | AL38: =IF($W38="","",IF($AJ38="","",IF($W38="h",$AJ38,IF($AJ38="n","n",IF(AND($W38="a",$AJ38="d"),"o",IF(AND($W38="a",$AJ38="o"),"d")))))) | AM38: =IF($W38="","",IF(J38="","",IF(AL38="n","n",IF(AL38="d","o",IF(AL38="o","d",""))))) | AN38: =IF(AO38="H","Home",IF(AO38="A","Away","")) -> Away | AO38: =IF($W38<>"",$W38,IF($AC38=$AC37,AO37,"")) -> a | AP38: =IF(AL38<>"",AL38,IF($AC38=$AC37,AP37,"")) | AQ38: =IF(AM38<>"",AM38,IF($AC38=$AC37,AQ37,"")) | AR38: =IF(AN38<>"",AN38,IF($AC38=$AC37,AR37,"")) -> Away | AS38: =IF(AO38<>"",AO38,IF($AC38=$AC37,AS37,"")) -> a | AT38: =IF(AND(AI38="e",OR(BE38="Save",BF38="Turnover_Takeaway",BF38="Play_Defensive")),"Defensive",IF(AND(AI38="o",OR(BE38="Save",BF38="Turnover_Takeaway",BF38="Play_Defensive")),"Offensive",IF(OR(BE38="Deadice",BE38="Stoppage",BE38="Intermission"),"",IF(AI38="e","Offensive",IF(AI38="o","Defensive",""))))) -> Offensive | AU38: =IF(U38<>"",U38+5000,"") | AV38: =IF(V38<>"",V38+6000,"") | AW38: {=IFERROR(IF(O38<>"",O38,IF(OR($S38="",$T38=""),"",IF(O38<>"",O38,IF($T38<>"",_xlfn._xlws.FILTER(O:O,($BU:$BU=$BU38)*($I:$I=$I38)*($T:$T=$T38)*($S:$S=_xlfn.MINIFS($S:$S,$T:$T,"="&$T38)),"")))))&"",IF(O38="","",""))&""} -> OffensivePlay_Zone-PuckRetreivalTurnover | AX38: {=IFERROR(IF(P38<>"",P38,IF(OR($S38="",$T38=""),"",IF($T38<>"",_xlfn._xlws.FILTER(P:P,($BU:$BU=$BU38)*($I:$I=$I38)*($T:$T=$T38)*($S:$S=_xlfn.MINIFS($S:$S,$T:$T,"="&$T38)),""))))&"",IF(P38="","",""))&""} | AY38: {=IFERROR(IF(Q38<>"",Q38,IF(OR($S38="",$T38=""),"",IF($T38<>"",_xlfn._xlws.FILTER(Q:Q,($BU:$BU=$BU38)*($I:$I=$I38)*($T:$T=$T38)*($S:$S=_xlfn.MINIFS($S:$S,$T:$T,"="&$T38)),""))))&"",IF(Q38="","",""))&""} -> s | AZ38: {=IFERROR(IF(R38<>"",R38,IF(OR($S38="",$T38=""),"",IF($T38<>"",_xlfn._xlws.FILTER(R:R,($BU:$BU=$BU38)*($I:$I=$I38)*($T:$T=$T38)*($S:$S=_xlfn.MINIFS($S:$S,$T:$T,"="&$T38)),""))))&"",IF(R38="","",""))&""} -> 1 | BA38: =IF(OR(L38="Zone_Entry",L38="Zone_Exit"),BA37+1,BA37) -> 4 | BB38: =BB37 -> 18987 | BC38: =BC37 -> Velodrome | BD38: =BD37 -> Outlaws | BE38: Possession | BF38: PuckRetrieval | BI38: {=IFERROR(_xlfn._xlws.FILTER(shifts!A:A,(shifts!B:B=events!AD38)*(shifts!AG:AG>=events!BK38)*(shifts!AH:AH<=events!BL38)),BI37)} -> 1 | BJ38: =IF(AND(AG38="",AH38=""),0,((AE38*60)+AF38)-((AG38*60)+AH38)) -> 1 | BK38: =(AE38*60)+AF38 -> 1061 | BL38: =IF(AND(AG38="",AH38=""),BK38,((AG38*60)+AH38)) -> 1060 | BM38: =SUMIFS(BJ$2:BJ38,K$2:K38,"=Intermission")+SUMIFS(BJ$2:BJ38,K$2:K38,"=Timeout") -> 0 | BN38: =IF(AD38=1,0,IF(AD38=2,1080+BM38,IF(AD38=3,(1080*2)+BM38,0))) -> 0 | BO38: =IF(K38="Intermission",BO37,((1080)-((AE38*60)+AF38))+BN38) -> 19 | BP38: =IF(BO38<5,0,BO38-5) -> 14 | BQ38: =BP38+BJ38+5 -> 20 | BR38: =IF(AI38="e","event_team_player_"&BS38,IF(AI38="o","opp_team_player_"&BS38,"")) -> event_team_player_1 | BS38: =COUNTIFS(S$3:S38,"="&S38,AI$3:AI38,"="&AI38) -> 1 | BT38: =IFERROR(VLOOKUP(BB38&BU38&X38,game_rosters!U:W,3,FALSE),"") -> P100185 | BU38: =IF(AR38="","",IF(AND(AR38="Away",AI38="e"),BD38,IF(AND(AR38="Home",AI38="e"),BC38,IF(AND(AR38="Away",AI38="o"),BC38,IF(AND(AR38="Home",AI38="o"),BD38))))) -> Outlaws
A39: =IF(K39<>"",1,IF(D39="x","x","")) | I39: 70 | J39: =IF(OR(K39="Goal",K39="Shot",L39="Zone_Entry",M39="Stoppage-Goal",M38="Stoppage-Goal"),"o",IF(OR(K39="Save",K39="Rebound",L39="Zone_Exit",M39="Stoppage-GoalieStoppage",M38="Stoppage-GoalieStoppage"),"d",IF(OR(L39="Faceoff_AfterGoal",L39="Faceoff_PeriodStart",698="Faceoff_GameStart",M38="Stoppage-Goal"),"n",""))) | N39: u | O39: Defensive_PlayPossession-PokeCheck | Q39: s | R39: 1 | S39: 17 | T39: 5 | U39: =IF(B39=1,MAX($U$2:$U38)+1,IF(AND($T39<>"",$T39=$T38),$U38,IF(B39="x",U38,""))) | V39: =IF(C39=1,MAX($V$2:$V38)+1,IF(AND($T39<>"",$T39=$T38),$U38,IF(C39="x",V38,""))) | X39: 70 | AA39: =S39+1000 -> 1017 | AB39: =IF(T39<>"",9000+T39,"") -> 9005 | AC39: =IF(AB39<>"",AB39,S39+1000) -> 9005 | AD39: 1 | AE39: 17 | AF39: 41 | AG39: 17 | AH39: 40 | AI39: =IF(Z39="x","",IF(Z39=1,"e","o")) -> o | AJ39: =IF($J39<>"",$J39,IF($AC39=$AC38,AJ38,"")) | AK39: =IF($J39<>"",$J39,IF($AC39=$AC38,AK38,"")) | AL39: =IF($W39="","",IF($AJ39="","",IF($W39="h",$AJ39,IF($AJ39="n","n",IF(AND($W39="a",$AJ39="d"),"o",IF(AND($W39="a",$AJ39="o"),"d")))))) | AM39: =IF($W39="","",IF(J39="","",IF(AL39="n","n",IF(AL39="d","o",IF(AL39="o","d",""))))) | AN39: =IF(AO39="H","Home",IF(AO39="A","Away","")) -> Away | AO39: =IF($W39<>"",$W39,IF($AC39=$AC38,AO38,"")) -> a | AP39: =IF(AL39<>"",AL39,IF($AC39=$AC38,AP38,"")) | AQ39: =IF(AM39<>"",AM39,IF($AC39=$AC38,AQ38,"")) | AR39: =IF(AN39<>"",AN39,IF($AC39=$AC38,AR38,"")) -> Away | AS39: =IF(AO39<>"",AO39,IF($AC39=$AC38,AS38,"")) -> a | AT39: =IF(AND(AI39="e",OR(BE39="Save",BF39="Turnover_Takeaway",BF39="Play_Defensive")),"Defensive",IF(AND(AI39="o",OR(BE39="Save",BF39="Turnover_Takeaway",BF39="Play_Defensive")),"Offensive",IF(OR(BE39="Deadice",BE39="Stoppage",BE39="Intermission"),"",IF(AI39="e","Offensive",IF(AI39="o","Defensive",""))))) -> Defensive | AU39: =IF(U39<>"",U39+5000,"") | AV39: =IF(V39<>"",V39+6000,"") | AW39: {=IFERROR(IF(O39<>"",O39,IF(OR($S39="",$T39=""),"",IF(O39<>"",O39,IF($T39<>"",_xlfn._xlws.FILTER(O:O,($BU:$BU=$BU39)*($I:$I=$I39)*($T:$T=$T39)*($S:$S=_xlfn.MINIFS($S:$S,$T:$T,"="&$T39)),"")))))&"",IF(O39="","",""))&""} -> Defensive_PlayPossession-PokeCheck | AX39: {=IFERROR(IF(P39<>"",P39,IF(OR($S39="",$T39=""),"",IF($T39<>"",_xlfn._xlws.FILTER(P:P,($BU:$BU=$BU39)*($I:$I=$I39)*($T:$T=$T39)*($S:$S=_xlfn.MINIFS($S:$S,$T:$T,"="&$T39)),""))))&"",IF(P39="","",""))&""} | AY39: {=IFERROR(IF(Q39<>"",Q39,IF(OR($S39="",$T39=""),"",IF($T39<>"",_xlfn._xlws.FILTER(Q:Q,($BU:$BU=$BU39)*($I:$I=$I39)*($T:$T=$T39)*($S:$S=_xlfn.MINIFS($S:$S,$T:$T,"="&$T39)),""))))&"",IF(Q39="","",""))&""} -> s | AZ39: {=IFERROR(IF(R39<>"",R39,IF(OR($S39="",$T39=""),"",IF($T39<>"",_xlfn._xlws.FILTER(R:R,($BU:$BU=$BU39)*($I:$I=$I39)*($T:$T=$T39)*($S:$S=_xlfn.MINIFS($S:$S,$T:$T,"="&$T39)),""))))&"",IF(R39="","",""))&""} -> 1 | BA39: =IF(OR(L39="Zone_Entry",L39="Zone_Exit"),BA38+1,BA38) -> 4 | BB39: =BB38 -> 18987 | BC39: =BC38 -> Velodrome | BD39: =BD38 -> Outlaws | BE39: Possession | BF39: PuckRetrieval | BI39: {=IFERROR(_xlfn._xlws.FILTER(shifts!A:A,(shifts!B:B=events!AD39)*(shifts!AG:AG>=events!BK39)*(shifts!AH:AH<=events!BL39)),BI38)} -> 1 | BJ39: =IF(AND(AG39="",AH39=""),0,((AE39*60)+AF39)-((AG39*60)+AH39)) -> 1 | BK39: =(AE39*60)+AF39 -> 1061 | BL39: =IF(AND(AG39="",AH39=""),BK39,((AG39*60)+AH39)) -> 1060 | BM39: =SUMIFS(BJ$2:BJ39,K$2:K39,"=Intermission")+SUMIFS(BJ$2:BJ39,K$2:K39,"=Timeout") -> 0 | BN39: =IF(AD39=1,0,IF(AD39=2,1080+BM39,IF(AD39=3,(1080*2)+BM39,0))) -> 0 | BO39: =IF(K39="Intermission",BO38,((1080)-((AE39*60)+AF39))+BN39) -> 19 | BP39: =IF(BO39<5,0,BO39-5) -> 14 | BQ39: =BP39+BJ39+5 -> 20 | BR39: =IF(AI39="e","event_team_player_"&BS39,IF(AI39="o","opp_team_player_"&BS39,"")) -> opp_team_player_1 | BS39: =COUNTIFS(S$3:S39,"="&S39,AI$3:AI39,"="&AI39) -> 1 | BT39: =IFERROR(VLOOKUP(BB39&BU39&X39,game_rosters!U:W,3,FALSE),"") -> P100001 | BU39: =IF(AR39="","",IF(AND(AR39="Away",AI39="e"),BD39,IF(AND(AR39="Home",AI39="e"),BC39,IF(AND(AR39="Away",AI39="o"),BC39,IF(AND(AR39="Home",AI39="o"),BD39))))) -> Velodrome
