Workbook
Name DEfensive: Lists!$CQ:$CQ
Name EventType: Lists!$A$2:$A$16
Name Faceoff: Lists!$U$2:$U$1048576
Name Goal: Lists!$X$2:$X$1048576
Name Goal_PenaltyShot: Lists!$BO$2:$BO$1048576
Name Goal_Scored: Lists!$BM$2:$BM$1048576
Name Goal_Shootout: Lists!$BN$2:$BN$1048576
Name LoosePuck: Lists!$AD$2:$AD$1048576
Name Offensive: Lists!$CO:$CO
Name Pass: Lists!$W$2:$W$1048576
Name Pass_Completed: Lists!$AF$2:$AF$1048576
Name Pass_Deflected: Lists!$AH$2:$AH$1048576
Name Pass_Intercepted: Lists!$AI$2:$AI$1048576
Name Pass_Missed: Lists!$AG$2:$AG$1048576
Name Penalty: Lists!$AA$2:$AA$1048576
Name Penalty_Major: Lists!$AO$2:$AO$1048576
Name Penalty_Minor: Lists!$AP$2:$AP$1048576
Name Penalty_Offsetting: Lists!$AQ$2:$AQ$1048576
Name PenaltyShot_Missed: Lists!$AY$2:$AY$1048576
Name PenaltyShot_OnNet: Lists!$AX$2:$AX$1048576
Name PenaltyShot_Saved: Lists!$AZ$2:$AZ$1048576
Name PenaltyShot_Shootout: Lists!$AB$2:$AB$1048576
Name Play: Lists!$T:$T
Name Play_Defensive: Lists!$BS:$BS
Name Play_Offensive: Lists!$BR:$BR
Name Possession: Lists!$BT:$BT
Name Rebound: Lists!$BQ$2:$BQ$1048576
Name Save: Lists!$AE$2:$AE$1048576
Name Save_Freeze: Lists!$BB$2:$BB$1048576
Name Save_Played: Lists!$BP:$BP
Name Save_Rebound: Lists!$BA$2:$BA$1048576
Name Shootout_Missed: Lists!$AV$2:$AV$1048576
Name Shootout_OnNet: Lists!$AU$2:$AU$1048576
Name Shootout_Saved: Lists!$AW$2:$AW$1048576
Name Shot: Lists!$V$2:$V$1048576
Name Shot_Blocked: Lists!$BE$2:$BE$1048576
Name Shot_BlockedSameTeam: Lists!$BF$2:$BF$1048576
Name Shot_Deflected: Lists!$BG$2:$BG$1048576
Name Shot_DeflectedGoal: Lists!$BL$2:$BL$1048576
Name Shot_DeflectedOnNetSaved: Lists!$BH$2:$BH$1048576
Name Shot_Missed: Lists!$BD$2:$BD$1048576
Name Shot_MissedPost: Lists!$BW:$BW
Name Shot_OnNetGoal: Lists!$BJ$2:$BJ$1048576
Name Shot_OnNetSaved: Lists!$BC$2:$BC$1048576
Name Shot_TippedGoal: Lists!$BK$2:$BK$1048576
Name Shot_TippedOnNetSaved: Lists!$BI$2:$BI$1048576
Name Stoppage: Lists!$AC$2:$AC$1048576
Name Stoppage_Other: Lists!$AT$2:$AT$1048576
Name Stoppage_Period: Lists!$AS$2:$AS$1048576
Name Stoppage_Play: Lists!$AR$2:$AR$1048576
Name Turnover: Lists!$Y$2:$Y$1048576
Name Turnover_Giveaway: Lists!$AJ$2:$AJ$1048576
Name Turnover_Takeaway: Lists!$AK$2:$AK$1048576
Name Zone_Entry: Lists!$AL$2:$AL$1048576
Name Zone_Entry_Exit: Lists!$Z$2:$Z$1048576
Name Zone_EntryFailed: Lists!$DG:$DG
Name Zone_Exit: Lists!$AM$2:$AM$1048576
Name Zone_ExitFailed: Lists!$DH:$DH
Name Zone_Keepin: Lists!$AN$2:$AN$1048576

Sheet Rules
A1: EventType | B1: Definition | C1: Next Event | D1: Uses | E1: Linked Events | F1: Successful/Unsuccessful | G1: Successful Def | J1: EventTypeDetail | K1: Definition | L1: Next Event | M1: Uses | N1: Linked Events | O1: Successful/Unsuccessful | P1: Successful Def | S1: EventTypeDetail2 | T1: Definition | U1: Next Event | V1: Uses | W1: Linked Events | X1: Successful/Unsuccessful | Y1: Successful Def | AC1: Definition | AD1: Next Event | AE1: Uses | AF1: Linked Events | AG1: Successful/Unsuccessful | AH1: Successful Def | AL1: Definition | AM1: Next Event | AN1: Uses | AO1: Linked Events | AP1: Linked Events | AQ1: Successful/Unsuccessful | AR1: Successful Def | AT1: play_tag1 | AU1: Definition | AV1: Next Event | AW1: Uses | AX1: Linked Events | AZ1: play_tag2 | BA1: Definition | BB1: Next Event | BC1: Uses | BD1: Linked Events | BF1: Context | BG1: Definition | BH1: Next Event | BI1: Uses | BJ1: Linked Events | BM1: shift_start | BN1: Definition | BO1: Next Event | BP1: Linked Events | BR1: shift_end | BS1: Definition | BT1: Next Event | BU1: Linked Events
A2: Faceoff | J2: Faceoff | S2: PenaltyShot/Shootout | AB2: Offensive | AH2: sucessful if next play positive | AK2: Defensive | AR2: sucessful if next play positive | AT2: LowToHigh | AZ2: Rush | BF2: LeadToBreakout | BM2: PeriodStart | BR2: -
A3: Shot | E3: Save | J3: Faceoff-AfterPenalty | S3: PenaltyShot_OnNet | X3: s | AB3: OffensivePlay_Possession-DriveMiddle | AK3: Defensive_PlayPossession-PokeCheck | AT3: HighToLow | AZ3: Cycle | BF3: LeadToZoneEntry | BM3: FaceoffAfterGoal | BR3: Period Start
A4: Pass | J4: Faceoff-AfterGoal | S4: PenaltyShot_Missed | X4: u | AB4: OffensivePlay_Possession-DriveWide | AK4: Defensive_PlayPossession-SeperateFromPuck | AT4: CrossIce | AZ4: Forecheck | BF4: LeadToTurnover | BM4: GameStart | BR4: Period End
A5: Goal | E5: Shot | J5: Faceoff-PeriodStart | S5: PenaltyShot_Saved | X5: s | AB5: OffensivePlay_Possession-DriveCorner | AK5: Defensive_PlayPossession-Backcheck | AT5: Slot | AZ5: Dumpin | BF5: LeadToShot | BM5: FaceoffAfterPenalty | BR5: Puck Out of Play
A6: Turnover | E6: Pass, Shot, Play | J6: Shot-OnNet | S6: ShootoutShot_OnNet | X6: s | AB6: OffensivePlay_Possession-DriveNetMiddle | AK6: Defensive_PlayPossession-FroceWide | AZ6: Regroup | BF6: LeadToGoal | BM6: OtherFaceoff | BR6: Injury
A7: Zone_Entry_Exit | E7: Pass, Turnover, Attempted Failed, Keepins | J7: Shot-Missed | S7: ShootoutShot_Missed | X7: u | AB7: OffensivePlay_Possession-DriveNetWide | AK7: Defensive_PlayPossession-Contain | AZ7: Counter | BF7: LeadToPenalty | BM7: DeadIce/Stoppage | BR7: Home Penalty
A8: Penalty | J8: Shot-Blocked | S8: ShootoutShot_Saved | X8: s | AB8: OffensivePlay_Possession-CrashNet | AK8: Defensive_PlayPossession-BeatMiddle | AZ8: ZoneExit | BF8: LeadToFailedBreakout | BM8: Intermission | BR8: Away Penalty
A9: PenaltyShot_Shootout | J9: Shot-BlockedSameTeam | AB9: OffensivePlay_Possession-Delay | AK9: Defensive_PlayPossession-BeatWide | AZ9: ZoneEntry | BF9: LeadToFailedZoneEntry | BM9: DelayedPenalty | BR9: Home Goalie Stoppage
A10: Stoppage | E10: Save Freeze | J10: Shot-Deflected | S10: Stoppage_Period | AB10: OffensivePlay_Possession-Deke | AK10: Defensive_PlayPossession-BeatDeke | AZ10: Clear | BM10: GameStart | BR10: Away Goalie Stoppage
A11: Hit | J11: Shot-DeflectedOnNet | S11: Stoppage_Play | AB11: OffensivePlay_Possession-Chip | AK11: Defensive_PlayPossession-BeatSpeed | BR11: Home Offside
A12: Possession | J12: Shot-Tipped | S12: Stoppage_Other | AB12: OffensivePlay_Possession-Other | AK12: Defensive_PlayPossession-Pressure | BR12: Home Icing
A13: LoosePuck | J13: Pass-Completed | S13: Stoppage_GameEnd | AB13: OffensivePlay_Possession-Speed | AK13: Defensive_PlayPossession-Zone | BR13: Away Offside
A14: Save | E14: Shot, Stoppage, Deadice | J14: Pass-Missed | AB14: OffensivePlay_Possession-OpenIceDeke | AK14: Defensive_PlayPossession-ManOnMan | BR14: Away Icing
A15: TeamPossessionChange | J15: Pass-Deflected | S15: Save_Rebound | AB15: OffensivePlay_Possession-EndToEndRush | AK15: Defensive_PlayPossession-Tracker | BR15: Clock Problem
A16: Rebound | E16: Shot, Save | J16: Pass-Intercepted | S16: Save_Freeze | AB16: OffensivePlay_Possession-FrontofNet | AK16: Defensive_PlayPossession-Surf | BR16: Puck Frozen
A17: DeadIce | J17: Turnover-Giveaway | S17: Save_Played | AB17: OffensivePlay_Possession-CutBack | AK17: Defensive_PlayPossession-StickCheck | BR17: Puck in Crowd
A18: Play | J18: Turnover-Takeaway | AB18: OffensivePlay_Possession-Wheel | AK18: Defensive_PlayPass-PassIntercepted | BR18: Goalie Stopped (after SOG)
A19: Timeout | J19: Zone-Entry | S19: Pass-Stretch | X19: s/u | AB19: OffensivePlay_Possession-ForecedOutside | AK19: Defensive_PlayPass-InShotPassLane | BR19: Referee or Linesperson
A20: Intermission | J20: Zone-Exit | S20: Pass-Rim/Wrap | X20: s/u | AB20: OffensivePlay_Pass-AssistPrimary | AK20: Defensive_PlayShot-BoxOut | BR20: High Stick
A21: Clockstop | J21: Zone-Keepin | S21: Pass-Backhand | X21: s/u | AB21: OffensivePlay_Pass-AssistSecondary | AK21: Defensive_PlayShot-BlockedShot | BR21: Objects on Ice
A22: GameStart | J22: Zone_Entryfailed | S22: Pass-Forehand | X22: s/u | AB22: OffensivePlay_Pass-AssistTertiary | AK22: Defensive_PlayShot-FrontofNet | BR22: Hand Pass
A23: GameEnd | J23: Zone_ExitFailed | S23: Pass-Bank | X23: s/u | AB23: OffensivePlay_Pass-GiveAndGo | AK23: Defensive_PlayZone-ClearingAttempt | BR23: Premature Substitution
A24: Penalty_Delayed | J24: Zone_KeepinFailed | S24: Pass-Dump | X24: s/u | AB24: OffensivePlay_Pass-Reverse | AK24: Defensive_PlayZone-ZoneEntryDenial | BR24: Puck in Netting
A25: Zone_Change | J25: Penalty | S25: Pass-Tipped | X25: s/u | AB25: OffensivePlay_Pass-QuickUp | AK25: Defensive_PlayZone-ZoneExitDenial | BR25: Puck in Benches
J26: Penalty-Offsetting | S26: Pass-Lob | X26: s/u | AB26: OffensivePlay_Pass-SecondTouch | AK26: Defensive_PlayZone-PenaltyKillClear | BR26: Net Dislodged Offensive Skater
J27: Stoppage-Freeze | S27: Pass-Drop | X27: s/u | AB27: OffensivePlay_Pass-ReceiverMissed | AK27: Defensive_PlayZone-PuckRetrievalDumpIn | BR27: Puck Frzn-Goalie-Bynd Ctr
J28: Stoppage-OutfofPlay | S28: Pass-Deflected/TippedShot | X28: s/u | AB28: OffensivePlay_Shot-Screen | AK28: Defensive_PlayZone-PuckRetrievalShot | BR28: Skater Puck Frozen
J29: Stoppage-PeriodEnd | S29: Pass-ReceiverMissed | X29: s/u | AB29: OffensivePlay_Zone-Breakout | AK29: Defensive_PlayZone-PuckRetreivalTurnover | BR29: Valid stoppage type reasons (reason):
J30: Stoppage-Goal | S30: Pass-OneTouch | X30: s/u | AB30: OffensivePlay_Zone-DumpChase | AK30: Defensive_PlayZone-PuckRetreivalPass | BR30: TV timeout
J31: Stoppage-Penalty | S31: Pass-SecondTouch | X31: s/u | AB31: OffensivePlay_Zone-Forecheck | AK31: Defensive_PlayZone-PuckRetrievalRebound | BR31: Home Timeout
J32: Shootout-OnNet | S32: Pass-QuickUp | X32: s/u | AB32: OffensivePlay_Zone-Dump/RimInZone | AK32: Defensive_PlayZone-PuckRecoveryDumpIn | BR32: Visitor Timeout
J33: Shootout-Missed | S33: Pass-GiveAndGo | X33: s/u | AB33: OffensivePlay_Zone-DumpInAttempt | AK33: Defensive_PlayZone-PuckRecoveryShot | BR33: Player Injury
J34: Shootout-Saved | S34: Pass-Reverse | X34: s/u | AB34: OffensivePlay_Zone-Breakout | AK34: Defensive_PlayZone-PuckRecoveryTurnover | BR34: Official Injury
J35: PenaltyShot-OnNet | S35: Pass-Other | X35: s/u | AB35: OffensivePlay_Zone-Cycle | AK35: Defensive_PlayZone-PuckRecoveryPass | BR35: Rink Repair
J36: PenaltyShot-Missed | AB36: OffensivePlay_Zone-PuckRetrievalDumpIn | AK36: Defensive_PlayZone-PuckRecoveryRebound | BR36: Ice problem
J37: PenaltyShot-Saved | S37: Giveaway-Misplayed | AB37: OffensivePlay_Zone-PuckRetrievalShot | AK37: Defensive_PlayZone-ForcedDumpin/Clear | BR37: Player Equipment
J38: LoosePuck-Forecheck | S38: Giveaway-BattleLost | AB38: OffensivePlay_Zone-PuckRetreivalTurnover | AK38: Offensive_Zone-AttemptedKeepin | BR38: Video Review
J39: LoosePuck-Battle | S39: Giveaway-PassIntercepted | AB39: OffensivePlay_Zone-PuckRetreivalPass | AK39: Defensive_Zone-AttemptedBreakOutPass | BR39: Chlg Hm - off-side
J40: Save-Rebound | S40: Giveaway-PassMissed | AB40: OffensivePlay_Zone-PuckRetreivalRebound | AK40: Defensive_Zone-AttemptedBreakOutRush | BR40: Chlg Vis - off-side
J41: Save-Freeze | S41: Giveaway-PassBlocked | AB41: OffensivePlay_Zone-PuckRetreivalShot | AK41: Defensive_Zone-AttemptedBreakOutClear | BR41: Chlg Hm - goal interference
J42: Save | S42: Giveaway-PassReceiverMissed | AB42: OffensivePlay_Zone-PuckRecoveryDumpIn | AK42: Offensive_Zone-AttemptedEntryDumpIn | BR42: Chlg Vis - goal interference
J43: DeadIce | S43: Giveaway-ShotBlocked | AB43: OffensivePlay_Zone-PuckRecoveryShot | AK43: Offensive_Zone-AttemptedEntryPass | BR43: Chlg League - off-side
J44: Play | S44: Giveaway-ShotMissed | AB44: OffensivePlay_Zone-PuckRecoveryTurnover | AK44: Offensive_Zone-AttemptedEntryRush | BR44: Chlg League - goal interference
J45: Faceoff-GameStart | S45: Giveaway-ZoneClear/Dump | AB45: OffensivePlay_Zone-PuckRecoveryPass | BR45: Switch sides
J46: Breakaway | K46: Possession on zone entry when on breakaway | S46: Giveaway-AttemptedZoneClear/Dump | AB46: OffensivePlay_Zone-PuckRecoveryRebound | BR46: Chlg Hm - Missed stoppage
J47: PuckRetrieval | K47: Puck reterived after opp team touch/turnover' | O47: s/u | P47: successful if next play positive | S47: Giveaway-ZoneEntry/ExitMisplay | AB47: Offensive_Zone-AttemptedKeepin | BR47: Chlg Vis - Missed stoppage
J48: PuckRecovery | K48: Puck recovered after same team touch/turnover | O48: s/u | S48: Giveaway-DumpInZone | AB48: Defensive_Zone-AttemptedBreakOutPass | BR48: Chlg League - Missed stoppage
J49: Regroup | K49: Circle back in Nzone/Dzone | O49: s/u | S49: Giveaway-Other | AB49: Defensive_Zone-AttemptedBreakOutRush | BR49: Chlg Hm - puck over glass
O50: s/u | AB50: Defensive_Zone-AttemptedBreakOutClear | BR50: Chlg Vis - puck over glass
S51: Takeaway-BattleWon | AB51: Offensive_Zone-AttemptedEntryDumpIn | BR51: Chlg League - puck over glass
S52: Takeaway-PokeCheck | AB52: Offensive_Zone-AttemptedEntryPass | BR52: Home Goal
S53: Takeaway-PassIntercepted | AB53: Offensive_Zone-AttemptedEntryRush | BR53: Away Goal
S54: Takeaway-PassBlocked | BR54: Away Goalie Stopped (after Home SOG)
S55: Takeaway-ShotBlocked | BR55: Home Goalie Stopped (after Away SOG)
S56: Takeaway-ZoneClear/Dump | BR56: DeadIce/Stoppage
S57: Takeaway-AttemptedZoneClear/Dump | BR57: Offset Penalty
S58: Takeaway-Other | BR58: GameEnd
S60: Zone-EntryFailed | X60: s/u
S61: ZoneEntry-Rush | X61: s/u
S62: ZoneEntry-Pass | X62: s/u
S63: ZoneEntry-DumpIn | X63: s/u
S64: ZoneEntry-Chip | X64: s/u
S65: ZoneEntry-FromExitClear | X65: s/u
S66: ZoneEntry-PassMiss/Misplay | X66: s/u
S67: ZoneEntry-OppTeam | X67: s/u
S68: ZoneEntry-Lob | X68: s/u
S69: ZoneEntry-RushBreakaway | X69: s/u
S70: ZoneEntry-CausedTurnover | X70: s/u
S71: ZoneEntry-PenaltyKillClear | X71: s/u
... S89: Zone-Other | X89: s/u
S91: OffensivePlay | Y91: successful if positive play made next
S92: DriveMiddle | T92: Cut to middle of ice | X92: s/u
S93: DriveWide | T93: drive wide either foreced /unforced | X93: s/u
S94: DriveCorner | T94: drive to offensive corner forced/unforced | X94: s/u
S95: DriveNetMiddle | T95: drive to slot from middle | X95: s/u
S96: DriveNetWide | T96: drive to slot from wide | X96: s/u
S97: CrashNet | T97: crash net for rebound | X97: s/u
S98: Delay | X98: s/u
S99: Deke | X99: s/u
S100: Chip | X100: s/u
S101: Other | X101: s/u
S102: DumpChase | T102: dumped into ozone form ozone/nzone | X102: s/u
S103: Forecheck | T103: offensive players crashing puck after dumpin | X103: s/u
S104: Speed | X104: s/u
S106: DefensivePlay | Y106: successful if positive play made next
S107: PokeCheck | X107: s/u
S108: PokeCheckFailed | X108: s/u
S109: SeperateFromPuck | X109: s/u
S110: Backcheck | X110: s/u
S111: FroceWide | X111: s/u
S112: Contain | X112: s/u
S113: BeatMiddle | X113: s/u
S114: BeatWide | X114: s/u
S115: BeatDeke | X115: s/u
S116: BeatSpeed | X116: s/u
S117: BoxOut | X117: s/u
S118: Other | X118: s/u
... S130: Shot-Other | X130: s/u
S132: Save-Glove
...

Sheet Lists
A1: EventType | C1: EventTypeDetail | E1: EventTypeDetail2 | G1: OffensivePlay | I1: DefensivePlay | K1: Team | N1: NHL Net | O1: Max | P1: Min | Q1: Total Max | R1: Total Min | T1: Play | U1: Faceoff | V1: Shot | W1: Pass | X1: Goal | Y1: Turnover | Z1: Zone Entry/Exit | AA1: Penalty | AB1: PenaltyShot/Shootout | AC1: Stoppage | AD1: LoosePuck | AE1: Save | AF1: Pass-Completed | AG1: Pass-Missed | AH1: Pass-Deflected | AI1: Pass-Intercepted | AJ1: Turnover-Giveaway | AK1: Turnover-Takeaway | AL1: Zone-Entry | AM1: Zone-Exit | AN1: Zone-Keepin | AO1: Penalty-Major | AP1: Penalty-Minor | AQ1: Penalty-Offsetting | AR1: Stoppage-Play | AS1: Stoppage-Period | AT1: Stoppage-Other | AU1: Shootout-OnNet | AV1: Shootout-Missed | AW1: Shootout-Saved | AX1: PenaltyShot-OnNet | AY1: PenaltyShot-Missed | AZ1: PenaltyShot-Saved | BA1: Save-Rebound | BB1: Save-Freeze | BC1: Shot_OnNetSaved | BD1: Shot_Missed | BE1: Shot_Blocked | BF1: Shot_BlockedSameTeam | BG1: Shot_Deflected | BH1: Shot_DeflectedOnNetSaved | BI1: Shot_TippedOnNetSaved | BJ1: Shot_OnNetGoal | BK1: Shot_TippedGoal | BL1: Shot_DeflectedGoal | BM1: Goal_Scored | BN1: Goal_Shootout | BO1: Goal_PenaltyShot | BP1: Save_Played | BQ1: Rebound | BR1: Play_Offensive | BS1: Play_Defensive | BT1: Possession | BU1: Faceoff | BV1: None | BW1: Shot_MissedPost | CA1: shift_start | CC1: shift_end | CE1: label | CG1: play_detail1 | CH1: play_detail2 | CL1: Offensive | CM1: Defensive | CO1: Offensive | CQ1: Defensive | CS1: play_tag1 | CU1: play_tag2 | CW1: Context | CY1: Offensive | DD1: Defensive | DG1: Zone-EntryFailed | DH1: Zone-ExitFailed | DI1: Zone-KeepinFailed
K2: Home | L2: =K3 -> Away | N2: X | O2: 36 | P2: -36 | Q2: =O2+O4 -> 38.375 | R2: =P2-O4 -> -38.375 | T2: Play_Offensive | U2: Faceoff_AfterPenalty | V2: Shot_OnNetSaved | W2: Pass_Completed | X2: Goal_Scored | Y2: Turnover_Giveaway | Z2: Zone_Entry | AA2: Penalty_Minor | AB2: PenaltyShot_OnNet | AC2: Stoppage_Period | AD2: LoosePuck_Forecheck | AE2: Save_Rebound | AF2: Pass-Stretch | AG2: Pass-Stretch | AH2: Pass-Stretch | AI2: Pass-Stretch | AJ2: Giveaway-Misplayed | AK2: Takeaway-BattleWon | AL2: ZoneEntry-Rush | AM2: ZoneExit-Rush | AN2: Zone-KeepIn | AO2: Penalty-Bench Penalty | AP2: Penalty-Bench Penalty | AQ2: Penalty-Bench Penalty | AR2: Stoppage-Icing | AS2: Stoppage-StartofShootout | AT2: Stoppage-ObjectsonIce | AU2: Shot-Wrist | AV2: Shot-Wrist | AW2: Shot-Wrist | AX2: Shot-Wrist | AY2: Shot-Wrist | AZ2: Shot-Wrist | BA2: Save-Glove | BB2: Save-Glove | BC2: Shot-Wrist | BD2: Shot-Wrist | BE2: Shot-Wrist | BF2: Shot-Wrist | BG2: Shot-Deflection | BH2: Shot-Deflection | BI2: Shot-Tip | BJ2: Shot-Wrist | BL2: Shot-Deflection | BM2: Goal-Wrist | BN2: Goal-Wrist | BO2: Goal-Wrist | BP2: Save-Glove | BQ2: Rebound_TeamRecovered | BS2: Play-PokeCheck | BT2: Breakaway | BU2: Shot | BV2: All | BW2: Shot-Wrist | BX2: event_team_player_1 | BY2: e | CA2: PeriodStart | CC2: - | CE2: Assist-Primary | CG2: OffensivePlay-DriveMiddle | CJ2: Offensive | CL2: OffensivePlay-Drive | CO2: =CY2&CZ2&"-"&DA2 -> OffensivePlay_Possession-DriveMiddle | CQ2: =DD2&DE2&"-"&DF2 -> Defensive_PlayPossession-PokeCheck | CS2: LowToHigh | CU2: Rush | CW2: LeadToBreakout | CY2: OffensivePlay_ | CZ2: Possession | DA2: DriveMiddle | DD2: Defensive_Play | DE2: Possession | DF2: PokeCheck | DG2: ZoneEntry-Rush | DH2: ZoneExit-Rush | DI2: Zone-KeepIn
A3: Faceoff | B3: None | C3: Faceoff | E3: Shot-Wrist | G3: DriveMiddle | I3: PokeCheck | K3: Away | L3: =K2 -> Home | N3: Y | O3: 24 | P3: -24 | Q3: =O3+O5 -> 26.375 | R3: -24 | T3: Play_Defensive | U3: Faceoff_AfterGoal | V3: Shot_Missed | W3: Pass_Missed | X3: Goal_Shootout | Y3: Turnover_Takeaway | Z3: Zone_Exit | AA3: Penalty_Offsetting | AB3: PenaltyShot_Missed | AC3: Stoppage_Play | AD3: LoosePuck_Battle | AE3: Save_Freeze | AF3: Pass-Rim/Wrap | AG3: Pass-Rim/Wrap | AH3: Pass-Rim/Wrap | AI3: Pass-Rim/Wrap | AJ3: Giveaway-BattleLost | AK3: Takeaway-PokeCheck | AL3: ZoneEntry-Pass | AM3: ZoneExit-Pass | AN3: Zone-Pinch | AO3: Penalty-Boarding | AP3: Penalty-Boarding | AQ3: Penalty-Boarding | AR3: Stoppage-Offsides | AS3: Stoppage-PeriodStart | AT3: Stoppage-HomeTimeout | AU3: Shot-Slap | AV3: Shot-Slap | AW3: Shot-Slap | AX3: Shot-Slap | AY3: Shot-Slap | AZ3: Shot-Slap | BA3: Save-Blocker | BB3: Save-Blocker | BC3: Shot-Slap | BD3: Shot-Slap | BE3: Shot-Slap | BF3: Shot-Slap | BG3: Shot-Wrist | BH3: Shot-Wrist | BI3: Shot-Wrist | BJ3: Shot-Slap | BK3: Shot-Wrist | BL3: Shot-Wrist | BM3: Goal-Slap | BN3: Goal-Slap | BO3: Goal-Slap | BP3: Save-Blocker | BQ3: Rebound_OppTeamRecovered | BR3: Play-DriveMiddle | BS3: Play-PokeCheckFailed | BT3: PuckRetrieval | BU3: Pass | BV3: Involved | BW3: Shot-Slap | BX3: event_team_player_2 | BY3: o | CA3: FaceoffAfterGoal | CC3: Period Start | CE3: Assist-Secondary | CG3: OffensivePlay-DriveWide | CJ3: Defensive | CO3: =CY3&CZ3&"-"&DA3 -> OffensivePlay_Possession-DriveWide | CQ3: =DD3&DE3&"-"&DF3 -> Defensive_PlayPossession-SeperateFromPuck | CS3: HighToLow | CU3: Cycle | CW3: LeadToZoneEntry | CY3: OffensivePlay_ | CZ3: Possession | DA3: DriveWide | DD3: Defensive_Play | DE3: Possession | DF3: SeperateFromPuck | DG3: ZoneEntry-Pass | DH3: ZoneExit-Pass | DI3: Zone-Pinch
A4: Shot | C4: Faceoff-AfterPenalty | E4: Shot-Slap | G4: DriveWide | I4: PokeCheckFailed | N4: PostX | O4: 2.375 | U4: Faceoff_PeriodStart | V4: Shot_Blocked | W4: Pass_Deflected | X4: Goal_PenaltyShot | Z4: Zone_Keepin | AA4: Penalty_Major | AB4: PenaltyShot_Saved | AC4: Stoppage_Other | AE4: Save_Played | AF4: Pass-Backhand | AG4: Pass-Backhand | AH4: Pass-Backhand | AI4: Pass-Backhand | AJ4: Giveaway-PassIntercepted | AK4: Takeaway-PassIntercepted | AL4: ZoneEntry-DumpIn | AM4: ZoneExit-Clear | AN4: Zone-Other | AO4: Penalty-Charging | AP4: Penalty-Charging | AQ4: Penalty-Charging | AR4: Stoppage-ClockProblem | AS4: Stoppage-PeriodEnd | AT4: Stoppage-VisitorTimeout | AU4: Shot-Backhand | AV4: Shot-Backhand | AW4: Shot-Backhand | AX4: Shot-Backhand | AY4: Shot-Backhand | AZ4: Shot-Backhand | BA4: Save-LeftPad | BB4: Save-LeftPad | BC4: Shot-Backhand | BD4: Shot-Backhand | BE4: Shot-Backhand | BF4: Shot-Backhand | BG4: Shot-Slap | BH4: Shot-Slap | BI4: Shot-Slap | BJ4: Shot-Backhand | BK4: Shot-Slap | BL4: Shot-Slap | BM4: Goal-Backhand | BN4: Goal-Backhand | BO4: Goal-Backhand | BP4: Save-LeftPad | BQ4: Rebound_ShotGenerated | BR4: Play-DriveWide | BS4: Play-SeperateFromPuck | BT4: PuckRecovery | BU4: Goal | BV4: All | BW4: Shot-Backhand | BX4: event_team_player_3 | CA4: GameStart | CC4: Period End | CE4: Breakout | CG4: OffensivePlay-DriveCorner | CO4: =CY4&CZ4&"-"&DA4 -> OffensivePlay_Possession-DriveCorner | CQ4: =DD4&DE4&"-"&DF4 -> Defensive_PlayPossession-Backcheck | CS4: CrossIce | CU4: Forecheck | CW4: LeadToTurnover | CY4: OffensivePlay_ | CZ4: Possession | DA4: DriveCorner | DD4: Defensive_Play | DE4: Possession | DF4: Backcheck | DG4: ZoneEntry-DumpIn | DH4: ZoneExit-Clear | DI4: Zone-Other
A5: Pass | C5: Faceoff-AfterGoal | E5: Shot-Backhand | G5: DriveCorner | I5: SeperateFromPuck | N5: PostY | O5: 2.375 | U5: Faceoff_AfterStoppage | V5: Shot_BlockedSameTeam | W5: Pass_Intercepted | Z5: Zone_Entryfailed | AB5: ShootoutShot_OnNet | AC5: Stoppage_GameEnd | AF5: Pass-Forehand | AG5: Pass-Forehand | AH5: Pass-Forehand | AI5: Pass-Forehand | AJ5: Giveaway-PassMissed | AK5: Takeaway-PassBlocked | AL5: ZoneEntry-Chip | AM5: ZoneExit-Chip | AO5: Penalty-CrossChecking | AP5: Penalty-CrossChecking | AQ5: Penalty-CrossChecking | AR5: Stoppage-HighStick | AT5: Stoppage-RinkRepair | AU5: Shot-Snap | AV5: Shot-Snap | AW5: Shot-Snap | AX5: Shot-Snap | AY5: Shot-Snap | AZ5: Shot-Snap | BA5: Save-RightPad | BB5: Save-RightPad | BC5: Shot-Snap | BD5: Shot-Snap | BE5: Shot-Snap | BF5: Shot-Snap | BG5: Shot-Backhand | BH5: Shot-Backhand | BI5: Shot-Backhand | BJ5: Shot-Snap | BK5: Shot-Backhand | BL5: Shot-Backhand | BM5: Goal-Tip | BN5: Goal-Snap | BO5: Goal-Snap | BP5: Save-RightPad | BQ5: Rebound_FlurryGenerated | BR5: Play-DriveCorner | BS5: Play-Backcheck | BT5: Regroup | BU5: Turnover | BV5: Involved | BW5: Shot-Snap | BX5: event_team_player_4 | CA5: FaceoffAfterPenalty | CC5: Puck Out of Play | CE5: End-to-End-Rush | CG5: OffensivePlay-DriveNetMiddle | CO5: =CY5&CZ5&"-"&DA5 -> OffensivePlay_Possession-DriveNetMiddle | CQ5: =DD5&DE5&"-"&DF5 -> Defensive_PlayPossession-FroceWide | CS5: Slot | CU5: Dumpin | CW5: LeadToShot | CY5: OffensivePlay_ | CZ5: Possession | DA5: DriveNetMiddle | DD5: Defensive_Play | DE5: Possession | DF5: FroceWide | DG5: ZoneEntry-Chip | DH5: ZoneExit-Chip
A6: Goal | C6: Faceoff-PeriodStart | E6: Shot-Tip | G6: DriveNetMiddle | I6: Backcheck | U6: Faceoff_GameStart | V6: Shot_Deflected | Z6: Zone_ExitFailed | AB6: ShootoutShot_Missed | AF6: Pass-Bank | AG6: Pass-Bank | AH6: Pass-Bank | AI6: Pass-Bank | AJ6: Giveaway-PassBlocked | AK6: Takeaway-ShotBlocked | AL6: ZoneEntry-FromExitClear | AM6: ZoneExit-PassMiss/Misplay | AO6: Penalty-DelayofGame | AP6: Penalty-DelayofGame | AQ6: Penalty-DelayofGame | AR6: Stoppage-HandPass | AT6: Stoppage-PlayerEquipment | AU6: Shot-WrapAround | AV6: Shot-WrapAround | AW6: Shot-WrapAround | AX6: Shot-WrapAround | AY6: Shot-WrapAround | AZ6: Shot-WrapAround | BA6: Save-Stick | BB6: Save-Stick | BC6: Shot-WrapAround | BD6: Shot-WrapAround | BE6: Shot-WrapAround | BF6: Shot-WrapAround | BG6: Shot-Snap | BH6: Shot-Snap | BI6: Shot-Snap | BJ6: Shot-WrapAround | BK6: Shot-Snap | BL6: Shot-Snap | BM6: Goal-Snap | BN6: Goal-WrapAround | BO6: Goal-WrapAround | BP6: Save-Stick | BR6: Play-DriveNetMiddle | BS6: Play-FroceWide | BU6: Zone_Entry_Exit | BV6: Involved | BW6: Shot-WrapAround | BX6: event_team_player_5 | CA6: OtherFaceoff | CC6: Injury | CG6: OffensivePlay-DriveNetWide | CO6: =CY6&CZ6&"-"&DA6 -> OffensivePlay_Possession-DriveNetWide | CQ6: =DD6&DE6&"-"&DF6 -> Defensive_PlayPossession-Contain | CU6: Regroup | CW6: LeadToGoal | CY6: OffensivePlay_ | CZ6: Possession | DA6: DriveNetWide | DD6: Defensive_Play | DE6: Possession | DF6: Contain | DG6: ZoneEntry-FromExitClear | DH6: ZoneExit-PassMiss/Misplay
A7: Turnover | C7: Shot-OnNet | E7: Shot-Snap | G7: DriveNetWide | I7: FroceWide | V7: Shot_DeflectedOnNetSaved | Z7: Zone_KeepinFailed | AB7: ShootoutShot_Saved | AF7: Pass-Dump | AG7: Pass-Dump | AH7: Pass-Dump | AI7: Pass-Dump | AJ7: Giveaway-PassReceiverMissed | AK7: Takeaway-ZoneClear/Dump | AL7: ZoneEntry-PassMiss/Misplay | AM7: ZoneExit-OppTeam | AO7: Penalty-Diving | AP7: Penalty-Diving | AQ7: Penalty-Diving | AR7: Stoppage-NetDislodged | AT7: Stoppage-Challenge | AU7: Shot-Bat | AV7: Shot-Bat | AW7: Shot-Bat | AX7: Shot-Bat | AY7: Shot-Bat | AZ7: Shot-Bat | BA7: Save-Scramble | BB7: Save-Scramble | BC7: Shot-Bat | BD7: Shot-Bat | BE7: Shot-Bat | BF7: Shot-Bat | BG7: Shot-WrapAround | BH7: Shot-WrapAround | BI7: Shot-WrapAround | BJ7: Shot-Bat | BK7: Shot-WrapAround | BL7: Shot-WrapAround | BM7: Goal-WrapAround | BN7: Goal-Bat | BO7: Goal-Bat | BP7: Save-Scramble | BR7: Play-DriveNetWide | BS7: Play-Contain | BU7: Penalty | BV7: Involved | BW7: Shot-Bat | BX7: event_team_player_6 | CA7: DeadIce/Stoppage | CC7: Home Penalty | CG7: OffensivePlay-CrashNet | CO7: =CY7&CZ7&"-"&DA7 -> OffensivePlay_Possession-CrashNet | CQ7: =DD7&DE7&"-"&DF7 -> Defensive_PlayPossession-BeatMiddle | CU7: Counter | CW7: LeadToPenalty | CY7: OffensivePlay_ | CZ7: Possession | DA7: CrashNet | DD7: Defensive_Play | DE7: Possession | DF7: BeatMiddle | DG7: ZoneEntry-PassMiss/Misplay | DH7: ZoneExit-OppTeam
A8: Zone_Entry_Exit | C8: Shot-Missed | E8: Shot-WrapAround | G8: CrashNet | I8: Contain | V8: Shot_Tipped | AF8: Pass-Tipped | AG8: Pass-Tipped | AH8: Pass-Tipped | AI8: Pass-Tipped | AJ8: Giveaway-ShotBlocked | AK8: Takeaway-AttemptedZoneClear/Dump | AL8: ZoneEntry-OppTeam | AM8: ZoneExit-Lob | AO8: Penalty-Elbowing | AP8: Penalty-Elbowing | AQ8: Penalty-Elbowing | AR8: Stoppage-Injury | AT8: Stoppage-Other | AU8: Shot-Cradle | AV8: Shot-Cradle | AW8: Shot-Cradle | AX8: Shot-Cradle | AY8: Shot-Cradle | AZ8: Shot-Cradle | BA8: Save-Butterfly | BB8: Save-Butterfly | BC8: Shot-Cradle | BD8: Shot-Cradle | BE8: Shot-Cradle | BF8: Shot-Cradle | BG8: Shot-Bat | BH8: Shot-Bat | BI8: Shot-Bat | BJ8: Shot-Cradle | BK8: Shot-Bat | BL8: Shot-Bat | BM8: Goal-Bat | BN8: Goal-Cradle | BO8: Goal-Cradle | BP8: Save-Butterfly | BR8: Play-CrashNet | BS8: Play-BeatMiddle | BU8: PenaltyShot_Shootout | BV8: Involved | BW8: Shot-Cradle | BX8: opp_team_player_1 | CA8: Intermission | CC8: Away Penalty | CG8: OffensivePlay-Delay | CO8: =CY8&CZ8&"-"&DA8 -> OffensivePlay_Possession-Delay | CQ8: =DD8&DE8&"-"&DF8 -> Defensive_PlayPossession-BeatWide | CU8: ZoneExit | CW8: LeadToFailedBreakout | CY8: OffensivePlay_ | CZ8: Possession | DA8: Delay | DD8: Defensive_Play | DE8: Possession | DF8: BeatWide | DG8: ZoneEntry-OppTeam | DH8: ZoneExit-Lob
A9: Penalty | C9: Shot-Blocked | E9: Shot-Bat | G9: Delay | I9: BeatMiddle | V9: Shot_TippedOnNetSaved | AF9: Pass-Lob | AG9: Pass-Lob | AH9: Pass-Lob | AI9: Pass-Lob | AJ9: Giveaway-ShotMissed | AK9: Takeaway-Other | AL9: ZoneEntry-Lob | AM9: ZoneExit-CausedTurnover | AO9: Penalty-GoalieInterference | AP9: Penalty-GoalieInterference | AQ9: Penalty-GoalieInterference | AR9: Stoppage-GoalieStoppage | AU9: Shot-Poke | AV9: Shot-Poke | AW9: Shot-Poke | AX9: Shot-Poke | AY9: Shot-Poke | AZ9: Shot-Poke | BA9: Save-Chest | BB9: Save-Chest | BC9: Shot-Poke | BD9: Shot-Poke | BE9: Shot-Poke | BF9: Shot-Poke | BG9: Shot-Cradle | BH9: Shot-Cradle | BI9: Shot-Cradle | BJ9: Shot-Poke | BK9: Shot-Cradle | BL9: Shot-Cradle | BM9: Goal-Cradle | BN9: Goal-Poke | BO9: Goal-Poke | BP9: Save-Chest | BR9: Play-Delay | BS9: Play-BeatWide | BU9: Stoppage | BV9: None | BW9: Shot-Poke | BX9: opp_team_player_2 | CA9: DelayedPenalty | CC9: Home Goalie Stoppage | CG9: OffensivePlay-Deke | CO9: =CY9&CZ9&"-"&DA9 -> OffensivePlay_Possession-Deke | CQ9: =DD9&DE9&"-"&DF9 -> Defensive_PlayPossession-BeatDeke | CU9: ZoneEntry | CW9: LeadToFailedZoneEntry | CY9: OffensivePlay_ | CZ9: Possession | DA9: Deke | DD9: Defensive_Play | DE9: Possession | DF9: BeatDeke | DG9: ZoneEntry-Lob | DH9: ZoneExit-CausedTurnover
A10: PenaltyShot_Shootout | C10: Shot-BlockedSameTeam | E10: Shot-Cradle | G10: Deke | I10: BeatWide | V10: Shot_OnNetGoal | AF10: Pass-Drop | AG10: Pass-Drop | AH10: Pass-Drop | AI10: Pass-Drop | AJ10: Giveaway-ZoneClear/Dump | AL10: ZoneEntry-RushBreakaway | AM10: ZoneExit-PenaltyKillClear | AO10: Penalty-HighSticking | AP10: Penalty-HighSticking | AQ10: Penalty-HighSticking | AR10: Stoppage-PuckOutofPlay | AU10: Shot-BetweenLegs | AV10: Shot-BetweenLegs | AW10: Shot-BetweenLegs | AX10: Shot-BetweenLegs | AY10: Shot-BetweenLegs | AZ10: Shot-BetweenLegs | BA10: Save-Shoulder | BB10: Save-Shoulder | BC10: Shot-BetweenLegs | BD10: Shot-BetweenLegs | BE10: Shot-BetweenLegs | BF10: Shot-BetweenLegs | BG10: Shot-Poke | BH10: Shot-Poke | BI10: Shot-Poke | BJ10: Shot-BetweenLegs | BK10: Shot-Poke | BL10: Shot-Poke | BM10: Goal-Poke | BN10: Goal-BetweenLegs | BO10: Goal-BetweenLegs | BP10: Save-Other | BR10: Play-Deke | BS10: Play-BeatDeke | BU10: Hit | BV10: Involved | BW10: Shot-BetweenLegs | BX10: opp_team_player_3 | CA10: GameStart | CC10: Away Goalie Stoppage | CG10: OffensivePlay-Chip | CO10: =CY10&CZ10&"-"&DA10 -> OffensivePlay_Possession-Chip | CQ10: =DD10&DE10&"-"&DF10 -> Defensive_PlayPossession-BeatSpeed | CU10: Clear | CY10: OffensivePlay_ | CZ10: Possession | DA10: Chip | DD10: Defensive_Play | DE10: Possession | DF10: BeatSpeed | DG10: ZoneEntry-RushBreakaway | DH10: ZoneExit-PenaltyKillClear
A11: Stoppage | C11: Shot-Deflected | E11: Shot-Poke | G11: Chip | I11: BeatDeke | V11: Shot_OnNetTippedGoal | AF11: Pass-Deflected/TippedShot | AG11: Pass-Deflected/TippedShot | AH11: Pass-Deflected/TippedShot | AI11: Pass-Deflected/TippedShot | AJ11: Giveaway-AttemptedZoneClear/Dump | AL11: ZoneEntry-CausedTurnover | AM11: ZoneExit-Shot | AO11: Penalty-Holding | AP11: Penalty-Holding | AQ11: Penalty-Holding | AR11: Stoppage-Penalty | AU11: Shot-Tip | AV11: Shot-Tip | AW11: Shot-Other | AX11: Shot-Other | AY11: Shot-Other | AZ11: Shot-Other | BA11: Save-Skate | BB11: Save-Skate | BC11: Shot-Dumpin | BD11: Shot-Dumpin | BE11: Shot-Dumpin | BF11: Shot-Dumpin | BG11: Shot-BetweenLegs | BH11: Shot-BetweenLegs | BI11: Shot-BetweenLegs | BJ11: Shot-Dumpin | BK11: Shot-BetweenLegs | BL11: Shot-BetweenLegs | BM11: Goal-BetweenLegs | BN11: Goal-Other | BO11: Goal-Other | BR11: Play-Chip | BS11: Play-BeatSpeed | BU11: Possession | BV11: Involved | BW11: Shot-Dumpin | BX11: opp_team_player_4 | CC11: Home Offside | CG11: OffensivePlay-Other | CO11: =CY11&CZ11&"-"&DA11 -> OffensivePlay_Possession-Other | CQ11: =DD11&DE11&"-"&DF11 -> Defensive_PlayPossession-Pressure | CY11: OffensivePlay_ | CZ11: Possession | DA11: Other | DD11: Defensive_Play | DE11: Possession | DF11: Pressure | DG11: ZoneEntry-CausedTurnover | DH11: ZoneExit-Other
A12: Hit | C12: Shot-DeflectedOnNet | E12: Shot-BetweenLegs | G12: Other | I12: BeatSpeed | V12: Shot_OnNetDeflectedGoal | AF12: Pass-ReceiverMissed | AG12: Pass-ReceiverMissed | AH12: Pass-ReceiverMissed | AI12: Pass-ReceiverMissed | AJ12: Giveaway-ZoneEntry/ExitMisplay | AL12: ZoneEntry-PenaltyKillClear | AM12: ZoneExit-Other | AO12: Penalty-Interference | AP12: Penalty-Interference | AQ12: Penalty-Interference | AR12: Stoppage-Goal | AU12: Shot-Other | AV12: Shot-Other | BA12: Save-Other | BB12: Save-Other | BC12: Shot-OneTime | BD12: Shot-OneTime | BE12: Shot-OneTime | BF12: Shot-OneTime | BG12: Shot-Dumpin | BH12: Shot-Dumpin | BI12: Shot-Dumpin | BJ12: Shot-OneTime | BK12: Shot-Dumpin | BL12: Shot-Dumpin | BM12: Goal-Dumpin | BR12: Play-Other | BS12: Play-BoxOut | BU12: LoosePuck | BV12: None | BW12: Shot-OneTime | BX12: opp_team_player_5 | CC12: Home Icing | CG12: OffensivePlay-DumpChase | CO12: =CY12&CZ12&"-"&DA12 -> OffensivePlay_Possession-Speed | CQ12: =DD12&DE12&"-"&DF12 -> Defensive_PlayPossession-Zone | CY12: OffensivePlay_ | CZ12: Possession | DA12: Speed | DD12: Defensive_Play | DE12: Possession | DF12: Zone | DG12: ZoneEntry-PenaltyKillClear
A13: Possession | C13: Shot-Tipped | E13: Shot-Dumpin | G13: DumpChase | I13: BoxOut | V13: Shot_Goal | AF13: Pass-OneTouch | AG13: Pass-Other | AH13: Pass-Other | AI13: Pass-Other | AJ13: Giveaway-DumpInZone | AL13: ZoneEntry-Shot | AO13: Penalty-Hooking | AP13: Penalty-Fighting | AQ13: Penalty-Fighting | BC13: Shot-Tip | BD13: Shot_Tipped | BE13: Shot_Tipped | BF13: Shot_Tipped | BG13: Shot-OneTime | BH13: Shot-OneTime | BI13: Shot-OneTime | BJ13: Shot-Other | BK13: Shot-OneTime | BL13: Shot-OneTime | BM13: Goal-Deflection | BR13: Play-DumpChase | BS13: Play-AttemptedClear | BU13: Save | BV13: Involved | BW13: Shot_Tipped | BX13: opp_team_player_6 | CC13: Away Offside | CG13: OffensivePlay-Forecheck | CO13: =CY13&CZ13&"-"&DA13 -> OffensivePlay_Possession-OpenIceDeke | CQ13: =DD13&DE13&"-"&DF13 -> Defensive_PlayPossession-ManOnMan | CY13: OffensivePlay_ | CZ13: Possession | DA13: OpenIceDeke | DD13: Defensive_Play | DE13: Possession | DF13: ManOnMan | DG13: ZoneEntry-Other
A14: LoosePuck | C14: Pass-Completed | E14: Shot-Deflection | G14: Forecheck | I14: Other | V14: Shot_MissedPost | AF14: Pass-SecondTouch | AG14: Pass-SecondTouch | AH14: Pass-SecondTouch | AI14: Pass-SecondTouch | AJ14: Giveaway-Other | AL14: ZoneEntry-Other | AO14: Penalty-Roughing | AP14: Penalty-Hooking | AQ14: Penalty-Hooking | BC14: Shot-Other | BD14: Shot-Other | BE14: Shot-Other | BF14: Shot-Other | BG14: Shot-Other | BH14: Shot-Other | BI14: Shot-Other | BJ14: Shot-Deflection | BK14: Shot-Other | BL14: Shot-Other | BM14: Goal-OneTime | BR14: Play-Forecheck | BS14: Play-Other | BU14: TeamPossessionChange | BV14: None | BW14: Shot-Other | CC14: Away Icing | CG14: OffensivePlay-Speed | CO14: =CY14&CZ14&"-"&DA14 -> OffensivePlay_Possession-EndToEndRush | CQ14: =DD14&DE14&"-"&DF14 -> Defensive_PlayPossession-Tracker | CY14: OffensivePlay_ | CZ14: Possession | DA14: EndToEndRush | DD14: Defensive_Play | DE14: Possession | DF14: Tracker
A15: Save | C15: Pass-Missed | E15: Shot-OneTime | G15: Speed | AF15: Pass-QuickUp | AG15: Pass-QuickUp | AH15: Pass-QuickUp | AI15: Pass-QuickUp | AO15: Penalty-Slashing | AP15: Penalty-Roughing | AQ15: Penalty-Roughing | BJ15: Shot-Tip | BM15: Goal-Other | BR15: Play-Speed | BU15: Rebound | BV15: Invoived | CC15: Clock Problem | CG15: OffensivePlay-Dump/RimInZone | CO15: =CY15&CZ15&"-"&DA15 -> OffensivePlay_Possession-FrontofNet | CQ15: =DD15&DE15&"-"&DF15 -> Defensive_PlayPossession-Surf | CY15: OffensivePlay_ | CZ15: Possession | DA15: FrontofNet | DD15: Defensive_Play | DE15: Possession | DF15: Surf
A16: TeamPossessionChange | C16: Pass-Deflected | E16: Shot-Other | AF16: Pass-GiveAndGo | AG16: Pass-GiveAndGo | AH16: Pass-GiveAndGo | AI16: Pass-GiveAndGo | AO16: Penalty-TooManyMenontheIce | AP16: Penalty-Slashing | AQ16: Penalty-Slashing | BR16: Play-Dump/RimInZone | CC16: Puck Frozen | CG16: DefensivePlay-PokeCheck | CO16: =CY16&CZ16&"-"&DA16 -> OffensivePlay_Possession-CutBack | CQ16: =DD16&DE16&"-"&DF16 -> Defensive_PlayPossession-StickCheck | CY16: OffensivePlay_ | CZ16: Possession | DA16: CutBack | DD16: Defensive_Play | DE16: Possession | DF16: StickCheck
A17: Rebound | C17: Pass-Intercepted | E17: Pass-Stretch | AF17: Pass-Reverse | AG17: Pass-Reverse | AH17: Pass-Reverse | AI17: Pass-Reverse | AO17: Penalty-Tripping | AP17: Penalty-Misconduct | AQ17: Penalty-Misconduct | CC17: Puck in Crowd | CG17: DefensivePlay-PokeCheckFailed | CO17: =CY17&CZ17&"-"&DA17 -> OffensivePlay_Possession-Wheel | CQ17: =DD18&DE18&"-"&DF18 -> Defensive_PlayPass-PassIntercepted | CY17: OffensivePlay_ | CZ17: Possession | DA17: Wheel | DD17: Defensive_Play | DE17: Pass | DF17: PassBlocked
A18: DeadIce | C18: Turnover-Giveaway | E18: Pass-Rim/Wrap | AF18: Pass-Other | AG18: Pass-Other | AH18: Pass-Other | AI18: Pass-Other | AO18: Penalty-Other | AP18: Penalty-TooManyMenontheIce | AQ18: Penalty-TooManyMenontheIce | CC18: Goalie Stopped (after SOG) | CG18: DefensivePlay-SeperateFromPuck | CO18: =CY18&CZ18&"-"&DA18 -> OffensivePlay_Possession-ForecedOutside | CQ18: =DD19&DE19&"-"&DF19 -> Defensive_PlayPass-InShotPassLane | CY18: OffensivePlay_ | CZ18: Possession | DA18: ForecedOutside | DD18: Defensive_Play | DE18: Pass | DF18: PassIntercepted
A19: Play | C19: Turnover-Takeaway | E19: Pass-Backhand | AP19: Penalty-Tripping | AQ19: Penalty-Tripping | CC19: Referee or Linesperson | CG19: DefensivePlay-Backcheck | CO19: =CY19&CZ19&"-"&DA19 -> OffensivePlay_Pass-AssistPrimary | CQ19: =DD20&DE20&"-"&DF20 -> Defensive_PlayShot-BoxOut | CY19: OffensivePlay_ | CZ19: Pass | DA19: AssistPrimary | DD19: Defensive_Play | DE19: Pass | DF19: InShotPassLane
A20: Timeout | C20: Zone-Entry | E20: Pass-Forehand | AP20: Penalty-UnsportsmanlikeConduct | AQ20: Penalty-UnsportsmanlikeConduct | CC20: High Stick | CG20: DefensivePlay-FroceWide | CO20: =CY20&CZ20&"-"&DA20 -> OffensivePlay_Pass-AssistSecondary | CQ20: =DD21&DE21&"-"&DF21 -> Defensive_PlayShot-BlockedShot | CY20: OffensivePlay_ | CZ20: Pass | DA20: AssistSecondary | DD20: Defensive_Play | DE20: Shot | DF20: BoxOut
A21: Intermission | C21: Zone-Exit | E21: Pass-Bank | AP21: Penalty-Other | AQ21: Penalty-Other | CC21: Objects on Ice | CG21: DefensivePlay-Contain | CO21: =CY21&CZ21&"-"&DA21 -> OffensivePlay_Pass-AssistTertiary | CQ21: =DD22&DE22&"-"&DF22 -> Defensive_PlayShot-FrontofNet | CY21: OffensivePlay_ | CZ21: Pass | DA21: AssistTertiary | DD21: Defensive_Play | DE21: Shot | DF21: BlockedShot
A22: Clockstop | C22: Zone-Keepin | E22: Pass-Other | CC22: Hand Pass | CG22: DefensivePlay-BeatMiddle | CO22: =CY22&CZ22&"-"&DA22 -> OffensivePlay_Pass-GiveAndGo | CQ22: =DD23&DE23&"-"&DF23 -> Defensive_PlayZone-ClearingAttempt | CY22: OffensivePlay_ | CZ22: Pass | DA22: GiveAndGo | DD22: Defensive_Play | DE22: Shot | DF22: FrontofNet
A23: GameStart | C23: Penalty | E23: Giveaway-Misplayed | CC23: Premature Substitution | CG23: DefensivePlay-BeatWide | CO23: =CY23&CZ23&"-"&DA23 -> OffensivePlay_Pass-Reverse | CQ23: =DD24&DE24&"-"&DF24 -> Defensive_PlayZone-ZoneEntryDenial | CY23: OffensivePlay_ | CZ23: Pass | DA23: Reverse | DD23: Defensive_Play | DE23: Zone | DF23: ClearingAttempt
A24: GameEnd | C24: Penalty-Offsetting | E24: Giveaway-BattleLost | CC24: Puck in Netting | CG24: DefensivePlay-BeatDeke | CO24: =CY24&CZ24&"-"&DA24 -> OffensivePlay_Pass-QuickUp | CQ24: =DD25&DE25&"-"&DF25 -> Defensive_PlayZone-ZoneExitDenial | CY24: OffensivePlay_ | CZ24: Pass | DA24: QuickUp | DD24: Defensive_Play | DE24: Zone | DF24: ZoneEntryDenial
A25: Penalty_Delayed | C25: Stoppage-Freeze | E25: Giveaway-PassIntercepted | CC25: Puck in Benches | CG25: DefensivePlay-BeatSpeed | CO25: =CY25&CZ25&"-"&DA25 -> OffensivePlay_Pass-SecondTouch | CQ25: =DD26&DE26&"-"&DF26 -> Defensive_PlayZone-PenaltyKillClear | CY25: OffensivePlay_ | CZ25: Pass | DA25: SecondTouch | DD25: Defensive_Play | DE25: Zone | DF25: ZoneExitDenial
A26: Zone_Change | C26: Stoppage-OutfofPlay | E26: Giveaway-PassMissed | CC26: Net Dislodged Offensive Skater | CG26: DefensivePlay-BoxOut | CO26: =CY26&CZ26&"-"&DA26 -> OffensivePlay_Pass-ReceiverMissed | CQ26: =DD27&DE27&"-"&DF27 -> Defensive_PlayZone-PuckRetrievalDumpIn | CY26: OffensivePlay_ | CZ26: Pass | DA26: ReceiverMissed | DD26: Defensive_Play | DE26: Zone | DF26: PenaltyKillClear
C27: Stoppage-PeriodEnd | E27: Giveaway-PassBlocked | CC27: Puck Frzn-Goalie-Bynd Ctr | CG27: DefensivePlay-AttemptedClear | CO27: =CY27&CZ27&"-"&DA27 -> OffensivePlay_Shot-Screen | CQ27: =DD28&DE28&"-"&DF28 -> Defensive_PlayZone-PuckRetrievalShot | CY27: OffensivePlay_ | CZ27: Shot | DA27: Screen | DD27: Defensive_Play | DE27: Zone | DF27: PuckRetrievalDumpIn
C28: Stoppage-Goal | E28: Giveaway-ShotBlocked | CC28: Skater Puck Frozen | CG28: DefensivePlay-Other | CO28: =CY28&CZ28&"-"&DA28 -> OffensivePlay_Zone-Breakout | CQ28: =DD29&DE29&"-"&DF29 -> Defensive_PlayZone-PuckRetreivalTurnover | CY28: OffensivePlay_ | CZ28: Zone | DA28: Breakout | DD28: Defensive_Play | DE28: Zone | DF28: PuckRetrievalShot
C29: Stoppage-Penalty | E29: Giveaway-ShotMissed | CC29: Valid stoppage type reasons (reason): | CG29: OffensivePlay-Shot | CO29: =CY29&CZ29&"-"&DA29 -> OffensivePlay_Zone-DumpChase | CQ29: =DD30&DE30&"-"&DF30 -> Defensive_PlayZone-PuckRetreivalPass | CY29: OffensivePlay_ | CZ29: Zone | DA29: DumpChase | DD29: Defensive_Play | DE29: Zone | DF29: PuckRetreivalTurnover
C30: Shootout-OnNet | E30: Giveaway-Other | CC30: TV timeout | CG30: OffensivePlay-Pass | CO30: =CY30&CZ30&"-"&DA30 -> OffensivePlay_Zone-Forecheck | CQ30: =DD31&DE31&"-"&DF31 -> Defensive_PlayZone-PuckRetrievalRebound | CY30: OffensivePlay_ | CZ30: Zone | DA30: Forecheck | DD30: Defensive_Play | DE30: Zone | DF30: PuckRetreivalPass
C31: Shootout-Missed | E31: Takeaway-BattleWon | CC31: Home Timeout | CG31: OffensivePlay_Breakout | CO31: =CY31&CZ31&"-"&DA31 -> OffensivePlay_Zone-Dump/RimInZone | CQ31: =DD32&DE32&"-"&DF32 -> Defensive_PlayZone-PuckRecoveryDumpIn | CY31: OffensivePlay_ | CZ31: Zone | DA31: Dump/RimInZone | DD31: Defensive_Play | DE31: Zone | DF31: PuckRetrievalRebound
C32: Shootout-Saved | E32: Takeaway-PokeCheck | CC32: Visitor Timeout | CG32: OffensivePlay-AssistPrimary | CO32: =CY32&CZ32&"-"&DA32 -> OffensivePlay_Zone-DumpInAttempt | CQ32: =DD33&DE33&"-"&DF33 -> Defensive_PlayZone-PuckRecoveryShot | CY32: OffensivePlay_ | CZ32: Zone | DA32: DumpInAttempt | DD32: Defensive_Play | DE32: Zone | DF32: PuckRecoveryDumpIn
C33: PenaltyShot-OnNet | E33: Takeaway-PassIntercepted | CC33: Player Injury | CG33: OffensivePlay-AssistSecondary | CO33: =CY33&CZ33&"-"&DA33 -> OffensivePlay_Zone-Breakout | CQ33: =DD34&DE34&"-"&DF34 -> Defensive_PlayZone-PuckRecoveryTurnover | CY33: OffensivePlay_ | CZ33: Zone | DA33: Breakout | DD33: Defensive_Play | DE33: Zone | DF33: PuckRecoveryShot
C34: PenaltyShot-Missed | E34: Takeaway-PassBlocked | CC34: Official Injury | CG34: DefensivePlay-BlockedShot | CO34: =CY34&CZ34&"-"&DA34 -> OffensivePlay_Zone-Cycle | CQ34: =DD35&DE35&"-"&DF35 -> Defensive_PlayZone-PuckRecoveryPass | CY34: OffensivePlay_ | CZ34: Zone | DA34: Cycle | DD34: Defensive_Play | DE34: Zone | DF34: PuckRecoveryTurnover
C35: PenaltyShot-Saved | E35: Takeaway-ShotBlocked | CC35: Rink Repair | CG35: DefensivePlay-PassBlocked | CO35: =CY35&CZ35&"-"&DA35 -> OffensivePlay_Zone-PuckRetrievalDumpIn | CQ35: =DD36&DE36&"-"&DF36 -> Defensive_PlayZone-PuckRecoveryRebound | CY35: OffensivePlay_ | CZ35: Zone | DA35: PuckRetrievalDumpIn | DD35: Defensive_Play | DE35: Zone | DF35: PuckRecoveryPass
C36: LoosePuck-Forecheck | E36: Takeaway-Other | CC36: Ice problem | CG36: DefensivePlay-PassIntercepted | CO36: =CY36&CZ36&"-"&DA36 -> OffensivePlay_Zone-PuckRetrievalShot | CQ36: =DD37&DE37&"-"&DF37 -> Defensive_PlayZone-ForcedDumpin/Clear | CY36: OffensivePlay_ | CZ36: Zone | DA36: PuckRetrievalShot | DD36: Defensive_Play | DE36: Zone | DF36: PuckRecoveryRebound
C37: LoosePuck-Battle | E37: ZoneEntry-Rush | CC37: Player Equipment | CG37: OffensivePlay-FrontofNet | CO37: =CY37&CZ37&"-"&DA37 -> OffensivePlay_Zone-PuckRetreivalTurnover | CQ37: Offensive_Zone-AttemptedKeepin | CY37: OffensivePlay_ | CZ37: Zone | DA37: PuckRetreivalTurnover | DD37: Defensive_Play | DE37: Zone | DF37: ForcedDumpin/Clear
C38: Save-Rebound | E38: ZoneEntry-Pass | CC38: Video Review | CG38: DefensivePlay-FrontofNet | CO38: =CY38&CZ38&"-"&DA38 -> OffensivePlay_Zone-PuckRetreivalPass | CQ38: Defensive_Zone-AttemptedBreakOutPass | CY38: OffensivePlay_ | CZ38: Zone | DA38: PuckRetreivalPass
C39: Save-Freeze | E39: ZoneEntry-DumpIn | CC39: Chlg Hm - off-side | CG39: OffensivePlay-DumpInAttempt | CO39: =CY39&CZ39&"-"&DA39 -> OffensivePlay_Zone-PuckRetreivalRebound | CQ39: Defensive_Zone-AttemptedBreakOutRush | CY39: OffensivePlay_ | CZ39: Zone | DA39: PuckRetreivalRebound
C40: Save | E40: ZoneExit-Rush | CC40: Chlg Vis - off-side | CG40: DefensivePlay-ClearingAttempt | CO40: =CY40&CZ40&"-"&DA40 -> OffensivePlay_Zone-PuckRetreivalShot | CQ40: Defensive_Zone-AttemptedBreakOutClear | CY40: OffensivePlay_ | CZ40: Zone | DA40: PuckRetreivalShot
C41: DeadIce | E41: ZoneExit-Pass | CC41: Chlg Hm - goal interference | CG41: OffensivePlay-OpenIceDeke | CO41: =CY41&CZ41&"-"&DA41 -> OffensivePlay_Zone-PuckRecoveryDumpIn | CQ41: Offensive_Zone-AttemptedEntryDumpIn | CY41: OffensivePlay_ | CZ41: Zone | DA41: PuckRecoveryDumpIn
C42: Play | E42: ZoneExit-Clear | CC42: Chlg Vis - goal interference | CG42: OffensivePlay-PuckRetrievalDumpIn | CO42: =CY42&CZ42&"-"&DA42 -> OffensivePlay_Zone-PuckRecoveryShot | CQ42: Offensive_Zone-AttemptedEntryPass | CY42: OffensivePlay_ | CZ42: Zone | DA42: PuckRecoveryShot
C43: Faceoff-GameStart | E43: Zone-KeepIn | CC43: Chlg League - off-side | CG43: OffensivePlay-PuckRetrievalShot | CO43: =CY43&CZ43&"-"&DA43 -> OffensivePlay_Zone-PuckRecoveryTurnover | CQ43: Offensive_Zone-AttemptedEntryRush | CY43: OffensivePlay_ | CZ43: Zone | DA43: PuckRecoveryTurnover
E44: Zone-Pinch | CC44: Chlg League - goal interference | CG44: OffensivePlay-PuckRetreivalTurnover | CO44: =CY44&CZ44&"-"&DA44 -> OffensivePlay_Zone-PuckRecoveryPass | CQ44: Offensive_Zone-CededZoneExit | CY44: OffensivePlay_ | CZ44: Zone | DA44: PuckRecoveryPass
E45: Zone-Other | CC45: Switch sides | CG45: OffensivePlay-PuckRetreivalPass | CO45: =CY45&CZ45&"-"&DA45 -> OffensivePlay_Zone-PuckRecoveryRebound | CQ45: Defensive_Zone-CededZoneEntry | CY45: OffensivePlay_ | CZ45: Zone | DA45: PuckRecoveryRebound
E46: Save-Glove | CC46: Chlg Hm - Missed stoppage | CG46: DefensivePlay-PuckRetrievalDumpIn | CO46: Offensive_Zone-AttemptedKeepin | CQ46: Defensive_PlayPossession-GapControl
E47: Save-Blocker | CC47: Chlg Vis - Missed stoppage | CG47: DefensivePlay-PuckRetrievalShot | CO47: Defensive_Zone-AttemptedBreakOutPass | CQ47: DefensivePlay_Zone-PuckRetreivalFaceoff
E48: Save-LeftPad | CC48: Chlg League - Missed stoppage | CG48: DefensivePlay-PuckRetreivalTurnover | CO48: Defensive_Zone-AttemptedBreakOutRush | CQ48: DefensivePlay_Zone-PuckRecoveryFaceoff
E49: Save-RightPad | CC49: Chlg Hm - puck over glass | CG49: DefensivePlay-PuckRetreivalPass | CO49: Defensive_Zone-AttemptedBreakOutClear | CQ49: DefensivePlay_Zone-PuckRetreivalOther
E50: Save-Stick | CC50: Chlg Vis - puck over glass | CG50: DefnsivePlay-ForceedDumpin/Clear | CO50: Offensive_Zone-AttemptedEntryDumpIn | CQ50: DefensivePlay_Zone-PuckRecoveryOther
E51: Save-Scramble | CC51: Chlg League - puck over glass | CG51: DefensivePlay-Pressure | CO51: Offensive_Zone-AttemptedEntryPass | CQ51: Defensive_PlayPass-PassDeflected
E52: Save-Butterfly | CC52: Home Goal | CG52: DefensivePlay-ZoneEntryDenial | CO52: Offensive_Zone-AttemptedEntryRush
E53: Save-Chest | CC53: Away Goal | CG53: DefensivePlay-ZoneExitDenial | CO53: Offensive_Zone-CededZoneExit
E54: Save-Other | CC54: Away Goalie Stopped (after Home SOG) | CG54: OffensivePlay-ZoneKeepin | CO54: Defensive_PlayPass-CededZoneEntry
E55: Stoppage-StartofShootout | CC55: Home Goalie Stopped (after Away SOG) | CO55: OffensivePlay_Zone-PuckRetreivalFaceoff
E56: Stoppage-PeriodStart | CC56: DeadIce/Stoppage | CO56: OffensivePlay_Zone-PuckRecoveryFaceoff
E57: Stoppage-PeriodEnd | CC57: Offset Penalty | CO57: OffensivePlay_Zone-PuckRetreivalOther
E58: Stoppage-PuckOutofPlay | CC58: GameEnd | CO58: OffensivePlay_Zone-PuckRecoveryOther
E59: Stoppage-Penalty
E60: Stoppage-Icing
E61: Stoppage-Offsides
E62: Stoppage-GoalieStoppage
E63: Stoppage-ClockProblem
E64: Stoppage-HighStick
E65: Stoppage-ObjectsonIce
E66: Stoppage-HandPass
E67: Stoppage-NetDislodged
E68: Stoppage-HomeTimeout
E69: Stoppage-VisitorTimeout
E70: Stoppage-Injury
... E98: Play-Defensive

Sheet events
A1: event_index | B1: linked_event_index_ | C1: linked_event_index | D1: tracking_event_index | E1: sequence_index | F1: play_index | G1: zone_change_index | H1: Period | I1: event_start_min_ | J1: event_start_sec_ | K1: event_end_min_ | L1: event_end_sec_ | M1: event_start_min | N1: event_start_sec | O1: event_end_min | P1: event_end_sec | Q1: Team_ | R1: Player | S1: role_abrev_binary | T1: role_abrev | U1: Type_ | V1: event_detail_ | W1: event_detail_2_ | X1: successful | Y1: play_detail1 | Z1: play_detail2 | AA1: play_detail_successful | AB1: context | AC1: play_tag1 | AD1: play_tag2 | AE1: high_danger | AF1: event_team_zone | AG1: home_team_zone | AH1: away_team_zone | AI1: forced_forcer | AJ1: pressured_pressurer | AK1: Team | AL1: Team__ | AM1: Type | AN1: event_detail | AO1: event_detail_2 | AP1: side_of_puck | AQ1: game_id | AR1: home_team | AS1: away_team | AT1: duration | AU1: time_start_total_seconds | AV1: time_end_total_seconds | AW1: shift_index | AX1: player_role | AY1: role_number | AZ1: running_intermission_duration | BA1: period_start_total_running_seconds | BB1: running_video_time | BC1: event_running_start | BD1: event_running_end | BE1: event_id | BF1: linked_event_id | BG1: play_id | BH1: sequence_id | BI1: zone_change_id | BJ1: next_event | BK1: last_event | BL1: next_faceoff | BM1: last_faceoff | BN1: next_team_zone_entry | BO1: last_team_zone_entry | BP1: next_team_zone_exit | BQ1: next_team_zone_exit | BR1: next_team_shot | BS1: last_team_shot | BT1: next_team_goal | BU1: last_team_goal | BV1: associated_faceoff_id | BW1: associated_pass_id1 | BX1: associated_pass_id2 | BY1: associated_pass_id3 | BZ1: associated_pass_id4 | CA1: associated_zone_entry | CB1: assocaited_zone_exit | CC1: assocaited_penalty | CD1: assocaited_shot1 | CE1: assocaited_shot2 | CF1: assocaited_shot3 | CG1: assocaited_shot4 | CH1: associated_save1 | CI1: associated_save2 | CJ1: associated_save3 | CK1: associated_save4 | CL1: associated_turnover1 | CM1: associated_turnover2 | CN1: associated_turnover3 | CO1: associated_turnover4 | CP1: assocaited_possession1 | CQ1: assocaited_possession2 | CR1: assocaited_possession3 | CS1: assocaited_possession4 | CT1: associated_breakout | CU1: assocaited_assist_primary | CV1: assocaited_assist_secondary | CW1: faceoff_id | CX1: pass_id | CY1: turnover_id | CZ1: shot_id | DA1: save_id | DB1: rebound_id | DC1: goal_id | DD1: penalty_id | DE1: zone_entry_id | DF1: zone_exit_id | DG1: possession_id | DH1: pre_shot_pass | DI1: failed_entry | DJ1: failed_exit | DK1: retreival_lead_to_breakout | DL1: botched_retreivals | DM1: possession_change
A2: 0 | C2: =IF(B2<>"",9000+B2,"") | D2: =IF(C2<>"",C2,B2) -> 0 | H2: 1 | O2: =IF(K2<>"",K2,IF($A2=$A1,O1,"")) | P2: =IF(L2<>"",L2,IF($A2=$A1,P1,"")) | S2: x | T2: =IF(S2="x","",IF(S2=1,"e","o")) | U2: GameStart | V2: Faceoff_GameStart | AG2: =IF(Q2="","",IF(Q2="Home",AF2,"")) | AK2: =IF(Q2="H","Home",IF(Q2="A","Away","")) | AM2: =IF(U2<>"",U2,IF(A2=A1,U2,"")) -> GameStart | AQ2: 18987 | AR2: Velodrome | AS2: Outcan | BA2: 0 | BB2: 0 | BC2: =IF(BB2<5,0,BB2-5) -> 0 | BD2: =BC2+AT2+5 -> 5 | BE2: ="EVE"&$AQ2&(1000+$A2) -> EVE189871000 | BF2: =IF(C2<>"","LEVE"&$AQ2&(9000+$C2),"") | BG2: =IF(F2<>"","PLAY"&$AQ2&(1000+$F2),"") | BH2: =IF(E2<>"","SEQ"&$AQ2&(1000+$E2),"") | BI2: =IF(G2<>"","ZCHG"&$AQ2&(1000+$G2),"") | BJ2: ="EVE"&$AQ2&(1000+$A2+1) -> EVE189871001 | BK2: =IF(A2>0,"EVE"&$AQ2&(1000+$A2-1),"") | CW2: =IF(U2="Faceoff","FACE"&AQ2&(1000+A2),"")
A3: 1 | C3: =IF(B3<>"",9000+B3,"") | D3: =IF(C3<>"",C3,B3) -> 0 | E3: 1 | G3: 1 | H3: =IF(U3="Intermission",H2+1,H2) -> 1 | I3: 18 | J3: 00 | M3: =IF(I3<>"",I3,IF($A3=$A2,M2,M3)) -> 18 | N3: =IF($A3=$A2,N2,J3) -> 00 | O3: =IF(K3<>"",K3,IF($A3=$A2,O2,"")) | P3: =IF(L3<>"",L3,IF($A3=$A2,P2,"")) | Q3: a | R3: 77 | S3: 1 | T3: =IF(S3="x","",IF(S3=1,"e","o")) -> e | U3: Faceoff | V3: Faceoff_PeriodStart | AF3: n | AG3: =IF($Q3="","",IF(AF3="","",IF($Q3="Home",$AF3,IF($AF3="n","n",IF($AF3="d","o",IF($AF3="o","d","")))))) -> n | AH3: =IF($Q3="","",IF(AF3="","",IF($Q3="Away",$AF3,IF($AF3="n","n",IF($AF3="d","o",IF($AF3="o","d","")))))) -> n | AK3: =IF(AL3="H","Home",IF(AL3="A","Away","")) -> Away | AL3: =IF($Q3<>"",$Q3,IF($A3=$A2,AL2,"")) -> a | AM3: =IF($U3<>"",$U3,IF($A3=$A2,AM2,"")) -> Faceoff | AN3: =IF(V3<>"",V3,IF($A3=$A2,AN2,"")) -> Faceoff_PeriodStart | AO3: =IF(W3<>"",W3,IF($A3=$A2,AO2,"")) | AP3: =IF(AND(T3="e",OR(AM3="Save",AN3="Turnover_Takeaway",AN3="Play_Defensive")),"Defensive",IF(AND(T3="o",OR(AM3="Save",AN3="Turnover_Takeaway",AN3="Play_Defensive")),"Offensive",IF(OR(AM3="Deadice",AM3="Stoppage",AM3="Intermission"),"",IF(T3="e","Offensive",IF(T3="o","Defensive",""))))) -> Offensive | AQ3: 18988 | AR3: Velodrome | AS3: Outcan | AT3: =IF(AND(O3="",P3=""),0,((M3*60)+N3)-((O3*60)+P3)) -> 0 | AU3: =(M3*60)+N3 -> 1080 | AV3: =IF(AND(O3="",P3=""),AU3,((O3*60)+P3)) -> 1080 | AW3: {=_xlfn._xlws.FILTER(shifts!A:A,(shifts!B:B=events!H3)*(shifts!AG:AG>=events!AU3)*(shifts!AH:AH<=events!AV3))} -> 1 | AX3: =IF(T3="e","event_team_player_"&AY3,IF(T3="o","opp_team_player_"&AY3,"")) -> event_team_player_1 | AY3: =COUNTIFS(A$3:A3,"="&A3,T$3:T3,"="&T3) -> 1 | AZ3: =SUMIFS(AT3:AT3,U3:U3,"=Intermission") -> 0 | BA3: =IF(H3=1,0,IF(H3=2,1080+AZ3,IF(H3=3,(1080*2)+AZ3,0))) -> 0 | BB3: =IF(U3="Intermission",BB2,((1080)-((M3*60)+N3))+BA3) -> 0 | BC3: =IF(BB3<5,0,BB3-5) -> 0 | BD3: =BC3+AT3+5 -> 5 | BE3: ="EVE"&$AQ3&(1000+$A3) -> EVE189881001 | BF3: =IF(C3<>"","LEVE"&$AQ3&(9000+$C3),"") | BG3: =IF(F3<>"","PLAY"&$AQ3&(1000+$F3),"") | BH3: =IF(E3<>"","SEQ"&$AQ3&(1000+$E3),"") -> SEQ189881001 | BI3: =IF(G3<>"","ZONE"&$AQ3&(1000+$G3),"") -> ZONE189881001 | BJ3: ="EVE"&$AQ3&(1000+$A3+1) -> EVE189881002 | BK3: =IF(A3>0,"EVE"&$AQ3&(1000+$A3-1),"") -> EVE189881000 | CW3: =IF(U3="Faceoff","FACE"&AQ3&(1000+A3),"") -> FACE189881001
A4: 1 | C4: =IF(B4<>"",9000+B4,"") | D4: =IF(C4<>"",C4,B4) -> 0 | E4: 1 | G4: 1 | H4: =IF(U4="Intermission",H3+1,H3) -> 1 | M4: =IF(I4<>"",I4,IF($A4=$A3,M3,M4)) -> 18 | N4: =IF($A4=$A3,N3,J4) -> 00 | O4: =IF(K4<>"",K4,IF($A4=$A3,O3,"")) | P4: =IF(L4<>"",L4,IF($A4=$A3,P3,"")) | R4: 4 | S4: 1 | T4: =IF(S4="x","",IF(S4=1,"e","o")) -> e | AG4: =IF($Q4="","",IF(AF4="","",IF($Q4="Home",$AF4,IF($AF4="n","n",IF($AF4="d","o",IF($AF4="o","d","")))))) | AH4: =IF($Q4="","",IF(AF4="","",IF($Q4="Away",$AF4,IF($AF4="n","n",IF($AF4="d","o",IF($AF4="o","d","")))))) | AK4: =IF(AL4="H","Home",IF(AL4="A","Away","")) -> Away | AL4: =IF($Q4<>"",$Q4,IF($A4=$A3,AL3,"")) -> a | AM4: =IF(U4<>"",U4,IF($A4=$A3,AM3,"")) -> Faceoff | AN4: =IF(V4<>"",V4,IF($A4=$A3,AN3,"")) -> Faceoff_PeriodStart | AO4: =IF(W4<>"",W4,IF($A4=$A3,AO3,"")) | AP4: =IF(AND(T4="e",OR(AM4="Save",AN4="Turnover_Takeaway",AN4="Play_Defensive")),"Defensive",IF(AND(T4="o",OR(AM4="Save",AN4="Turnover_Takeaway",AN4="Play_Defensive")),"Offensive",IF(OR(AM4="Deadice",AM4="Stoppage",AM4="Intermission"),"",IF(T4="e","Offensive",IF(T4="o","Defensive",""))))) -> Offensive | AQ4: 18989 | AR4: Velodrome | AS4: Outcan | AT4: =IF(AND(O4="",P4=""),0,((M4*60)+N4)-((O4*60)+P4)) -> 0 | AU4: =(M4*60)+N4 -> 1080 | AV4: =IF(AND(O4="",P4=""),AU4,((O4*60)+P4)) -> 1080 | AW4: {=_xlfn._xlws.FILTER(shifts!A:A,(shifts!B:B=events!H4)*(shifts!AG:AG>=events!AU4)*(shifts!AH:AH<=events!AV4))} -> 1 | AX4: =IF(T4="e","event_team_player_"&AY4,IF(T4="o","opp_team_player_"&AY4,"")) -> event_team_player_2 | AY4: =COUNTIFS(A$3:A4,"="&A4,T$3:T4,"="&T4) -> 2 | AZ4: =SUMIFS(AT4:AT4,U4:U4,"=Intermission") -> 0 | BA4: =IF(H4=1,0,IF(H4=2,1080+AZ4,IF(H4=3,(1080*2)+AZ4,0))) -> 0 | BB4: =IF(U4="Intermission",BB3,((1080)-((M4*60)+N4))+BA4) -> 0 | BC4: =IF(BB4<5,0,BB4-5) -> 0 | BD4: =BC4+AT4+5 -> 5 | BE4: ="EVE"&$AQ4&(1000+$A4) -> EVE189891001 | BF4: =IF(C4<>"","LEVE"&$AQ4&(9000+$C4),"") | BG4: =IF(F4<>"","PLAY"&$AQ4&(1000+$F4),"") | BH4: =IF(E4<>"","SEQ"&$AQ4&(1000+$E4),"") -> SEQ189891001 | BI4: =IF(G4<>"","ZONE"&$AQ4&(1000+$G4),"") -> ZONE189891001 | CW4: =IF(U4="Faceoff","FACE"&AQ4&(1000+A4),"")
A5: 1 | C5: =IF(B5<>"",9000+B5,"") | D5: =IF(C5<>"",C5,B5) -> 0 | E5: 1 | G5: 1 | H5: =IF(U5="Intermission",H4+1,H4) -> 1 | M5: =IF(I5<>"",I5,IF($A5=$A4,M4,M5)) -> 18 | N5: =IF($A5=$A4,N4,J5) -> 00 | O5: =IF(K5<>"",K5,IF($A5=$A4,O4,"")) | P5: =IF(L5<>"",L5,IF($A5=$A4,P4,"")) | R5: 70 | T5: =IF(S5="x","",IF(S5=1,"e","o")) -> o | AG5: =IF($Q5="","",IF(AF5="","",IF($Q5="Home",$AF5,IF($AF5="n","n",IF($AF5="d","o",IF($AF5="o","d","")))))) | AH5: =IF($Q5="","",IF(AF5="","",IF($Q5="Away",$AF5,IF($AF5="n","n",IF($AF5="d","o",IF($AF5="o","d","")))))) | AM5: =IF(U5<>"",U5,IF($A5=$A4,AM4,"")) -> Faceoff | AN5: =IF(V5<>"",V5,IF($A5=$A4,AN4,"")) -> Faceoff_PeriodStart | AO5: =IF(W5<>"",W5,IF($A5=$A4,AO4,"")) | AP5: =IF(AND(T5="e",OR(AM5="Save",AN5="Turnover_Takeaway",AN5="Play_Defensive")),"Defensive",IF(AND(T5="o",OR(AM5="Save",AN5="Turnover_Takeaway",AN5="Play_Defensive")),"Offensive",IF(OR(AM5="Deadice",AM5="Stoppage",AM5="Intermission"),"",IF(T5="e","Offensive",IF(T5="o","Defensive",""))))) -> Defensive | AQ5: 18990 | AR5: Velodrome | AS5: Outcan | AT5: =IF(AND(O5="",P5=""),0,((M5*60)+N5)-((O5*60)+P5)) -> 0 | AZ5: =SUMIFS(AT5:AT5,U5:U5,"=Intermission") -> 0 | BA5: =IF(H5=1,0,IF(H5=2,1080+AZ5,IF(H5=3,(1080*2)+AZ5,0))) -> 0 | BB5: =IF(U5="Intermission",BB4,((1080)-((M5*60)+N5))+BA5) -> 0 | BC5: =IF(BB5<5,0,BB5-5) -> 0 | BD5: =BC5+AT5+5 -> 5 | BE5: ="EVE"&$AQ5&(1000+$A5) -> EVE189901001 | BF5: =IF(C5<>"","LEVE"&$AQ5&(9000+$C5),"") | BG5: =IF(F5<>"","PLAY"&$AQ5&(1000+$F5),"") | BH5: =IF(E5<>"","SEQ"&$AQ5&(1000+$E5),"") -> SEQ189901001 | BI5: =IF(G5<>"","ZONE"&$AQ5&(1000+$G5),"") -> ZONE189901001
A6: 2 | C6: =IF(B6<>"",9000+B6,"") | D6: =IF(C6<>"",C6,B6) -> 0 | E6: 1 | G6: 2 | H6: =IF(U6="Intermission",H5+1,H5) -> 1 | Q6: h | S6: 1 | T6: =IF(S6="x","",IF(S6=1,"e","o")) -> e | U6: Zone_Entry_Exit | V6: Zone_Entry | W6: ZoneEntry-OppTeam | AM6: =IF(U6<>"",U6,IF($A6=$A5,AM5,"")) -> Zone_Entry_Exit | AN6: =IF(V6<>"",V6,IF($A6=$A5,AN5,"")) -> Zone_Entry | AP6: =IF(AND(T6="e",OR(AM6="Save",AN6="Turnover_Takeaway",AN6="Play_Defensive")),"Defensive",IF(AND(T6="o",OR(AM6="Save",AN6="Turnover_Takeaway",AN6="Play_Defensive")),"Offensive",IF(OR(AM6="Deadice",AM6="Stoppage",AM6="Intermission"),"",IF(T6="e","Offensive",IF(T6="o","Defensive",""))))) -> Offensive | BE6: ="EVE"&$AQ6&(1000+$A6) -> EVE1002 | BF6: =IF(C6<>"","LEVE"&$AQ6&(9000+$C6),"") | BG6: =IF(F6<>"","PLAY"&$AQ6&(1000+$F6),"") | BH6: =IF(E6<>"","SEQ"&$AQ6&(1000+$E6),"") -> SEQ1001 | BI6: =IF(G6<>"","ZONE"&$AQ6&(1000+$G6),"") -> ZONE1002
A7: 4 | B7: 1 | C7: =IF(B7<>"",9000+B7,"") -> 9001 | D7: =IF(C7<>"",C7,B7) -> 9001 | E7: 1 | G7: 2 | H7: =IF(U7="Intermission",H6+1,H6) -> 1 | I7: 17 | J7: 59 | Q7: a | R7: 4 | S7: 1 | T7: =IF(S7="x","",IF(S7=1,"e","o")) -> e | U7: Pass | V7: Pass_Missed | W7: Pass-Forehand | X7: u | AF7: d | AI7: 1 | AJ7: 1 | AM7: =IF(U7<>"",U7,IF($A7=$A6,AM6,"")) -> Pass | AN7: =IF(V7<>"",V7,IF($A7=$A6,AN6,"")) -> Pass_Missed | AP7: =IF(AND(T7="e",OR(AM7="Save",AN7="Turnover_Takeaway",AN7="Play_Defensive")),"Defensive",IF(AND(T7="o",OR(AM7="Save",AN7="Turnover_Takeaway",AN7="Play_Defensive")),"Offensive",IF(OR(AM7="Deadice",AM7="Stoppage",AM7="Intermission"),"",IF(T7="e","Offensive",IF(T7="o","Defensive",""))))) -> Offensive
A8: 4 | B8: 1 | C8: =IF(B8<>"",9000+B8,"") -> 9001 | D8: =IF(C8<>"",C8,B8) -> 9001 | E8: 1 | G8: 2 | H8: =IF(U8="Intermission",H7+1,H7) -> 1 | R8: 25 | S8: 1 | T8: =IF(S8="x","",IF(S8=1,"e","o")) -> e | X8: u | AM8: =IF(U8<>"",U8,IF($A8=$A7,AM7,"")) -> Pass | AN8: =IF(V8<>"",V8,IF($A8=$A7,AN7,"")) -> Pass_Missed | AP8: =IF(AND(T8="e",OR(AM8="Save",AN8="Turnover_Takeaway",AN8="Play_Defensive")),"Defensive",IF(AND(T8="o",OR(AM8="Save",AN8="Turnover_Takeaway",AN8="Play_Defensive")),"Offensive",IF(OR(AM8="Deadice",AM8="Stoppage",AM8="Intermission"),"",IF(T8="e","Offensive",IF(T8="o","Defensive",""))))) -> Offensive
A9: 4 | B9: 1 | C9: =IF(B9<>"",9000+B9,"") -> 9001 | D9: =IF(C9<>"",C9,B9) -> 9001 | E9: 1 | G9: 2 | H9: =IF(U9="Intermission",H8+1,H8) -> 1 | R9: 70 | T9: =IF(S9="x","",IF(S9=1,"e","o")) -> o | X9: u | AM9: =IF(U9<>"",U9,IF($A9=$A8,AM8,"")) -> Pass | AN9: =IF(V9<>"",V9,IF($A9=$A8,AN8,"")) -> Pass_Missed | AP9: =IF(AND(T9="e",OR(AM9="Save",AN9="Turnover_Takeaway",AN9="Play_Defensive")),"Defensive",IF(AND(T9="o",OR(AM9="Save",AN9="Turnover_Takeaway",AN9="Play_Defensive")),"Offensive",IF(OR(AM9="Deadice",AM9="Stoppage",AM9="Intermission"),"",IF(T9="e","Offensive",IF(T9="o","Defensive",""))))) -> Defensive
A10: 5 | B10: 1 | C10: =IF(B10<>"",9000+B10,"") -> 9001 | D10: =IF(C10<>"",C10,B10) -> 9001 | E10: 1 | G10: 2 | H10: =IF(U10="Intermission",H9+1,H9) -> 1 | I10: 17 | J10: 59 | Q10: h | R10: 4 | S10: 1 | T10: =IF(S10="x","",IF(S10=1,"e","o")) -> e | U10: Turnover | V10: Turnover_Giveaway | W10: Giveaway-PassMissed | AF10: d | AI10: 1 | AM10: =IF(U10<>"",U10,IF($A10=$A9,AM9,"")) -> Turnover | AN10: =IF(V10<>"",V10,IF($A10=$A9,AN9,"")) -> Turnover_Giveaway | AP10: =IF(AND(T10="e",OR(AM10="Save",AN10="Turnover_Takeaway",AN10="Play_Defensive")),"Defensive",IF(AND(T10="o",OR(AM10="Save",AN10="Turnover_Takeaway",AN10="Play_Defensive")),"Offensive",IF(OR(AM10="Deadice",AM10="Stoppage",AM10="Intermission"),"",IF(T10="e","Offensive",IF(T10="o","Defensive",""))))) -> Offensive
A11: 5 | B11: 1 | C11: =IF(B11<>"",9000+B11,"") -> 9001 | D11: =IF(C11<>"",C11,B11) -> 9001 | E11: 1 | G11: 2 | H11: =IF(U11="Intermission",H10+1,H10) -> 1 | R11: 25 | S11: 1 | T11: =IF(S11="x","",IF(S11=1,"e","o")) -> e | AM11: =IF(U11<>"",U11,IF($A11=$A10,AM10,"")) -> Turnover | AN11: =IF(V11<>"",V11,IF($A11=$A10,AN10,"")) -> Turnover_Giveaway | AP11: =IF(AND(T11="e",OR(AM11="Save",AN11="Turnover_Takeaway",AN11="Play_Defensive")),"Defensive",IF(AND(T11="o",OR(AM11="Save",AN11="Turnover_Takeaway",AN11="Play_Defensive")),"Offensive",IF(OR(AM11="Deadice",AM11="Stoppage",AM11="Intermission"),"",IF(T11="e","Offensive",IF(T11="o","Defensive",""))))) -> Offensive
A12: 6 | B12: 2 | C12: =IF(B12<>"",9000+B12,"") -> 9002 | D12: =IF(C12<>"",C12,B12) -> 9002 | E12: 2 | G12: 3 | H12: =IF(U12="Intermission",H11+1,H11) -> 1 | I12: 17 | J12: 57 | Q12: h | R12: 14 | S12: 1 | T12: =IF(S12="x","",IF(S12=1,"e","o")) -> e | U12: Zone_Entry_Exit | V12: Zone_Keepin | W12: Zone-KeepIn | Y12: OffensivePlay_Zone-Dump/RimInZone | AA12: u | AF12: o | AJ12: 1 | AM12: =IF(U12<>"",U12,IF($A12=$A11,AM11,"")) -> Zone_Entry_Exit | AN12: =IF(V12<>"",V12,IF($A12=$A11,AN11,"")) -> Zone_Keepin | AP12: =IF(AND(T12="e",OR(AM12="Save",AN12="Turnover_Takeaway",AN12="Play_Defensive")),"Defensive",IF(AND(T12="o",OR(AM12="Save",AN12="Turnover_Takeaway",AN12="Play_Defensive")),"Offensive",IF(OR(AM12="Deadice",AM12="Stoppage",AM12="Intermission"),"",IF(T12="e","Offensive",IF(T12="o","Defensive",""))))) -> Offensive
A13: 6 | B13: 2 | C13: =IF(B13<>"",9000+B13,"") -> 9002 | D13: =IF(C13<>"",C13,B13) -> 9002 | E13: 2 | G13: 3 | H13: =IF(U13="Intermission",H12+1,H12) -> 1 | R13: 77 | T13: =IF(S13="x","",IF(S13=1,"e","o")) -> o | AJ13: 1 | AM13: =IF(U13<>"",U13,IF($A13=$A12,AM12,"")) -> Zone_Entry_Exit | AN13: =IF(V13<>"",V13,IF($A13=$A12,AN12,"")) -> Zone_Keepin | AP13: =IF(AND(T13="e",OR(AM13="Save",AN13="Turnover_Takeaway",AN13="Play_Defensive")),"Defensive",IF(AND(T13="o",OR(AM13="Save",AN13="Turnover_Takeaway",AN13="Play_Defensive")),"Offensive",IF(OR(AM13="Deadice",AM13="Stoppage",AM13="Intermission"),"",IF(T13="e","Offensive",IF(T13="o","Defensive",""))))) -> Defensive
A14: 6 | B14: 2 | C14: =IF(B14<>"",9000+B14,"") -> 9002 | D14: =IF(C14<>"",C14,B14) -> 9002 | E14: 2 | G14: 3 | H14: =IF(U14="Intermission",H13+1,H13) -> 1 | R14: 25 | T14: =IF(S14="x","",IF(S14=1,"e","o")) -> o | AM14: =IF(U14<>"",U14,IF($A14=$A13,AM13,"")) -> Zone_Entry_Exit | AN14: =IF(V14<>"",V14,IF($A14=$A13,AN13,"")) -> Zone_Keepin | AP14: =IF(AND(T14="e",OR(AM14="Save",AN14="Turnover_Takeaway",AN14="Play_Defensive")),"Defensive",IF(AND(T14="o",OR(AM14="Save",AN14="Turnover_Takeaway",AN14="Play_Defensive")),"Offensive",IF(OR(AM14="Deadice",AM14="Stoppage",AM14="Intermission"),"",IF(T14="e","Offensive",IF(T14="o","Defensive",""))))) -> Defensive
A15: 7 | B15: 2 | C15: =IF(B15<>"",9000+B15,"") -> 9002 | D15: =IF(C15<>"",C15,B15) -> 9002 | E15: 2 | G15: 3 | H15: =IF(U15="Intermission",H14+1,H14) -> 1 | I15: 17 | J15: 55 | Q15: h | R15: 14 | S15: 1 | T15: =IF(S15="x","",IF(S15=1,"e","o")) -> e | U15: Turnover | V15: Turnover_Giveaway | W15: Giveaway-DumpInZone | AF15: o | AI15: 1 | AJ15: 1 | AM15: =IF(U15<>"",U15,IF($A15=$A14,AM14,"")) -> Turnover | AN15: =IF(V15<>"",V15,IF($A15=$A14,AN14,"")) -> Turnover_Giveaway | AP15: =IF(AND(T15="e",OR(AM15="Save",AN15="Turnover_Takeaway",AN15="Play_Defensive")),"Defensive",IF(AND(T15="o",OR(AM15="Save",AN15="Turnover_Takeaway",AN15="Play_Defensive")),"Offensive",IF(OR(AM15="Deadice",AM15="Stoppage",AM15="Intermission"),"",IF(T15="e","Offensive",IF(T15="o","Defensive",""))))) -> Offensive
A16: 8 | C16: =IF(B16<>"",9000+B16,"") | D16: =IF(C16<>"",C16,B16) | E16: 2 | F16: 1 | G16: 3 | H16: =IF(U16="Intermission",H15+1,H15) -> 1 | I16: 17 | J16: 50 | K16: 17 | L16: 48 | Q16: a | R16: 68 | S16: 1 | T16: =IF(S16="x","",IF(S16=1,"e","o")) -> e | U16: Possession | Y16: OffensivePlay_Possession-CutBack | AA16: s | AF16: d | AJ16: 1 | AM16: =IF(U16<>"",U16,IF($A16=$A15,AM15,"")) -> Possession | AN16: =IF(V16<>"",V16,IF($A16=$A15,AN15,"")) | AP16: =IF(AND(T16="e",OR(AM16="Save",AN16="Turnover_Takeaway",AN16="Play_Defensive")),"Defensive",IF(AND(T16="o",OR(AM16="Save",AN16="Turnover_Takeaway",AN16="Play_Defensive")),"Offensive",IF(OR(AM16="Deadice",AM16="Stoppage",AM16="Intermission"),"",IF(T16="e","Offensive",IF(T16="o","Defensive",""))))) -> Offensive
A17: 8 | C17: =IF(B17<>"",9000+B17,"") | D17: =IF(C17<>"",C17,B17) | E17: 2 | F17: 1 | G17: 3 | H17: =IF(U17="Intermission",H16+1,H16) -> 1 | R17: 70 | T17: =IF(S17="x","",IF(S17=1,"e","o")) -> o | Y17: Defensive_PlayPossession-StickCheck | AJ17: 1 | AM17: =IF(U17<>"",U17,IF($A17=$A16,AM16,"")) -> Possession | AN17: =IF(V17<>"",V17,IF($A17=$A16,AN16,"")) | AP17: =IF(AND(T17="e",OR(AM17="Save",AN17="Turnover_Takeaway",AN17="Play_Defensive")),"Defensive",IF(AND(T17="o",OR(AM17="Save",AN17="Turnover_Takeaway",AN17="Play_Defensive")),"Offensive",IF(OR(AM17="Deadice",AM17="Stoppage",AM17="Intermission"),"",IF(T17="e","Offensive",IF(T17="o","Defensive",""))))) -> Defensive
A18: 9 | B18: 3 | C18: =IF(B18<>"",9000+B18,"") -> 9003 | D18: =IF(C18<>"",C18,B18) -> 9003 | E18: 2 | F18: 1 | G18: 3 | H18: =IF(U18="Intermission",H17+1,H17) -> 1 | I18: 17 | J18: 48 | Q18: a | R18: 68 | S18: 1 | T18: =IF(S18="x","",IF(S18=1,"e","o")) -> e | U18: Pass | V18: Pass_Completed | W18: Pass-Forehand | X18: s | Y18: OffensivePlay_Zone-Breakout | AA18: s | AF18: d | AM18: =IF(U18<>"",U18,IF($A18=$A17,AM17,"")) -> Pass | AN18: =IF(V18<>"",V18,IF($A18=$A17,AN17,"")) -> Pass_Completed | AP18: =IF(AND(T18="e",OR(AM18="Save",AN18="Turnover_Takeaway",AN18="Play_Defensive")),"Defensive",IF(AND(T18="o",OR(AM18="Save",AN18="Turnover_Takeaway",AN18="Play_Defensive")),"Offensive",IF(OR(AM18="Deadice",AM18="Stoppage",AM18="Intermission"),"",IF(T18="e","Offensive",IF(T18="o","Defensive",""))))) -> Offensive
A19: 9 | B19: 3 | C19: =IF(B19<>"",9000+B19,"") -> 9003 | D19: =IF(C19<>"",C19,B19) -> 9003 | E19: 2 | F19: 1 | G19: 3 | H19: =IF(U19="Intermission",H18+1,H18) -> 1 | R19: 77 | S19: 1 | T19: =IF(S19="x","",IF(S19=1,"e","o")) -> e | X19: s | AM19: =IF(U19<>"",U19,IF($A19=$A18,AM18,"")) -> Pass | AN19: =IF(V19<>"",V19,IF($A19=$A18,AN18,"")) -> Pass_Completed | AP19: =IF(AND(T19="e",OR(AM19="Save",AN19="Turnover_Takeaway",AN19="Play_Defensive")),"Defensive",IF(AND(T19="o",OR(AM19="Save",AN19="Turnover_Takeaway",AN19="Play_Defensive")),"Offensive",IF(OR(AM19="Deadice",AM19="Stoppage",AM19="Intermission"),"",IF(T19="e","Offensive",IF(T19="o","Defensive",""))))) -> Offensive
A20: 9 | B20: 3 | C20: =IF(B20<>"",9000+B20,"") -> 9003 | D20: =IF(C20<>"",C20,B20) -> 9003 | E20: 2 | F20: 1 | G20: 3 | H20: =IF(U20="Intermission",H19+1,H19) -> 1 | R20: 70 | T20: =IF(S20="x","",IF(S20=1,"e","o")) -> o | X20: s | AM20: =IF(U20<>"",U20,IF($A20=$A19,AM19,"")) -> Pass | AN20: =IF(V20<>"",V20,IF($A20=$A19,AN19,"")) -> Pass_Completed | AP20: =IF(AND(T20="e",OR(AM20="Save",AN20="Turnover_Takeaway",AN20="Play_Defensive")),"Defensive",IF(AND(T20="o",OR(AM20="Save",AN20="Turnover_Takeaway",AN20="Play_Defensive")),"Offensive",IF(OR(AM20="Deadice",AM20="Stoppage",AM20="Intermission"),"",IF(T20="e","Offensive",IF(T20="o","Defensive",""))))) -> Defensive
A21: 10 | B21: 3 | C21: =IF(B21<>"",9000+B21,"") -> 9003 | D21: =IF(C21<>"",C21,B21) -> 9003 | E21: 2 | F21: 1 | G21: 4 | H21: =IF(U21="Intermission",H20+1,H20) -> 1 | I21: 17 | J21: 48 | Q21: a | R21: 68 | S21: 1 | T21: =IF(S21="x","",IF(S21=1,"e","o")) -> e | U21: Zone_Entry_Exit | V21: Zone_Exit | W21: ZoneExit-Pass | X21: s | AA21: s | AF21: d | AM21: =IF(U21<>"",U21,IF($A21=$A20,AM20,"")) -> Zone_Entry_Exit | AN21: =IF(V21<>"",V21,IF($A21=$A20,AN20,"")) -> Zone_Exit | AP21: =IF(AND(T21="e",OR(AM21="Save",AN21="Turnover_Takeaway",AN21="Play_Defensive")),"Defensive",IF(AND(T21="o",OR(AM21="Save",AN21="Turnover_Takeaway",AN21="Play_Defensive")),"Offensive",IF(OR(AM21="Deadice",AM21="Stoppage",AM21="Intermission"),"",IF(T21="e","Offensive",IF(T21="o","Defensive",""))))) -> Offensive
A22: 10 | B22: 3 | C22: =IF(B22<>"",9000+B22,"") -> 9003 | D22: =IF(C22<>"",C22,B22) -> 9003 | E22: 2 | F22: 1 | G22: 4 | H22: =IF(U22="Intermission",H21+1,H21) -> 1 | R22: 77 | S22: 1 | T22: =IF(S22="x","",IF(S22=1,"e","o")) -> e | X22: s | AM22: =IF(U22<>"",U22,IF($A22=$A21,AM21,"")) -> Zone_Entry_Exit | AN22: =IF(V22<>"",V22,IF($A22=$A21,AN21,"")) -> Zone_Exit | AP22: =IF(AND(T22="e",OR(AM22="Save",AN22="Turnover_Takeaway",AN22="Play_Defensive")),"Defensive",IF(AND(T22="o",OR(AM22="Save",AN22="Turnover_Takeaway",AN22="Play_Defensive")),"Offensive",IF(OR(AM22="Deadice",AM22="Stoppage",AM22="Intermission"),"",IF(T22="e","Offensive",IF(T22="o","Defensive",""))))) -> Offensive
A23: 10 | B23: 3 | C23: =IF(B23<>"",9000+B23,"") -> 9003 | D23: =IF(C23<>"",C23,B23) -> 9003 | E23: 2 | F23: 1 | G23: 4 | H23: =IF(U23="Intermission",H22+1,H22) -> 1 | R23: 70 | T23: =IF(S23="x","",IF(S23=1,"e","o")) -> o | X23: s | AM23: =IF(U23<>"",U23,IF($A23=$A22,AM22,"")) -> Zone_Entry_Exit | AN23: =IF(V23<>"",V23,IF($A23=$A22,AN22,"")) -> Zone_Exit | AP23: =IF(AND(T23="e",OR(AM23="Save",AN23="Turnover_Takeaway",AN23="Play_Defensive")),"Defensive",IF(AND(T23="o",OR(AM23="Save",AN23="Turnover_Takeaway",AN23="Play_Defensive")),"Offensive",IF(OR(AM23="Deadice",AM23="Stoppage",AM23="Intermission"),"",IF(T23="e","Offensive",IF(T23="o","Defensive",""))))) -> Defensive
A24: 11 | C24: =IF(B24<>"",9000+B24,"") | D24: =IF(C24<>"",C24,B24) | E24: 2 | F24: 1 | G24: 5 | H24: =IF(U24="Intermission",H23+1,H23) -> 1 | I24: 17 | J24: 48 | K24: 17 | L24: 46 | Q24: a | R24: 77 | S24: 1 | T24: =IF(S24="x","",IF(S24=1,"e","o")) -> e | U24: Possession | X24: s | AF24: n | AM24: =IF(U24<>"",U24,IF($A24=$A23,AM23,"")) -> Possession | AN24: =IF(V24<>"",V24,IF($A24=$A23,AN23,"")) | AP24: =IF(AND(T24="e",OR(AM24="Save",AN24="Turnover_Takeaway",AN24="Play_Defensive")),"Defensive",IF(AND(T24="o",OR(AM24="Save",AN24="Turnover_Takeaway",AN24="Play_Defensive")),"Offensive",IF(OR(AM24="Deadice",AM24="Stoppage",AM24="Intermission"),"",IF(T24="e","Offensive",IF(T24="o","Defensive",""))))) -> Offensive
A25: 11 | C25: =IF(B25<>"",9000+B25,"") | D25: =IF(C25<>"",C25,B25) | E25: 2 | F25: 2 | G25: 5 | H25: =IF(U25="Intermission",H24+1,H24) -> 1 | R25: 14 | T25: =IF(S25="x","",IF(S25=1,"e","o")) -> o | X25: s | AM25: =IF(U25<>"",U25,IF($A25=$A24,AM24,"")) -> Possession | AN25: =IF(V25<>"",V25,IF($A25=$A24,AN24,"")) | AP25: =IF(AND(T25="e",OR(AM25="Save",AN25="Turnover_Takeaway",AN25="Play_Defensive")),"Defensive",IF(AND(T25="o",OR(AM25="Save",AN25="Turnover_Takeaway",AN25="Play_Defensive")),"Offensive",IF(OR(AM25="Deadice",AM25="Stoppage",AM25="Intermission"),"",IF(T25="e","Offensive",IF(T25="o","Defensive",""))))) -> Defensive
A26: 12 | C26: =IF(B26<>"",9000+B26,"") | D26: =IF(C26<>"",C26,B26) | E26: 2 | F26: 2 | G26: 6 | H26: =IF(U26="Intermission",H25+1,H25) -> 1 | I26: 17 | J26: 46 | K26: 17 | L26: 45 | Q26: a | R26: 77 | S26: 1 | T26: =IF(S26="x","",IF(S26=1,"e","o")) -> e | U26: Zone_Entry_Exit | V26: Zone_Entry | W26: ZoneEntry-Rush | X26: s | Y26: OffensivePlay_Possession-DriveMiddle | AA26: s | AF26: o | AM26: =IF(U26<>"",U26,IF($A26=$A25,AM25,"")) -> Zone_Entry_Exit | AN26: =IF(V26<>"",V26,IF($A26=$A25,AN25,"")) -> Zone_Entry | AP26: =IF(AND(T26="e",OR(AM26="Save",AN26="Turnover_Takeaway",AN26="Play_Defensive")),"Defensive",IF(AND(T26="o",OR(AM26="Save",AN26="Turnover_Takeaway",AN26="Play_Defensive")),"Offensive",IF(OR(AM26="Deadice",AM26="Stoppage",AM26="Intermission"),"",IF(T26="e","Offensive",IF(T26="o","Defensive",""))))) -> Offensive
A27: 12 | C27: =IF(B27<>"",9000+B27,"") | D27: =IF(C27<>"",C27,B27) | E27: 2 | F27: 2 | G27: 6 | H27: =IF(U27="Intermission",H26+1,H26) -> 1 | R27: 13 | S27: 1 | T27: =IF(S27="x","",IF(S27=1,"e","o")) -> e | X27: s | AM27: =IF(U27<>"",U27,IF($A27=$A26,AM26,"")) -> Zone_Entry_Exit | AN27: =IF(V27<>"",V27,IF($A27=$A26,AN26,"")) -> Zone_Entry | AP27: =IF(AND(T27="e",OR(AM27="Save",AN27="Turnover_Takeaway",AN27="Play_Defensive")),"Defensive",IF(AND(T27="o",OR(AM27="Save",AN27="Turnover_Takeaway",AN27="Play_Defensive")),"Offensive",IF(OR(AM27="Deadice",AM27="Stoppage",AM27="Intermission"),"",IF(T27="e","Offensive",IF(T27="o","Defensive",""))))) -> Offensive
A28: 12 | C28: =IF(B28<>"",9000+B28,"") | D28: =IF(C28<>"",C28,B28) | E28: 2 | F28: 2 | G28: 6 | H28: =IF(U28="Intermission",H27+1,H27) -> 1 | R28: 91 | T28: =IF(S28="x","",IF(S28=1,"e","o")) -> o | X28: s | AM28: =IF(U28<>"",U28,IF($A28=$A27,AM27,"")) -> Zone_Entry_Exit | AN28: =IF(V28<>"",V28,IF($A28=$A27,AN27,"")) -> Zone_Entry | AP28: =IF(AND(T28="e",OR(AM28="Save",AN28="Turnover_Takeaway",AN28="Play_Defensive")),"Defensive",IF(AND(T28="o",OR(AM28="Save",AN28="Turnover_Takeaway",AN28="Play_Defensive")),"Offensive",IF(OR(AM28="Deadice",AM28="Stoppage",AM28="Intermission"),"",IF(T28="e","Offensive",IF(T28="o","Defensive",""))))) -> Defensive
A29: 12 | C29: =IF(B29<>"",9000+B29,"") | D29: =IF(C29<>"",C29,B29) | E29: 2 | F29: 2 | G29: 6 | H29: =IF(U29="Intermission",H28+1,H28) -> 1 | R29: 9 | T29: =IF(S29="x","",IF(S29=1,"e","o")) -> o | X29: s | AM29: =IF(U29<>"",U29,IF($A29=$A28,AM28,"")) -> Zone_Entry_Exit | AN29: =IF(V29<>"",V29,IF($A29=$A28,AN28,"")) -> Zone_Entry | AP29: =IF(AND(T29="e",OR(AM29="Save",AN29="Turnover_Takeaway",AN29="Play_Defensive")),"Defensive",IF(AND(T29="o",OR(AM29="Save",AN29="Turnover_Takeaway",AN29="Play_Defensive")),"Offensive",IF(OR(AM29="Deadice",AM29="Stoppage",AM29="Intermission"),"",IF(T29="e","Offensive",IF(T29="o","Defensive",""))))) -> Defensive
A30: 12 | C30: =IF(B30<>"",9000+B30,"") | D30: =IF(C30<>"",C30,B30) | E30: 2 | F30: 2 | G30: 6 | H30: =IF(U30="Intermission",H29+1,H29) -> 1 | R30: 14 | T30: =IF(S30="x","",IF(S30=1,"e","o")) -> o | X30: s | AM30: =IF(U30<>"",U30,IF($A30=$A29,AM29,"")) -> Zone_Entry_Exit | AN30: =IF(V30<>"",V30,IF($A30=$A29,AN29,"")) -> Zone_Entry | AP30: =IF(AND(T30="e",OR(AM30="Save",AN30="Turnover_Takeaway",AN30="Play_Defensive")),"Defensive",IF(AND(T30="o",OR(AM30="Save",AN30="Turnover_Takeaway",AN30="Play_Defensive")),"Offensive",IF(OR(AM30="Deadice",AM30="Stoppage",AM30="Intermission"),"",IF(T30="e","Offensive",IF(T30="o","Defensive",""))))) -> Defensive
A31: 13 | B31: 4 | C31: =IF(B31<>"",9000+B31,"") -> 9004 | D31: =IF(C31<>"",C31,B31) -> 9004 | E31: 2 | F31: 2 | G31: 6 | H31: =IF(U31="Intermission",H30+1,H30) -> 1 | I31: 17 | J31: 45 | Q31: a | R31: 77 | S31: 1 | T31: =IF(S31="x","",IF(S31=1,"e","o")) -> e | U31: Shot | V31: Shot_Blocked | W31: Shot-Wrist | AF31: o | AI31: 1 | AJ31: 1 | AM31: =IF(U31<>"",U31,IF($A31=$A30,AM30,"")) -> Shot | AN31: =IF(V31<>"",V31,IF($A31=$A30,AN30,"")) -> Shot_Blocked | AP31: =IF(AND(T31="e",OR(AM31="Save",AN31="Turnover_Takeaway",AN31="Play_Defensive")),"Defensive",IF(AND(T31="o",OR(AM31="Save",AN31="Turnover_Takeaway",AN31="Play_Defensive")),"Offensive",IF(OR(AM31="Deadice",AM31="Stoppage",AM31="Intermission"),"",IF(T31="e","Offensive",IF(T31="o","Defensive",""))))) -> Offensive
A32: 13 | B32: 4 | C32: =IF(B32<>"",9000+B32,"") -> 9004 | D32: =IF(C32<>"",C32,B32) -> 9004 | E32: 2 | F32: 2 | G32: 6 | H32: =IF(U32="Intermission",H31+1,H31) -> 1 | R32: 9 | T32: =IF(S32="x","",IF(S32=1,"e","o")) -> o | Y32: Defensive_PlayShot-BlockedShot | AA32: s | AJ32: 1 | AM32: =IF(U32<>"",U32,IF($A32=$A31,AM31,"")) -> Shot | AN32: =IF(V32<>"",V32,IF($A32=$A31,AN31,"")) -> Shot_Blocked | AP32: =IF(AND(T32="e",OR(AM32="Save",AN32="Turnover_Takeaway",AN32="Play_Defensive")),"Defensive",IF(AND(T32="o",OR(AM32="Save",AN32="Turnover_Takeaway",AN32="Play_Defensive")),"Offensive",IF(OR(AM32="Deadice",AM32="Stoppage",AM32="Intermission"),"",IF(T32="e","Offensive",IF(T32="o","Defensive",""))))) -> Defensive
A33: 14 | B33: 4 | C33: =IF(B33<>"",9000+B33,"") -> 9004 | D33: =IF(C33<>"",C33,B33) -> 9004 | E33: 2 | F33: 2 | G33: 6 | H33: =IF(U33="Intermission",H32+1,H32) -> 1 | I33: 17 | J33: 45 | Q33: a | R33: 77 | S33: 1 | T33: =IF(S33="x","",IF(S33=1,"e","o")) -> e | U33: Turnover | V33: Turnover_Giveaway | W33: Giveaway-ShotBlocked | AF33: o | AI33: 1 | AJ33: 1 | AM33: =IF(U33<>"",U33,IF($A33=$A32,AM32,"")) -> Turnover | AN33: =IF(V33<>"",V33,IF($A33=$A32,AN32,"")) -> Turnover_Giveaway | AP33: =IF(AND(T33="e",OR(AM33="Save",AN33="Turnover_Takeaway",AN33="Play_Defensive")),"Defensive",IF(AND(T33="o",OR(AM33="Save",AN33="Turnover_Takeaway",AN33="Play_Defensive")),"Offensive",IF(OR(AM33="Deadice",AM33="Stoppage",AM33="Intermission"),"",IF(T33="e","Offensive",IF(T33="o","Defensive",""))))) -> Offensive
A34: 14 | B34: 4 | C34: =IF(B34<>"",9000+B34,"") -> 9004 | D34: =IF(C34<>"",C34,B34) -> 9004 | E34: 2 | F34: 2 | G34: 6 | H34: =IF(U34="Intermission",H33+1,H33) -> 1 | Q34: a | R34: 9 | T34: =IF(S34="x","",IF(S34=1,"e","o")) -> o | AM34: =IF(U34<>"",U34,IF($A34=$A33,AM33,"")) -> Turnover | AN34: =IF(V34<>"",V34,IF($A34=$A33,AN33,"")) -> Turnover_Giveaway | AP34: =IF(AND(T34="e",OR(AM34="Save",AN34="Turnover_Takeaway",AN34="Play_Defensive")),"Defensive",IF(AND(T34="o",OR(AM34="Save",AN34="Turnover_Takeaway",AN34="Play_Defensive")),"Offensive",IF(OR(AM34="Deadice",AM34="Stoppage",AM34="Intermission"),"",IF(T34="e","Offensive",IF(T34="o","Defensive",""))))) -> Defensive
A35: 15 | B35: 4 | C35: =IF(B35<>"",9000+B35,"") -> 9004 | D35: =IF(C35<>"",C35,B35) -> 9004 | E35: 3 | G35: 6 | H35: =IF(U35="Intermission",H34+1,H34) -> 1 | I35: 17 | J35: 42 | Q35: h | R35: 91 | S35: 1 | T35: =IF(S35="x","",IF(S35=1,"e","o")) -> e | U35: Possession | X35: s | Y35: OffensivePlay_Zone-PuckRetrievalShot | AF35: d | AM35: =IF(U35<>"",U35,IF($A35=$A34,AM34,"")) -> Possession | AN35: =IF(V35<>"",V35,IF($A35=$A34,AN34,"")) | AP35: =IF(AND(T35="e",OR(AM35="Save",AN35="Turnover_Takeaway",AN35="Play_Defensive")),"Defensive",IF(AND(T35="o",OR(AM35="Save",AN35="Turnover_Takeaway",AN35="Play_Defensive")),"Offensive",IF(OR(AM35="Deadice",AM35="Stoppage",AM35="Intermission"),"",IF(T35="e","Offensive",IF(T35="o","Defensive",""))))) -> Offensive
A36: 16 | B36: 5 | C36: =IF(B36<>"",9000+B36,"") -> 9005 | D36: =IF(C36<>"",C36,B36) -> 9005 | E36: 3 | G36: 6 | H36: =IF(U36="Intermission",H35+1,H35) -> 1 | I36: 17 | J36: 42 | Q36: h | R36: 91 | S36: 1 | T36: =IF(S36="x","",IF(S36=1,"e","o")) -> e | U36: Turnover | V36: Turnover_Giveaway | W36: Giveaway-AttemptedZoneClear/Dump | Y36: OffensivePlay_Zone-Breakout | AA36: u | AF36: d | AI36: 1 | AJ36: 1 | AM36: =IF(U36<>"",U36,IF($A36=$A35,AM35,"")) -> Turnover | AN36: =IF(V36<>"",V36,IF($A36=$A35,AN35,"")) -> Turnover_Giveaway | AP36: =IF(AND(T36="e",OR(AM36="Save",AN36="Turnover_Takeaway",AN36="Play_Defensive")),"Defensive",IF(AND(T36="o",OR(AM36="Save",AN36="Turnover_Takeaway",AN36="Play_Defensive")),"Offensive",IF(OR(AM36="Deadice",AM36="Stoppage",AM36="Intermission"),"",IF(T36="e","Offensive",IF(T36="o","Defensive",""))))) -> Offensive
A37: 16 | B37: 5 | C37: =IF(B37<>"",9000+B37,"") -> 9005 | D37: =IF(C37<>"",C37,B37) -> 9005 | E37: 3 | G37: 6 | H37: =IF(U37="Intermission",H36+1,H36) -> 1 | R37: 68 | T37: =IF(S37="x","",IF(S37=1,"e","o")) -> o | AJ37: 1 | AM37: =IF(U37<>"",U37,IF($A37=$A36,AM36,"")) -> Turnover | AN37: =IF(V37<>"",V37,IF($A37=$A36,AN36,"")) -> Turnover_Giveaway | AP37: =IF(AND(T37="e",OR(AM37="Save",AN37="Turnover_Takeaway",AN37="Play_Defensive")),"Defensive",IF(AND(T37="o",OR(AM37="Save",AN37="Turnover_Takeaway",AN37="Play_Defensive")),"Offensive",IF(OR(AM37="Deadice",AM37="Stoppage",AM37="Intermission"),"",IF(T37="e","Offensive",IF(T37="o","Defensive",""))))) -> Defensive
A38: 17 | B38: 5 | C38: =IF(B38<>"",9000+B38,"") -> 9005 | D38: =IF(C38<>"",C38,B38) -> 9005 | E38: 3 | G38: 6 | H38: =IF(U38="Intermission",H37+1,H37) -> 1 | I38: 17 | J38: 41 | K38: 17 | L38: 40 | Q38: a | R38: 77 | S38: 1 | T38: =IF(S38="x","",IF(S38=1,"e","o")) -> e | U38: Possession | V38: PuckRetrieval | X38: u | Y38: OffensivePlay_Zone-PuckRetreivalTurnover | AA38: s | AF38: o | AJ38: 1 | AM38: =IF(U38<>"",U38,IF($A38=$A37,AM37,"")) -> Possession | AN38: =IF(V38<>"",V38,IF($A38=$A37,AN37,"")) -> PuckRetrieval | AP38: =IF(AND(T38="e",OR(AM38="Save",AN38="Turnover_Takeaway",AN38="Play_Defensive")),"Defensive",IF(AND(T38="o",OR(AM38="Save",AN38="Turnover_Takeaway",AN38="Play_Defensive")),"Offensive",IF(OR(AM38="Deadice",AM38="Stoppage",AM38="Intermission"),"",IF(T38="e","Offensive",IF(T38="o","Defensive",""))))) -> Offensive
A39: 17 | B39: 5 | C39: =IF(B39<>"",9000+B39,"") -> 9005 | D39: =IF(C39<>"",C39,B39) -> 9005 | E39: 3 | G39: 6 | H39: =IF(U39="Intermission",H38+1,H38) -> 1 | R39: 70 | T39: =IF(S39="x","",IF(S39=1,"e","o")) -> o | X39: u | Y39: Defensive_PlayPossession-PokeCheck | AA39: s | AJ39: 1 | AM39: =IF(U39<>"",U39,IF($A39=$A38,AM38,"")) -> Possession | AN39: =IF(V39<>"",V39,IF($A39=$A38,AN38,"")) -> PuckRetrieval | AP39: =IF(AND(T39="e",OR(AM39="Save",AN39="Turnover_Takeaway",AN39="Play_Defensive")),"Defensive",IF(AND(T39="o",OR(AM39="Save",AN39="Turnover_Takeaway",AN39="Play_Defensive")),"Offensive",IF(OR(AM39="Deadice",AM39="Stoppage",AM39="Intermission"),"",IF(T39="e","Offensive",IF(T39="o","Defensive",""))))) -> Defensive
A40: 18 | C40: =IF(B40<>"",9000+B40,"") | D40: =IF(C40<>"",C40,B40) | E40: 3 | G40: 6 | H40: =IF(U40="Intermission",H39+1,H39) -> 1 | I40: 17 | J40: 40 | Q40: h | R40: 70 | S40: 1 | T40: =IF(S40="x","",IF(S40=1,"e","o")) -> e | U40: Turnover | V40: Turnover_Takeaway | W40: Takeaway-PokeCheck | AF40: d | AM40: =IF(U40<>"",U40,IF($A40=$A39,AM39,"")) -> Turnover | AN40: =IF(V40<>"",V40,IF($A40=$A39,AN39,"")) -> Turnover_Takeaway | AP40: =IF(AND(T40="e",OR(AM40="Save",AN40="Turnover_Takeaway",AN40="Play_Defensive")),"Defensive",IF(AND(T40="o",OR(AM40="Save",AN40="Turnover_Takeaway",AN40="Play_Defensive")),"Offensive",IF(OR(AM40="Deadice",AM40="Stoppage",AM40="Intermission"),"",IF(T40="e","Offensive",IF(T40="o","Defensive",""))))) -> Defensive
A41: 18 | C41: =IF(B41<>"",9000+B41,"") | D41: =IF(C41<>"",C41,B41) | E41: 3 | G41: 6 | H41: =IF(U41="Intermission",H40+1,H40) -> 1 | R41: 77 | T41: =IF(S41="x","",IF(S41=1,"e","o")) -> o | AM41: =IF(U41<>"",U41,IF($A41=$A40,AM40,"")) -> Turnover | AN41: =IF(V41<>"",V41,IF($A41=$A40,AN40,"")) -> Turnover_Takeaway | AP41: =IF(AND(T41="e",OR(AM41="Save",AN41="Turnover_Takeaway",AN41="Play_Defensive")),"Defensive",IF(AND(T41="o",OR(AM41="Save",AN41="Turnover_Takeaway",AN41="Play_Defensive")),"Offensive",IF(OR(AM41="Deadice",AM41="Stoppage",AM41="Intermission"),"",IF(T41="e","Offensive",IF(T41="o","Defensive",""))))) -> Offensive
A42: 19 | C42: =IF(B42<>"",9000+B42,"") | D42: =IF(C42<>"",C42,B42) | E42: 3 | F42: 3 | G42: 6 | H42: =IF(U42="Intermission",H41+1,H41) -> 1 | I42: 17 | J42: 39 | Q42: h | R42: 91 | S42: 1 | T42: =IF(S42="x","",IF(S42=1,"e","o")) -> e | U42: Possession | V42: PuckRetrieval | X42: s | Y42: OffensivePlay_Zone-PuckRetreivalTurnover | AA42: s | AF42: d | AM42: =IF(U42<>"",U42,IF($A42=$A41,AM41,"")) -> Possession | AN42: =IF(V42<>"",V42,IF($A42=$A41,AN41,"")) -> PuckRetrieval | AP42: =IF(AND(T42="e",OR(AM42="Save",AN42="Turnover_Takeaway",AN42="Play_Defensive")),"Defensive",IF(AND(T42="o",OR(AM42="Save",AN42="Turnover_Takeaway",AN42="Play_Defensive")),"Offensive",IF(OR(AM42="Deadice",AM42="Stoppage",AM42="Intermission"),"",IF(T42="e","Offensive",IF(T42="o","Defensive",""))))) -> Offensive
A43: 21 | B43: 6 | C43: =IF(B43<>"",9000+B43,"") -> 9006 | D43: =IF(C43<>"",C43,B43) -> 9006 | E43: 3 | F43: 3 | G43: 7 | H43: =IF(U43="Intermission",H42+1,H42) -> 1 | I43: 17 | J43: 39 | Q43: h | R43: 91 | S43: 1 | T43: =IF(S43="x","",IF(S43=1,"e","o")) -> e | U43: Zone_Entry_Exit | V43: Zone_Exit | W43: ZoneExit-Clear | AA43: s | AF43: d | AM43: =IF(U43<>"",U43,IF($A43=$A42,AM42,"")) -> Zone_Entry_Exit | AN43: =IF(V43<>"",V43,IF($A43=$A42,AN42,"")) -> Zone_Exit | AP43: =IF(AND(T43="e",OR(AM43="Save",AN43="Turnover_Takeaway",AN43="Play_Defensive")),"Defensive",IF(AND(T43="o",OR(AM43="Save",AN43="Turnover_Takeaway",AN43="Play_Defensive")),"Offensive",IF(OR(AM43="Deadice",AM43="Stoppage",AM43="Intermission"),"",IF(T43="e","Offensive",IF(T43="o","Defensive",""))))) -> Offensive
A44: 22 | B44: 6 | C44: =IF(B44<>"",9000+B44,"") -> 9006 | D44: =IF(C44<>"",C44,B44) -> 9006 | E44: 3 | F44: 3 | G44: 7 | H44: =IF(U44="Intermission",H43+1,H43) -> 1 | I44: 17 | J44: 39 | Q44: h | R44: 91 | S44: 1 | T44: =IF(S44="x","",IF(S44=1,"e","o")) -> e | U44: Turnover | V44: Turnover_Giveaway | W44: Giveaway-ZoneClear/Dump | AF44: d | AM44: =IF(U44<>"",U44,IF($A44=$A43,AM43,"")) -> Turnover | AN44: =IF(V44<>"",V44,IF($A44=$A43,AN43,"")) -> Turnover_Giveaway | AP44: =IF(AND(T44="e",OR(AM44="Save",AN44="Turnover_Takeaway",AN44="Play_Defensive")),"Defensive",IF(AND(T44="o",OR(AM44="Save",AN44="Turnover_Takeaway",AN44="Play_Defensive")),"Offensive",IF(OR(AM44="Deadice",AM44="Stoppage",AM44="Intermission"),"",IF(T44="e","Offensive",IF(T44="o","Defensive",""))))) -> Offensive
A45: 23 | B45: 6 | C45: =IF(B45<>"",9000+B45,"") -> 9006 | D45: =IF(C45<>"",C45,B45) -> 9006 | E45: 4 | F45: 4 | G45: 7 | H45: =IF(U45="Intermission",H44+1,H44) -> 1 | I45: 17 | J45: 35 | Q45: a | R45: 4 | S45: 1 | T45: =IF(S45="x","",IF(S45=1,"e","o")) -> e | U45: Possession | V45: PuckRetrieval | X45: s | AA45: s | AF45: n | AJ45: 1 | AM45: =IF(U45<>"",U45,IF($A45=$A44,AM44,"")) -> Possession | AN45: =IF(V45<>"",V45,IF($A45=$A44,AN44,"")) -> PuckRetrieval | AP45: =IF(AND(T45="e",OR(AM45="Save",AN45="Turnover_Takeaway",AN45="Play_Defensive")),"Defensive",IF(AND(T45="o",OR(AM45="Save",AN45="Turnover_Takeaway",AN45="Play_Defensive")),"Offensive",IF(OR(AM45="Deadice",AM45="Stoppage",AM45="Intermission"),"",IF(T45="e","Offensive",IF(T45="o","Defensive",""))))) -> Offensive
A46: 23 | B46: 6 | C46: =IF(B46<>"",9000+B46,"") -> 9006 | D46: =IF(C46<>"",C46,B46) -> 9006 | E46: 4 | F46: 4 | G46: 7 | H46: =IF(U46="Intermission",H45+1,H45) -> 1 | R46: 14 | T46: =IF(S46="x","",IF(S46=1,"e","o")) -> o | X46: s | AJ46: 1 | AM46: =IF(U46<>"",U46,IF($A46=$A45,AM45,"")) -> Possession | AN46: =IF(V46<>"",V46,IF($A46=$A45,AN45,"")) -> PuckRetrieval | AP46: =IF(AND(T46="e",OR(AM46="Save",AN46="Turnover_Takeaway",AN46="Play_Defensive")),"Defensive",IF(AND(T46="o",OR(AM46="Save",AN46="Turnover_Takeaway",AN46="Play_Defensive")),"Offensive",IF(OR(AM46="Deadice",AM46="Stoppage",AM46="Intermission"),"",IF(T46="e","Offensive",IF(T46="o","Defensive",""))))) -> Defensive
A47: 24 | B47: 7 | C47: =IF(B47<>"",9000+B47,"") -> 9007 | D47: =IF(C47<>"",C47,B47) -> 9007 | E47: 4 | F47: 4 | G47: 7 | H47: =IF(U47="Intermission",H46+1,H46) -> 1 | I47: 17 | J47: 35 | Q47: a | R47: 4 | S47: 1 | T47: =IF(S47="x","",IF(S47=1,"e","o")) -> e | U47: Zone_Entry_Exit | V47: Zone_Entry | W47: ZoneEntry-DumpIn | Y47: OffensivePlay_Zone-DumpChase | AA47: u | AF47: n | AJ47: 1 | AM47: =IF(U47<>"",U47,IF($A47=$A46,AM46,"")) -> Zone_Entry_Exit | AN47: =IF(V47<>"",V47,IF($A47=$A46,AN46,"")) -> Zone_Entry | AP47: =IF(AND(T47="e",OR(AM47="Save",AN47="Turnover_Takeaway",AN47="Play_Defensive")),"Defensive",IF(AND(T47="o",OR(AM47="Save",AN47="Turnover_Takeaway",AN47="Play_Defensive")),"Offensive",IF(OR(AM47="Deadice",AM47="Stoppage",AM47="Intermission"),"",IF(T47="e","Offensive",IF(T47="o","Defensive",""))))) -> Offensive
A48: 24 | B48: 7 | C48: =IF(B48<>"",9000+B48,"") -> 9007 | D48: =IF(C48<>"",C48,B48) -> 9007 | E48: 4 | F48: 4 | G48: 8 | H48: =IF(U48="Intermission",H47+1,H47) -> 1 | R48: 14 | T48: =IF(S48="x","",IF(S48=1,"e","o")) -> o | AJ48: 1 | AM48: =IF(U48<>"",U48,IF($A48=$A47,AM47,"")) -> Zone_Entry_Exit | AN48: =IF(V48<>"",V48,IF($A48=$A47,AN47,"")) -> Zone_Entry | AP48: =IF(AND(T48="e",OR(AM48="Save",AN48="Turnover_Takeaway",AN48="Play_Defensive")),"Defensive",IF(AND(T48="o",OR(AM48="Save",AN48="Turnover_Takeaway",AN48="Play_Defensive")),"Offensive",IF(OR(AM48="Deadice",AM48="Stoppage",AM48="Intermission"),"",IF(T48="e","Offensive",IF(T48="o","Defensive",""))))) -> Defensive
A49: 25 | B49: 7 | C49: =IF(B49<>"",9000+B49,"") -> 9007 | D49: =IF(C49<>"",C49,B49) -> 9007 | E49: 4 | F49: 4 | G49: 8 | H49: =IF(U49="Intermission",H48+1,H48) -> 1 | I49: 17 | J49: 35 | Q49: a | R49: 4 | S49: 1 | T49: =IF(S49="x","",IF(S49=1,"e","o")) -> e | U49: Turnover | V49: Turnover_Giveaway | W49: Giveaway-ZoneClear/Dump | AF49: n | AM49: =IF(U49<>"",U49,IF($A49=$A48,AM48,"")) -> Turnover | AN49: =IF(V49<>"",V49,IF($A49=$A48,AN48,"")) -> Turnover_Giveaway | AP49: =IF(AND(T49="e",OR(AM49="Save",AN49="Turnover_Takeaway",AN49="Play_Defensive")),"Defensive",IF(AND(T49="o",OR(AM49="Save",AN49="Turnover_Takeaway",AN49="Play_Defensive")),"Offensive",IF(OR(AM49="Deadice",AM49="Stoppage",AM49="Intermission"),"",IF(T49="e","Offensive",IF(T49="o","Defensive",""))))) -> Offensive
A50: 25 | B50: 7 | C50: =IF(B50<>"",9000+B50,"") -> 9007 | D50: =IF(C50<>"",C50,B50) -> 9007 | E50: 4 | F50: 4 | G50: 8 | H50: =IF(U50="Intermission",H49+1,H49) -> 1 | I50: 17 | J50: 35 | Q50: a | R50: 14 | T50: =IF(S50="x","",IF(S50=1,"e","o")) -> o | AF50: n | AM50: =IF(U50<>"",U50,IF($A50=$A49,AM49,"")) -> Turnover | AN50: =IF(V50<>"",V50,IF($A50=$A49,AN49,"")) -> Turnover_Giveaway | AP50: =IF(AND(T50="e",OR(AM50="Save",AN50="Turnover_Takeaway",AN50="Play_Defensive")),"Defensive",IF(AND(T50="o",OR(AM50="Save",AN50="Turnover_Takeaway",AN50="Play_Defensive")),"Offensive",IF(OR(AM50="Deadice",AM50="Stoppage",AM50="Intermission"),"",IF(T50="e","Offensive",IF(T50="o","Defensive",""))))) -> Defensive
A51: 26 | B51: 7 | C51: =IF(B51<>"",9000+B51,"") -> 9007 | D51: =IF(C51<>"",C51,B51) -> 9007 | E51: 5 | F51: 5 | G51: 8 | H51: =IF(U51="Intermission",H50+1,H50) -> 1 | I51: 17 | J51: 33 | K51: 17 | L51: 30 | Q51: h | R51: 9 | S51: 1 | T51: =IF(S51="x","",IF(S51=1,"e","o")) -> e | U51: Possession | V51: PuckRetrieval | X51: s | Y51: OffensivePlay_Zone-PuckRetrievalDumpIn | AA51: s | AF51: d | AM51: =IF(U51<>"",U51,IF($A51=$A50,AM50,"")) -> Possession | AN51: =IF(V51<>"",V51,IF($A51=$A50,AN50,"")) -> PuckRetrieval | AP51: =IF(AND(T51="e",OR(AM51="Save",AN51="Turnover_Takeaway",AN51="Play_Defensive")),"Defensive",IF(AND(T51="o",OR(AM51="Save",AN51="Turnover_Takeaway",AN51="Play_Defensive")),"Offensive",IF(OR(AM51="Deadice",AM51="Stoppage",AM51="Intermission"),"",IF(T51="e","Offensive",IF(T51="o","Defensive",""))))) -> Offensive
A52: 27 | B52: 8 | C52: =IF(B52<>"",9000+B52,"") -> 9008 | D52: =IF(C52<>"",C52,B52) -> 9008 | E52: 5 | F52: 5 | G52: 8 | H52: =IF(U52="Intermission",H51+1,H51) -> 1 | I52: 17 | J52: 30 | Q52: h | R52: 9 | S52: 1 | T52: =IF(S52="x","",IF(S52=1,"e","o")) -> e | U52: Pass | V52: Pass_Deflected | W52: Pass-Stretch | X52: u | AF52: d | AJ52: 1 | AM52: =IF(U52<>"",U52,IF($A52=$A51,AM51,"")) -> Pass | AN52: =IF(V52<>"",V52,IF($A52=$A51,AN51,"")) -> Pass_Deflected | AP52: =IF(AND(T52="e",OR(AM52="Save",AN52="Turnover_Takeaway",AN52="Play_Defensive")),"Defensive",IF(AND(T52="o",OR(AM52="Save",AN52="Turnover_Takeaway",AN52="Play_Defensive")),"Offensive",IF(OR(AM52="Deadice",AM52="Stoppage",AM52="Intermission"),"",IF(T52="e","Offensive",IF(T52="o","Defensive",""))))) -> Offensive
A53: 27 | B53: 8 | C53: =IF(B53<>"",9000+B53,"") -> 9008 | D53: =IF(C53<>"",C53,B53) -> 9008 | E53: 5 | F53: 5 | G53: 8 | H53: =IF(U53="Intermission",H52+1,H52) -> 1 | R53: 75 | S53: 1 | T53: =IF(S53="x","",IF(S53=1,"e","o")) -> e | X53: u | AM53: =IF(U53<>"",U53,IF($A53=$A52,AM52,"")) -> Pass | AN53: =IF(V53<>"",V53,IF($A53=$A52,AN52,"")) -> Pass_Deflected | AP53: =IF(AND(T53="e",OR(AM53="Save",AN53="Turnover_Takeaway",AN53="Play_Defensive")),"Defensive",IF(AND(T53="o",OR(AM53="Save",AN53="Turnover_Takeaway",AN53="Play_Defensive")),"Offensive",IF(OR(AM53="Deadice",AM53="Stoppage",AM53="Intermission"),"",IF(T53="e","Offensive",IF(T53="o","Defensive",""))))) -> Offensive
A54: 27 | B54: 8 | C54: =IF(B54<>"",9000+B54,"") -> 9008 | D54: =IF(C54<>"",C54,B54) -> 9008 | E54: 5 | F54: 5 | G54: 8 | H54: =IF(U54="Intermission",H53+1,H53) -> 1 | R54: 77 | T54: =IF(S54="x","",IF(S54=1,"e","o")) -> o | X54: u | Y54: Defensive_PlayPass-InShotPassLane | AJ54: 1 | AM54: =IF(U54<>"",U54,IF($A54=$A53,AM53,"")) -> Pass | AN54: =IF(V54<>"",V54,IF($A54=$A53,AN53,"")) -> Pass_Deflected | AP54: =IF(AND(T54="e",OR(AM54="Save",AN54="Turnover_Takeaway",AN54="Play_Defensive")),"Defensive",IF(AND(T54="o",OR(AM54="Save",AN54="Turnover_Takeaway",AN54="Play_Defensive")),"Offensive",IF(OR(AM54="Deadice",AM54="Stoppage",AM54="Intermission"),"",IF(T54="e","Offensive",IF(T54="o","Defensive",""))))) -> Defensive
A55: 27 | B55: 8 | C55: =IF(B55<>"",9000+B55,"") -> 9008 | D55: =IF(C55<>"",C55,B55) -> 9008 | E55: 5 | F55: 5 | G55: 8 | H55: =IF(U55="Intermission",H54+1,H54) -> 1 | R55: 25 | T55: =IF(S55="x","",IF(S55=1,"e","o")) -> o | X55: u | Y55: Defensive_PlayPass-PassIntercepted | AA55: s | AM55: =IF(U55<>"",U55,IF($A55=$A54,AM54,"")) -> Pass | AN55: =IF(V55<>"",V55,IF($A55=$A54,AN54,"")) -> Pass_Deflected | AP55: =IF(AND(T55="e",OR(AM55="Save",AN55="Turnover_Takeaway",AN55="Play_Defensive")),"Defensive",IF(AND(T55="o",OR(AM55="Save",AN55="Turnover_Takeaway",AN55="Play_Defensive")),"Offensive",IF(OR(AM55="Deadice",AM55="Stoppage",AM55="Intermission"),"",IF(T55="e","Offensive",IF(T55="o","Defensive",""))))) -> Defensive
A56: 28 | B56: 8 | C56: =IF(B56<>"",9000+B56,"") -> 9008 | D56: =IF(C56<>"",C56,B56) -> 9008 | E56: 5 | F56: 5 | G56: 9 | H56: =IF(U56="Intermission",H55+1,H55) -> 1 | I56: 17 | J56: 30 | Q56: h | R56: 9 | S56: 1 | T56: =IF(S56="x","",IF(S56=1,"e","o")) -> e | U56: Zone_Entry_Exit | V56: Zone_Exit | W56: ZoneExit-PassMiss/Misplay | AF56: d | AJ56: 1 | AM56: =IF(U56<>"",U56,IF($A56=$A55,AM55,"")) -> Zone_Entry_Exit | AN56: =IF(V56<>"",V56,IF($A56=$A55,AN55,"")) -> Zone_Exit | AP56: =IF(AND(T56="e",OR(AM56="Save",AN56="Turnover_Takeaway",AN56="Play_Defensive")),"Defensive",IF(AND(T56="o",OR(AM56="Save",AN56="Turnover_Takeaway",AN56="Play_Defensive")),"Offensive",IF(OR(AM56="Deadice",AM56="Stoppage",AM56="Intermission"),"",IF(T56="e","Offensive",IF(T56="o","Defensive",""))))) -> Offensive
A57: 28 | B57: 8 | C57: =IF(B57<>"",9000+B57,"") -> 9008 | D57: =IF(C57<>"",C57,B57) -> 9008 | E57: 5 | F57: 5 | G57: 9 | H57: =IF(U57="Intermission",H56+1,H56) -> 1 | R57: 75 | S57: 1 | T57: =IF(S57="x","",IF(S57=1,"e","o")) -> e | AM57: =IF(U57<>"",U57,IF($A57=$A56,AM56,"")) -> Zone_Entry_Exit | AN57: =IF(V57<>"",V57,IF($A57=$A56,AN56,"")) -> Zone_Exit | AP57: =IF(AND(T57="e",OR(AM57="Save",AN57="Turnover_Takeaway",AN57="Play_Defensive")),"Defensive",IF(AND(T57="o",OR(AM57="Save",AN57="Turnover_Takeaway",AN57="Play_Defensive")),"Offensive",IF(OR(AM57="Deadice",AM57="Stoppage",AM57="Intermission"),"",IF(T57="e","Offensive",IF(T57="o","Defensive",""))))) -> Offensive
A58: 28 | B58: 8 | C58: =IF(B58<>"",9000+B58,"") -> 9008 | D58: =IF(C58<>"",C58,B58) -> 9008 | E58: 5 | F58: 5 | G58: 9 | H58: =IF(U58="Intermission",H57+1,H57) -> 1 | R58: 77 | T58: =IF(S58="x","",IF(S58=1,"e","o")) -> o | Y58: Defensive_PlayPass-InShotPassLane | AJ58: 1 | AM58: =IF(U58<>"",U58,IF($A58=$A57,AM57,"")) -> Zone_Entry_Exit | AN58: =IF(V58<>"",V58,IF($A58=$A57,AN57,"")) -> Zone_Exit | AP58: =IF(AND(T58="e",OR(AM58="Save",AN58="Turnover_Takeaway",AN58="Play_Defensive")),"Defensive",IF(AND(T58="o",OR(AM58="Save",AN58="Turnover_Takeaway",AN58="Play_Defensive")),"Offensive",IF(OR(AM58="Deadice",AM58="Stoppage",AM58="Intermission"),"",IF(T58="e","Offensive",IF(T58="o","Defensive",""))))) -> Defensive
A59: 28 | B59: 8 | C59: =IF(B59<>"",9000+B59,"") -> 9008 | D59: =IF(C59<>"",C59,B59) -> 9008 | E59: 5 | F59: 5 | G59: 9 | H59: =IF(U59="Intermission",H58+1,H58) -> 1 | R59: 25 | T59: =IF(S59="x","",IF(S59=1,"e","o")) -> o | Y59: Defensive_PlayPass-PassIntercepted | AA59: s | AM59: =IF(U59<>"",U59,IF($A59=$A58,AM58,"")) -> Zone_Entry_Exit | AN59: =IF(V59<>"",V59,IF($A59=$A58,AN58,"")) -> Zone_Exit | AP59: =IF(AND(T59="e",OR(AM59="Save",AN59="Turnover_Takeaway",AN59="Play_Defensive")),"Defensive",IF(AND(T59="o",OR(AM59="Save",AN59="Turnover_Takeaway",AN59="Play_Defensive")),"Offensive",IF(OR(AM59="Deadice",AM59="Stoppage",AM59="Intermission"),"",IF(T59="e","Offensive",IF(T59="o","Defensive",""))))) -> Defensive
A60: 29 | B60: 8 | C60: =IF(B60<>"",9000+B60,"") -> 9008 | D60: =IF(C60<>"",C60,B60) -> 9008 | E60: 5 | F60: 5 | G60: 9 | H60: =IF(U60="Intermission",H59+1,H59) -> 1 | I60: 17 | J60: 30 | Q60: h | R60: 9 | S60: 1 | T60: =IF(S60="x","",IF(S60=1,"e","o")) -> e | U60: Turnover | V60: Turnover_Giveaway | W60: Giveaway-PassIntercepted | AF60: d | AM60: =IF(U60<>"",U60,IF($A60=$A59,AM59,"")) -> Turnover | AN60: =IF(V60<>"",V60,IF($A60=$A59,AN59,"")) -> Turnover_Giveaway | AP60: =IF(AND(T60="e",OR(AM60="Save",AN60="Turnover_Takeaway",AN60="Play_Defensive")),"Defensive",IF(AND(T60="o",OR(AM60="Save",AN60="Turnover_Takeaway",AN60="Play_Defensive")),"Offensive",IF(OR(AM60="Deadice",AM60="Stoppage",AM60="Intermission"),"",IF(T60="e","Offensive",IF(T60="o","Defensive",""))))) -> Offensive
A61: 29 | B61: 8 | C61: =IF(B61<>"",9000+B61,"") -> 9008 | D61: =IF(C61<>"",C61,B61) -> 9008 | E61: 5 | F61: 5 | G61: 9 | H61: =IF(U61="Intermission",H60+1,H60) -> 1 | R61: 25 | T61: =IF(S61="x","",IF(S61=1,"e","o")) -> o | Y61: Defensive_PlayPass-PassIntercepted | AA61: s | AM61: =IF(U61<>"",U61,IF($A61=$A60,AM60,"")) -> Turnover | AN61: =IF(V61<>"",V61,IF($A61=$A60,AN60,"")) -> Turnover_Giveaway | AP61: =IF(AND(T61="e",OR(AM61="Save",AN61="Turnover_Takeaway",AN61="Play_Defensive")),"Defensive",IF(AND(T61="o",OR(AM61="Save",AN61="Turnover_Takeaway",AN61="Play_Defensive")),"Offensive",IF(OR(AM61="Deadice",AM61="Stoppage",AM61="Intermission"),"",IF(T61="e","Offensive",IF(T61="o","Defensive",""))))) -> Defensive
A62: 30 | B62: 8 | C62: =IF(B62<>"",9000+B62,"") -> 9008 | D62: =IF(C62<>"",C62,B62) -> 9008 | E62: 5 | F62: 6 | G62: 10 | H62: =IF(U62="Intermission",H61+1,H61) -> 1 | I62: 17 | J62: 29 | K62: 17 | L62: 27 | Q62: a | R62: 25 | S62: 1 | T62: =IF(S62="x","",IF(S62=1,"e","o")) -> e | U62: Possession | V62: PuckRetrieval | X62: s | Y62: OffensivePlay_Zone-PuckRetreivalPass | AA62: s | AF62: n | AM62: =IF(U62<>"",U62,IF($A62=$A61,AM61,"")) -> Possession | AN62: =IF(V62<>"",V62,IF($A62=$A61,AN61,"")) -> PuckRetrieval | AP62: =IF(AND(T62="e",OR(AM62="Save",AN62="Turnover_Takeaway",AN62="Play_Defensive")),"Defensive",IF(AND(T62="o",OR(AM62="Save",AN62="Turnover_Takeaway",AN62="Play_Defensive")),"Offensive",IF(OR(AM62="Deadice",AM62="Stoppage",AM62="Intermission"),"",IF(T62="e","Offensive",IF(T62="o","Defensive",""))))) -> Offensive
A63: 31 | C63: =IF(B63<>"",9000+B63,"") | D63: =IF(C63<>"",C63,B63) | E63: 6 | F63: 6 | G63: 11 | H63: =IF(U63="Intermission",H62+1,H62) -> 1 | I63: 17 | J63: 27 | K63: 17 | L63: 24 | Q63: a | R63: 25 | S63: 1 | T63: =IF(S63="x","",IF(S63=1,"e","o")) -> e | U63: Zone_Entry_Exit | V63: Zone_Entry | W63: ZoneEntry-Pass | X63: s | Y63: OffensivePlay_Possession-DriveWide | AF63: o | AJ63: 1 | AM63: =IF(U63<>"",U63,IF($A63=$A62,AM62,"")) -> Zone_Entry_Exit | AN63: =IF(V63<>"",V63,IF($A63=$A62,AN62,"")) -> Zone_Entry | AP63: =IF(AND(T63="e",OR(AM63="Save",AN63="Turnover_Takeaway",AN63="Play_Defensive")),"Defensive",IF(AND(T63="o",OR(AM63="Save",AN63="Turnover_Takeaway",AN63="Play_Defensive")),"Offensive",IF(OR(AM63="Deadice",AM63="Stoppage",AM63="Intermission"),"",IF(T63="e","Offensive",IF(T63="o","Defensive",""))))) -> Offensive
A64: 31 | C64: =IF(B64<>"",9000+B64,"") | D64: =IF(C64<>"",C64,B64) | E64: 6 | F64: 6 | G64: 11 | H64: =IF(U64="Intermission",H63+1,H63) -> 1 | R64: 77 | S64: 1 | T64: =IF(S64="x","",IF(S64=1,"e","o")) -> e | X64: s | AM64: =IF(U64<>"",U64,IF($A64=$A63,AM63,"")) -> Zone_Entry_Exit | AN64: =IF(V64<>"",V64,IF($A64=$A63,AN63,"")) -> Zone_Entry | AP64: =IF(AND(T64="e",OR(AM64="Save",AN64="Turnover_Takeaway",AN64="Play_Defensive")),"Defensive",IF(AND(T64="o",OR(AM64="Save",AN64="Turnover_Takeaway",AN64="Play_Defensive")),"Offensive",IF(OR(AM64="Deadice",AM64="Stoppage",AM64="Intermission"),"",IF(T64="e","Offensive",IF(T64="o","Defensive",""))))) -> Offensive
A65: 31 | C65: =IF(B65<>"",9000+B65,"") | D65: =IF(C65<>"",C65,B65) | E65: 6 | F65: 6 | G65: 11 | H65: =IF(U65="Intermission",H64+1,H64) -> 1 | R65: 13 | S65: 1 | T65: =IF(S65="x","",IF(S65=1,"e","o")) -> e | X65: s | AM65: =IF(U65<>"",U65,IF($A65=$A64,AM64,"")) -> Zone_Entry_Exit | AN65: =IF(V65<>"",V65,IF($A65=$A64,AN64,"")) -> Zone_Entry | AP65: =IF(AND(T65="e",OR(AM65="Save",AN65="Turnover_Takeaway",AN65="Play_Defensive")),"Defensive",IF(AND(T65="o",OR(AM65="Save",AN65="Turnover_Takeaway",AN65="Play_Defensive")),"Offensive",IF(OR(AM65="Deadice",AM65="Stoppage",AM65="Intermission"),"",IF(T65="e","Offensive",IF(T65="o","Defensive",""))))) -> Offensive
A66: 31 | C66: =IF(B66<>"",9000+B66,"") | D66: =IF(C66<>"",C66,B66) | E66: 6 | F66: 6 | G66: 11 | H66: =IF(U66="Intermission",H65+1,H65) -> 1 | R66: 68 | S66: 1 | T66: =IF(S66="x","",IF(S66=1,"e","o")) -> e | X66: s | AM66: =IF(U66<>"",U66,IF($A66=$A65,AM65,"")) -> Zone_Entry_Exit | AN66: =IF(V66<>"",V66,IF($A66=$A65,AN65,"")) -> Zone_Entry | AP66: =IF(AND(T66="e",OR(AM66="Save",AN66="Turnover_Takeaway",AN66="Play_Defensive")),"Defensive",IF(AND(T66="o",OR(AM66="Save",AN66="Turnover_Takeaway",AN66="Play_Defensive")),"Offensive",IF(OR(AM66="Deadice",AM66="Stoppage",AM66="Intermission"),"",IF(T66="e","Offensive",IF(T66="o","Defensive",""))))) -> Offensive
A67: 31 | C67: =IF(B67<>"",9000+B67,"") | D67: =IF(C67<>"",C67,B67) | E67: 6 | F67: 6 | G67: 11 | H67: =IF(U67="Intermission",H66+1,H66) -> 1 | R67: 91 | T67: =IF(S67="x","",IF(S67=1,"e","o")) -> o | X67: s | Y67: Defensive_PlayPossession-FroceWide | Z67: Defensive_PlayPossession-PokeCheck | AA67: s | AJ67: 1 | AM67: =IF(U67<>"",U67,IF($A67=$A66,AM66,"")) -> Zone_Entry_Exit | AN67: =IF(V67<>"",V67,IF($A67=$A66,AN66,"")) -> Zone_Entry | AP67: =IF(AND(T67="e",OR(AM67="Save",AN67="Turnover_Takeaway",AN67="Play_Defensive")),"Defensive",IF(AND(T67="o",OR(AM67="Save",AN67="Turnover_Takeaway",AN67="Play_Defensive")),"Offensive",IF(OR(AM67="Deadice",AM67="Stoppage",AM67="Intermission"),"",IF(T67="e","Offensive",IF(T67="o","Defensive",""))))) -> Defensive
A68: 31 | C68: =IF(B68<>"",9000+B68,"") | D68: =IF(C68<>"",C68,B68) | E68: 6 | F68: 6 | G68: 11 | H68: =IF(U68="Intermission",H67+1,H67) -> 1 | R68: 9 | T68: =IF(S68="x","",IF(S68=1,"e","o")) -> o | X68: s | AM68: =IF(U68<>"",U68,IF($A68=$A67,AM67,"")) -> Zone_Entry_Exit | AN68: =IF(V68<>"",V68,IF($A68=$A67,AN67,"")) -> Zone_Entry | AP68: =IF(AND(T68="e",OR(AM68="Save",AN68="Turnover_Takeaway",AN68="Play_Defensive")),"Defensive",IF(AND(T68="o",OR(AM68="Save",AN68="Turnover_Takeaway",AN68="Play_Defensive")),"Offensive",IF(OR(AM68="Deadice",AM68="Stoppage",AM68="Intermission"),"",IF(T68="e","Offensive",IF(T68="o","Defensive",""))))) -> Defensive
A69: 31 | C69: =IF(B69<>"",9000+B69,"") | D69: =IF(C69<>"",C69,B69) | E69: 6 | F69: 6 | G69: 11 | H69: =IF(U69="Intermission",H68+1,H68) -> 1 | R69: 14 | T69: =IF(S69="x","",IF(S69=1,"e","o")) -> o | AM69: =IF(U69<>"",U69,IF($A69=$A68,AM68,"")) -> Zone_Entry_Exit | AN69: =IF(V69<>"",V69,IF($A69=$A68,AN68,"")) -> Zone_Entry | AP69: =IF(AND(T69="e",OR(AM69="Save",AN69="Turnover_Takeaway",AN69="Play_Defensive")),"Defensive",IF(AND(T69="o",OR(AM69="Save",AN69="Turnover_Takeaway",AN69="Play_Defensive")),"Offensive",IF(OR(AM69="Deadice",AM69="Stoppage",AM69="Intermission"),"",IF(T69="e","Offensive",IF(T69="o","Defensive",""))))) -> Defensive
A70: 32 | C70: =IF(B70<>"",9000+B70,"") | D70: =IF(C70<>"",C70,B70) | E70: 6 | F70: 7 | G70: 11 | H70: =IF(U70="Intermission",H69+1,H69) -> 1 | I70: 17 | J70: 24 | Q70: h | R70: 91 | S70: 1 | T70: =IF(S70="x","",IF(S70=1,"e","o")) -> e | U70: Turnover | V70: Turnover_Takeaway | W70: Takeaway-PokeCheck | X70: s | Y70: Defensive_PlayPossession-PokeCheck | AF70: d | AJ70: 1 | AM70: =IF(U70<>"",U70,IF($A70=$A69,AM69,"")) -> Turnover | AN70: =IF(V70<>"",V70,IF($A70=$A69,AN69,"")) -> Turnover_Takeaway | AP70: =IF(AND(T70="e",OR(AM70="Save",AN70="Turnover_Takeaway",AN70="Play_Defensive")),"Defensive",IF(AND(T70="o",OR(AM70="Save",AN70="Turnover_Takeaway",AN70="Play_Defensive")),"Offensive",IF(OR(AM70="Deadice",AM70="Stoppage",AM70="Intermission"),"",IF(T70="e","Offensive",IF(T70="o","Defensive",""))))) -> Defensive
A71: 32 | C71: =IF(B71<>"",9000+B71,"") | D71: =IF(C71<>"",C71,B71) | E71: 6 | F71: 7 | G71: 11 | H71: =IF(U71="Intermission",H70+1,H70) -> 1 | R71: 25 | T71: =IF(S71="x","",IF(S71=1,"e","o")) -> o | X71: s | AJ71: 1 | AM71: =IF(U71<>"",U71,IF($A71=$A70,AM70,"")) -> Turnover | AN71: =IF(V71<>"",V71,IF($A71=$A70,AN70,"")) -> Turnover_Takeaway | AP71: =IF(AND(T71="e",OR(AM71="Save",AN71="Turnover_Takeaway",AN71="Play_Defensive")),"Defensive",IF(AND(T71="o",OR(AM71="Save",AN71="Turnover_Takeaway",AN71="Play_Defensive")),"Offensive",IF(OR(AM71="Deadice",AM71="Stoppage",AM71="Intermission"),"",IF(T71="e","Offensive",IF(T71="o","Defensive",""))))) -> Offensive
A72: 33 | C72: =IF(B72<>"",9000+B72,"") | D72: =IF(C72<>"",C72,B72) | E72: 7 | F72: 7 | G72: 11 | H72: =IF(U72="Intermission",H71+1,H71) -> 1 | I72: 17 | J72: 24 | Q72: h | R72: 91 | S72: 1 | T72: =IF(S72="x","",IF(S72=1,"e","o")) -> e | U72: Pass | V72: Pass_Completed | W72: Pass-Bank | X72: s | AF72: d | AJ72: 1 | AM72: =IF(U72<>"",U72,IF($A72=$A71,AM71,"")) -> Pass | AN72: =IF(V72<>"",V72,IF($A72=$A71,AN71,"")) -> Pass_Completed | AP72: =IF(AND(T72="e",OR(AM72="Save",AN72="Turnover_Takeaway",AN72="Play_Defensive")),"Defensive",IF(AND(T72="o",OR(AM72="Save",AN72="Turnover_Takeaway",AN72="Play_Defensive")),"Offensive",IF(OR(AM72="Deadice",AM72="Stoppage",AM72="Intermission"),"",IF(T72="e","Offensive",IF(T72="o","Defensive",""))))) -> Offensive
A73: 33 | C73: =IF(B73<>"",9000+B73,"") | D73: =IF(C73<>"",C73,B73) | E73: 7 | F73: 7 | G73: 11 | H73: =IF(U73="Intermission",H72+1,H72) -> 1 | R73: 70 | S73: 1 | T73: =IF(S73="x","",IF(S73=1,"e","o")) -> e | X73: s | AJ73: 1 | AM73: =IF(U73<>"",U73,IF($A73=$A72,AM72,"")) -> Pass | AN73: =IF(V73<>"",V73,IF($A73=$A72,AN72,"")) -> Pass_Completed | AP73: =IF(AND(T73="e",OR(AM73="Save",AN73="Turnover_Takeaway",AN73="Play_Defensive")),"Defensive",IF(AND(T73="o",OR(AM73="Save",AN73="Turnover_Takeaway",AN73="Play_Defensive")),"Offensive",IF(OR(AM73="Deadice",AM73="Stoppage",AM73="Intermission"),"",IF(T73="e","Offensive",IF(T73="o","Defensive",""))))) -> Offensive
A74: 33 | C74: =IF(B74<>"",9000+B74,"") | D74: =IF(C74<>"",C74,B74) | E74: 7 | F74: 7 | G74: 11 | H74: =IF(U74="Intermission",H73+1,H73) -> 1 | R74: 25 | T74: =IF(S74="x","",IF(S74=1,"e","o")) -> o | X74: s | AM74: =IF(U74<>"",U74,IF($A74=$A73,AM73,"")) -> Pass | AN74: =IF(V74<>"",V74,IF($A74=$A73,AN73,"")) -> Pass_Completed | AP74: =IF(AND(T74="e",OR(AM74="Save",AN74="Turnover_Takeaway",AN74="Play_Defensive")),"Defensive",IF(AND(T74="o",OR(AM74="Save",AN74="Turnover_Takeaway",AN74="Play_Defensive")),"Offensive",IF(OR(AM74="Deadice",AM74="Stoppage",AM74="Intermission"),"",IF(T74="e","Offensive",IF(T74="o","Defensive",""))))) -> Defensive
A75: 34 | C75: =IF(B75<>"",9000+B75,"") | D75: =IF(C75<>"",C75,B75) | E75: 7 | F75: 7 | G75: 11 | H75: =IF(U75="Intermission",H74+1,H74) -> 1 | I75: 17 | J75: 22 | K75: 17 | L75: 19 | Q75: h | R75: 70 | S75: 1 | T75: =IF(S75="x","",IF(S75=1,"e","o")) -> e | U75: Possession | V75: Regroup | AF75: d | AM75: =IF(U75<>"",U75,IF($A75=$A74,AM74,"")) -> Possession | AN75: =IF(V75<>"",V75,IF($A75=$A74,AN74,"")) -> Regroup | AP75: =IF(AND(T75="e",OR(AM75="Save",AN75="Turnover_Takeaway",AN75="Play_Defensive")),"Defensive",IF(AND(T75="o",OR(AM75="Save",AN75="Turnover_Takeaway",AN75="Play_Defensive")),"Offensive",IF(OR(AM75="Deadice",AM75="Stoppage",AM75="Intermission"),"",IF(T75="e","Offensive",IF(T75="o","Defensive",""))))) -> Offensive
A76: 35 | B76: 9 | C76: =IF(B76<>"",9000+B76,"") -> 9009 | D76: =IF(C76<>"",C76,B76) -> 9009 | E76: 7 | F76: 7 | G76: 12 | H76: =IF(U76="Intermission",H75+1,H75) -> 1 | I76: 17 | J76: 19 | Q76: h | R76: 70 | S76: 1 | T76: =IF(S76="x","",IF(S76=1,"e","o")) -> e | U76: Zone_Entry_Exit | V76: Zone_Exit | W76: ZoneExit-Clear | AF76: d | AM76: =IF(U76<>"",U76,IF($A76=$A75,AM75,"")) -> Zone_Entry_Exit | AN76: =IF(V76<>"",V76,IF($A76=$A75,AN75,"")) -> Zone_Exit | AP76: =IF(AND(T76="e",OR(AM76="Save",AN76="Turnover_Takeaway",AN76="Play_Defensive")),"Defensive",IF(AND(T76="o",OR(AM76="Save",AN76="Turnover_Takeaway",AN76="Play_Defensive")),"Offensive",IF(OR(AM76="Deadice",AM76="Stoppage",AM76="Intermission"),"",IF(T76="e","Offensive",IF(T76="o","Defensive",""))))) -> Offensive
A77: 36 | B77: 9 | C77: =IF(B77<>"",9000+B77,"") -> 9009 | D77: =IF(C77<>"",C77,B77) -> 9009 | E77: 7 | F77: 7 | G77: 13 | H77: =IF(U77="Intermission",H76+1,H76) -> 1 | I77: 17 | J77: 19 | Q77: h | R77: 70 | S77: 1 | T77: =IF(S77="x","",IF(S77=1,"e","o")) -> e | U77: Zone_Entry_Exit | V77: Zone_Entry | W77: ZoneEntry-FromExitClear | AF77: d | AM77: =IF(U77<>"",U77,IF($A77=$A76,AM76,"")) -> Zone_Entry_Exit | AN77: =IF(V77<>"",V77,IF($A77=$A76,AN76,"")) -> Zone_Entry | AP77: =IF(AND(T77="e",OR(AM77="Save",AN77="Turnover_Takeaway",AN77="Play_Defensive")),"Defensive",IF(AND(T77="o",OR(AM77="Save",AN77="Turnover_Takeaway",AN77="Play_Defensive")),"Offensive",IF(OR(AM77="Deadice",AM77="Stoppage",AM77="Intermission"),"",IF(T77="e","Offensive",IF(T77="o","Defensive",""))))) -> Offensive
A78: 37 | B78: 9 | C78: =IF(B78<>"",9000+B78,"") -> 9009 | D78: =IF(C78<>"",C78,B78) -> 9009 | E78: 7 | F78: 7 | G78: 13 | H78: =IF(U78="Intermission",H77+1,H77) -> 1 | I78: 17 | J78: 19 | Q78: h | R78: 70 | S78: 1 | T78: =IF(S78="x","",IF(S78=1,"e","o")) -> e | U78: Turnover | V78: Turnover_Giveaway | W78: Giveaway-ZoneClear/Dump | AF78: d | AM78: =IF(U78<>"",U78,IF($A78=$A77,AM77,"")) -> Turnover | AN78: =IF(V78<>"",V78,IF($A78=$A77,AN77,"")) -> Turnover_Giveaway | AP78: =IF(AND(T78="e",OR(AM78="Save",AN78="Turnover_Takeaway",AN78="Play_Defensive")),"Defensive",IF(AND(T78="o",OR(AM78="Save",AN78="Turnover_Takeaway",AN78="Play_Defensive")),"Offensive",IF(OR(AM78="Deadice",AM78="Stoppage",AM78="Intermission"),"",IF(T78="e","Offensive",IF(T78="o","Defensive",""))))) -> Offensive
A79: 38 | B79: 9 | C79: =IF(B79<>"",9000+B79,"") -> 9009 | D79: =IF(C79<>"",C79,B79) -> 9009 | E79: 7 | F79: 7 | G79: 13 | H79: =IF(U79="Intermission",H78+1,H78) -> 1 | I79: 17 | J79: 17 | Q79: a | R79: 4 | S79: 1 | T79: =IF(S79="x","",IF(S79=1,"e","o")) -> e | U79: Possession | V79: PuckRetrieval | AF79: d | AM79: =IF(U79<>"",U79,IF($A79=$A78,AM78,"")) -> Possession | AN79: =IF(V79<>"",V79,IF($A79=$A78,AN78,"")) -> PuckRetrieval | AP79: =IF(AND(T79="e",OR(AM79="Save",AN79="Turnover_Takeaway",AN79="Play_Defensive")),"Defensive",IF(AND(T79="o",OR(AM79="Save",AN79="Turnover_Takeaway",AN79="Play_Defensive")),"Offensive",IF(OR(AM79="Deadice",AM79="Stoppage",AM79="Intermission"),"",IF(T79="e","Offensive",IF(T79="o","Defensive",""))))) -> Offensive
A80: 39 | C80: =IF(B80<>"",9000+B80,"") | D80: =IF(C80<>"",C80,B80) | E80: 8 | F80: 8 | G80: 14 | H80: =IF(U80="Intermission",H79+1,H79) -> 1 | I80: 17 | J80: 17 | K80: 17 | L80: 15 | Q80: a | R80: 4 | S80: 1 | T80: =IF(S80="x","",IF(S80=1,"e","o")) -> e | U80: Zone_Entry_Exit | V80: Zone_Exit | W80: ZoneExit-Rush | X80: s | AF80: d | AM80: =IF(U80<>"",U80,IF($A80=$A79,AM79,"")) -> Zone_Entry_Exit | AN80: =IF(V80<>"",V80,IF($A80=$A79,AN79,"")) -> Zone_Exit | AP80: =IF(AND(T80="e",OR(AM80="Save",AN80="Turnover_Takeaway",AN80="Play_Defensive")),"Defensive",IF(AND(T80="o",OR(AM80="Save",AN80="Turnover_Takeaway",AN80="Play_Defensive")),"Offensive",IF(OR(AM80="Deadice",AM80="Stoppage",AM80="Intermission"),"",IF(T80="e","Offensive",IF(T80="o","Defensive",""))))) -> Offensive
A81: 40 | C81: =IF(B81<>"",9000+B81,"") | D81: =IF(C81<>"",C81,B81) | E81: 8 | F81: 8 | G81: 15 | H81: =IF(U81="Intermission",H80+1,H80) -> 1 | I81: 17 | J81: 15 | K81: 17 | L81: 12 | Q81: a | R81: 4 | S81: 1 | T81: =IF(S81="x","",IF(S81=1,"e","o")) -> e | U81: Possession | AF81: n | AJ81: 1 | AM81: =IF(U81<>"",U81,IF($A81=$A80,AM80,"")) -> Possession | AN81: =IF(V81<>"",V81,IF($A81=$A80,AN80,"")) | AP81: =IF(AND(T81="e",OR(AM81="Save",AN81="Turnover_Takeaway",AN81="Play_Defensive")),"Defensive",IF(AND(T81="o",OR(AM81="Save",AN81="Turnover_Takeaway",AN81="Play_Defensive")),"Offensive",IF(OR(AM81="Deadice",AM81="Stoppage",AM81="Intermission"),"",IF(T81="e","Offensive",IF(T81="o","Defensive",""))))) -> Offensive
A82: 40 | C82: =IF(B82<>"",9000+B82,"") | D82: =IF(C82<>"",C82,B82) | E82: 8 | F82: 8 | G82: 15 | H82: =IF(U82="Intermission",H81+1,H81) -> 1 | R82: 70 | T82: =IF(S82="x","",IF(S82=1,"e","o")) -> o | AF82: n | AJ82: 1 | AM82: =IF(U82<>"",U82,IF($A82=$A81,AM81,"")) -> Possession | AN82: =IF(V82<>"",V82,IF($A82=$A81,AN81,"")) | AP82: =IF(AND(T82="e",OR(AM82="Save",AN82="Turnover_Takeaway",AN82="Play_Defensive")),"Defensive",IF(AND(T82="o",OR(AM82="Save",AN82="Turnover_Takeaway",AN82="Play_Defensive")),"Offensive",IF(OR(AM82="Deadice",AM82="Stoppage",AM82="Intermission"),"",IF(T82="e","Offensive",IF(T82="o","Defensive",""))))) -> Defensive
A83: 41 | C83: =IF(B83<>"",9000+B83,"") | D83: =IF(C83<>"",C83,B83) | E83: 8 | F83: 9 | G83: 16 | H83: =IF(U83="Intermission",H82+1,H82) -> 1 | I83: 17 | J83: 12 | K83: 17 | L83: 10 | Q83: a | R83: 4 | S83: 1 | T83: =IF(S83="x","",IF(S83=1,"e","o")) -> e | U83: Zone_Entry_Exit | V83: Zone_Entry | W83: ZoneEntry-Rush | X83: s | Y83: OffensivePlay_Possession-DriveMiddle | AF83: o | AM83: =IF(U83<>"",U83,IF($A83=$A82,AM82,"")) -> Zone_Entry_Exit | AN83: =IF(V83<>"",V83,IF($A83=$A82,AN82,"")) -> Zone_Entry | AP83: =IF(AND(T83="e",OR(AM83="Save",AN83="Turnover_Takeaway",AN83="Play_Defensive")),"Defensive",IF(AND(T83="o",OR(AM83="Save",AN83="Turnover_Takeaway",AN83="Play_Defensive")),"Offensive",IF(OR(AM83="Deadice",AM83="Stoppage",AM83="Intermission"),"",IF(T83="e","Offensive",IF(T83="o","Defensive",""))))) -> Offensive
A84: 41 | C84: =IF(B84<>"",9000+B84,"") | D84: =IF(C84<>"",C84,B84) | E84: 8 | F84: 9 | G84: 16 | H84: =IF(U84="Intermission",H83+1,H83) -> 1 | R84: 77 | S84: 1 | T84: =IF(S84="x","",IF(S84=1,"e","o")) -> e | AM84: =IF(U84<>"",U84,IF($A84=$A83,AM83,"")) -> Zone_Entry_Exit | AN84: =IF(V84<>"",V84,IF($A84=$A83,AN83,"")) -> Zone_Entry | AP84: =IF(AND(T84="e",OR(AM84="Save",AN84="Turnover_Takeaway",AN84="Play_Defensive")),"Defensive",IF(AND(T84="o",OR(AM84="Save",AN84="Turnover_Takeaway",AN84="Play_Defensive")),"Offensive",IF(OR(AM84="Deadice",AM84="Stoppage",AM84="Intermission"),"",IF(T84="e","Offensive",IF(T84="o","Defensive",""))))) -> Offensive
A85: 41 | C85: =IF(B85<>"",9000+B85,"") | D85: =IF(C85<>"",C85,B85) | E85: 8 | F85: 9 | G85: 16 | H85: =IF(U85="Intermission",H84+1,H84) -> 1 | R85: 13 | S85: 1 | T85: =IF(S85="x","",IF(S85=1,"e","o")) -> e | AM85: =IF(U85<>"",U85,IF($A85=$A84,AM84,"")) -> Zone_Entry_Exit | AN85: =IF(V85<>"",V85,IF($A85=$A84,AN84,"")) -> Zone_Entry | AP85: =IF(AND(T85="e",OR(AM85="Save",AN85="Turnover_Takeaway",AN85="Play_Defensive")),"Defensive",IF(AND(T85="o",OR(AM85="Save",AN85="Turnover_Takeaway",AN85="Play_Defensive")),"Offensive",IF(OR(AM85="Deadice",AM85="Stoppage",AM85="Intermission"),"",IF(T85="e","Offensive",IF(T85="o","Defensive",""))))) -> Offensive
A86: 41 | C86: =IF(B86<>"",9000+B86,"") | D86: =IF(C86<>"",C86,B86) | E86: 8 | F86: 9 | G86: 16 | H86: =IF(U86="Intermission",H85+1,H85) -> 1 | R86: 91 | T86: =IF(S86="x","",IF(S86=1,"e","o")) -> o | AM86: =IF(U86<>"",U86,IF($A86=$A85,AM85,"")) -> Zone_Entry_Exit | AN86: =IF(V86<>"",V86,IF($A86=$A85,AN85,"")) -> Zone_Entry | AP86: =IF(AND(T86="e",OR(AM86="Save",AN86="Turnover_Takeaway",AN86="Play_Defensive")),"Defensive",IF(AND(T86="o",OR(AM86="Save",AN86="Turnover_Takeaway",AN86="Play_Defensive")),"Offensive",IF(OR(AM86="Deadice",AM86="Stoppage",AM86="Intermission"),"",IF(T86="e","Offensive",IF(T86="o","Defensive",""))))) -> Defensive
A87: 41 | C87: =IF(B87<>"",9000+B87,"") | D87: =IF(C87<>"",C87,B87) | E87: 8 | F87: 9 | G87: 16 | H87: =IF(U87="Intermission",H86+1,H86) -> 1 | R87: 9 | T87: =IF(S87="x","",IF(S87=1,"e","o")) -> o | AM87: =IF(U87<>"",U87,IF($A87=$A86,AM86,"")) -> Zone_Entry_Exit | AN87: =IF(V87<>"",V87,IF($A87=$A86,AN86,"")) -> Zone_Entry | AP87: =IF(AND(T87="e",OR(AM87="Save",AN87="Turnover_Takeaway",AN87="Play_Defensive")),"Defensive",IF(AND(T87="o",OR(AM87="Save",AN87="Turnover_Takeaway",AN87="Play_Defensive")),"Offensive",IF(OR(AM87="Deadice",AM87="Stoppage",AM87="Intermission"),"",IF(T87="e","Offensive",IF(T87="o","Defensive",""))))) -> Defensive
A88: 41 | C88: =IF(B88<>"",9000+B88,"") | D88: =IF(C88<>"",C88,B88) | E88: 8 | F88: 9 | G88: 16 | H88: =IF(U88="Intermission",H87+1,H87) -> 1 | R88: 14 | T88: =IF(S88="x","",IF(S88=1,"e","o")) -> o | AM88: =IF(U88<>"",U88,IF($A88=$A87,AM87,"")) -> Zone_Entry_Exit | AN88: =IF(V88<>"",V88,IF($A88=$A87,AN87,"")) -> Zone_Entry | AP88: =IF(AND(T88="e",OR(AM88="Save",AN88="Turnover_Takeaway",AN88="Play_Defensive")),"Defensive",IF(AND(T88="o",OR(AM88="Save",AN88="Turnover_Takeaway",AN88="Play_Defensive")),"Offensive",IF(OR(AM88="Deadice",AM88="Stoppage",AM88="Intermission"),"",IF(T88="e","Offensive",IF(T88="o","Defensive",""))))) -> Defensive
A89: 42 | B89: 10 | C89: =IF(B89<>"",9000+B89,"") -> 9010 | D89: =IF(C89<>"",C89,B89) -> 9010 | E89: 8 | F89: 9 | G89: 16 | H89: =IF(U89="Intermission",H88+1,H88) -> 1 | I89: 17 | J89: 10 | Q89: a | R89: 4 | S89: 1 | T89: =IF(S89="x","",IF(S89=1,"e","o")) -> e | U89: Shot | V89: Shot_OnNetSaved | W89: Shot-Wrist | X89: s | AF89: o | AM89: =IF(U89<>"",U89,IF($A89=$A88,AM88,"")) -> Shot | AN89: =IF(V89<>"",V89,IF($A89=$A88,AN88,"")) -> Shot_OnNetSaved | AP89: =IF(AND(T89="e",OR(AM89="Save",AN89="Turnover_Takeaway",AN89="Play_Defensive")),"Defensive",IF(AND(T89="o",OR(AM89="Save",AN89="Turnover_Takeaway",AN89="Play_Defensive")),"Offensive",IF(OR(AM89="Deadice",AM89="Stoppage",AM89="Intermission"),"",IF(T89="e","Offensive",IF(T89="o","Defensive",""))))) -> Offensive
A90: 42 | B90: 10 | C90: =IF(B90<>"",9000+B90,"") -> 9010 | D90: =IF(C90<>"",C90,B90) -> 9010 | E90: 8 | F90: 9 | G90: 16 | H90: =IF(U90="Intermission",H89+1,H89) -> 1 | R90: 39 | T90: =IF(S90="x","",IF(S90=1,"e","o")) -> o | AM90: =IF(U90<>"",U90,IF($A90=$A89,AM89,"")) -> Shot | AN90: =IF(V90<>"",V90,IF($A90=$A89,AN89,"")) -> Shot_OnNetSaved | AP90: =IF(AND(T90="e",OR(AM90="Save",AN90="Turnover_Takeaway",AN90="Play_Defensive")),"Defensive",IF(AND(T90="o",OR(AM90="Save",AN90="Turnover_Takeaway",AN90="Play_Defensive")),"Offensive",IF(OR(AM90="Deadice",AM90="Stoppage",AM90="Intermission"),"",IF(T90="e","Offensive",IF(T90="o","Defensive",""))))) -> Defensive
A91: 42 | B91: 10 | C91: =IF(B91<>"",9000+B91,"") -> 9010 | D91: =IF(C91<>"",C91,B91) -> 9010 | E91: 8 | F91: 9 | G91: 16 | H91: =IF(U91="Intermission",H90+1,H90) -> 1 | R91: 91 | T91: =IF(S91="x","",IF(S91=1,"e","o")) -> o | Y91: Defensive_PlayPass-InShotPassLane | AA91: u | AM91: =IF(U91<>"",U91,IF($A91=$A90,AM90,"")) -> Shot | AN91: =IF(V91<>"",V91,IF($A91=$A90,AN90,"")) -> Shot_OnNetSaved | AP91: =IF(AND(T91="e",OR(AM91="Save",AN91="Turnover_Takeaway",AN91="Play_Defensive")),"Defensive",IF(AND(T91="o",OR(AM91="Save",AN91="Turnover_Takeaway",AN91="Play_Defensive")),"Offensive",IF(OR(AM91="Deadice",AM91="Stoppage",AM91="Intermission"),"",IF(T91="e","Offensive",IF(T91="o","Defensive",""))))) -> Defensive
A92: 43 | B92: 10 | C92: =IF(B92<>"",9000+B92,"") -> 9010 | D92: =IF(C92<>"",C92,B92) -> 9010 | E92: 8 | F92: 9 | G92: 16 | H92: =IF(U92="Intermission",H91+1,H91) -> 1 | Q92: h | R92: 39 | S92: 1 | T92: =IF(S92="x","",IF(S92=1,"e","o")) -> e | U92: Save | V92: Save_Rebound | W92: Save-Shoulder | X92: s | AF92: d | AM92: =IF(U92<>"",U92,IF($A92=$A91,AM91,"")) -> Save | AN92: =IF(V92<>"",V92,IF($A92=$A91,AN91,"")) -> Save_Rebound | AP92: =IF(AND(T92="e",OR(AM92="Save",AN92="Turnover_Takeaway",AN92="Play_Defensive")),"Defensive",IF(AND(T92="o",OR(AM92="Save",AN92="Turnover_Takeaway",AN92="Play_Defensive")),"Offensive",IF(OR(AM92="Deadice",AM92="Stoppage",AM92="Intermission"),"",IF(T92="e","Offensive",IF(T92="o","Defensive",""))))) -> Defensive
A93: 43 | B93: 10 | C93: =IF(B93<>"",9000+B93,"") -> 9010 | D93: =IF(C93<>"",C93,B93) -> 9010 | E93: 8 | F93: 9 | G93: 16 | H93: =IF(U93="Intermission",H92+1,H92) -> 1 | R93: 91 | S93: 1 | T93: =IF(S93="x","",IF(S93=1,"e","o")) -> e | Y93: Defensive_PlayPass-InShotPassLane | AA93: u | AM93: =IF(U93<>"",U93,IF($A93=$A92,AM92,"")) -> Save | AN93: =IF(V93<>"",V93,IF($A93=$A92,AN92,"")) -> Save_Rebound | AP93: =IF(AND(T93="e",OR(AM93="Save",AN93="Turnover_Takeaway",AN93="Play_Defensive")),"Defensive",IF(AND(T93="o",OR(AM93="Save",AN93="Turnover_Takeaway",AN93="Play_Defensive")),"Offensive",IF(OR(AM93="Deadice",AM93="Stoppage",AM93="Intermission"),"",IF(T93="e","Offensive",IF(T93="o","Defensive",""))))) -> Defensive
A94: 43 | B94: 10 | C94: =IF(B94<>"",9000+B94,"") -> 9010 | D94: =IF(C94<>"",C94,B94) -> 9010 | E94: 8 | F94: 9 | G94: 16 | H94: =IF(U94="Intermission",H93+1,H93) -> 1 | R94: 4 | T94: =IF(S94="x","",IF(S94=1,"e","o")) -> o | AM94: =IF(U94<>"",U94,IF($A94=$A93,AM93,"")) -> Save | AN94: =IF(V94<>"",V94,IF($A94=$A93,AN93,"")) -> Save_Rebound | AP94: =IF(AND(T94="e",OR(AM94="Save",AN94="Turnover_Takeaway",AN94="Play_Defensive")),"Defensive",IF(AND(T94="o",OR(AM94="Save",AN94="Turnover_Takeaway",AN94="Play_Defensive")),"Offensive",IF(OR(AM94="Deadice",AM94="Stoppage",AM94="Intermission"),"",IF(T94="e","Offensive",IF(T94="o","Defensive",""))))) -> Offensive
A95: 44 | B95: 10 | C95: =IF(B95<>"",9000+B95,"") -> 9010 | D95: =IF(C95<>"",C95,B95) -> 9010 | E95: 8 | F95: 9 | G95: 16 | H95: =IF(U95="Intermission",H94+1,H94) -> 1 | I95: 17 | J95: 10 | Q95: h | R95: 39 | S95: 1 | T95: =IF(S95="x","",IF(S95=1,"e","o")) -> e | U95: Rebound | V95: Rebound_OppTeamRecovered | AF95: d | AM95: =IF(U95<>"",U95,IF($A95=$A94,AM94,"")) -> Rebound | AN95: =IF(V95<>"",V95,IF($A95=$A94,AN94,"")) -> Rebound_OppTeamRecovered | AP95: =IF(AND(T95="e",OR(AM95="Save",AN95="Turnover_Takeaway",AN95="Play_Defensive")),"Defensive",IF(AND(T95="o",OR(AM95="Save",AN95="Turnover_Takeaway",AN95="Play_Defensive")),"Offensive",IF(OR(AM95="Deadice",AM95="Stoppage",AM95="Intermission"),"",IF(T95="e","Offensive",IF(T95="o","Defensive",""))))) -> Offensive
A96: 45 | C96: =IF(B96<>"",9000+B96,"") | D96: =IF(C96<>"",C96,B96) | E96: 8 | F96: 10 | G96: 16 | H96: =IF(U96="Intermission",H95+1,H95) -> 1 | I96: 17 | J96: 09 | K96: 17 | L96: 08 | Q96: a | R96: 68 | S96: 1 | T96: =IF(S96="x","",IF(S96=1,"e","o")) -> e | U96: Possession | V96: PuckRetrieval | AA96: s | AF96: o | AM96: =IF(U96<>"",U96,IF($A96=$A95,AM95,"")) -> Possession | AN96: =IF(V96<>"",V96,IF($A96=$A95,AN95,"")) -> PuckRetrieval | AP96: =IF(AND(T96="e",OR(AM96="Save",AN96="Turnover_Takeaway",AN96="Play_Defensive")),"Defensive",IF(AND(T96="o",OR(AM96="Save",AN96="Turnover_Takeaway",AN96="Play_Defensive")),"Offensive",IF(OR(AM96="Deadice",AM96="Stoppage",AM96="Intermission"),"",IF(T96="e","Offensive",IF(T96="o","Defensive",""))))) -> Offensive
A97: 46 | C97: =IF(B97<>"",9000+B97,"") | D97: =IF(C97<>"",C97,B97) | E97: 8 | F97: 10 | G97: 16 | H97: =IF(U97="Intermission",H96+1,H96) -> 1 | I97: 17 | J97: 08 | Q97: a | R97: 68 | S97: 1 | T97: =IF(S97="x","",IF(S97=1,"e","o")) -> e | U97: Shot | V97: Shot_Missed | W97: Shot-Wrist | X97: u | AF97: o | AM97: =IF(U97<>"",U97,IF($A97=$A96,AM96,"")) -> Shot | AN97: =IF(V97<>"",V97,IF($A97=$A96,AN96,"")) -> Shot_Missed | AP97: =IF(AND(T97="e",OR(AM97="Save",AN97="Turnover_Takeaway",AN97="Play_Defensive")),"Defensive",IF(AND(T97="o",OR(AM97="Save",AN97="Turnover_Takeaway",AN97="Play_Defensive")),"Offensive",IF(OR(AM97="Deadice",AM97="Stoppage",AM97="Intermission"),"",IF(T97="e","Offensive",IF(T97="o","Defensive",""))))) -> Offensive
A98: 46 | C98: =IF(B98<>"",9000+B98,"") | D98: =IF(C98<>"",C98,B98) | E98: 8 | F98: 10 | G98: 16 | H98: =IF(U98="Intermission",H97+1,H97) -> 1 | R98: 91 | T98: =IF(S98="x","",IF(S98=1,"e","o")) -> o | Y98: Defensive_PlayPass-InShotPassLane | AA98: s | AM98: =IF(U98<>"",U98,IF($A98=$A97,AM97,"")) -> Shot | AN98: =IF(V98<>"",V98,IF($A98=$A97,AN97,"")) -> Shot_Missed | AP98: =IF(AND(T98="e",OR(AM98="Save",AN98="Turnover_Takeaway",AN98="Play_Defensive")),"Defensive",IF(AND(T98="o",OR(AM98="Save",AN98="Turnover_Takeaway",AN98="Play_Defensive")),"Offensive",IF(OR(AM98="Deadice",AM98="Stoppage",AM98="Intermission"),"",IF(T98="e","Offensive",IF(T98="o","Defensive",""))))) -> Defensive
A99: 47 | C99: =IF(B99<>"",9000+B99,"") | D99: =IF(C99<>"",C99,B99) | E99: 8 | F99: 11 | G99: 16 | H99: =IF(U99="Intermission",H98+1,H98) -> 1 | I99: 17 | J99: 05 | K99: 17 | L99: 03 | Q99: a | R99: 68 | S99: 1 | T99: =IF(S99="x","",IF(S99=1,"e","o")) -> e | U99: Possession | V99: PuckRecovery | Y99: OffensivePlay_Zone-PuckRecoveryShot | AA99: s | AF99: o | AM99: =IF(U99<>"",U99,IF($A99=$A98,AM98,"")) -> Possession | AN99: =IF(V99<>"",V99,IF($A99=$A98,AN98,"")) -> PuckRecovery | AP99: =IF(AND(T99="e",OR(AM99="Save",AN99="Turnover_Takeaway",AN99="Play_Defensive")),"Defensive",IF(AND(T99="o",OR(AM99="Save",AN99="Turnover_Takeaway",AN99="Play_Defensive")),"Offensive",IF(OR(AM99="Deadice",AM99="Stoppage",AM99="Intermission"),"",IF(T99="e","Offensive",IF(T99="o","Defensive",""))))) -> Offensive
A100: 48 | C100: =IF(B100<>"",9000+B100,"") | D100: =IF(C100<>"",C100,B100) | E100: 8 | F100: 11 | G100: 16 | H100: =IF(U100="Intermission",H99+1,H99) -> 1 | I100: 17 | J100: 03 | Q100: a | R100: 68 | S100: 1 | T100: =IF(S100="x","",IF(S100=1,"e","o")) -> e | U100: Pass | V100: Pass_Completed | W100: Pass-Forehand | X100: s | AF100: o | AJ100: 1 | AM100: =IF(U100<>"",U100,IF($A100=$A99,AM99,"")) -> Pass | AN100: =IF(V100<>"",V100,IF($A100=$A99,AN99,"")) -> Pass_Completed | AP100: =IF(AND(T100="e",OR(AM100="Save",AN100="Turnover_Takeaway",AN100="Play_Defensive")),"Defensive",IF(AND(T100="o",OR(AM100="Save",AN100="Turnover_Takeaway",AN100="Play_Defensive")),"Offensive",IF(OR(AM100="Deadice",AM100="Stoppage",AM100="Intermission"),"",IF(T100="e","Offensive",IF(T100="o","Defensive",""))))) -> Offensive
...

Sheet shifts
A1: shift_index | B1: Period | C1: shift_start_min | D1: shift_start_sec | E1: shift_end_min | F1: shift_end_sec | G1: shift_start_type | H1: shift_stop_type | I1: home_forward_1 | J1: home_forward_2 | K1: home_forward_3 | L1: home_defense_1 | M1: home_defense_2 | N1: home_xtra | O1: home_goalie | P1: away_forward_1 | Q1: away_forward_2 | R1: away_forward_3 | S1: away_defense_1 | T1: away_defense_2 | U1: away_xtra | V1: away_goalie | W1: stoppage_time | X1: home_ozone_start | Y1: home_ozone_end | Z1: home_dzone_start | AA1: home_dzone_end | AB1: home_nzone_start | AC1: home_nzone_end | AD1: game_id | AE1: home_team | AF1: away_team | AG1: shift_start_total_seconds | AH1: shift_end_total_seconds | AI1: shift_duration | AJ1: home_team_strength | AK1: away_team_strength | AL1: home_team_en | AM1: away_team_en | AN1: home_team_pk | AO1: home_team_pp | AP1: away_team_pp | AQ1: away_team_pk | AR1: situation | AS1: strength | AT1: home_goals | AU1: away_goals | AV1: period_start_total_running_seconds | AW1: running_video_time | AX1: shift_start_running_time | AY1: shift_end_running_time
A2: 1 | B2: 1 | C2: 18 | D2: 00 | E2: 16 | F2: 53 | G2: GameStart | I2: 70 | J2: 14 | K2: 75 | L2: 91 | M2: 9 | O2: 39 | P2: 77 | Q2: 13 | R2: 68 | S2: 4 | T2: 25 | V2: 30 | W2: =SUMIFS(events!AT:AT,events!U:U,"=DeadIce",events!AU:AU,"<="&shifts!AG2,events!AV:AV,">"&shifts!AH2,events!H:H,"="&shifts!B3)+SUMIFS(events!AT:AT,events!U:U,"=Timeout",events!AU:AU,"<="&shifts!AG2,events!AV:AV,">"&shifts!AH2,events!H:H,"="&shifts!B3) -> 0 | AB2: 1 | AC2: 1 | AD2: =events!AQ2 -> 18987 | AE2: =events!AR2 -> Velodrome | AF2: =events!AS2 -> Outcan | AG2: =((C2*60)+D2) -> 1080 | AH2: =((E2*60)+F2) -> 1013 | AI2: =ROUND(AG2-AH2,0) -> 67 | AJ2: =COUNTIF(I2:N2,">0") -> 5 | AK2: =COUNTIF(P2:U2,">0") -> 5 | AL2: =IF(O2="",1,0) -> 0 | AM2: =IF(V2="",1,0) -> 0 | AN2: =IF(AND($AL2<>1,$AJ2<$AK2,AM2<>1),1,) -> 0 | AO2: =IF(AND($AL2<>1,$AJ2>$AK2),1,) -> 0 | AP2: =IF(AN2=1,1,0) -> 0 | AQ2: =IF(AO2=1,1,0) -> 0 | AR2: =IF(AND(AJ2=5,AK2=5,AL2=0,AM2=0),"Full Strength",IF(AP2=1,"Away PowerPlay",IF(AO2=1,"Home PowerPlay",IF(AL2=1,"Home EmptyNet",IF(AM2=1,"Away EmptyNet",""))))) -> Full Strength | AS2: =IF(AND(AL2=0,AM2=0),AJ2&"v"&AK2,IF(AL2=1,AJ2&"v"&AK2&" Home EN",IF(AM2=1,AJ2&"v"&AK2&" Away EN",""))) -> 5v5 | AT2: 0 | AU2: 0 | AV2: =IFERROR(VLOOKUP(B2,events!H:BA,24,FALSE),0) -> 0 | AW2: =ROUND(IF(G2="Intermission",AW1,((1080)-((C2*60)+D2))+AV2),0) -> 0 | AX2: =IF(AW2<5,0,AW2-5) -> 0 | AY2: =AX2+AI2+3 -> 70
A3: 2 | B3: =IF(G3="PeriodStart",B2+1,B2) -> 1 | C3: =IF(G3<>"PeriodStart",E2,18) -> 16 | D3: =F2 -> 53 | E3: 16 | F3: 49 | I3: 70 | J3: 14 | K3: 75 | L3: 91 | M3: 9 | O3: =O2 -> 39 | P3: 77 | Q3: 13 | R3: 68 | S3: 44 | T3: 25 | V3: =V2 -> 30 | W3: =SUMIFS(events!AT:AT,events!U:U,"=DeadIce",events!AU:AU,"<="&shifts!AG3,events!AV:AV,">"&shifts!AH3,events!H:H,"="&shifts!B4)+SUMIFS(events!AT:AT,events!U:U,"=Timeout",events!AU:AU,"<="&shifts!AG3,events!AV:AV,">"&shifts!AH3,events!H:H,"="&shifts!B4) -> 0 | X3: =IF(OR($H2="Home Goal",$H2="Away Goal",$H2="Period End"),"",IF(Y2=1,1,"")) | Y3: 1 | Z3: =IF(OR($H2="Home Goal",$H2="Away Goal",$H2="Period End"),"",IF(AA2=1,1,"")) | AB3: =IF(OR($H2="Home Goal",$H2="Away Goal",$H2="Period End"),1,IF(AC2=1,1,"")) -> 1 | AD3: =events!AQ3 -> 18988 | AE3: =events!AR3 -> Velodrome | AF3: =events!AS3 -> Outcan | AG3: =((C3*60)+D3) -> 1013 | AH3: =((E3*60)+F3) -> 1009 | AI3: =ROUND(AG3-AH3,0) -> 4 | AJ3: =COUNTIF(I3:N3,">0") -> 5 | AK3: =COUNTIF(P3:U3,">0") -> 5 | AL3: =IF(O3="",1,0) -> 0 | AM3: =IF(V3="",1,0) -> 0 | AN3: =IF(AND($AL3<>1,$AJ3<$AK3,AM3<>1),1,) -> 0 | AO3: =IF(AND($AL3<>1,$AJ3>$AK3),1,) -> 0 | AP3: =IF(AN3=1,1,0) -> 0 | AQ3: =IF(AO3=1,1,0) -> 0 | AT3: =IF($H2="Home Goal",AT2+1,AT2) -> 0 | AU3: =IF($H2="Away Goal",AU2+1,AU2) -> 0 | AV3: =IFERROR(VLOOKUP(B3,events!H:BA,24,FALSE),AV2) -> 0 | AW3: =ROUND(IF(G3="Intermission",AW2,((1080)-((C3*60)+D3))+AV3),0) -> 67 | AX3: =IF(AW3<5,0,AW3-5) -> 62 | AY3: =AX3+AI3+3 -> 69
A4: 3 | B4: =IF(G4="PeriodStart",B3+1,B3) -> 1 | C4: =IF(G4<>"PeriodStart",E3,18) -> 16 | D4: =F3 -> 49 | E4: 16 | F4: 40 | I4: 42 | J4: 55 | K4: 75 | L4: 91 | M4: 22 | O4: =O3 -> 39 | P4: 3 | Q4: 13 | R4: 68 | S4: 44 | T4: 18 | V4: =V3 -> 30 | AA4: 1
A5: =A4+1 -> 4 | B5: =IF(G5="PeriodStart",B4+1,B4) -> 1 | C5: =IF(G5<>"PeriodStart",E4,18) -> 16 | D5: =F4 -> 40 | E5: 16 | F5: 33 | I5: 42 | J5: 55 | K5: 24 | L5: 91 | M5: 22 | O5: =O4 -> 39 | P5: 3 | Q5: 13 | R5: 68 | S5: 44 | T5: 18 | V5: =V4 -> 30 | AA5: 1
A6: =A5+1 -> 5 | B6: =IF(G6="PeriodStart",B5+1,B5) -> 1 | C6: =IF(G6<>"PeriodStart",E5,18) -> 16 | D6: =F5 -> 33 | E6: 16 | F6: 24 | I6: =IF($D6>0,I5,"") -> 42 | J6: =IF($D6>0,J5,"") -> 55 | K6: =IF($D6>0,K5,"") -> 24 | L6: =IF($D6>0,L5,"") -> 91 | M6: =IF($D6>0,M5,"") -> 22 | N6: =N5 -> 0 | O6: =O5 -> 39 | P6: =IF($D6>0,P5,"") -> 3 | Q6: 56 | R6: =IF($D6>0,R5,"") -> 68 | S6: =IF($D6>0,S5,"") -> 44 | T6: =IF($D6>0,T5,"") -> 18 | V6: =V5 -> 30 | AC6: 1
A7: =A6+1 -> 6 | B7: =IF(G7="PeriodStart",B6+1,B6) -> 1 | C7: =IF(G7<>"PeriodStart",E6,18) -> 16 | D7: =F6 -> 24 | E7: 15 | F7: 41 | H7: Home Goalie Stopped (after Away SOG) | I7: =IF($D7>0,I6,"") -> 42 | J7: =IF($D7>0,J6,"") -> 55 | K7: =IF($D7>0,K6,"") -> 24 | L7: 84 | M7: 22 | O7: =O6 -> 39 | P7: =IF($D7>0,P6,"") -> 3 | Q7: =IF($D7>0,Q6,"") -> 56 | R7: 12 | S7: =IF($D7>0,S6,"") -> 44 | T7: =IF($D7>0,T6,"") -> 18 | V7: =V6 -> 30 | AA7: 1
A8: =A7+1 -> 7 | B8: =IF(G8="PeriodStart",B7+1,B7) -> 1 | C8: =IF(G8<>"PeriodStart",E7,18) -> 15 | D8: =F7 -> 41 | E8: 14 | F8: 58 | G8: OtherFaceoff | I8: =IF($D8>0,I7,"") -> 42 | J8: =IF($D8>0,J7,"") -> 55 | K8: =IF($D8>0,K7,"") -> 24 | L8: =IF($D8>0,L7,"") -> 84 | M8: =IF($D8>0,M7,"") -> 22 | O8: =O7 -> 39 | P8: 91 | Q8: =IF($D8>0,Q7,"") -> 56 | R8: =IF($D8>0,R7,"") -> 12 | S8: =IF($D8>0,S7,"") -> 44 | T8: =IF($D8>0,T7,"") -> 18 | V8: =V7 -> 30 | AC8: 1
A9: =A8+1 -> 8 | B9: =IF(G9="PeriodStart",B8+1,B8) -> 1 | C9: =IF(G9<>"PeriodStart",E8,18) -> 14 | D9: =F8 -> 58 | E9: 14 | F9: 25 | I9: =IF($D9>0,I8,"") -> 42 | J9: 61 | K9: =IF($D9>0,K8,"") -> 24 | L9: =IF($D9>0,L8,"") -> 84 | M9: =IF($D9>0,M8,"") -> 22 | O9: =O8 -> 39 | P9: =IF($D9>0,P8,"") -> 91 | Q9: =IF($D9>0,Q8,"") -> 56 | R9: 89 | S9: =IF($D9>0,S8,"") -> 44 | T9: =IF($D9>0,T8,"") -> 18 | V9: =V8 -> 30 | AA9: 1
A10: =A9+1 -> 9 | B10: =IF(G10="PeriodStart",B9+1,B9) -> 1 | C10: =IF(G10<>"PeriodStart",E9,18) -> 14 | D10: =F9 -> 25 | E10: 14 | F10: 14 | I10: =IF($D10>0,I9,"") -> 42 | J10: =IF($D10>0,J9,"") -> 61 | K10: 14 | L10: =IF($D10>0,L9,"") -> 84 | M10: =IF($D10>0,M9,"") -> 22 | O10: =O9 -> 39 | P10: =IF($D10>0,P9,"") -> 91 | Q10: =IF($D10>0,Q9,"") -> 56 | R10: =IF($D10>0,R9,"") -> 89 | S10: 4 | T10: 25 | V10: =V9 -> 30 | AA10: 1
A11: =A10+1 -> 10 | B11: =IF(G11="PeriodStart",B10+1,B10) -> 1 | C11: =IF(G11<>"PeriodStart",E10,18) -> 14 | D11: =F10 -> 14 | E11: 14 | F11: 01 | I11: 70 | J11: =IF($D11>0,J10,"") -> 61 | K11: =IF($D11>0,K10,"") -> 14 | L11: =IF($D11>0,L10,"") -> 84 | M11: =IF($D11>0,M10,"") -> 22 | O11: =O10 -> 39 | P11: =IF($D11>0,P10,"") -> 91 | Q11: =IF($D11>0,Q10,"") -> 56 | R11: =IF($D11>0,R10,"") -> 89 | S11: =IF($D11>0,S10,"") -> 4 | T11: =IF($D11>0,T10,"") -> 25 | V11: =V10 -> 30 | AC11: 1
A12: =A11+1 -> 11 | B12: =IF(G12="PeriodStart",B11+1,B11) -> 1 | C12: =IF(G12<>"PeriodStart",E11,18) -> 14 | D12: =F11 -> 01 | E12: 13 | F12: 45 | I12: =IF($D12>0,I11,"") -> 70 | J12: =IF($D12>0,J11,"") -> 61 | K12: =IF($D12>0,K11,"") -> 14 | L12: =IF($D12>0,L11,"") -> 84 | M12: =IF($D12>0,M11,"") -> 22 | O12: =O11 -> 39 | P12: 77 | Q12: 80 | R12: =IF($D12>0,R11,"") -> 89 | S12: =IF($D12>0,S11,"") -> 4 | T12: =IF($D12>0,T11,"") -> 25 | V12: =V11 -> 30 | AC12: 1
A13: =A12+1 -> 12 | B13: =IF(G13="PeriodStart",B12+1,B12) -> 1 | C13: =IF(G13<>"PeriodStart",E12,18) -> 13 | D13: =F12 -> 45 | E13: 13 | F13: 17 | I13: =IF($D13>0,I12,"") -> 70 | J13: =IF($D13>0,J12,"") -> 61 | K13: =IF($D13>0,K12,"") -> 14 | L13: 91 | M13: 9 | O13: =O12 -> 39 | P13: =IF($D13>0,P12,"") -> 77 | Q13: =IF($D13>0,Q12,"") -> 80 | R13: =IF($D13>0,R12,"") -> 89 | S13: =IF($D13>0,S12,"") -> 4 | T13: =IF($D13>0,T12,"") -> 25 | V13: =V12 -> 30 | Y13: 1
A14: =A13+1 -> 13 | B14: =IF(G14="PeriodStart",B13+1,B13) -> 1 | C14: =IF(G14<>"PeriodStart",E13,18) -> 13 | D14: =F13 -> 17 | E14: 12 | F14: 36 | I14: =IF($D14>0,I13,"") -> 70 | J14: 75 | K14: =IF($D14>0,K13,"") -> 14 | L14: =IF($D14>0,L13,"") -> 91 | M14: =IF($D14>0,M13,"") -> 9 | O14: =O13 -> 39 | P14: =IF($D14>0,P13,"") -> 77 | Q14: =IF($D14>0,Q13,"") -> 80 | R14: 68 | S14: =IF($D14>0,S13,"") -> 4 | T14: =IF($D14>0,T13,"") -> 25 | V14: =V13 -> 30 | AC14: 1
A15: =A14+1 -> 14 | B15: =IF(G15="PeriodStart",B14+1,B14) -> 1 | C15: =IF(G15<>"PeriodStart",E14,18) -> 12 | D15: =F14 -> 36 | E15: 12 | F15: 11 | I15: =IF($D15>0,I14,"") -> 70 | J15: =IF($D15>0,J14,"") -> 75 | K15: 55 | L15: =IF($D15>0,L14,"") -> 91 | M15: =IF($D15>0,M14,"") -> 9 | O15: =O14 -> 39 | P15: =IF($D15>0,P14,"") -> 77 | Q15: =IF($D15>0,Q14,"") -> 80 | R15: =IF($D15>0,R14,"") -> 68 | S15: =IF($D15>0,S14,"") -> 4 | T15: =IF($D15>0,T14,"") -> 25 | V15: =V14 -> 30 | Y15: 1
A16: =A15+1 -> 15 | B16: =IF(G16="PeriodStart",B15+1,B15) -> 1 | C16: =IF(G16<>"PeriodStart",E15,18) -> 12 | D16: =F15 -> 11 | E16: 11 | F16: 59 | I16: 42 | J16: =IF($D16>0,J15,"") -> 75 | K16: =IF($D16>0,K15,"") -> 55 | L16: =IF($D16>0,L15,"") -> 91 | M16: =IF($D16>0,M15,"") -> 9 | O16: =O15 -> 39 | P16: =IF($D16>0,P15,"") -> 77 | Q16: 13 | R16: =IF($D16>0,R15,"") -> 68 | S16: =IF($D16>0,S15,"") -> 4 | T16: =IF($D16>0,T15,"") -> 25 | V16: =V15 -> 30 | AA16: 1
A17: =A16+1 -> 16 | B17: =IF(G17="PeriodStart",B16+1,B16) -> 1 | C17: =IF(G17<>"PeriodStart",E16,18) -> 11 | D17: =F16 -> 59 | E17: 11 | F17: 40 | I17: =IF($D17>0,I16,"") -> 42 | J17: =IF($D17>0,J16,"") -> 75 | K17: =IF($D17>0,K16,"") -> 55 | L17: =IF($D17>0,L16,"") -> 91 | M17: =IF($D17>0,M16,"") -> 9 | O17: =O16 -> 39 | P17: =IF($D17>0,P16,"") -> 77 | Q17: =IF($D17>0,Q16,"") -> 13 | R17: =IF($D17>0,R16,"") -> 68 | S17: 44 | T17: 18 | V17: =V16 -> 30 | AA17: 1
A18: =A17+1 -> 17 | B18: =IF(G18="PeriodStart",B17+1,B17) -> 1 | C18: =IF(G18<>"PeriodStart",E17,18) -> 11 | D18: =F17 -> 40 | E18: 11 | F18: 30 | I18: =IF($D18>0,I17,"") -> 42 | J18: 24 | K18: =IF($D18>0,K17,"") -> 55 | L18: =IF($D18>0,L17,"") -> 91 | M18: =IF($D18>0,M17,"") -> 9 | O18: =O17 -> 39 | P18: =IF($D18>0,P17,"") -> 77 | Q18: =IF($D18>0,Q17,"") -> 13 | R18: =IF($D18>0,R17,"") -> 68 | S18: =IF($D18>0,S17,"") -> 44 | T18: =IF($D18>0,T17,"") -> 18 | V18: =V17 -> 30 | Y18: 1
A19: =A18+1 -> 18 | B19: =IF(G19="PeriodStart",B18+1,B18) -> 1 | C19: =IF(G19<>"PeriodStart",E18,18) -> 11 | D19: =F18 -> 30 | E19: 11 | F19: 05 | I19: =IF($D19>0,I18,"") -> 42 | J19: =IF($D19>0,J18,"") -> 24 | K19: =IF($D19>0,K18,"") -> 55 | L19: 84 | M19: =IF($D19>0,M18,"") -> 9 | O19: =O18 -> 39 | P19: =IF($D19>0,P18,"") -> 77 | Q19: =IF($D19>0,Q18,"") -> 13 | R19: =IF($D19>0,R18,"") -> 68 | S19: =IF($D19>0,S18,"") -> 44 | T19: =IF($D19>0,T18,"") -> 18 | V19: =V18 -> 30 | AC19: 1
A20: =A19+1 -> 19 | B20: =IF(G20="PeriodStart",B19+1,B19) -> 1 | C20: =IF(G20<>"PeriodStart",E19,18) -> 11 | D20: =F19 -> 05 | E20: 10 | F20: 48 | I20: =IF($D20>0,I19,"") -> 42 | J20: =IF($D20>0,J19,"") -> 24 | K20: =IF($D20>0,K19,"") -> 55 | L20: =IF($D20>0,L19,"") -> 84 | M20: 22 | O20: =O19 -> 39 | P20: =IF($D20>0,P19,"") -> 77 | Q20: =IF($D20>0,Q19,"") -> 13 | R20: 56 | S20: =IF($D20>0,S19,"") -> 44 | T20: =IF($D20>0,T19,"") -> 18 | V20: =V19 -> 30 | AA20: 1
A21: =A20+1 -> 20 | B21: =IF(G21="PeriodStart",B20+1,B20) -> 1 | C21: =IF(G21<>"PeriodStart",E20,18) -> 10 | D21: =F20 -> 48 | E21: 10 | F21: 44 | I21: =IF($D21>0,I20,"") -> 42 | J21: =IF($D21>0,J20,"") -> 24 | K21: =IF($D21>0,K20,"") -> 55 | L21: =IF($D21>0,L20,"") -> 84 | M21: =IF($D21>0,M20,"") -> 22 | O21: =O20 -> 39 | P21: 3 | Q21: =IF($D21>0,Q20,"") -> 13 | R21: =IF($D21>0,R20,"") -> 56 | S21: =IF($D21>0,S20,"") -> 44 | T21: =IF($D21>0,T20,"") -> 18 | V21: =V20 -> 30 | Y21: 1
A22: =A21+1 -> 21 | B22: =IF(G22="PeriodStart",B21+1,B21) -> 1 | C22: =IF(G22<>"PeriodStart",E21,18) -> 10 | D22: =F21 -> 44 | E22: 10 | F22: 13 | I22: 70 | J22: =IF($D22>0,J21,"") -> 24 | K22: =IF($D22>0,K21,"") -> 55 | L22: =IF($D22>0,L21,"") -> 84 | M22: =IF($D22>0,M21,"") -> 22 | O22: =O21 -> 39 | P22: =IF($D22>0,P21,"") -> 3 | Q22: 12 | R22: =IF($D22>0,R21,"") -> 56 | S22: =IF($D22>0,S21,"") -> 44 | T22: =IF($D22>0,T21,"") -> 18 | V22: =V21 -> 30 | AA22: 1
A23: =A22+1 -> 22 | B23: =IF(G23="PeriodStart",B22+1,B22) -> 1 | C23: =IF(G23<>"PeriodStart",E22,18) -> 10 | D23: =F22 -> 13 | E23: 9 | F23: 33 | I23: =IF($D23>0,I22,"") -> 70 | J23: =IF($D23>0,J22,"") -> 24 | K23: 61 | L23: =IF($D23>0,L22,"") -> 84 | M23: =IF($D23>0,M22,"") -> 22 | O23: =O22 -> 39 | P23: =IF($D23>0,P22,"") -> 3 | Q23: =IF($D23>0,Q22,"") -> 12 | R23: =IF($D23>0,R22,"") -> 56 | S23: =IF($D23>0,S22,"") -> 44 | T23: =IF($D23>0,T22,"") -> 18 | V23: =V22 -> 30 | Y23: 1
A24: =A23+1 -> 23 | B24: =IF(G24="PeriodStart",B23+1,B23) -> 1 | C24: =IF(G24<>"PeriodStart",E23,18) -> 9 | D24: =F23 -> 33 | E24: 9 | F24: 09 | I24: =IF($D24>0,I23,"") -> 70 | J24: =IF($D24>0,J23,"") -> 24 | K24: =IF($D24>0,K23,"") -> 61 | L24: 91 | M24: =IF($D24>0,M23,"") -> 22 | O24: =O23 -> 39 | P24: =IF($D24>0,P23,"") -> 3 | Q24: =IF($D24>0,Q23,"") -> 12 | R24: =IF($D24>0,R23,"") -> 56 | S24: =IF($D24>0,S23,"") -> 44 | T24: =IF($D24>0,T23,"") -> 18 | V24: =V23 -> 30 | AC24: 1
A25: =A24+1 -> 24 | B25: =IF(G25="PeriodStart",B24+1,B24) -> 1 | C25: =IF(G25<>"PeriodStart",E24,18) -> 9 | D25: =F24 -> 09 | E25: 9 | F25: 05 | I25: =IF($D25>0,I24,"") -> 70 | J25: =IF($D25>0,J24,"") -> 24 | K25: =IF($D25>0,K24,"") -> 61 | L25: =IF($D25>0,L24,"") -> 91 | M25: =IF($D25>0,M24,"") -> 22 | O25: =O24 -> 39 | P25: =IF($D25>0,P24,"") -> 3 | Q25: =IF($D25>0,Q24,"") -> 12 | R25: =IF($D25>0,R24,"") -> 56 | S25: 4 | T25: =IF($D25>0,T24,"") -> 18 | V25: =V24 -> 30 | Y25: 1
A26: =A25+1 -> 25 | B26: =IF(G26="PeriodStart",B25+1,B25) -> 1 | C26: =IF(G26<>"PeriodStart",E25,18) -> 9 | D26: =F25 -> 05 | E26: 8 | F26: 49 | H26: Away Goalie Stopped (after Home SOG) | I26: =IF($D26>0,I25,"") -> 70 | J26: =IF($D26>0,J25,"") -> 24 | K26: =IF($D26>0,K25,"") -> 61 | L26: =IF($D26>0,L25,"") -> 91 | M26: 9 | O26: =O25 -> 39 | P26: =IF($D26>0,P25,"") -> 3 | Q26: 80 | R26: 89 | S26: =IF($D26>0,S25,"") -> 4 | T26: =IF($D26>0,T25,"") -> 18 | V26: =V25 -> 30 | Y26: 1
A27: =A26+1 -> 26 | B27: =IF(G27="PeriodStart",B26+1,B26) -> 1 | C27: =IF(G27<>"PeriodStart",E26,18) -> 8 | D27: =F26 -> 49 | E27: 7 | F27: 29 | G27: OtherFaceoff | I27: =IF($D27>0,I26,"") -> 70 | J27: 14 | K27: =IF($D27>0,K26,"") -> 61 | L27: =IF($D27>0,L26,"") -> 91 | M27: =IF($D27>0,M26,"") -> 9 | O27: =O26 -> 39 | P27: 91 | Q27: =IF($D27>0,Q26,"") -> 80 | R27: =IF($D27>0,R26,"") -> 89 | S27: =IF($D27>0,S26,"") -> 4 | T27: 25 | V27: =V26 -> 30 | Y27: 1
A28: =A27+1 -> 27 | B28: =IF(G28="PeriodStart",B27+1,B27) -> 1 | C28: =IF(G28<>"PeriodStart",E27,18) -> 7 | D28: =F27 -> 29 | E28: 7 | F28: 15 | I28: 42 | J28: =IF($D28>0,J27,"") -> 14 | K28: =IF($D28>0,K27,"") -> 61 | L28: =IF($D28>0,L27,"") -> 91 | M28: =IF($D28>0,M27,"") -> 9 | O28: =O27 -> 39 | P28: =IF($D28>0,P27,"") -> 91 | Q28: =IF($D28>0,Q27,"") -> 80 | R28: =IF($D28>0,R27,"") -> 89 | S28: =IF($D28>0,S27,"") -> 4 | T28: =IF($D28>0,T27,"") -> 25 | V28: =V27 -> 30 | Y28: 1
A29: =A28+1 -> 28 | B29: =IF(G29="PeriodStart",B28+1,B28) -> 1 | C29: =IF(G29<>"PeriodStart",E28,18) -> 7 | D29: =F28 -> 15 | E29: 7 | F29: 06 | I29: =IF($D29>0,I28,"") -> 42 | J29: =IF($D29>0,J28,"") -> 14 | K29: =IF($D29>0,K28,"") -> 61 | L29: =IF($D29>0,L28,"") -> 91 | M29: 22 | O29: =O28 -> 39 | P29: =IF($D29>0,P28,"") -> 91 | Q29: =IF($D29>0,Q28,"") -> 80 | R29: =IF($D29>0,R28,"") -> 89 | S29: =IF($D29>0,S28,"") -> 4 | T29: =IF($D29>0,T28,"") -> 25 | V29: =V28 -> 30 | AC29: 1
A30: =A29+1 -> 29 | B30: =IF(G30="PeriodStart",B29+1,B29) -> 1 | C30: =IF(G30<>"PeriodStart",E29,18) -> 7 | D30: =F29 -> 06 | E30: 6 | F30: 55 | I30: =IF($D30>0,I29,"") -> 42 | J30: =IF($D30>0,J29,"") -> 14 | K30: 75 | L30: =IF($D30>0,L29,"") -> 91 | M30: =IF($D30>0,M29,"") -> 22 | O30: =O29 -> 39 | P30: =IF($D30>0,P29,"") -> 91 | Q30: 13 | R30: =IF($D30>0,R29,"") -> 89 | S30: =IF($D30>0,S29,"") -> 4 | T30: =IF($D30>0,T29,"") -> 25 | V30: =V29 -> 30 | Y30: 1
A31: =A30+1 -> 30 | B31: =IF(G31="PeriodStart",B30+1,B30) -> 1 | C31: =IF(G31<>"PeriodStart",E30,18) -> 6 | D31: =F30 -> 55 | E31: 6 | F31: 45 | I31: =IF($D31>0,I30,"") -> 42 | J31: 55 | K31: =IF($D31>0,K30,"") -> 75 | L31: =IF($D31>0,L30,"") -> 91 | M31: =IF($D31>0,M30,"") -> 22 | O31: =O30 -> 39 | P31: 77 | Q31: =IF($D31>0,Q30,"") -> 13 | R31: =IF($D31>0,R30,"") -> 89 | S31: =IF($D31>0,S30,"") -> 4 | T31: =IF($D31>0,T30,"") -> 25 | V31: =V30 -> 30 | AA31: 1
A32: =A31+1 -> 31 | B32: =IF(G32="PeriodStart",B31+1,B31) -> 1 | C32: =IF(G32<>"PeriodStart",E31,18) -> 6 | D32: =F31 -> 45 | E32: 6 | F32: 10 | H32: Home Penalty | I32: =IF($D32>0,I31,"") -> 42 | J32: =IF($D32>0,J31,"") -> 55 | K32: =IF($D32>0,K31,"") -> 75 | L32: =IF($D32>0,L31,"") -> 91 | M32: =IF($D32>0,M31,"") -> 22 | O32: =O31 -> 39 | P32: =IF($D32>0,P31,"") -> 77 | Q32: =IF($D32>0,Q31,"") -> 13 | R32: 68 | S32: 44 | T32: 18 | V32: =V31 -> 30 | AA32: 1
A33: =A32+1 -> 32 | B33: =IF(G33="PeriodStart",B32+1,B32) -> 1 | C33: =IF(G33<>"PeriodStart",E32,18) -> 6 | D33: =F32 -> 10 | E33: 4 | F33: 57 | G33: FaceoffAfterPenalty | H33: Puck Out of Play | I33: =IF($D33>0,I32,"") -> 42 | J33: =IF($D33>0,J32,"") -> 55 | L33: =IF($D33>0,L32,"") -> 91 | M33: =IF($D33>0,M32,"") -> 22 | O33: =O32 -> 39 | P33: =IF($D33>0,P32,"") -> 77 | Q33: =IF($D33>0,Q32,"") -> 13 | R33: =IF($D33>0,R32,"") -> 68 | S33: =IF($D33>0,S32,"") -> 44 | T33: =IF($D33>0,T32,"") -> 18 | V33: =V32 -> 30 | AC33: 1
A34: =A33+1 -> 33 | B34: =IF(G34="PeriodStart",B33+1,B33) -> 1 | C34: =IF(G34<>"PeriodStart",E33,18) -> 4 | D34: =F33 -> 57 | E34: 3 | F34: 55 | G34: OtherFaceoff | I34: 42 | J34: 24 | L34: 84 | M34: 22 | O34: =O33 -> 39 | P34: =IF($D34>0,P33,"") -> 77 | Q34: =IF($D34>0,Q33,"") -> 13 | R34: =IF($D34>0,R33,"") -> 68 | S34: =IF($D34>0,S33,"") -> 44 | T34: =IF($D34>0,T33,"") -> 18 | V34: =V33 -> 30 | Y34: 1
A35: =A34+1 -> 34 | B35: =IF(G35="PeriodStart",B34+1,B34) -> 1 | C35: =IF(G35<>"PeriodStart",E34,18) -> 3 | D35: =F34 -> 55 | E35: 3 | F35: 40 | I35: =IF($D35>0,I34,"") -> 42 | J35: =IF($D35>0,J34,"") -> 24 | L35: =IF($D35>0,L34,"") -> 84 | M35: 9 | O35: =O34 -> 39 | P35: =IF($D35>0,P34,"") -> 77 | Q35: =IF($D35>0,Q34,"") -> 13 | R35: =IF($D35>0,R34,"") -> 68 | S35: =IF($D35>0,S34,"") -> 44 | T35: =IF($D35>0,T34,"") -> 18 | V35: =V34 -> 30 | AC35: 1
A36: =A35+1 -> 35 | B36: =IF(G36="PeriodStart",B35+1,B35) -> 1 | C36: =IF(G36<>"PeriodStart",E35,18) -> 3 | D36: =F35 -> 40 | E36: 3 | F36: 36 | I36: =IF($D36>0,I35,"") -> 42 | J36: =IF($D36>0,J35,"") -> 24 | L36: =IF($D36>0,L35,"") -> 84 | M36: =IF($D36>0,M35,"") -> 9 | O36: =O35 -> 39 | P36: 3 | Q36: 12 | R36: =IF($D36>0,R35,"") -> 68 | S36: =IF($D36>0,S35,"") -> 44 | T36: =IF($D36>0,T35,"") -> 18 | V36: =V35 -> 30 | Y36: 1
A37: =A36+1 -> 36 | B37: =IF(G37="PeriodStart",B36+1,B36) -> 1 | C37: =IF(G37<>"PeriodStart",E36,18) -> 3 | D37: =F36 -> 36 | E37: 3 | F37: 32 | I37: 70 | J37: =IF($D37>0,J36,"") -> 24 | L37: =IF($D37>0,L36,"") -> 84 | M37: =IF($D37>0,M36,"") -> 9 | O37: =O36 -> 39 | P37: =IF($D37>0,P36,"") -> 3 | Q37: =IF($D37>0,Q36,"") -> 12 | R37: 56 | S37: 44 | T37: =IF($D37>0,T36,"") -> 18 | V37: =V36 -> 30 | Y37: 1
A38: =A37+1 -> 37 | B38: =IF(G38="PeriodStart",B37+1,B37) -> 1 | C38: =IF(G38<>"PeriodStart",E37,18) -> 3 | D38: =F37 -> 32 | E38: 3 | F38: 25 | I38: =IF($D38>0,I37,"") -> 70 | J38: =IF($D38>0,J37,"") -> 24 | L38: =IF($D38>0,L37,"") -> 84 | M38: =IF($D38>0,M37,"") -> 9 | O38: =O37 -> 39 | P38: =IF($D38>0,P37,"") -> 3 | Q38: =IF($D38>0,Q37,"") -> 12 | R38: =IF($D38>0,R37,"") -> 56 | S38: 4 | T38: =IF($D38>0,T37,"") -> 18 | V38: =V37 -> 30 | AA38: 1
A39: =A38+1 -> 38 | B39: =IF(G39="PeriodStart",B38+1,B38) -> 1 | C39: =IF(G39<>"PeriodStart",E38,18) -> 3 | D39: =F38 -> 25 | E39: 2 | F39: 49 | I39: =IF($D39>0,I38,"") -> 70 | J39: =IF($D39>0,J38,"") -> 24 | L39: =IF($D39>0,L38,"") -> 84 | M39: =IF($D39>0,M38,"") -> 9 | O39: =O38 -> 39 | P39: =IF($D39>0,P38,"") -> 3 | Q39: =IF($D39>0,Q38,"") -> 12 | R39: =IF($D39>0,R38,"") -> 56 | S39: =IF($D39>0,S38,"") -> 4 | T39: 25 | V39: =V38 -> 30 | Y39: 1
A40: =A39+1 -> 39 | B40: =IF(G40="PeriodStart",B39+1,B39) -> 1 | C40: =IF(G40<>"PeriodStart",E39,18) -> 2 | D40: =F39 -> 49 | E40: 2 | F40: 07 | H40: Puck Out of Play | I40: =IF($D40>0,I39,"") -> 70 | J40: =IF($D40>0,J39,"") -> 24 | K40: 91 | L40: =IF($D40>0,L39,"") -> 84 | M40: =IF($D40>0,M39,"") -> 9 | O40: =O39 -> 39 | P40: =IF($D40>0,P39,"") -> 3 | Q40: =IF($D40>0,Q39,"") -> 12 | R40: =IF($D40>0,R39,"") -> 56 | S40: =IF($D40>0,S39,"") -> 4 | T40: =IF($D40>0,T39,"") -> 25 | V40: =V39 -> 30 | Y40: 1
A41: =A40+1 -> 40 | B41: =IF(G41="PeriodStart",B40+1,B40) -> 1 | C41: =IF(G41<>"PeriodStart",E40,18) -> 2 | D41: =F40 -> 07 | E41: 0 | F41: 35 | G41: OtherFaceoff | H41: Away Goalie Stopped (after Home SOG) | I41: 42 | J41: 14 | K41: 61 | L41: 22 | M41: =IF($D41>0,M40,"") -> 9 | O41: =O40 -> 39 | P41: 91 | Q41: 80 | R41: 89 | S41: =IF($D41>0,S40,"") -> 4 | T41: =IF($D41>0,T40,"") -> 25 | V41: =V40 -> 30 | Y41: 1
A42: =A41+1 -> 41 | B42: =IF(G42="PeriodStart",B41+1,B41) -> 1 | C42: =IF(G42<>"PeriodStart",E41,18) -> 0 | D42: =F41 -> 35 | E42: 0 | F42: 0.01 | G42: OtherFaceoff | H42: Period End | I42: =IF($D42>0,I41,"") -> 42 | J42: =IF($D42>0,J41,"") -> 14 | K42: =IF($D42>0,K41,"") -> 61 | L42: =IF($D42>0,L41,"") -> 22 | M42: =IF($D42>0,M41,"") -> 9 | O42: =O41 -> 39 | P42: 77 | Q42: 13 | R42: 68 | S42: =IF($D42>0,S41,"") -> 4 | T42: =IF($D42>0,T41,"") -> 25 | V42: =V41 -> 30 | Y42: 1
A43: =A42+1 -> 42 | B43: 1 | G43: Intermission
A44: =A43+1 -> 43 | B44: =IF(G44="PeriodStart",B43+1,B43) -> 2 | C44: =IF(G44<>"PeriodStart",E43,18) -> 18 | D44: =F43 -> 0 | E44: 17 | F44: 18 | G44: PeriodStart | H44: Away Goalie Stopped (after Home SOG) | I44: 70 | J44: 14 | K44: 55 | L44: 91 | M44: 84 | O44: 39 | P44: 77 | Q44: 13 | R44: 68 | S44: 44 | T44: 18 | V44: 30 | Y44: 1
A45: =A44+1 -> 44 | B45: =IF(G45="PeriodStart",B44+1,B44) -> 2 | C45: =IF(G45<>"PeriodStart",E44,18) -> 17 | D45: =F44 -> 18 | E45: 16 | F45: 31 | G45: OtherFaceoff | H45: Puck Out of Play | I45: =IF($D45>0,I44,"") -> 70 | J45: 75 | K45: =IF($D45>0,K44,"") -> 55 | L45: =IF($D45>0,L44,"") -> 91 | M45: =IF($D45>0,M44,"") -> 84 | O45: =O44 -> 39 | P45: =IF($D45>0,P44,"") -> 77 | Q45: =IF($D45>0,Q44,"") -> 13 | R45: =IF($D45>0,R44,"") -> 68 | S45: =IF($D45>0,S44,"") -> 44 | T45: =IF($D45>0,T44,"") -> 18 | V45: =V44 -> 30 | Y45: 1
A46: =A45+1 -> 45 | B46: =IF(G46="PeriodStart",B45+1,B45) -> 2 | C46: =IF(G46<>"PeriodStart",E45,18) -> 16 | D46: =F45 -> 31 | E46: 15 | F46: 33 | G46: OtherFaceoff | H46: Home Goalie Stopped (after Away SOG) | I46: =IF($D46>0,I45,"") -> 70 | J46: =IF($D46>0,J45,"") -> 75 | K46: =IF($D46>0,K45,"") -> 55 | L46: =IF($D46>0,L45,"") -> 91 | M46: =IF($D46>0,M45,"") -> 84 | O46: =O45 -> 39 | P46: 3 | Q46: 12 | R46: 56 | S46: =IF($D46>0,S45,"") -> 44 | T46: =IF($D46>0,T45,"") -> 18 | V46: =V45 -> 30 | AA46: 1
A47: =A46+1 -> 46 | B47: =IF(G47="PeriodStart",B46+1,B46) -> 2 | C47: =IF(G47<>"PeriodStart",E46,18) -> 15 | D47: =F46 -> 33 | E47: 14 | F47: 36 | G47: OtherFaceoff | H47: Away Icing | I47: 42 | J47: 24 | K47: 61 | L47: 22 | M47: 9 | O47: =O46 -> 39 | P47: =IF($D47>0,P46,"") -> 3 | Q47: =IF($D47>0,Q46,"") -> 12 | R47: =IF($D47>0,R46,"") -> 56 | S47: 4 | T47: 25 | V47: =V46 -> 30 | Y47: 1
A48: =A47+1 -> 47 | B48: =IF(G48="PeriodStart",B47+1,B47) -> 2 | C48: =IF(G48<>"PeriodStart",E47,18) -> 14 | D48: =F47 -> 36 | E48: 12 | F48: 47 | I48: =IF($D48>0,I47,"") -> 42 | J48: =IF($D48>0,J47,"") -> 24 | K48: =IF($D48>0,K47,"") -> 61 | L48: =IF($D48>0,L47,"") -> 22 | M48: =IF($D48>0,M47,"") -> 9 | O48: =O47 -> 39 | P48: 91 | Q48: 80 | R48: 89 | S48: =IF($D48>0,S47,"") -> 4 | T48: =IF($D48>0,T47,"") -> 25 | V48: =V47 -> 30 | Y48: 1
A49: =A48+1 -> 48 | B49: =IF(G49="PeriodStart",B48+1,B48) -> 2 | C49: =IF(G49<>"PeriodStart",E48,18) -> 12 | D49: =F48 -> 47 | E49: 12 | F49: 38 | I49: 70 | J49: =IF($D49>0,J48,"") -> 24 | K49: =IF($D49>0,K48,"") -> 61 | L49: =IF($D49>0,L48,"") -> 22 | M49: =IF($D49>0,M48,"") -> 9 | O49: =O48 -> 39 | P49: =IF($D49>0,P48,"") -> 91 | Q49: =IF($D49>0,Q48,"") -> 80 | R49: =IF($D49>0,R48,"") -> 89 | S49: =IF($D49>0,S48,"") -> 4 | T49: =IF($D49>0,T48,"") -> 25 | V49: =V48 -> 30 | Y49: 1
A50: =A49+1 -> 49 | B50: =IF(G50="PeriodStart",B49+1,B49) -> 2 | C50: =IF(G50<>"PeriodStart",E49,18) -> 12 | D50: =F49 -> 38 | E50: 12 | F50: 32 | I50: =IF($D50>0,I49,"") -> 70 | J50: =IF($D50>0,J49,"") -> 24 | K50: =IF($D50>0,K49,"") -> 61 | L50: =IF($D50>0,L49,"") -> 22 | M50: =IF($D50>0,M49,"") -> 9 | O50: =O49 -> 39 | P50: =IF($D50>0,P49,"") -> 91 | Q50: =IF($D50>0,Q49,"") -> 80 | R50: 68 | S50: =IF($D50>0,S49,"") -> 4 | T50: =IF($D50>0,T49,"") -> 25 | V50: =V49 -> 30 | AA50: 1
A51: =A50+1 -> 50 | B51: =IF(G51="PeriodStart",B50+1,B50) -> 2 | C51: =IF(G51<>"PeriodStart",E50,18) -> 12 | D51: =F50 -> 32 | E51: 12 | F51: 22 | I51: =IF($D51>0,I50,"") -> 70 | J51: 14 | K51: 55 | L51: =IF($D51>0,L50,"") -> 22 | M51: =IF($D51>0,M50,"") -> 9 | O51: =O50 -> 39 | P51: 77 | Q51: =IF($D51>0,Q50,"") -> 80 | R51: =IF($D51>0,R50,"") -> 68 | S51: =IF($D51>0,S50,"") -> 4 | T51: 18 | V51: =V50 -> 30 | AA51: 1
A52: =A51+1 -> 51 | B52: =IF(G52="PeriodStart",B51+1,B51) -> 2 | C52: =IF(G52<>"PeriodStart",E51,18) -> 12 | D52: =F51 -> 22 | E52: 12 | F52: 10 | I52: =IF($D52>0,I51,"") -> 70 | J52: =IF($D52>0,J51,"") -> 14 | K52: =IF($D52>0,K51,"") -> 55 | L52: =IF($D52>0,L51,"") -> 22 | M52: =IF($D52>0,M51,"") -> 9 | O52: =O51 -> 39 | P52: =IF($D52>0,P51,"") -> 77 | Q52: 13 | R52: =IF($D52>0,R51,"") -> 68 | S52: 44 | T52: =IF($D52>0,T51,"") -> 18 | V52: =V51 -> 30 | Y52: 1
A53: =A52+1 -> 52 | B53: =IF(G53="PeriodStart",B52+1,B52) -> 2 | C53: =IF(G53<>"PeriodStart",E52,18) -> 12 | D53: =F52 -> 10 | E53: 12 | F53: 05 | H53: Away Goalie Stopped (after Home SOG) | I53: =IF($D53>0,I52,"") -> 70 | J53: =IF($D53>0,J52,"") -> 14 | K53: =IF($D53>0,K52,"") -> 55 | L53: =IF($D53>0,L52,"") -> 22 | M53: 91 | O53: =O52 -> 39 | P53: =IF($D53>0,P52,"") -> 77 | Q53: =IF($D53>0,Q52,"") -> 13 | R53: =IF($D53>0,R52,"") -> 68 | S53: =IF($D53>0,S52,"") -> 44 | T53: =IF($D53>0,T52,"") -> 18 | V53: =V52 -> 30 | Y53: 1
A54: =A53+1 -> 53 | B54: =IF(G54="PeriodStart",B53+1,B53) -> 2 | C54: =IF(G54<>"PeriodStart",E53,18) -> 12 | D54: =F53 -> 05 | E54: 10 | F54: 20 | G54: OtherFaceoff | H54: Home Goalie Stopped (after Away SOG) | I54: =IF($D54>0,I53,"") -> 70 | J54: =IF($D54>0,J53,"") -> 14 | K54: =IF($D54>0,K53,"") -> 55 | L54: 84 | M54: =IF($D54>0,M53,"") -> 91 | O54: =O53 -> 39 | P54: =IF($D54>0,P53,"") -> 77 | Q54: =IF($D54>0,Q53,"") -> 13 | R54: =IF($D54>0,R53,"") -> 68 | S54: =IF($D54>0,S53,"") -> 44 | T54: =IF($D54>0,T53,"") -> 18 | V54: =V53 -> 30 | AA54: 1
A55: =A54+1 -> 54 | B55: =IF(G55="PeriodStart",B54+1,B54) -> 2 | C55: =IF(G55<>"PeriodStart",E54,18) -> 10 | D55: =F54 -> 20 | E55: 9 | F55: 09 | G55: OtherFaceoff | I55: =IF($D55>0,I54,"") -> 70 | J55: 75 | K55: 24 | L55: =IF($D55>0,L54,"") -> 84 | M55: =IF($D55>0,M54,"") -> 91 | O55: =O54 -> 39 | P55: 3 | Q55: 12 | R55: 56 | S55: 4 | T55: 25 | V55: =V54 -> 30 | AC55: 1
A56: =A55+1 -> 55 | B56: =IF(G56="PeriodStart",B55+1,B55) -> 2 | C56: =IF(G56<>"PeriodStart",E55,18) -> 9 | D56: =F55 -> 09 | E56: 8 | F56: 40 | I56: =IF($D56>0,I55,"") -> 70 | J56: =IF($D56>0,J55,"") -> 75 | K56: =IF($D56>0,K55,"") -> 24 | L56: =IF($D56>0,L55,"") -> 84 | M56: 22 | O56: =O55 -> 39 | P56: =IF($D56>0,P55,"") -> 3 | Q56: =IF($D56>0,Q55,"") -> 12 | R56: =IF($D56>0,R55,"") -> 56 | S56: =IF($D56>0,S55,"") -> 4 | T56: =IF($D56>0,T55,"") -> 25 | V56: =V55 -> 30 | AA56: 1
A57: =A56+1 -> 56 | B57: =IF(G57="PeriodStart",B56+1,B56) -> 2 | C57: =IF(G57<>"PeriodStart",E56,18) -> 8 | D57: =F56 -> 40 | E57: 8 | F57: 21 | I57: =IF($D57>0,I56,"") -> 70 | J57: =IF($D57>0,J56,"") -> 75 | K57: =IF($D57>0,K56,"") -> 24 | L57: =IF($D57>0,L56,"") -> 84 | M57: =IF($D57>0,M56,"") -> 22 | O57: =O56 -> 39 | P57: 90 | Q57: =IF($D57>0,Q56,"") -> 12 | R57: =IF($D57>0,R56,"") -> 56 | S57: =IF($D57>0,S56,"") -> 4 | T57: =IF($D57>0,T56,"") -> 25 | V57: =V56 -> 30 | AC57: 1
A58: =A57+1 -> 57 | B58: =IF(G58="PeriodStart",B57+1,B57) -> 2 | C58: =IF(G58<>"PeriodStart",E57,18) -> 8 | D58: =F57 -> 21 | E58: 8 | F58: 05 | H58: Away Offside | I58: 42 | J58: =IF($D58>0,J57,"") -> 75 | K58: =IF($D58>0,K57,"") -> 24 | L58: =IF($D58>0,L57,"") -> 84 | M58: =IF($D58>0,M57,"") -> 22 | O58: =O57 -> 39 | P58: =IF($D58>0,P57,"") -> 90 | Q58: 80 | R58: 89 | S58: =IF($D58>0,S57,"") -> 4 | T58: =IF($D58>0,T57,"") -> 25 | V58: =V57 -> 30 | AC58: 1
A59: =A58+1 -> 58 | B59: =IF(G59="PeriodStart",B58+1,B58) -> 2 | C59: =IF(G59<>"PeriodStart",E58,18) -> 8 | D59: =F58 -> 05 | E59: 6 | F59: 44 | G59: OtherFaceoff | I59: =IF($D59>0,I58,"") -> 42 | J59: 61 | K59: 14 | L59: 9 | M59: =IF($D59>0,M58,"") -> 22 | O59: =O58 -> 39 | P59: =IF($D59>0,P58,"") -> 90 | Q59: =IF($D59>0,Q58,"") -> 80 | R59: =IF($D59>0,R58,"") -> 89 | S59: =IF($D59>0,S58,"") -> 4 | T59: =IF($D59>0,T58,"") -> 25 | V59: =V58 -> 30 | Y59: 1
A60: =A59+1 -> 59 | B60: =IF(G60="PeriodStart",B59+1,B59) -> 2 | C60: =IF(G60<>"PeriodStart",E59,18) -> 6 | D60: =F59 -> 44 | E60: 6 | F60: 27 | I60: =IF($D60>0,I59,"") -> 42 | J60: =IF($D60>0,J59,"") -> 61 | K60: =IF($D60>0,K59,"") -> 14 | L60: =IF($D60>0,L59,"") -> 9 | M60: =IF($D60>0,M59,"") -> 22 | O60: =O59 -> 39 | P60: =IF($D60>0,P59,"") -> 90 | Q60: =IF($D60>0,Q59,"") -> 80 | R60: =IF($D60>0,R59,"") -> 89 | S60: =IF($D60>0,S59,"") -> 4 | T60: 44 | V60: =V59 -> 30 | Y60: 1
A61: =A60+1 -> 60 | B61: =IF(G61="PeriodStart",B60+1,B60) -> 2 | C61: =IF(G61<>"PeriodStart",E60,18) -> 6 | D61: =F60 -> 27 | E61: 6 | F61: 16 | I61: =IF($D61>0,I60,"") -> 42 | J61: =IF($D61>0,J60,"") -> 61 | K61: =IF($D61>0,K60,"") -> 14 | L61: =IF($D61>0,L60,"") -> 9 | M61: =IF($D61>0,M60,"") -> 22 | O61: =O60 -> 39 | P61: 77 | Q61: =IF($D61>0,Q60,"") -> 80 | R61: =IF($D61>0,R60,"") -> 89 | S61: =IF($D61>0,S60,"") -> 4 | T61: =IF($D61>0,T60,"") -> 44 | V61: =V60 -> 30 | AA61: 1
A62: =A61+1 -> 61 | B62: =IF(G62="PeriodStart",B61+1,B61) -> 2 | C62: =IF(G62<>"PeriodStart",E61,18) -> 6 | D62: =F61 -> 16 | E62: 6 | F62: 13 | I62: =IF($D62>0,I61,"") -> 42 | J62: =IF($D62>0,J61,"") -> 61 | K62: =IF($D62>0,K61,"") -> 14 | L62: =IF($D62>0,L61,"") -> 9 | M62: =IF($D62>0,M61,"") -> 22 | O62: =O61 -> 39 | P62: =IF($D62>0,P61,"") -> 77 | Q62: =IF($D62>0,Q61,"") -> 80 | R62: 68 | S62: =IF($D62>0,S61,"") -> 4 | T62: =IF($D62>0,T61,"") -> 44 | V62: =V61 -> 30 | AA62: 1
A63: =A62+1 -> 62 | B63: =IF(G63="PeriodStart",B62+1,B62) -> 2 | C63: =IF(G63<>"PeriodStart",E62,18) -> 6 | D63: =F62 -> 13 | E63: 6 | F63: 07 | I63: =IF($D63>0,I62,"") -> 42 | J63: =IF($D63>0,J62,"") -> 61 | K63: =IF($D63>0,K62,"") -> 14 | L63: =IF($D63>0,L62,"") -> 9 | M63: =IF($D63>0,M62,"") -> 22 | O63: =O62 -> 39 | P63: =IF($D63>0,P62,"") -> 77 | Q63: =IF($D63>0,Q62,"") -> 80 | R63: =IF($D63>0,R62,"") -> 68 | S63: 18 | T63: =IF($D63>0,T62,"") -> 44 | V63: =V62 -> 30 | AC63: 1
A64: =A63+1 -> 63 | B64: =IF(G64="PeriodStart",B63+1,B63) -> 2 | C64: =IF(G64<>"PeriodStart",E63,18) -> 6 | D64: =F63 -> 07 | E64: 6 | F64: 01 | I64: =IF($D64>0,I63,"") -> 42 | J64: =IF($D64>0,J63,"") -> 61 | K64: =IF($D64>0,K63,"") -> 14 | L64: =IF($D64>0,L63,"") -> 9 | M64: 22 | O64: =O63 -> 39 | P64: =IF($D64>0,P63,"") -> 77 | Q64: 13 | R64: =IF($D64>0,R63,"") -> 68 | S64: =IF($D64>0,S63,"") -> 18 | T64: =IF($D64>0,T63,"") -> 44 | V64: =V63 -> 30 | Y64: 1
A65: =A64+1 -> 64 | B65: =IF(G65="PeriodStart",B64+1,B64) -> 2 | C65: =IF(G65<>"PeriodStart",E64,18) -> 6 | D65: =F64 -> 01 | E65: 5 | F65: 57 | I65: =IF($D65>0,I64,"") -> 42 | J65: =IF($D65>0,J64,"") -> 61 | K65: 55 | L65: 84 | M65: 91 | O65: =O64 -> 39 | P65: =IF($D65>0,P64,"") -> 77 | Q65: =IF($D65>0,Q64,"") -> 13 | R65: =IF($D65>0,R64,"") -> 68 | S65: =IF($D65>0,S64,"") -> 18 | T65: =IF($D65>0,T64,"") -> 44 | V65: =V64 -> 30 | AC65: 1
A66: =A65+1 -> 65 | B66: =IF(G66="PeriodStart",B65+1,B65) -> 2 | C66: =IF(G66<>"PeriodStart",E65,18) -> 5 | D66: =F65 -> 57 | E66: 4 | F66: 54 | I66: 70 | J66: 75 | K66: =IF($D66>0,K65,"") -> 55 | L66: =IF($D66>0,L65,"") -> 84 | M66: =IF($D66>0,M65,"") -> 91 | O66: =O65 -> 39 | P66: =IF($D66>0,P65,"") -> 77 | Q66: =IF($D66>0,Q65,"") -> 13 | R66: =IF($D66>0,R65,"") -> 68 | S66: =IF($D66>0,S65,"") -> 18 | T66: =IF($D66>0,T65,"") -> 44 | V66: =V65 -> 30 | AA66: 1
A67: =A66+1 -> 66 | B67: =IF(G67="PeriodStart",B66+1,B66) -> 2 | C67: =IF(G67<>"PeriodStart",E66,18) -> 4 | D67: =F66 -> 54 | E67: 4 | F67: 40 | I67: =IF($D67>0,I66,"") -> 70 | J67: =IF($D67>0,J66,"") -> 75 | K67: =IF($D67>0,K66,"") -> 55 | L67: =IF($D67>0,L66,"") -> 84 | M67: =IF($D67>0,M66,"") -> 91 | O67: =O66 -> 39 | P67: 3 | Q67: =IF($D67>0,Q66,"") -> 13 | R67: =IF($D67>0,R66,"") -> 68 | S67: =IF($D67>0,S66,"") -> 18 | T67: =IF($D67>0,T66,"") -> 44 | V67: =V66 -> 30 | AC67: 1
A68: =A67+1 -> 67 | B68: =IF(G68="PeriodStart",B67+1,B67) -> 2 | C68: =IF(G68<>"PeriodStart",E67,18) -> 4 | D68: =F67 -> 40 | E68: 4 | F68: 32 | H68: Away Goalie Stopped (after Home SOG) | I68: =IF($D68>0,I67,"") -> 70 | J68: =IF($D68>0,J67,"") -> 75 | K68: =IF($D68>0,K67,"") -> 55 | L68: =IF($D68>0,L67,"") -> 84 | M68: =IF($D68>0,M67,"") -> 91 | O68: =O67 -> 39 | P68: =IF($D68>0,P67,"") -> 3 | Q68: =IF($D68>0,Q67,"") -> 13 | R68: 56 | S68: =IF($D68>0,S67,"") -> 18 | T68: 4 | V68: =V67 -> 30 | Y68: 1
A69: =A68+1 -> 68 | B69: =IF(G69="PeriodStart",B68+1,B68) -> 2 | C69: =IF(G69<>"PeriodStart",E68,18) -> 4 | D69: =F68 -> 32 | E69: 3 | F69: 45 | G69: OtherFaceoff | H69: Away Icing | I69: =IF($D69>0,I68,"") -> 70 | J69: =IF($D69>0,J68,"") -> 75 | K69: 24 | L69: 9 | M69: 22 | O69: =O68 -> 39 | P69: =IF($D69>0,P68,"") -> 3 | Q69: 12 | R69: =IF($D69>0,R68,"") -> 56 | S69: 25 | T69: =IF($D69>0,T68,"") -> 4 | V69: =V68 -> 30 | Y69: 1
A70: =A69+1 -> 69 | B70: =IF(G70="PeriodStart",B69+1,B69) -> 2 | C70: =IF(G70<>"PeriodStart",E69,18) -> 3 | D70: =F69 -> 45 | E70: 2 | F70: 22 | G70: OtherFaceoff | I70: =IF($D70>0,I69,"") -> 70 | J70: 14 | K70: =IF($D70>0,K69,"") -> 24 | L70: =IF($D70>0,L69,"") -> 9 | M70: =IF($D70>0,M69,"") -> 22 | O70: =O69 -> 39 | P70: =IF($D70>0,P69,"") -> 3 | Q70: =IF($D70>0,Q69,"") -> 12 | R70: =IF($D70>0,R69,"") -> 56 | S70: =IF($D70>0,S69,"") -> 25 | T70: =IF($D70>0,T69,"") -> 4 | V70: =V69 -> 30 | Y70: 1
A71: =A70+1 -> 70 | B71: =IF(G71="PeriodStart",B70+1,B70) -> 2 | C71: =IF(G71<>"PeriodStart",E70,18) -> 2 | D71: =F70 -> 22 | E71: 2 | F71: 18 | I71: =IF($D71>0,I70,"") -> 70 | J71: =IF($D71>0,J70,"") -> 14 | K71: =IF($D71>0,K70,"") -> 24 | L71: =IF($D71>0,L70,"") -> 9 | M71: =IF($D71>0,M70,"") -> 22 | O71: =O70 -> 39 | P71: =IF($D71>0,P70,"") -> 3 | Q71: =IF($D71>0,Q70,"") -> 12 | R71: 89 | S71: =IF($D71>0,S70,"") -> 25 | T71: =IF($D71>0,T70,"") -> 4 | V71: =V70 -> 30 | AA71: 1
A72: =A71+1 -> 71 | B72: =IF(G72="PeriodStart",B71+1,B71) -> 2 | C72: =IF(G72<>"PeriodStart",E71,18) -> 2 | D72: =F71 -> 18 | E72: 1 | F72: 52 | I72: =IF($D72>0,I71,"") -> 70 | J72: 61 | K72: =IF($D72>0,K71,"") -> 24 | L72: =IF($D72>0,L71,"") -> 9 | M72: =IF($D72>0,M71,"") -> 22 | O72: =O71 -> 39 | P72: 91 | Q72: =IF($D72>0,Q71,"") -> 12 | R72: =IF($D72>0,R71,"") -> 89 | S72: =IF($D72>0,S71,"") -> 25 | T72: =IF($D72>0,T71,"") -> 4 | V72: =V71 -> 30 | AC72: 1
A73: =A72+1 -> 72 | B73: =IF(G73="PeriodStart",B72+1,B72) -> 2 | C73: =IF(G73<>"PeriodStart",E72,18) -> 1 | D73: =F72 -> 52 | E73: 1 | F73: 39 | I73: =IF($D73>0,I72,"") -> 70 | J73: =IF($D73>0,J72,"") -> 61 | K73: =IF($D73>0,K72,"") -> 24 | L73: =IF($D73>0,L72,"") -> 9 | M73: =IF($D73>0,M72,"") -> 22 | O73: =O72 -> 39 | P73: =IF($D73>0,P72,"") -> 91 | Q73: 80 | R73: =IF($D73>0,R72,"") -> 89 | S73: =IF($D73>0,S72,"") -> 25 | T73: =IF($D73>0,T72,"") -> 4 | V73: =V72 -> 30 | Y73: 1
A74: =A73+1 -> 73 | B74: =IF(G74="PeriodStart",B73+1,B73) -> 2 | C74: =IF(G74<>"PeriodStart",E73,18) -> 1 | D74: =F73 -> 39 | E74: 1 | F74: 22 | I74: =IF($D74>0,I73,"") -> 70 | J74: =IF($D74>0,J73,"") -> 61 | K74: =IF($D74>0,K73,"") -> 24 | L74: 91 | M74: =IF($D74>0,M73,"") -> 22 | O74: =O73 -> 39 | P74: =IF($D74>0,P73,"") -> 91 | Q74: =IF($D74>0,Q73,"") -> 80 | R74: =IF($D74>0,R73,"") -> 89 | S74: =IF($D74>0,S73,"") -> 25 | T74: =IF($D74>0,T73,"") -> 4 | V74: =V73 -> 30 | Y74: 1
A75: =A74+1 -> 74 | B75: =IF(G75="PeriodStart",B74+1,B74) -> 2 | C75: =IF(G75<>"PeriodStart",E74,18) -> 1 | D75: =F74 -> 22 | E75: 1 | F75: 09 | I75: 42 | J75: =IF($D75>0,J74,"") -> 61 | K75: 55 | L75: =IF($D75>0,L74,"") -> 91 | M75: =IF($D75>0,M74,"") -> 22 | O75: =O74 -> 39 | P75: =IF($D75>0,P74,"") -> 91 | Q75: =IF($D75>0,Q74,"") -> 80 | R75: =IF($D75>0,R74,"") -> 89 | S75: =IF($D75>0,S74,"") -> 25 | T75: =IF($D75>0,T74,"") -> 4 | V75: =V74 -> 30 | AA75: 1
A76: =A75+1 -> 75 | B76: =IF(G76="PeriodStart",B75+1,B75) -> 2 | C76: =IF(G76<>"PeriodStart",E75,18) -> 1 | D76: =F75 -> 09 | E76: 0 | F76: 46 | I76: =IF($D76>0,I75,"") -> 42 | J76: =IF($D76>0,J75,"") -> 61 | K76: =IF($D76>0,K75,"") -> 55 | L76: =IF($D76>0,L75,"") -> 91 | M76: =IF($D76>0,M75,"") -> 22 | O76: =O75 -> 39 | P76: =IF($D76>0,P75,"") -> 91 | Q76: =IF($D76>0,Q75,"") -> 80 | R76: =IF($D76>0,R75,"") -> 89 | S76: 18 | T76: =IF($D76>0,T75,"") -> 4 | V76: =V75 -> 30 | AA76: 1
A77: =A76+1 -> 76 | B77: =IF(G77="PeriodStart",B76+1,B76) -> 2 | C77: =IF(G77<>"PeriodStart",E76,18) -> 0 | D77: =F76 -> 46 | E77: 0 | F77: 39 | I77: =IF($D77>0,I76,"") -> 42 | J77: =IF($D77>0,J76,"") -> 61 | K77: =IF($D77>0,K76,"") -> 55 | L77: =IF($D77>0,L76,"") -> 91 | M77: =IF($D77>0,M76,"") -> 22 | O77: =O76 -> 39 | P77: 77 | Q77: =IF($D77>0,Q76,"") -> 80 | R77: =IF($D77>0,R76,"") -> 89 | S77: =IF($D77>0,S76,"") -> 18 | T77: 44 | V77: =V76 -> 30 | AC77: 1
A78: =A77+1 -> 77 | B78: =IF(G78="PeriodStart",B77+1,B77) -> 2 | C78: =IF(G78<>"PeriodStart",E77,18) -> 0 | D78: =F77 -> 39 | E78: 0 | F78: 0.01 | H78: Period End | I78: =IF($D78>0,I77,"") -> 42 | J78: =IF($D78>0,J77,"") -> 61 | K78: =IF($D78>0,K77,"") -> 55 | L78: =IF($D78>0,L77,"") -> 91 | M78: =IF($D78>0,M77,"") -> 22 | O78: =O77 -> 39 | P78: =IF($D78>0,P77,"") -> 77 | Q78: =IF($D78>0,Q77,"") -> 80 | R78: 68 | S78: =IF($D78>0,S77,"") -> 18 | T78: =IF($D78>0,T77,"") -> 44 | V78: =V77 -> 30 | AA78: 1
A79: =A78+1 -> 78 | B79: 2 | G79: Intermission | I79: =IF($D79>0,I78,"") | J79: =IF($D79>0,J78,"") | K79: =IF($D79>0,K78,"") | L79: =IF($D79>0,L78,"") | M79: =IF($D79>0,M78,"") | P79: =IF($D79>0,P78,"") | Q79: =IF($D79>0,Q78,"") | R79: =IF($D79>0,R78,"") | S79: =IF($D79>0,S78,"") | T79: =IF($D79>0,T78,"")
A80: =A79+1 -> 79 | B80: =IF(G80="PeriodStart",B79+1,B79) -> 3 | C80: =IF(G80<>"PeriodStart",E79,18) -> 18 | D80: =F79 -> 0 | E80: 16 | F80: 40 | G80: PeriodStart | I80: 42 | J80: 75 | K80: 14 | L80: 84 | M80: 91 | O80: 39 | P80: 77 | Q80: 13 | R80: 68 | S80: 44 | T80: 18 | V80: 30 | Y80: 1
A81: =A80+1 -> 80 | B81: =IF(G81="PeriodStart",B80+1,B80) -> 3 | C81: =IF(G81<>"PeriodStart",E80,18) -> 16 | D81: =F80 -> 40 | E81: 16 | F81: 29 | I81: =IF($D81>0,I80,"") -> 42 | J81: =IF($D81>0,J80,"") -> 75 | K81: =IF($D81>0,K80,"") -> 14 | L81: =IF($D81>0,L80,"") -> 84 | M81: =IF($D81>0,M80,"") -> 91 | O81: =O80 -> 39 | P81: =IF($D81>0,P80,"") -> 77 | Q81: 12 | R81: 56 | S81: 4 | T81: =IF($D81>0,T80,"") -> 18 | V81: =V80 -> 30 | AA81: 1
A82: =A81+1 -> 81 | B82: =IF(G82="PeriodStart",B81+1,B81) -> 3 | C82: =IF(G82<>"PeriodStart",E81,18) -> 16 | D82: =F81 -> 29 | E82: 16 | F82: 26 | H82: Puck Out of Play | I82: =IF($D82>0,I81,"") -> 42 | J82: =IF($D82>0,J81,"") -> 75 | K82: =IF($D82>0,K81,"") -> 14 | L82: =IF($D82>0,L81,"") -> 84 | M82: =IF($D82>0,M81,"") -> 91 | O82: =O81 -> 39 | P82: =IF($D82>0,P81,"") -> 77 | Q82: =IF($D82>0,Q81,"") -> 12 | R82: =IF($D82>0,R81,"") -> 56 | S82: =IF($D82>0,S81,"") -> 4 | T82: 25 | V82: =V81 -> 30 | AA82: 1
A83: =A82+1 -> 82 | B83: =IF(G83="PeriodStart",B82+1,B82) -> 3 | C83: =IF(G83<>"PeriodStart",E82,18) -> 16 | D83: =F82 -> 26 | E83: 14 | F83: 47 | G83: OtherFaceoff | I83: 70 | J83: 24 | K83: 61 | L83: 9 | M83: 22 | O83: =O82 -> 39 | P83: 3 | Q83: =IF($D83>0,Q82,"") -> 12 | R83: =IF($D83>0,R82,"") -> 56 | S83: =IF($D83>0,S82,"") -> 4 | T83: =IF($D83>0,T82,"") -> 25 | V83: =V82 -> 30 | Y83: 1
A84: =A83+1 -> 83 | B84: =IF(G84="PeriodStart",B83+1,B83) -> 3 | C84: =IF(G84<>"PeriodStart",E83,18) -> 14 | D84: =F83 -> 47 | E84: 14 | F84: 12 | I84: 70 | J84: =IF($D84>0,J83,"") -> 24 | K84: =IF($D84>0,K83,"") -> 61 | L84: 84 | M84: =IF($D84>0,M83,"") -> 22 | O84: =O83 -> 39 | P84: =IF($D84>0,P83,"") -> 3 | Q84: =IF($D84>0,Q83,"") -> 12 | R84: =IF($D84>0,R83,"") -> 56 | S84: =IF($D84>0,S83,"") -> 4 | T84: =IF($D84>0,T83,"") -> 25 | V84: =V83 -> 30 | AC84: 1
A85: =A84+1 -> 84 | B85: =IF(G85="PeriodStart",B84+1,B84) -> 3 | C85: =IF(G85<>"PeriodStart",E84,18) -> 14 | D85: =F84 -> 12 | E85: 14 | F85: 05 | I85: =IF($D85>0,I84,"") -> 70 | J85: =IF($D85>0,J84,"") -> 24 | K85: =IF($D85>0,K84,"") -> 61 | L85: =IF($D85>0,L84,"") -> 84 | M85: =IF($D85>0,M84,"") -> 22 | O85: =O84 -> 39 | P85: =IF($D85>0,P84,"") -> 3 | Q85: =IF($D85>0,Q84,"") -> 12 | R85: 89 | S85: =IF($D85>0,S84,"") -> 4 | T85: =IF($D85>0,T84,"") -> 25 | V85: =V84 -> 30 | Y85: 1
A86: =A85+1 -> 85 | B86: =IF(G86="PeriodStart",B85+1,B85) -> 3 | C86: =IF(G86<>"PeriodStart",E85,18) -> 14 | D86: =F85 -> 05 | E86: 13 | F86: 38 | I86: 42 | J86: =IF($D86>0,J85,"") -> 24 | K86: =IF($D86>0,K85,"") -> 61 | L86: =IF($D86>0,L85,"") -> 84 | M86: 91 | O86: =O85 -> 39 | P86: 91 | Q86: =IF($D86>0,Q85,"") -> 12 | R86: =IF($D86>0,R85,"") -> 89 | S86: =IF($D86>0,S85,"") -> 4 | T86: =IF($D86>0,T85,"") -> 25 | V86: =V85 -> 30 | AA86: 1
A87: =A86+1 -> 86 | B87: =IF(G87="PeriodStart",B86+1,B86) -> 3 | C87: =IF(G87<>"PeriodStart",E86,18) -> 13 | D87: =F86 -> 38 | E87: 13 | F87: 23 | H87: Home Goalie Stopped (after Away SOG) | I87: =IF($D87>0,I86,"") -> 42 | J87: =IF($D87>0,J86,"") -> 24 | K87: =IF($D87>0,K86,"") -> 61 | L87: =IF($D87>0,L86,"") -> 84 | M87: =IF($D87>0,M86,"") -> 91 | O87: =O86 -> 39 | P87: =IF($D87>0,P86,"") -> 91 | Q87: 80 | R87: =IF($D87>0,R86,"") -> 89 | S87: =IF($D87>0,S86,"") -> 4 | T87: 44 | V87: =V86 -> 30 | AA87: 1
A88: =A87+1 -> 87 | B88: =IF(G88="PeriodStart",B87+1,B87) -> 3 | C88: =IF(G88<>"PeriodStart",E87,18) -> 13 | D88: =F87 -> 23 | E88: 12 | F88: 22 | G88: OtherFaceoff | H88: Home Goalie Stopped (after Away SOG) | I88: =IF($D88>0,I87,"") -> 42 | J88: 55 | K88: 14 | L88: =IF($D88>0,L87,"") -> 84 | M88: =IF($D88>0,M87,"") -> 91 | O88: =O87 -> 39 | P88: 77 | Q88: =IF($D88>0,Q87,"") -> 80 | R88: =IF($D88>0,R87,"") -> 89 | S88: 18 | T88: =IF($D88>0,T87,"") -> 44 | V88: =V87 -> 30 | AA88: 1
A89: =A88+1 -> 88 | B89: =IF(G89="PeriodStart",B88+1,B88) -> 3 | C89: =IF(G89<>"PeriodStart",E88,18) -> 12 | D89: =F88 -> 22 | E89: 11 | F89: 26 | G89: OtherFaceoff | I89: =IF($D89>0,I88,"") -> 42 | J89: =IF($D89>0,J88,"") -> 55 | K89: =IF($D89>0,K88,"") -> 14 | L89: =IF($D89>0,L88,"") -> 84 | M89: =IF($D89>0,M88,"") -> 91 | O89: =O88 -> 39 | P89: =IF($D89>0,P88,"") -> 77 | Q89: 13 | R89: 68 | S89: =IF($D89>0,S88,"") -> 18 | T89: =IF($D89>0,T88,"") -> 44 | V89: =V88 -> 30 | Y89: 1
A90: =A89+1 -> 89 | B90: =IF(G90="PeriodStart",B89+1,B89) -> 3 | C90: =IF(G90<>"PeriodStart",E89,18) -> 11 | D90: =F89 -> 26 | E90: 10 | F90: 43 | H90: Home Penalty | I90: =IF($D90>0,I89,"") -> 42 | J90: =IF($D90>0,J89,"") -> 55 | K90: =IF($D90>0,K89,"") -> 14 | L90: 9 | M90: =IF($D90>0,M89,"") -> 91 | O90: =O89 -> 39 | P90: =IF($D90>0,P89,"") -> 77 | Q90: =IF($D90>0,Q89,"") -> 13 | R90: =IF($D90>0,R89,"") -> 68 | S90: =IF($D90>0,S89,"") -> 18 | T90: =IF($D90>0,T89,"") -> 44 | V90: =V89 -> 30 | Y90: 1
A91: =A90+1 -> 90 | B91: =IF(G91="PeriodStart",B90+1,B90) -> 3 | C91: =IF(G91<>"PeriodStart",E90,18) -> 10 | D91: =F90 -> 43 | E91: 8 | F91: 33 | G91: FaceoffAfterPenalty | H91: Home Goalie Stopped (after Away SOG) | I91: 70 | J91: 75 | L91: =IF($D91>0,L90,"") -> 9 | M91: 22 | O91: =O90 -> 39 | P91: 3 | Q91: 12 | R91: 56 | S91: 4 | T91: 25 | V91: =V90 -> 30 | AA91: 1
A92: =A91+1 -> 91 | B92: =IF(G92="PeriodStart",B91+1,B91) -> 3 | C92: =IF(G92<>"PeriodStart",E91,18) -> 8 | D92: =F91 -> 33 | E92: 7 | F92: 53 | G92: OtherFaceoff | I92: =IF($D92>0,I91,"") -> 70 | J92: 61 | L92: 84 | M92: =IF($D92>0,M91,"") -> 22 | O92: =O91 -> 39 | P92: 77 | Q92: 13 | R92: 68 | S92: =IF($D92>0,S91,"") -> 4 | T92: =IF($D92>0,T91,"") -> 25 | V92: =V91 -> 30 | Y92: 1
A93: =A92+1 -> 92 | B93: =IF(G93="PeriodStart",B92+1,B92) -> 3 | C93: =IF(G93<>"PeriodStart",E92,18) -> 7 | D93: =F92 -> 53 | E93: 7 | F93: 26 | I93: =IF($D93>0,I92,"") -> 70 | J93: =IF($D93>0,J92,"") -> 61 | L93: =IF($D93>0,L92,"") -> 84 | M93: 91 | O93: =O92 -> 39 | P93: =IF($D93>0,P92,"") -> 77 | Q93: =IF($D93>0,Q92,"") -> 13 | R93: =IF($D93>0,R92,"") -> 68 | S93: =IF($D93>0,S92,"") -> 4 | T93: =IF($D93>0,T92,"") -> 25 | V93: =V92 -> 30 | AC93: 1
A94: =A93+1 -> 93 | B94: =IF(G94="PeriodStart",B93+1,B93) -> 3 | C94: =IF(G94<>"PeriodStart",E93,18) -> 7 | D94: =F93 -> 26 | E94: 7 | F94: 14 | H94: Home Goalie Stopped (after Away SOG) | I94: =IF($D94>0,I93,"") -> 70 | J94: =IF($D94>0,J93,"") -> 61 | L94: =IF($D94>0,L93,"") -> 84 | M94: =IF($D94>0,M93,"") -> 91 | O94: =O93 -> 39 | P94: =IF($D94>0,P93,"") -> 77 | Q94: =IF($D94>0,Q93,"") -> 13 | R94: =IF($D94>0,R93,"") -> 68 | S94: =IF($D94>0,S93,"") -> 4 | T94: 18 | V94: =V93 -> 30 | AA94: 1
A95: =A94+1 -> 94 | B95: =IF(G95="PeriodStart",B94+1,B94) -> 3 | C95: =IF(G95<>"PeriodStart",E94,18) -> 7 | D95: =F94 -> 14 | E95: 6 | F95: 58 | G95: OtherFaceoff | I95: 42 | J95: =IF($D95>0,J94,"") -> 61 | L95: =IF($D95>0,L94,"") -> 84 | M95: =IF($D95>0,M94,"") -> 91 | O95: =O94 -> 39 | P95: =IF($D95>0,P94,"") -> 77 | Q95: =IF($D95>0,Q94,"") -> 13 | R95: =IF($D95>0,R94,"") -> 68 | S95: 44 | T95: =IF($D95>0,T94,"") -> 18 | V95: =V94 -> 30 | AA95: 1
A96: =A95+1 -> 95 | B96: =IF(G96="PeriodStart",B95+1,B95) -> 3 | C96: =IF(G96<>"PeriodStart",E95,18) -> 6 | D96: =F95 -> 58 | E96: 6 | F96: 37 | H96: Away Goalie Stopped (after Home SOG) | I96: =IF($D96>0,I95,"") -> 42 | J96: =IF($D96>0,J95,"") -> 61 | K96: 55 | L96: =IF($D96>0,L95,"") -> 84 | M96: =IF($D96>0,M95,"") -> 91 | O96: =O95 -> 39 | P96: =IF($D96>0,P95,"") -> 77 | Q96: =IF($D96>0,Q95,"") -> 13 | R96: =IF($D96>0,R95,"") -> 68 | S96: =IF($D96>0,S95,"") -> 44 | T96: =IF($D96>0,T95,"") -> 18 | V96: =V95 -> 30 | Y96: 1
A97: =A96+1 -> 96 | B97: =IF(G97="PeriodStart",B96+1,B96) -> 3 | C97: =IF(G97<>"PeriodStart",E96,18) -> 6 | D97: =F96 -> 37 | E97: 5 | F97: 55 | G97: OtherFaceoff | H97: Home Goal | I97: =IF($D97>0,I96,"") -> 42 | J97: =IF($D97>0,J96,"") -> 61 | K97: 24 | L97: =IF($D97>0,L96,"") -> 84 | M97: =IF($D97>0,M96,"") -> 91 | O97: =O96 -> 39 | P97: 91 | Q97: 80 | R97: 89 | S97: =IF($D97>0,S96,"") -> 44 | T97: =IF($D97>0,T96,"") -> 18 | V97: =V96 -> 30 | Y97: 1
A98: =A97+1 -> 97 | B98: =IF(G98="PeriodStart",B97+1,B97) -> 3 | C98: =IF(G98<>"PeriodStart",E97,18) -> 5 | D98: =F97 -> 55 | E98: 5 | F98: 09 | G98: FaceoffAfterGoal | I98: =IF($D98>0,I97,"") -> 42 | J98: 14 | K98: =IF($D98>0,K97,"") -> 24 | L98: =IF($D98>0,L97,"") -> 84 | M98: =IF($D98>0,M97,"") -> 91 | O98: =O97 -> 39 | P98: =IF($D98>0,P97,"") -> 91 | Q98: =IF($D98>0,Q97,"") -> 80 | R98: =IF($D98>0,R97,"") -> 89 | S98: =IF($D98>0,S97,"") -> 44 | T98: =IF($D98>0,T97,"") -> 18 | V98: =V97 -> 30 | Y98: 1
A99: =A98+1 -> 98 | B99: =IF(G99="PeriodStart",B98+1,B98) -> 3 | C99: =IF(G99<>"PeriodStart",E98,18) -> 5 | D99: =F98 -> 09 | E99: 4 | F99: 57 | H99: Away Goalie Stopped (after Home SOG) | I99: =IF($D99>0,I98,"") -> 42 | J99: =IF($D99>0,J98,"") -> 14 | K99: =IF($D99>0,K98,"") -> 24 | L99: 9 | M99: =IF($D99>0,M98,"") -> 91 | O99: =O98 -> 39 | P99: =IF($D99>0,P98,"") -> 91 | Q99: =IF($D99>0,Q98,"") -> 80 | R99: =IF($D99>0,R98,"") -> 89 | S99: =IF($D99>0,S98,"") -> 44 | T99: =IF($D99>0,T98,"") -> 18 | V99: =V98 -> 30 | Y99: 1
A100: =A99+1 -> 99 | B100: =IF(G100="PeriodStart",B99+1,B99) -> 3 | C100: =IF(G100<>"PeriodStart",E99,18) -> 4 | D100: =F99 -> 57 | E100: 3 | F100: 39 | G100: OtherFaceoff | H100: Away Goalie Stopped (after Home SOG) | I100: 70 | J100: =IF($D100>0,J99,"") -> 14 | K100: 75 | L100: =IF($D100>0,L99,"") -> 9 | M100: 22 | O100: =O99 -> 39 | P100: 3 | Q100: 12 | R100: 56 | S100: 4 | T100: 25 | V100: =V99 -> 30 | Y100: 1
...
