Workbook
Name DEfensive: Lists!$CQ:$CQ
Name EventType: Lists!$A$2:$A$16
Name Faceoff: Lists!$U$2:$U$1048576
Name Goal: Lists!$X$2:$X$1048576
Name Goal_PenaltyShot: Lists!$BO$2:$BO$1048576
Name Goal_Scored: Lists!$BM$2:$BM$1048576
Name Goal_Shootout: Lists!$BN$2:$BN$1048576
Name LoosePuck: Lists!$AD$2:$AD$1048576
Name Offensive: Lists!$CO:$CO
Name Pass: Lists!$W$2:$W$1048576
Name Pass_Completed: Lists!$AF$2:$AF$1048576
Name Pass_Deflected: Lists!$AH$2:$AH$1048576
Name Pass_Intercepted: Lists!$AI$2:$AI$1048576
Name Pass_Missed: Lists!$AG$2:$AG$1048576
Name Penalty: Lists!$AA$2:$AA$1048576
Name Penalty_Major: Lists!$AO$2:$AO$1048576
Name Penalty_Minor: Lists!$AP$2:$AP$1048576
Name Penalty_Offsetting: Lists!$AQ$2:$AQ$1048576
Name PenaltyShot_Missed: Lists!$AY$2:$AY$1048576
Name PenaltyShot_OnNet: Lists!$AX$2:$AX$1048576
Name PenaltyShot_Saved: Lists!$AZ$2:$AZ$1048576
Name PenaltyShot_Shootout: Lists!$AB$2:$AB$1048576
Name Play: Lists!$T:$T
Name Play_Defensive: Lists!$BS:$BS
Name Play_Offensive: Lists!$BR:$BR
Name Possession: Lists!$BT:$BT
Name Rebound: Lists!$BQ$2:$BQ$1048576
Name Save: Lists!$AE$2:$AE$1048576
Name Save_Freeze: Lists!$BB$2:$BB$1048576
Name Save_Played: Lists!$BP:$BP
Name Save_Rebound: Lists!$BA$2:$BA$1048576
Name Shootout_Missed: Lists!$AV$2:$AV$1048576
Name Shootout_OnNet: Lists!$AU$2:$AU$1048576
Name Shootout_Saved: Lists!$AW$2:$AW$1048576
Name Shot: Lists!$V$2:$V$1048576
Name Shot_Blocked: Lists!$BE$2:$BE$1048576
Name Shot_BlockedSameTeam: Lists!$BF$2:$BF$1048576
Name Shot_Deflected: Lists!$BG$2:$BG$1048576
Name Shot_DeflectedGoal: Lists!$BL$2:$BL$1048576
Name Shot_DeflectedOnNetSaved: Lists!$BH$2:$BH$1048576
Name Shot_Missed: Lists!$BD$2:$BD$1048576
Name Shot_OnNetGoal: Lists!$BJ$2:$BJ$1048576
Name Shot_OnNetSaved: Lists!$BC$2:$BC$1048576
Name Shot_TippedGoal: Lists!$BK$2:$BK$1048576
Name Shot_TippedOnNetSaved: Lists!$BI$2:$BI$1048576
Name Stoppage: Lists!$AC$2:$AC$1048576
Name Stoppage_Other: Lists!$AT$2:$AT$1048576
Name Stoppage_Period: Lists!$AS$2:$AS$1048576
Name Stoppage_Play: Lists!$AR$2:$AR$1048576
Name Turnover: Lists!$Y$2:$Y$1048576
Name Turnover_Giveaway: Lists!$AJ$2:$AJ$1048576
Name Turnover_Takeaway: Lists!$AK$2:$AK$1048576
Name Zone_Entry: Lists!$AL$2:$AL$1048576
Name Zone_Entry_Exit: Lists!$Z$2:$Z$1048576
Name Zone_Exit: Lists!$AM$2:$AM$1048576
Name Zone_Keepin: Lists!$AN$2:$AN$1048576

Sheet Rules
A1: Play | B1: NextPlay | C1: EventPlayers | D1: OppPlayers | E1: OnIcePlayers | I1: SequecnceDefinition | J1: Loose puck to loose puck
A2: Goal | B2: Stoppage | C2: Scorer | D2: Goalie, Defenders in Front | E2: All
A3: Stoppage | B3: Faceoff | C3: Winner, Next Player to Touch | D3: Loser | E3: None | I3: PlayDefinition | J3: Series of possession, passes that lead to shot or zone entry/exit
A4: Pass_Intercepted, Pass/ShotMissed Other Team Possession | B4: Turnover | C4: Passer/Shooter, Intended Recipient | D4: Intercepteor/Blocker | E4: In Play
A5: Turnover | B5: ChangePossession | C5: Player who turned over | D5: Player who received turnover | E5: In Play
A6: ShotSaved | B6: Save
A9: Zone breakout pass also add pass
A10: Turnover (any kind) also add pass/shot/etc
A11: Zone dumoin/clear that results in turnover list both

Sheet Lists
A1: EventType | C1: EventTypeDetail | E1: EventTypeDetail2 | G1: OffensivePlay | I1: DefensivePlay | K1: Team | N1: NHL Net | O1: Max | P1: Min | Q1: Total Max | R1: Total Min | T1: Play | U1: Faceoff | V1: Shot | W1: Pass | X1: Goal | Y1: Turnover | Z1: Zone Entry/Exit | AA1: Penalty | AB1: PenaltyShot/Shootout | AC1: Stoppage | AD1: LoosePuck | AE1: Save | AF1: Pass-Completed | AG1: Pass-Missed | AH1: Pass-Deflected | AI1: Pass-Intercepted | AJ1: Turnover-Giveaway | AK1: Turnover-Takeaway | AL1: Zone-Entry | AM1: Zone-Exit | AN1: Zone-Keepin | AO1: Penalty-Major | AP1: Penalty-Minor | AQ1: Penalty-Offsetting | AR1: Stoppage-Play | AS1: Stoppage-Period | AT1: Stoppage-Other | AU1: Shootout-OnNet | AV1: Shootout-Missed | AW1: Shootout-Saved | AX1: PenaltyShot-OnNet | AY1: PenaltyShot-Missed | AZ1: PenaltyShot-Saved | BA1: Save-Rebound | BB1: Save-Freeze | BC1: Shot_OnNetSaved | BD1: Shot_Missed | BE1: Shot_Blocked | BF1: Shot_BlockedSameTeam | BG1: Shot_Deflected | BH1: Shot_DeflectedOnNetSaved | BI1: Shot_TippedOnNetSaved | BJ1: Shot_OnNetGoal | BK1: Shot_TippedGoal | BL1: Shot_DeflectedGoal | BM1: Goal_Scored | BN1: Goal_Shootout | BO1: Goal_PenaltyShot | BP1: Save_Played | BQ1: Rebound | BR1: Play_Offensive | BS1: Play_Defensive | BT1: Possession | BU1: Faceoff | BV1: None | CA1: shift_start | CC1: shift_end | CE1: label | CG1: play_detail1 | CH1: play_detail2 | CL1: Offensive | CM1: Defensive | CO1: Offensive | CQ1: Defensive
K2: Home | L2: =K3 -> Away | N2: X | O2: 36 | P2: -36 | Q2: =O2+O4 -> 38.375 | R2: =P2-O4 -> -38.375 | T2: Play_Offensive | U2: Faceoff_AfterPenalty | V2: Shot_OnNetSaved | W2: Pass_Completed | X2: Goal_Scored | Y2: Turnover_Giveaway | Z2: Zone_Entry | AA2: Penalty_Minor | AB2: PenaltyShot_OnNet | AC2: Stoppage_Period | AD2: LoosePuck_Forecheck | AE2: Save_Rebound | AF2: Pass-Stretch | AG2: Pass-Stretch | AH2: Pass-Stretch | AI2: Pass-Stretch | AJ2: Giveaway-Misplayed | AK2: Takeaway-BattleWon | AL2: ZoneEntry-Rush | AM2: ZoneExit-Rush | AN2: Zone-KeepIn | AO2: Penalty-Bench Penalty | AP2: Penalty-Bench Penalty | AQ2: Penalty-Bench Penalty | AR2: Stoppage-Icing | AS2: Stoppage-StartofShootout | AT2: Stoppage-ObjectsonIce | AU2: Shot-Wrist | AV2: Shot-Wrist | AW2: Shot-Wrist | AX2: Shot-Wrist | AY2: Shot-Wrist | AZ2: Shot-Wrist | BA2: Save-Glove | BB2: Save-Glove | BC2: Shot-Wrist | BD2: Shot-Wrist | BE2: Shot-Wrist | BF2: Shot-Wrist | BG2: Shot-Deflection | BH2: Shot-Deflection | BI2: Shot-Tip | BJ2: Shot-Wrist | BL2: Shot-Deflection | BM2: Goal-Wrist | BN2: Goal-Wrist | BO2: Goal-Wrist | BP2: Save-Glove | BQ2: Rebound_TeamRecovered | BS2: Play-PokeCheck | BT2: Breakaway | BU2: Shot | BV2: All | BX2: event_team_player_1 | BY2: e | CA2: PeriodStart | CC2: - | CE2: Assist-Primary | CG2: OffensivePlay-DriveMiddle | CJ2: Offensive | CL2: OffensivePlay-Drive | CO2: OffensivePlay-DriveMiddle | CQ2: DefensivePlay-PokeCheck
A3: Faceoff | B3: None | C3: Faceoff | E3: Shot-Wrist | G3: DriveMiddle | I3: PokeCheck | K3: Away | L3: =K2 -> Home | N3: Y | O3: 24 | P3: -24 | Q3: =O3+O5 -> 26.375 | R3: -24 | T3: Play_Defensive | U3: Faceoff_AfterGoal | V3: Shot_Missed | W3: Pass_Missed | X3: Goal_Shootout | Y3: Turnover_Takeaway | Z3: Zone_Exit | AA3: Penalty_Offsetting | AB3: PenaltyShot_Missed | AC3: Stoppage_Play | AD3: LoosePuck_Battle | AE3: Save_Freeze | AF3: Pass-Rim/Wrap | AG3: Pass-Rim/Wrap | AH3: Pass-Rim/Wrap | AI3: Pass-Rim/Wrap | AJ3: Giveaway-BattleLost | AK3: Takeaway-PokeCheck | AL3: ZoneEntry-Pass | AM3: ZoneExit-Pass | AN3: Zone-Pinch | AO3: Penalty-Boarding | AP3: Penalty-Boarding | AQ3: Penalty-Boarding | AR3: Stoppage-Offsides | AS3: Stoppage-PeriodStart | AT3: Stoppage-HomeTimeout | AU3: Shot-Slap | AV3: Shot-Slap | AW3: Shot-Slap | AX3: Shot-Slap | AY3: Shot-Slap | AZ3: Shot-Slap | BA3: Save-Blocker | BB3: Save-Blocker | BC3: Shot-Slap | BD3: Shot-Slap | BE3: Shot-Slap | BF3: Shot-Slap | BG3: Shot-Wrist | BH3: Shot-Wrist | BI3: Shot-Wrist | BJ3: Shot-Slap | BK3: Shot-Wrist | BL3: Shot-Wrist | BM3: Goal-Slap | BN3: Goal-Slap | BO3: Goal-Slap | BP3: Save-Blocker | BQ3: Rebound_OppTeamRecovered | BR3: Play-DriveMiddle | BS3: Play-PokeCheckFailed | BU3: Pass | BV3: Involved | BX3: event_team_player_2 | BY3: o | CA3: FaceoffAfterGoal | CC3: Period Start | CE3: Assist-Secondary | CG3: OffensivePlay-DriveWide | CJ3: Defensive | CO3: OffensivePlay-DriveWide | CQ3: DefensivePlay-PokeCheckFailed
A4: Shot | C4: Faceoff-AfterPenalty | E4: Shot-Slap | G4: DriveWide | I4: PokeCheckFailed | N4: PostX | O4: 2.375 | U4: Faceoff_PeriodStart | V4: Shot_Blocked | W4: Pass_Deflected | X4: Goal_PenaltyShot | Z4: Zone_Keepin | AA4: Penalty_Major | AB4: PenaltyShot_Saved | AC4: Stoppage_Other | AE4: Save_Played | AF4: Pass-Backhand | AG4: Pass-Backhand | AH4: Pass-Backhand | AI4: Pass-Backhand | AJ4: Giveaway-PassIntercepted | AK4: Takeaway-PassIntercepted | AL4: ZoneEntry-DumpIn | AM4: ZoneExit-Clear | AN4: Zone-Other | AO4: Penalty-Charging | AP4: Penalty-Charging | AQ4: Penalty-Charging | AR4: Stoppage-ClockProblem | AS4: Stoppage-PeriodEnd | AT4: Stoppage-VisitorTimeout | AU4: Shot-Backhand | AV4: Shot-Backhand | AW4: Shot-Backhand | AX4: Shot-Backhand | AY4: Shot-Backhand | AZ4: Shot-Backhand | BA4: Save-LeftPad | BB4: Save-LeftPad | BC4: Shot-Backhand | BD4: Shot-Backhand | BE4: Shot-Backhand | BF4: Shot-Backhand | BG4: Shot-Slap | BH4: Shot-Slap | BI4: Shot-Slap | BJ4: Shot-Backhand | BK4: Shot-Slap | BL4: Shot-Slap | BM4: Goal-Backhand | BN4: Goal-Backhand | BO4: Goal-Backhand | BP4: Save-LeftPad | BQ4: Rebound_ShotGenerated | BR4: Play-DriveWide | BS4: Play-SeperateFromPuck | BU4: Goal | BV4: All | BX4: event_team_player_3 | CA4: GameStart | CC4: Period End | CE4: Breakout | CG4: OffensivePlay-DriveCorner | CO4: OffensivePlay-DriveCorner | CQ4: DefensivePlay-SeperateFromPuck
A5: Pass | C5: Faceoff-AfterGoal | E5: Shot-Backhand | G5: DriveCorner | I5: SeperateFromPuck | N5: PostY | O5: 2.375 | U5: Faceoff_AfterStoppage | V5: Shot_BlockedSameTeam | W5: Pass_Intercepted | AB5: ShootoutShot_OnNet | AC5: Stoppage_GameEnd | AF5: Pass-Forehand | AG5: Pass-Forehand | AH5: Pass-Forehand | AI5: Pass-Forehand | AJ5: Giveaway-PassMissed | AK5: Takeaway-PassBlocked | AL5: ZoneEntry-Chip | AM5: ZoneExit-Chip | AO5: Penalty-CrossChecking | AP5: Penalty-CrossChecking | AQ5: Penalty-CrossChecking | AR5: Stoppage-HighStick | AT5: Stoppage-RinkRepair | AU5: Shot-Snap | AV5: Shot-Snap | AW5: Shot-Snap | AX5: Shot-Snap | AY5: Shot-Snap | AZ5: Shot-Snap | BA5: Save-RightPad | BB5: Save-RightPad | BC5: Shot-Snap | BD5: Shot-Snap | BE5: Shot-Snap | BF5: Shot-Snap | BG5: Shot-Backhand | BH5: Shot-Backhand | BI5: Shot-Backhand | BJ5: Shot-Snap | BK5: Shot-Backhand | BL5: Shot-Backhand | BM5: Goal-Tip | BN5: Goal-Snap | BO5: Goal-Snap | BP5: Save-RightPad | BQ5: Rebound_FlurryGenerated | BR5: Play-DriveCorner | BS5: Play-Backcheck | BU5: Turnover | BV5: Involved | BX5: event_team_player_4 | CA5: FaceoffAfterPenalty | CC5: Puck Out of Play | CE5: End-to-End-Rush | CG5: OffensivePlay-DriveNetMiddle | CO5: OffensivePlay-DriveNetMiddle | CQ5: DefensivePlay-Backcheck
A6: Goal | C6: Faceoff-PeriodStart | E6: Shot-Tip | G6: DriveNetMiddle | I6: Backcheck | U6: Faceoff_GameStart | V6: Shot_Deflected | AB6: ShootoutShot_Missed | AF6: Pass-Bank | AG6: Pass-Bank | AH6: Pass-Bank | AI6: Pass-Bank | AJ6: Giveaway-PassBlocked | AK6: Takeaway-ShotBlocked | AL6: ZoneEntry-FromExitClear | AM6: ZoneExit-PassMiss/Misplay | AO6: Penalty-DelayofGame | AP6: Penalty-DelayofGame | AQ6: Penalty-DelayofGame | AR6: Stoppage-HandPass | AT6: Stoppage-PlayerEquipment | AU6: Shot-WrapAround | AV6: Shot-WrapAround | AW6: Shot-WrapAround | AX6: Shot-WrapAround | AY6: Shot-WrapAround | AZ6: Shot-WrapAround | BA6: Save-Stick | BB6: Save-Stick | BC6: Shot-WrapAround | BD6: Shot-WrapAround | BE6: Shot-WrapAround | BF6: Shot-WrapAround | BG6: Shot-Snap | BH6: Shot-Snap | BI6: Shot-Snap | BJ6: Shot-WrapAround | BK6: Shot-Snap | BL6: Shot-Snap | BM6: Goal-Snap | BN6: Goal-WrapAround | BO6: Goal-WrapAround | BP6: Save-Stick | BR6: Play-DriveNetMiddle | BS6: Play-FroceWide | BU6: Zone_Entry_Exit | BV6: Involved | BX6: event_team_player_5 | CA6: OtherFaceoff | CC6: Injury | CG6: OffensivePlay-DriveNetWide | CO6: OffensivePlay-DriveNetWide | CQ6: DefensivePlay-FroceWide
A7: Turnover | C7: Shot-OnNet | E7: Shot-Snap | G7: DriveNetWide | I7: FroceWide | V7: Shot_DeflectedOnNetSaved | AB7: ShootoutShot_Saved | AF7: Pass-Dump | AG7: Pass-Dump | AH7: Pass-Dump | AI7: Pass-Dump | AJ7: Giveaway-PassReceiverMissed | AK7: Takeaway-ZoneClear/Dump | AL7: ZoneEntry-PassMiss/Misplay | AM7: ZoneExit-OppTeam | AO7: Penalty-Diving | AP7: Penalty-Diving | AQ7: Penalty-Diving | AR7: Stoppage-NetDislodged | AT7: Stoppage-Challenge | AU7: Shot-Bat | AV7: Shot-Bat | AW7: Shot-Bat | AX7: Shot-Bat | AY7: Shot-Bat | AZ7: Shot-Bat | BA7: Save-Scramble | BB7: Save-Scramble | BC7: Shot-Bat | BD7: Shot-Bat | BE7: Shot-Bat | BF7: Shot-Bat | BG7: Shot-WrapAround | BH7: Shot-WrapAround | BI7: Shot-WrapAround | BJ7: Shot-Bat | BK7: Shot-WrapAround | BL7: Shot-WrapAround | BM7: Goal-WrapAround | BN7: Goal-Bat | BO7: Goal-Bat | BP7: Save-Scramble | BR7: Play-DriveNetWide | BS7: Play-Contain | BU7: Penalty | BV7: Involved | BX7: event_team_player_6 | CA7: DeadIce/Stoppage | CC7: Home Penalty | CG7: OffensivePlay-CrashNet | CO7: OffensivePlay-CrashNet | CQ7: DefensivePlay-Contain
A8: Zone_Entry_Exit | C8: Shot-Missed | E8: Shot-WrapAround | G8: CrashNet | I8: Contain | V8: Shot_Tipped | AF8: Pass-Tipped | AG8: Pass-Tipped | AH8: Pass-Tipped | AI8: Pass-Tipped | AJ8: Giveaway-ShotBlocked | AK8: Takeaway-AttemptedZoneClear/Dump | AL8: ZoneEntry-OppTeam | AM8: ZoneExit-Lob | AO8: Penalty-Elbowing | AP8: Penalty-Elbowing | AQ8: Penalty-Elbowing | AR8: Stoppage-Injury | AT8: Stoppage-Other | AU8: Shot-Cradle | AV8: Shot-Cradle | AW8: Shot-Cradle | AX8: Shot-Cradle | AY8: Shot-Cradle | AZ8: Shot-Cradle | BA8: Save-Butterfly | BB8: Save-Butterfly | BC8: Shot-Cradle | BD8: Shot-Cradle | BE8: Shot-Cradle | BF8: Shot-Cradle | BG8: Shot-Bat | BH8: Shot-Bat | BI8: Shot-Bat | BJ8: Shot-Cradle | BK8: Shot-Bat | BL8: Shot-Bat | BM8: Goal-Bat | BN8: Goal-Cradle | BO8: Goal-Cradle | BP8: Save-Butterfly | BR8: Play-CrashNet | BS8: Play-BeatMiddle | BU8: PenaltyShot_Shootout | BV8: Involved | BX8: opp_team_player_1 | CA8: Intermission | CC8: Away Penalty | CG8: OffensivePlay-Delay | CO8: OffensivePlay-Delay | CQ8: DefensivePlay-BeatMiddle
A9: Penalty | C9: Shot-Blocked | E9: Shot-Bat | G9: Delay | I9: BeatMiddle | V9: Shot_TippedOnNetSaved | AF9: Pass-Lob | AG9: Pass-Lob | AH9: Pass-Lob | AI9: Pass-Lob | AJ9: Giveaway-ShotMissed | AK9: Takeaway-Other | AL9: ZoneEntry-Lob | AM9: ZoneExit-CausedTurnover | AO9: Penalty-GoalieInterference | AP9: Penalty-GoalieInterference | AQ9: Penalty-GoalieInterference | AR9: Stoppage-GoalieStoppage | AU9: Shot-Poke | AV9: Shot-Poke | AW9: Shot-Poke | AX9: Shot-Poke | AY9: Shot-Poke | AZ9: Shot-Poke | BA9: Save-Chest | BB9: Save-Chest | BC9: Shot-Poke | BD9: Shot-Poke | BE9: Shot-Poke | BF9: Shot-Poke | BG9: Shot-Cradle | BH9: Shot-Cradle | BI9: Shot-Cradle | BJ9: Shot-Poke | BK9: Shot-Cradle | BL9: Shot-Cradle | BM9: Goal-Cradle | BN9: Goal-Poke | BO9: Goal-Poke | BP9: Save-Chest | BR9: Play-Delay | BS9: Play-BeatWide | BU9: Stoppage | BV9: None | BX9: opp_team_player_2 | CA9: DelayedPenalty | CC9: Home Goalie Stoppage | CG9: OffensivePlay-Deke | CO9: OffensivePlay-Deke | CQ9: DefensivePlay-BeatWide
A10: PenaltyShot_Shootout | C10: Shot-BlockedSameTeam | E10: Shot-Cradle | G10: Deke | I10: BeatWide | V10: Shot_OnNetGoal | AF10: Pass-Drop | AG10: Pass-Drop | AH10: Pass-Drop | AI10: Pass-Drop | AJ10: Giveaway-ZoneClear/Dump | AL10: ZoneEntry-RushBreakaway | AM10: ZoneExit-Other | AO10: Penalty-HighSticking | AP10: Penalty-HighSticking | AQ10: Penalty-HighSticking | AR10: Stoppage-PuckOutofPlay | AU10: Shot-BetweenLegs | AV10: Shot-BetweenLegs | AW10: Shot-BetweenLegs | AX10: Shot-BetweenLegs | AY10: Shot-BetweenLegs | AZ10: Shot-BetweenLegs | BA10: Save-Shoulder | BB10: Save-Shoulder | BC10: Shot-BetweenLegs | BD10: Shot-BetweenLegs | BE10: Shot-BetweenLegs | BF10: Shot-BetweenLegs | BG10: Shot-Poke | BH10: Shot-Poke | BI10: Shot-Poke | BJ10: Shot-BetweenLegs | BK10: Shot-Poke | BL10: Shot-Poke | BM10: Goal-Poke | BN10: Goal-BetweenLegs | BO10: Goal-BetweenLegs | BP10: Save-Other | BR10: Play-Deke | BS10: Play-BeatDeke | BU10: Hit | BV10: Involved | BX10: opp_team_player_3 | CA10: GameStart | CC10: Away Goalie Stoppage | CG10: OffensivePlay-Chip | CO10: OffensivePlay-Chip | CQ10: DefensivePlay-BeatDeke
A11: Stoppage | C11: Shot-Deflected | E11: Shot-Poke | G11: Chip | I11: BeatDeke | V11: Shot_OnNetTippedGoal | AF11: Pass-Deflected/TippedShot | AG11: Pass-Deflected/TippedShot | AH11: Pass-Deflected/TippedShot | AI11: Pass-Deflected/TippedShot | AJ11: Giveaway-AttemptedZoneClear/Dump | AL11: ZoneEntry-CausedTurnover | AO11: Penalty-Holding | AP11: Penalty-Holding | AQ11: Penalty-Holding | AR11: Stoppage-Penalty | AU11: Shot-Tip | AV11: Shot-Tip | AW11: Shot-Other | AX11: Shot-Other | AY11: Shot-Other | AZ11: Shot-Other | BA11: Save-Skate | BB11: Save-Skate | BC11: Shot-Dumpin | BD11: Shot-Dumpin | BE11: Shot-Dumpin | BF11: Shot-Dumpin | BG11: Shot-BetweenLegs | BH11: Shot-BetweenLegs | BI11: Shot-BetweenLegs | BJ11: Shot-Dumpin | BK11: Shot-BetweenLegs | BL11: Shot-BetweenLegs | BM11: Goal-BetweenLegs | BN11: Goal-Other | BO11: Goal-Other | BR11: Play-Chip | BS11: Play-BeatSpeed | BU11: Possession | BV11: Involved | BX11: opp_team_player_4 | CC11: Home Offside | CG11: OffensivePlay-Other | CO11: OffensivePlay-Other | CQ11: DefensivePlay-BeatSpeed
A12: Hit | C12: Shot-DeflectedOnNet | E12: Shot-BetweenLegs | G12: Other | I12: BeatSpeed | V12: Shot_OnNetDeflectedGoal | AF12: Pass-ReceiverMissed | AG12: Pass-ReceiverMissed | AH12: Pass-ReceiverMissed | AI12: Pass-ReceiverMissed | AJ12: Giveaway-ZoneEntry/ExitMisplay | AL12: ZoneEntry-Other | AO12: Penalty-Interference | AP12: Penalty-Interference | AQ12: Penalty-Interference | AR12: Stoppage-Goal | AU12: Shot-Other | AV12: Shot-Other | BA12: Save-Other | BB12: Save-Other | BC12: Shot-OneTime | BD12: Shot-OneTime | BE12: Shot-OneTime | BF12: Shot-OneTime | BG12: Shot-Dumpin | BH12: Shot-Dumpin | BI12: Shot-Dumpin | BJ12: Shot-OneTime | BK12: Shot-Dumpin | BL12: Shot-Dumpin | BM12: Goal-Dumpin | BR12: Play-Other | BS12: Play-BoxOut | BU12: LoosePuck | BV12: None | BX12: opp_team_player_5 | CC12: Home Icing | CG12: OffensivePlay-DumpChase | CO12: OffensivePlay-DumpChase | CQ12: DefensivePlay-BoxOut
A13: Possession | C13: Shot-Tipped | E13: Shot-Dumpin | G13: DumpChase | I13: BoxOut | V13: Shot_Goal | AF13: Pass-Other | AG13: Pass-Other | AH13: Pass-Other | AI13: Pass-Other | AJ13: Giveaway-DumpInZone | AO13: Penalty-Hooking | AP13: Penalty-Fighting | AQ13: Penalty-Fighting | BC13: Shot-Tip | BD13: Shot_Tipped | BE13: Shot_Tipped | BF13: Shot_Tipped | BG13: Shot-OneTime | BH13: Shot-OneTime | BI13: Shot-OneTime | BJ13: Shot-Other | BK13: Shot-OneTime | BL13: Shot-OneTime | BM13: Goal-Deflection | BR13: Play-DumpChase | BS13: Play-AttemptedClear | BU13: Save | BV13: Involved | BX13: opp_team_player_6 | CC13: Away Offside | CG13: OffensivePlay-Forecheck | CO13: OffensivePlay-Forecheck | CQ13: DefensivePlay-AttemptedClear
A14: LoosePuck | C14: Pass-Completed | E14: Shot-Deflection | G14: Forecheck | I14: Other | AJ14: Giveaway-Other | AO14: Penalty-Roughing | AP14: Penalty-Hooking | AQ14: Penalty-Hooking | BC14: Shot-Other | BD14: Shot-Other | BE14: Shot-Other | BF14: Shot-Other | BG14: Shot-Other | BH14: Shot-Other | BI14: Shot-Other | BJ14: Shot-Deflection | BK14: Shot-Other | BL14: Shot-Other | BM14: Goal-OneTime | BR14: Play-Forecheck | BS14: Play-Other | BU14: TeamPossessionChange | BV14: None | CC14: Away Icing | CG14: OffensivePlay-Speed | CO14: OffensivePlay-Speed | CQ14: DefensivePlay-Other
A15: Save | C15: Pass-Missed | E15: Shot-OneTime | G15: Speed | AO15: Penalty-Slashing | AP15: Penalty-Roughing | AQ15: Penalty-Roughing | BJ15: Shot-Tip | BM15: Goal-Other | BR15: Play-Speed | BU15: Rebound | BV15: Invoived | CC15: Clock Problem | CG15: OffensivePlay-Dump/RimInZone | CO15: OffensivePlay-Dump/RimInZone | CQ15: DefensivePlay-BlockedShot
A16: TeamPossessionChange | C16: Pass-Deflected | E16: Shot-Other | AO16: Penalty-TooManyMenontheIce | AP16: Penalty-Slashing | AQ16: Penalty-Slashing | BR16: Play-Dump/RimInZone | CC16: Puck Frozen | CG16: DefensivePlay-PokeCheck | CO16: OffensivePlay-Shot | CQ16: DefensivePlay-PassBlocked
A17: Rebound | C17: Pass-Intercepted | E17: Pass-Stretch | AO17: Penalty-Tripping | AP17: Penalty-Misconduct | AQ17: Penalty-Misconduct | CC17: Puck in Crowd | CG17: DefensivePlay-PokeCheckFailed | CO17: OffensivePlay-Pass | CQ17: DefensivePlay-PassIntercepted
A18: DeadIce | C18: Turnover-Giveaway | E18: Pass-Rim/Wrap | AO18: Penalty-Other | AP18: Penalty-TooManyMenontheIce | AQ18: Penalty-TooManyMenontheIce | CC18: Goalie Stopped (after SOG) | CG18: DefensivePlay-SeperateFromPuck | CO18: OffensivePlay-Breakout | CQ18: OffensivePlay-FrontofNet
A19: Play | C19: Turnover-Takeaway | E19: Pass-Backhand | AP19: Penalty-Tripping | AQ19: Penalty-Tripping | CC19: Referee or Linesperson | CG19: DefensivePlay-Backcheck | CO19: OffensivePlay-AssistPrimary | CQ19: DefensivePlay-FrontofNet
A20: Timeout | C20: Zone-Entry | E20: Pass-Forehand | AP20: Penalty-UnsportsmanlikeConduct | AQ20: Penalty-UnsportsmanlikeConduct | CC20: High Stick | CG20: DefensivePlay-FroceWide | CO20: OffensivePlay-AssistSecondary | CQ20: OffensivePlay-DumpInAttempt
A21: Intermission | C21: Zone-Exit | E21: Pass-Bank | AP21: Penalty-Other | AQ21: Penalty-Other | CC21: Objects on Ice | CG21: DefensivePlay-Contain | CO21: OffensivePlay-OpenIceDeke | CQ21: DefensivePlay-ClearingAttempt
A22: Clockstop | C22: Zone-Keepin | E22: Pass-Other | CC22: Hand Pass | CG22: DefensivePlay-BeatMiddle | CO22: OffensivePlay-PuckRetrievalDumpIn | CQ22: DefensivePlay-PuckRetrievalDumpIn
A23: GameStart | C23: Penalty | E23: Giveaway-Misplayed | CC23: Premature Substitution | CG23: DefensivePlay-BeatWide | CO23: OffensivePlay-PuckRetrievalShot | CQ23: DefensivePlay-PuckRetrievalShot
A24: GameEnd | C24: Penalty-Offsetting | E24: Giveaway-BattleLost | CC24: Puck in Netting | CG24: DefensivePlay-BeatDeke | CO24: OffensivePlay-PuckRetreivalTurnover | CQ24: DefensivePlay-PuckRetreivalTurnover
A25: Penalty_Delayed | C25: Stoppage-Freeze | E25: Giveaway-PassIntercepted | CC25: Puck in Benches | CG25: DefensivePlay-BeatSpeed | CO25: OffensivePlay-PuckRetreivalPass | CQ25: DefensivePlay-PuckRetreivalPass
C26: Stoppage-OutfofPlay | E26: Giveaway-PassMissed | CC26: Net Dislodged Offensive Skater | CG26: DefensivePlay-BoxOut | CO26: OffensivePlay-Cycle | CQ26: DefnsivePlay-ForceedDumpin/Clear
C27: Stoppage-PeriodEnd | E27: Giveaway-PassBlocked | CC27: Puck Frzn-Goalie-Bynd Ctr | CG27: DefensivePlay-AttemptedClear | CO27: OffensivePlay-EndToEndRush | CQ27: DefensivePlay-Pressure
C28: Stoppage-Goal | E28: Giveaway-ShotBlocked | CC28: Skater Puck Frozen | CG28: DefensivePlay-Other | CQ28: DefensivePlay-ZoneEntryDenial
C29: Stoppage-Penalty | E29: Giveaway-ShotMissed | CC29: Valid stoppage type reasons (reason): | CG29: OffensivePlay-Shot | CQ29: DefensivePlay-ZoneExitDenial
C30: Shootout-OnNet | E30: Giveaway-Other | CC30: TV timeout | CG30: OffensivePlay-Pass
C31: Shootout-Missed | E31: Takeaway-BattleWon | CC31: Home Timeout | CG31: OffensivePlay_Breakout
C32: Shootout-Saved | E32: Takeaway-PokeCheck | CC32: Visitor Timeout | CG32: OffensivePlay-AssistPrimary
C33: PenaltyShot-OnNet | E33: Takeaway-PassIntercepted | CC33: Player Injury | CG33: OffensivePlay-AssistSecondary
C34: PenaltyShot-Missed | E34: Takeaway-PassBlocked | CC34: Official Injury | CG34: DefensivePlay-BlockedShot
C35: PenaltyShot-Saved | E35: Takeaway-ShotBlocked | CC35: Rink Repair | CG35: DefensivePlay-PassBlocked
C36: LoosePuck-Forecheck | E36: Takeaway-Other | CC36: Ice problem | CG36: DefensivePlay-PassIntercepted
C37: LoosePuck-Battle | E37: ZoneEntry-Rush | CC37: Player Equipment | CG37: OffensivePlay-FrontofNet
C38: Save-Rebound | E38: ZoneEntry-Pass | CC38: Video Review | CG38: DefensivePlay-FrontofNet
C39: Save-Freeze | E39: ZoneEntry-DumpIn | CC39: Chlg Hm - off-side | CG39: OffensivePlay-DumpInAttempt
C40: Save | E40: ZoneExit-Rush | CC40: Chlg Vis - off-side | CG40: DefensivePlay-ClearingAttempt
C41: DeadIce | E41: ZoneExit-Pass | CC41: Chlg Hm - goal interference | CG41: OffensivePlay-OpenIceDeke
... C43: Faceoff-GameStart | E43: Zone-KeepIn | CC43: Chlg League - off-side | CG43: OffensivePlay-PuckRetrievalShot
E44: Zone-Pinch | CC44: Chlg League - goal interference | CG44: OffensivePlay-PuckRetreivalTurnover
E45: Zone-Other | CC45: Switch sides | CG45: OffensivePlay-PuckRetreivalPass
E46: Save-Glove | CC46: Chlg Hm - Missed stoppage | CG46: DefensivePlay-PuckRetrievalDumpIn
E47: Save-Blocker | CC47: Chlg Vis - Missed stoppage | CG47: DefensivePlay-PuckRetrievalShot
E48: Save-LeftPad | CC48: Chlg League - Missed stoppage | CG48: DefensivePlay-PuckRetreivalTurnover
E49: Save-RightPad | CC49: Chlg Hm - puck over glass | CG49: DefensivePlay-PuckRetreivalPass
E50: Save-Stick | CC50: Chlg Vis - puck over glass | CG50: DefnsivePlay-ForceedDumpin/Clear
E51: Save-Scramble | CC51: Chlg League - puck over glass | CG51: DefensivePlay-Pressure
E52: Save-Butterfly | CC52: Home Goal | CG52: DefensivePlay-ZoneEntryDenial
E53: Save-Chest | CC53: Away Goal | CG53: DefensivePlay-ZoneExitDenial
E54: Save-Other | CC54: Away Goalie Stopped (after Home SOG)
E55: Stoppage-StartofShootout | CC55: Home Goalie Stopped (after Away SOG)
E56: Stoppage-PeriodStart | CC56: DeadIce/Stoppage
E57: Stoppage-PeriodEnd | CC57: Offset Penalty
E58: Stoppage-PuckOutofPlay | CC58: GameEnd
E59: Stoppage-Penalty
E60: Stoppage-Icing
E61: Stoppage-Offsides
E62: Stoppage-GoalieStoppage
E63: Stoppage-ClockProblem
E64: Stoppage-HighStick
E65: Stoppage-ObjectsonIce
E66: Stoppage-HandPass
E67: Stoppage-NetDislodged
E68: Stoppage-HomeTimeout
E69: Stoppage-VisitorTimeout
E70: Stoppage-Injury
... E98: Play-Defensive

Sheet events
A1: event_index | B1: linked_event_index | C1: sequence_index | D1: play_index | E1: Period | F1: event_start_min_ | G1: event_start_sec_ | H1: event_end_min_ | I1: event_end_sec_ | J1: event_start_min | K1: event_start_sec | L1: event_end_min | M1: event_end_sec | N1: Team | O1: Player | P1: role_abrev | Q1: Type_ | R1: event_detail_ | S1: event_detail_2_ | T1: successful | U1: play_detail1 | V1: play_detail2 | W1: play_detail_successful | X1: event_team_zone | Y1: home_team_zone | Z1: away_team_zone | AA1: forced | AB1: pressure | AC1: Type | AD1: event_detail | AE1: event_detail_2 | AF1: side_of_puck | AG1: game_id | AH1: home_team | AI1: away_team | AJ1: duration | AK1: time_start_total_seconds | AL1: time_end_total_seconds | AM1: shift_index | AN1: player_role | AO1: role_number | AP1: running_intermission_duration | AQ1: period_start_total_running_seconds | AR1: running_video_time | AS1: event_running_start | AT1: event_running_end | AU1: event_id | AV1: play_id | AW1: sequence_id | AX1: next_event | AY1: last_event | AZ1: next_faceoff | BA1: last_faceoff | BB1: next_team_zone_entry | BC1: last_team_zone_entry | BD1: next_team_zone_exit | BE1: next_team_zone_exit | BF1: next_team_shot | BG1: last_team_shot | BH1: next_team_goal | BI1: last_team_goal | BJ1: associated_faceoff_id | BK1: associated_pass_id1 | BL1: associated_pass_id2 | BM1: associated_pass_id3 | BN1: associated_pass_id4 | BO1: associated_zone_entry | BP1: assocaited_zone_exit | BQ1: assocaited_penalty | BR1: assocaited_shot1 | BS1: assocaited_shot2 | BT1: assocaited_shot3 | BU1: assocaited_shot4 | BV1: associated_save1 | BW1: associated_save2 | BX1: associated_save3 | BY1: associated_save4 | BZ1: associated_turnover1 | CA1: associated_turnover2 | CB1: associated_turnover3 | CC1: associated_turnover4 | CD1: assocaited_possession1 | CE1: assocaited_possession2 | CF1: assocaited_possession3 | CG1: assocaited_possession4 | CH1: associated_breakout | CI1: assocaited_assist_primary | CJ1: assocaited_assist_secondary | CK1: faceoff_id | CL1: pass_id | CM1: turnover_id | CN1: shot_id | CO1: save_id | CP1: rebound_id | CQ1: goal_id | CR1: penalty_id | CS1: zone_entry_id | CT1: zone_exit_id | CU1: possession_id | CV1: pre_shot_pass | CW1: failed_entry | CX1: failed_exit | CY1: retreival_lead_to_breakout | CZ1: botched_retreivals | DA1: possession_change
A2: 0 | E2: 1 | L2: =IF(H2<>"",H2,IF($A2=$A1,L1,"")) | M2: =IF(I2<>"",I2,IF($A2=$A1,M1,"")) | Q2: GameStart | R2: Faceoff_GameStart | Y2: =IF(N2="","",IF(N2="Home",X2,"")) | AC2: =IF(Q2<>"",Q2,IF(A2=A1,Q2,"")) -> GameStart | AG2: 18981 | AH2: Nelson | AI2: Velodrome | AQ2: 0 | AR2: 0 | AS2: =IF(AR2<5,0,AR2-5) -> 0 | AT2: =AS2+AJ2+5 -> 5
A3: 1 | E3: =IF(Q3="Intermission",E2+1,E2) -> 1 | F3: 18 | G3: 00 | J3: =IF(F3<>"",F3,IF($A3=$A2,J2,J3)) -> 18 | K3: =IF($A3=$A2,K2,G3) -> 00 | L3: =IF(H3<>"",H3,IF($A3=$A2,L2,"")) | M3: =IF(I3<>"",I3,IF($A3=$A2,M2,"")) | N3: Away | O3: 70 | P3: e | Q3: Faceoff | R3: Faceoff_PeriodStart | Y3: =IF($N3="","",IF(X3="","",IF($N3="Home",$X3,IF($X3="n","n",IF($X3="d","o",IF($X3="o","d","")))))) | Z3: =IF($N3="","",IF(X3="","",IF($N3="Away",$X3,IF($X3="n","n",IF($X3="d","o",IF($X3="o","d","")))))) | AC3: =IF(Q3<>"",Q3,IF($A3=$A2,AC2,"")) -> Faceoff | AD3: =IF(R3<>"",R3,IF($A3=$A2,AD2,"")) -> Faceoff_PeriodStart | AE3: =IF(S3<>"",S3,IF($A3=$A2,AE2,"")) | AF3: =IF(AND(P3="e",OR(AC3="Save",AD3="Turnover_Takeaway",AD3="Play_Defensive")),"Defensive",IF(AND(P3="o",OR(AC3="Save",AD3="Turnover_Takeaway",AD3="Play_Defensive")),"Offensive",IF(OR(AC3="Deadice",AC3="Stoppage",AC3="Intermission"),"",IF(P3="e","Offensive",IF(P3="o","Defensive",""))))) -> Offensive | AG3: =AG2 -> 18981 | AH3: =AH2 -> Nelson | AI3: =AI2 -> Velodrome | AJ3: =IF(AND(L3="",M3=""),0,((J3*60)+K3)-((L3*60)+M3)) -> 0 | AK3: =(J3*60)+K3 -> 1080 | AL3: =IF(AND(L3="",M3=""),AK3,((L3*60)+M3)) -> 1080 | AM3: {=_xlfn._xlws.FILTER(shifts!A:A,(shifts!B:B=events!E3)*(shifts!AG:AG>=events!AK3)*(shifts!AH:AH<=events!AL3))} -> 1 | AN3: =IF(P3="e","event_team_player_"&AO3,IF(P3="o","opp_team_player_"&AO3,"")) -> event_team_player_1 | AO3: =COUNTIFS(A$3:A3,"="&A3,P$3:P3,"="&P3) -> 1 | AP3: =SUMIFS(AJ3:AJ3,Q3:Q3,"=Intermission") -> 0 | AQ3: =IF(E3=1,0,IF(E3=2,1080+AP3,IF(E3=3,(1080*2)+AP3,0))) -> 0 | AR3: =IF(Q3="Intermission",AR2,((1080)-((J3*60)+K3))+AQ3) -> 0 | AS3: =IF(AR3<5,0,AR3-5) -> 0 | AT3: =AS3+AJ3+5 -> 5
A4: 1 | E4: =IF(Q4="Intermission",E3+1,E3) -> 1 | J4: =IF(F4<>"",F4,IF($A4=$A3,J3,J4)) -> 18 | K4: =IF($A4=$A3,K3,G4) -> 00 | L4: =IF(H4<>"",H4,IF($A4=$A3,L3,"")) | M4: =IF(I4<>"",I4,IF($A4=$A3,M3,"")) | N4: =IF(A4=A3,N3,"") -> Away | O4: 87 | P4: e | Y4: =IF($N4="","",IF(X4="","",IF($N4="Home",$X4,IF($X4="n","n",IF($X4="d","o",IF($X4="o","d","")))))) | Z4: =IF($N4="","",IF(X4="","",IF($N4="Away",$X4,IF($X4="n","n",IF($X4="d","o",IF($X4="o","d","")))))) | AC4: =IF(Q4<>"",Q4,IF($A4=$A3,AC3,"")) -> Faceoff | AD4: =IF(R4<>"",R4,IF($A4=$A3,AD3,"")) -> Faceoff_PeriodStart | AE4: =IF(S4<>"",S4,IF($A4=$A3,AE3,"")) | AF4: =IF(AND(P4="e",OR(AC4="Save",AD4="Turnover_Takeaway",AD4="Play_Defensive")),"Defensive",IF(AND(P4="o",OR(AC4="Save",AD4="Turnover_Takeaway",AD4="Play_Defensive")),"Offensive",IF(OR(AC4="Deadice",AC4="Stoppage",AC4="Intermission"),"",IF(P4="e","Offensive",IF(P4="o","Defensive",""))))) -> Offensive | AG4: =AG3 -> 18981 | AH4: =AH3 -> Nelson | AI4: =AI3 -> Velodrome | AJ4: =IF(AND(L4="",M4=""),0,((J4*60)+K4)-((L4*60)+M4)) -> 0 | AK4: =(J4*60)+K4 -> 1080 | AL4: =IF(AND(L4="",M4=""),AK4,((L4*60)+M4)) -> 1080 | AM4: {=_xlfn._xlws.FILTER(shifts!A:A,(shifts!B:B=events!E4)*(shifts!AG:AG>=events!AK4)*(shifts!AH:AH<=events!AL4))} -> 1 | AN4: =IF(P4="e","event_team_player_"&AO4,IF(P4="o","opp_team_player_"&AO4,"")) -> event_team_player_2 | AO4: =COUNTIFS(A$3:A4,"="&A4,P$3:P4,"="&P4) -> 2 | AP4: =SUMIFS(AJ4:AJ4,Q4:Q4,"=Intermission") -> 0 | AQ4: =IF(E4=1,0,IF(E4=2,1080+AP4,IF(E4=3,(1080*2)+AP4,0))) -> 0 | AR4: =IF(Q4="Intermission",AR3,((1080)-((J4*60)+K4))+AQ4) -> 0 | AS4: =IF(AR4<5,0,AR4-5) -> 0 | AT4: =AS4+AJ4+5 -> 5
A5: 1 | E5: =IF(Q5="Intermission",E4+1,E4) -> 1 | J5: =IF(F5<>"",F5,IF($A5=$A4,J4,J5)) -> 18 | K5: =IF($A5=$A4,K4,G5) -> 00 | L5: =IF(H5<>"",H5,IF($A5=$A4,L4,"")) | M5: =IF(I5<>"",I5,IF($A5=$A4,M4,"")) | N5: =IF(A5=A4,N4,"") -> Away | O5: 10 | P5: o | Y5: =IF($N5="","",IF(X5="","",IF($N5="Home",$X5,IF($X5="n","n",IF($X5="d","o",IF($X5="o","d","")))))) | Z5: =IF($N5="","",IF(X5="","",IF($N5="Away",$X5,IF($X5="n","n",IF($X5="d","o",IF($X5="o","d","")))))) | AC5: =IF(Q5<>"",Q5,IF($A5=$A4,AC4,"")) -> Faceoff | AD5: =IF(R5<>"",R5,IF($A5=$A4,AD4,"")) -> Faceoff_PeriodStart | AE5: =IF(S5<>"",S5,IF($A5=$A4,AE4,"")) | AF5: =IF(AND(P5="e",OR(AC5="Save",AD5="Turnover_Takeaway",AD5="Play_Defensive")),"Defensive",IF(AND(P5="o",OR(AC5="Save",AD5="Turnover_Takeaway",AD5="Play_Defensive")),"Offensive",IF(OR(AC5="Deadice",AC5="Stoppage",AC5="Intermission"),"",IF(P5="e","Offensive",IF(P5="o","Defensive",""))))) -> Defensive | AG5: =AG4 -> 18981 | AH5: =AH4 -> Nelson | AI5: =AI4 -> Velodrome | AJ5: =IF(AND(L5="",M5=""),0,((J5*60)+K5)-((L5*60)+M5)) -> 0 | AP5: =SUMIFS(AJ5:AJ5,Q5:Q5,"=Intermission") -> 0 | AQ5: =IF(E5=1,0,IF(E5=2,1080+AP5,IF(E5=3,(1080*2)+AP5,0))) -> 0 | AR5: =IF(Q5="Intermission",AR4,((1080)-((J5*60)+K5))+AQ5) -> 0 | AS5: =IF(AR5<5,0,AR5-5) -> 0 | AT5: =AS5+AJ5+5 -> 5
A6: 2 | E6: =IF(Q6="Intermission",E5+1,E5) -> 1 | F6: 17 | G6: 59 | H6: 17 | I6: 56 | J6: =IF(F6<>"",F6,IF($A6=$A5,J5,J6)) -> 17 | K6: =IF($A6=$A5,K5,G6) -> 59 | L6: =IF(H6<>"",H6,IF($A6=$A5,L5,"")) -> 17 | M6: =IF(I6<>"",I6,IF($A6=$A5,M5,"")) -> 56 | N6: Away | O6: 87 | P6: e | Q6: Possession | Y6: =IF($N6="","",IF(X6="","",IF($N6="Home",$X6,IF($X6="n","n",IF($X6="d","o",IF($X6="o","d","")))))) | Z6: =IF($N6="","",IF(X6="","",IF($N6="Away",$X6,IF($X6="n","n",IF($X6="d","o",IF($X6="o","d","")))))) | AC6: =IF(Q6<>"",Q6,IF($A6=$A5,AC5,"")) -> Possession | AD6: =IF(R6<>"",R6,IF($A6=$A5,AD5,"")) | AE6: =IF(S6<>"",S6,IF($A6=$A5,AE5,"")) | AF6: =IF(AND(P6="e",OR(AC6="Save",AD6="Turnover_Takeaway",AD6="Play_Defensive")),"Defensive",IF(AND(P6="o",OR(AC6="Save",AD6="Turnover_Takeaway",AD6="Play_Defensive")),"Offensive",IF(OR(AC6="Deadice",AC6="Stoppage",AC6="Intermission"),"",IF(P6="e","Offensive",IF(P6="o","Defensive",""))))) -> Offensive | AG6: =AG5 -> 18981 | AH6: =AH5 -> Nelson | AI6: =AI5 -> Velodrome | AJ6: =IF(AND(L6="",M6=""),0,((J6*60)+K6)-((L6*60)+M6)) -> 3 | AP6: =SUMIFS(AJ6:AJ6,Q6:Q6,"=Intermission") -> 0 | AQ6: =IF(E6=1,0,IF(E6=2,1080+AP6,IF(E6=3,(1080*2)+AP6,0))) -> 0 | AR6: =IF(Q6="Intermission",AR5,((1080)-((J6*60)+K6))+AQ6) -> 1 | AS6: =IF(AR6<5,0,AR6-5) -> 0 | AT6: =AS6+AJ6+5 -> 8
A7: 2 | E7: =IF(Q7="Intermission",E6+1,E6) -> 1 | J7: =IF(F7<>"",F7,IF($A7=$A6,J6,J7)) -> 17 | K7: =IF($A7=$A6,K6,G7) -> 59 | L7: =IF(H7<>"",H7,IF($A7=$A6,L6,"")) -> 17 | M7: =IF(I7<>"",I7,IF($A7=$A6,M6,"")) -> 56 | N7: =IF(A7=A6,N6,"") -> Away | O7: 15 | P7: o | Y7: =IF($N7="","",IF(X7="","",IF($N7="Home",$X7,IF($X7="n","n",IF($X7="d","o",IF($X7="o","d","")))))) | Z7: =IF($N7="","",IF(X7="","",IF($N7="Away",$X7,IF($X7="n","n",IF($X7="d","o",IF($X7="o","d","")))))) | AC7: =IF(Q7<>"",Q7,IF($A7=$A6,AC6,"")) -> Possession | AD7: =IF(R7<>"",R7,IF($A7=$A6,AD6,"")) | AE7: =IF(S7<>"",S7,IF($A7=$A6,AE6,"")) | AF7: =IF(AND(P7="e",OR(AC7="Save",AD7="Turnover_Takeaway",AD7="Play_Defensive")),"Defensive",IF(AND(P7="o",OR(AC7="Save",AD7="Turnover_Takeaway",AD7="Play_Defensive")),"Offensive",IF(OR(AC7="Deadice",AC7="Stoppage",AC7="Intermission"),"",IF(P7="e","Offensive",IF(P7="o","Defensive",""))))) -> Defensive | AG7: =AG6 -> 18981 | AH7: =AH6 -> Nelson | AI7: =AI6 -> Velodrome | AJ7: =IF(AND(L7="",M7=""),0,((J7*60)+K7)-((L7*60)+M7)) -> 3 | AP7: =SUMIFS(AJ7:AJ7,Q7:Q7,"=Intermission") -> 0 | AQ7: =IF(E7=1,0,IF(E7=2,1080+AP7,IF(E7=3,(1080*2)+AP7,0))) -> 0 | AR7: =IF(Q7="Intermission",AR6,((1080)-((J7*60)+K7))+AQ7) -> 1 | AS7: =IF(AR7<5,0,AR7-5) -> 0 | AT7: =AS7+AJ7+5 -> 8
A8: 3 | E8: =IF(Q8="Intermission",E7+1,E7) -> 1 | F8: 17 | G8: 56 | H8: 17 | I8: 55 | J8: =IF(F8<>"",F8,IF($A8=$A7,J7,J8)) -> 17 | K8: =IF($A8=$A7,K7,G8) -> 56 | L8: =IF(H8<>"",H8,IF($A8=$A7,L7,"")) -> 17 | M8: =IF(I8<>"",I8,IF($A8=$A7,M7,"")) -> 55 | N8: Away | O8: 87 | P8: e | Q8: Zone_Entry_Exit | R8: Zone_Entry | S8: ZoneEntry-Rush | Y8: =IF($N8="","",IF(X8="","",IF($N8="Home",$X8,IF($X8="n","n",IF($X8="d","o",IF($X8="o","d","")))))) | Z8: =IF($N8="","",IF(X8="","",IF($N8="Away",$X8,IF($X8="n","n",IF($X8="d","o",IF($X8="o","d","")))))) | AC8: =IF(Q8<>"",Q8,IF($A8=$A7,AC7,"")) -> Zone_Entry_Exit | AD8: =IF(R8<>"",R8,IF($A8=$A7,AD7,"")) -> Zone_Entry | AE8: =IF(S8<>"",S8,IF($A8=$A7,AE7,"")) -> ZoneEntry-Rush | AF8: =IF(AND(P8="e",OR(AC8="Save",AD8="Turnover_Takeaway",AD8="Play_Defensive")),"Defensive",IF(AND(P8="o",OR(AC8="Save",AD8="Turnover_Takeaway",AD8="Play_Defensive")),"Offensive",IF(OR(AC8="Deadice",AC8="Stoppage",AC8="Intermission"),"",IF(P8="e","Offensive",IF(P8="o","Defensive",""))))) -> Offensive | AG8: =AG7 -> 18981 | AH8: =AH7 -> Nelson | AI8: =AI7 -> Velodrome | AJ8: =IF(AND(L8="",M8=""),0,((J8*60)+K8)-((L8*60)+M8)) -> 1 | AP8: =SUMIFS(AJ8:AJ8,Q8:Q8,"=Intermission") -> 0 | AQ8: =IF(E8=1,0,IF(E8=2,1080+AP8,IF(E8=3,(1080*2)+AP8,0))) -> 0 | AR8: =IF(Q8="Intermission",AR7,((1080)-((J8*60)+K8))+AQ8) -> 4 | AS8: =IF(AR8<5,0,AR8-5) -> 0 | AT8: =AS8+AJ8+5 -> 6
A9: 3 | E9: =IF(Q9="Intermission",E8+1,E8) -> 1 | J9: =IF(F9<>"",F9,IF($A9=$A8,J8,J9)) -> 17 | K9: =IF($A9=$A8,K8,G9) -> 56 | L9: =IF(H9<>"",H9,IF($A9=$A8,L8,"")) -> 17 | M9: =IF(I9<>"",I9,IF($A9=$A8,M8,"")) -> 55 | N9: =IF(A9=A8,N8,"") -> Away | O9: 15 | P9: o | Y9: =IF($N9="","",IF(X9="","",IF($N9="Home",$X9,IF($X9="n","n",IF($X9="d","o",IF($X9="o","d","")))))) | Z9: =IF($N9="","",IF(X9="","",IF($N9="Away",$X9,IF($X9="n","n",IF($X9="d","o",IF($X9="o","d","")))))) | AC9: =IF(Q9<>"",Q9,IF($A9=$A8,AC8,"")) -> Zone_Entry_Exit | AD9: =IF(R9<>"",R9,IF($A9=$A8,AD8,"")) -> Zone_Entry | AE9: =IF(S9<>"",S9,IF($A9=$A8,AE8,"")) -> ZoneEntry-Rush | AF9: =IF(AND(P9="e",OR(AC9="Save",AD9="Turnover_Takeaway",AD9="Play_Defensive")),"Defensive",IF(AND(P9="o",OR(AC9="Save",AD9="Turnover_Takeaway",AD9="Play_Defensive")),"Offensive",IF(OR(AC9="Deadice",AC9="Stoppage",AC9="Intermission"),"",IF(P9="e","Offensive",IF(P9="o","Defensive",""))))) -> Defensive | AG9: =AG8 -> 18981 | AH9: =AH8 -> Nelson | AI9: =AI8 -> Velodrome | AJ9: =IF(AND(L9="",M9=""),0,((J9*60)+K9)-((L9*60)+M9)) -> 1 | AP9: =SUMIFS(AJ9:AJ9,Q9:Q9,"=Intermission") -> 0 | AQ9: =IF(E9=1,0,IF(E9=2,1080+AP9,IF(E9=3,(1080*2)+AP9,0))) -> 0 | AR9: =IF(Q9="Intermission",AR8,((1080)-((J9*60)+K9))+AQ9) -> 4 | AS9: =IF(AR9<5,0,AR9-5) -> 0 | AT9: =AS9+AJ9+5 -> 6
A10: 3 | E10: =IF(Q10="Intermission",E9+1,E9) -> 1 | J10: =IF(F10<>"",F10,IF($A10=$A9,J9,J10)) -> 17 | K10: =IF($A10=$A9,K9,G10) -> 56 | L10: =IF(H10<>"",H10,IF($A10=$A9,L9,"")) -> 17 | M10: =IF(I10<>"",I10,IF($A10=$A9,M9,"")) -> 55 | N10: =IF(A10=A9,N9,"") -> Away | O10: 23 | P10: o | Y10: =IF($N10="","",IF(X10="","",IF($N10="Home",$X10,IF($X10="n","n",IF($X10="d","o",IF($X10="o","d","")))))) | Z10: =IF($N10="","",IF(X10="","",IF($N10="Away",$X10,IF($X10="n","n",IF($X10="d","o",IF($X10="o","d","")))))) | AC10: =IF(Q10<>"",Q10,IF($A10=$A9,AC9,"")) -> Zone_Entry_Exit | AD10: =IF(R10<>"",R10,IF($A10=$A9,AD9,"")) -> Zone_Entry | AE10: =IF(S10<>"",S10,IF($A10=$A9,AE9,"")) -> ZoneEntry-Rush | AF10: =IF(AND(P10="e",OR(AC10="Save",AD10="Turnover_Takeaway",AD10="Play_Defensive")),"Defensive",IF(AND(P10="o",OR(AC10="Save",AD10="Turnover_Takeaway",AD10="Play_Defensive")),"Offensive",IF(OR(AC10="Deadice",AC10="Stoppage",AC10="Intermission"),"",IF(P10="e","Offensive",IF(P10="o","Defensive",""))))) -> Defensive | AG10: =AG9 -> 18981 | AH10: =AH9 -> Nelson | AI10: =AI9 -> Velodrome | AJ10: =IF(AND(L10="",M10=""),0,((J10*60)+K10)-((L10*60)+M10)) -> 1 | AP10: =SUMIFS(AJ10:AJ10,Q10:Q10,"=Intermission") -> 0 | AQ10: =IF(E10=1,0,IF(E10=2,1080+AP10,IF(E10=3,(1080*2)+AP10,0))) -> 0 | AR10: =IF(Q10="Intermission",AR9,((1080)-((J10*60)+K10))+AQ10) -> 4 | AS10: =IF(AR10<5,0,AR10-5) -> 0 | AT10: =AS10+AJ10+5 -> 6
A11: 3 | E11: =IF(Q11="Intermission",E10+1,E10) -> 1 | J11: =IF(F11<>"",F11,IF($A11=$A10,J10,J11)) -> 17 | K11: =IF($A11=$A10,K10,G11) -> 56 | L11: =IF(H11<>"",H11,IF($A11=$A10,L10,"")) -> 17 | M11: =IF(I11<>"",I11,IF($A11=$A10,M10,"")) -> 55 | N11: =IF(A11=A10,N10,"") -> Away | O11: 37 | P11: o | Y11: =IF($N11="","",IF(X11="","",IF($N11="Home",$X11,IF($X11="n","n",IF($X11="d","o",IF($X11="o","d","")))))) | Z11: =IF($N11="","",IF(X11="","",IF($N11="Away",$X11,IF($X11="n","n",IF($X11="d","o",IF($X11="o","d","")))))) | AC11: =IF(Q11<>"",Q11,IF($A11=$A10,AC10,"")) -> Zone_Entry_Exit | AD11: =IF(R11<>"",R11,IF($A11=$A10,AD10,"")) -> Zone_Entry | AE11: =IF(S11<>"",S11,IF($A11=$A10,AE10,"")) -> ZoneEntry-Rush | AF11: =IF(AND(P11="e",OR(AC11="Save",AD11="Turnover_Takeaway",AD11="Play_Defensive")),"Defensive",IF(AND(P11="o",OR(AC11="Save",AD11="Turnover_Takeaway",AD11="Play_Defensive")),"Offensive",IF(OR(AC11="Deadice",AC11="Stoppage",AC11="Intermission"),"",IF(P11="e","Offensive",IF(P11="o","Defensive",""))))) -> Defensive | AG11: =AG10 -> 18981 | AH11: =AH10 -> Nelson | AI11: =AI10 -> Velodrome | AJ11: =IF(AND(L11="",M11=""),0,((J11*60)+K11)-((L11*60)+M11)) -> 1 | AP11: =SUMIFS(AJ11:AJ11,Q11:Q11,"=Intermission") -> 0 | AQ11: =IF(E11=1,0,IF(E11=2,1080+AP11,IF(E11=3,(1080*2)+AP11,0))) -> 0 | AR11: =IF(Q11="Intermission",AR10,((1080)-((J11*60)+K11))+AQ11) -> 4 | AS11: =IF(AR11<5,0,AR11-5) -> 0 | AT11: =AS11+AJ11+5 -> 6
A12: 4 | E12: =IF(Q12="Intermission",E11+1,E11) -> 1 | F12: 17 | G12: 55 | J12: =IF(F12<>"",F12,IF($A12=$A11,J11,J12)) -> 17 | K12: =IF($A12=$A11,K11,G12) -> 55 | L12: =IF(H12<>"",H12,IF($A12=$A11,L11,"")) | M12: =IF(I12<>"",I12,IF($A12=$A11,M11,"")) | N12: Away | O12: 87 | P12: e | Q12: Shot | R12: Shot_Missed | S12: Shot-Wrist | Y12: =IF($N12="","",IF(X12="","",IF($N12="Home",$X12,IF($X12="n","n",IF($X12="d","o",IF($X12="o","d","")))))) | Z12: =IF($N12="","",IF(X12="","",IF($N12="Away",$X12,IF($X12="n","n",IF($X12="d","o",IF($X12="o","d","")))))) | AC12: =IF(Q12<>"",Q12,IF($A12=$A11,AC11,"")) -> Shot | AD12: =IF(R12<>"",R12,IF($A12=$A11,AD11,"")) -> Shot_Missed | AE12: =IF(S12<>"",S12,IF($A12=$A11,AE11,"")) -> Shot-Wrist | AF12: =IF(AND(P12="e",OR(AC12="Save",AD12="Turnover_Takeaway",AD12="Play_Defensive")),"Defensive",IF(AND(P12="o",OR(AC12="Save",AD12="Turnover_Takeaway",AD12="Play_Defensive")),"Offensive",IF(OR(AC12="Deadice",AC12="Stoppage",AC12="Intermission"),"",IF(P12="e","Offensive",IF(P12="o","Defensive",""))))) -> Offensive | AG12: =AG11 -> 18981 | AH12: =AH11 -> Nelson | AI12: =AI11 -> Velodrome | AJ12: =IF(AND(L12="",M12=""),0,((J12*60)+K12)-((L12*60)+M12)) -> 0 | AP12: =SUMIFS(AJ12:AJ12,Q12:Q12,"=Intermission") -> 0 | AQ12: =IF(E12=1,0,IF(E12=2,1080+AP12,IF(E12=3,(1080*2)+AP12,0))) -> 0 | AR12: =IF(Q12="Intermission",AR11,((1080)-((J12*60)+K12))+AQ12) -> 5 | AS12: =IF(AR12<5,0,AR12-5) -> 0 | AT12: =AS12+AJ12+5 -> 5
A13: 4 | E13: =IF(Q13="Intermission",E12+1,E12) -> 1 | J13: =IF(F13<>"",F13,IF($A13=$A12,J12,J13)) -> 17 | K13: =IF($A13=$A12,K12,G13) -> 55 | L13: =IF(H13<>"",H13,IF($A13=$A12,L12,"")) | M13: =IF(I13<>"",I13,IF($A13=$A12,M12,"")) | N13: =IF(A13=A12,N12,"") -> Away | O13: 37 | P13: o | Y13: =IF($N13="","",IF(X13="","",IF($N13="Home",$X13,IF($X13="n","n",IF($X13="d","o",IF($X13="o","d","")))))) | Z13: =IF($N13="","",IF(X13="","",IF($N13="Away",$X13,IF($X13="n","n",IF($X13="d","o",IF($X13="o","d","")))))) | AC13: =IF(Q13<>"",Q13,IF($A13=$A12,AC12,"")) -> Shot | AD13: =IF(R13<>"",R13,IF($A13=$A12,AD12,"")) -> Shot_Missed | AE13: =IF(S13<>"",S13,IF($A13=$A12,AE12,"")) -> Shot-Wrist | AF13: =IF(AND(P13="e",OR(AC13="Save",AD13="Turnover_Takeaway",AD13="Play_Defensive")),"Defensive",IF(AND(P13="o",OR(AC13="Save",AD13="Turnover_Takeaway",AD13="Play_Defensive")),"Offensive",IF(OR(AC13="Deadice",AC13="Stoppage",AC13="Intermission"),"",IF(P13="e","Offensive",IF(P13="o","Defensive",""))))) -> Defensive | AG13: =AG12 -> 18981 | AH13: =AH12 -> Nelson | AI13: =AI12 -> Velodrome | AJ13: =IF(AND(L13="",M13=""),0,((J13*60)+K13)-((L13*60)+M13)) -> 0 | AP13: =SUMIFS(AJ13:AJ13,Q13:Q13,"=Intermission") -> 0 | AQ13: =IF(E13=1,0,IF(E13=2,1080+AP13,IF(E13=3,(1080*2)+AP13,0))) -> 0 | AR13: =IF(Q13="Intermission",AR12,((1080)-((J13*60)+K13))+AQ13) -> 5 | AS13: =IF(AR13<5,0,AR13-5) -> 0 | AT13: =AS13+AJ13+5 -> 5
A14: 5 | E14: =IF(Q14="Intermission",E13+1,E13) -> 1 | F14: 17 | G14: 55 | J14: =IF(F14<>"",F14,IF($A14=$A13,J13,J14)) -> 17 | K14: =IF($A14=$A13,K13,G14) -> 55 | L14: =IF(H14<>"",H14,IF($A14=$A13,L13,"")) | M14: =IF(I14<>"",I14,IF($A14=$A13,M13,"")) | N14: Away | O14: 87 | P14: e | Q14: Turnover | R14: Turnover_Giveaway | S14: Giveaway-ShotMissed | Y14: =IF($N14="","",IF(X14="","",IF($N14="Home",$X14,IF($X14="n","n",IF($X14="d","o",IF($X14="o","d","")))))) | Z14: =IF($N14="","",IF(X14="","",IF($N14="Away",$X14,IF($X14="n","n",IF($X14="d","o",IF($X14="o","d","")))))) | AC14: =IF(Q14<>"",Q14,IF($A14=$A13,AC13,"")) -> Turnover | AD14: =IF(R14<>"",R14,IF($A14=$A13,AD13,"")) -> Turnover_Giveaway | AE14: =IF(S14<>"",S14,IF($A14=$A13,AE13,"")) -> Giveaway-ShotMissed | AF14: =IF(AND(P14="e",OR(AC14="Save",AD14="Turnover_Takeaway",AD14="Play_Defensive")),"Defensive",IF(AND(P14="o",OR(AC14="Save",AD14="Turnover_Takeaway",AD14="Play_Defensive")),"Offensive",IF(OR(AC14="Deadice",AC14="Stoppage",AC14="Intermission"),"",IF(P14="e","Offensive",IF(P14="o","Defensive",""))))) -> Offensive | AG14: =AG13 -> 18981 | AH14: =AH13 -> Nelson | AI14: =AI13 -> Velodrome | AJ14: =IF(AND(L14="",M14=""),0,((J14*60)+K14)-((L14*60)+M14)) -> 0 | AP14: =SUMIFS(AJ14:AJ14,Q14:Q14,"=Intermission") -> 0 | AQ14: =IF(E14=1,0,IF(E14=2,1080+AP14,IF(E14=3,(1080*2)+AP14,0))) -> 0 | AR14: =IF(Q14="Intermission",AR13,((1080)-((J14*60)+K14))+AQ14) -> 5 | AS14: =IF(AR14<5,0,AR14-5) -> 0 | AT14: =AS14+AJ14+5 -> 5
A15: 6 | E15: =IF(Q15="Intermission",E14+1,E14) -> 1 | F15: 17 | G15: 52 | J15: =IF(F15<>"",F15,IF($A15=$A14,J14,J15)) -> 17 | K15: =IF($A15=$A14,K14,G15) -> 52 | L15: =IF(H15<>"",H15,IF($A15=$A14,L14,"")) | M15: =IF(I15<>"",I15,IF($A15=$A14,M14,"")) | N15: Home | O15: 23 | P15: e | Q15: Pass | R15: Pass_Completed | S15: Pass-Forehand | Y15: =IF($N15="","",IF(X15="","",IF($N15="Home",$X15,IF($X15="n","n",IF($X15="d","o",IF($X15="o","d","")))))) | Z15: =IF($N15="","",IF(X15="","",IF($N15="Away",$X15,IF($X15="n","n",IF($X15="d","o",IF($X15="o","d","")))))) | AC15: =IF(Q15<>"",Q15,IF($A15=$A14,AC14,"")) -> Pass | AD15: =IF(R15<>"",R15,IF($A15=$A14,AD14,"")) -> Pass_Completed | AE15: =IF(S15<>"",S15,IF($A15=$A14,AE14,"")) -> Pass-Forehand | AF15: =IF(AND(P15="e",OR(AC15="Save",AD15="Turnover_Takeaway",AD15="Play_Defensive")),"Defensive",IF(AND(P15="o",OR(AC15="Save",AD15="Turnover_Takeaway",AD15="Play_Defensive")),"Offensive",IF(OR(AC15="Deadice",AC15="Stoppage",AC15="Intermission"),"",IF(P15="e","Offensive",IF(P15="o","Defensive",""))))) -> Offensive | AG15: =AG14 -> 18981 | AH15: =AH14 -> Nelson | AI15: =AI14 -> Velodrome | AJ15: =IF(AND(L15="",M15=""),0,((J15*60)+K15)-((L15*60)+M15)) -> 0 | AP15: =SUMIFS(AJ15:AJ15,Q15:Q15,"=Intermission") -> 0 | AQ15: =IF(E15=1,0,IF(E15=2,1080+AP15,IF(E15=3,(1080*2)+AP15,0))) -> 0 | AR15: =IF(Q15="Intermission",AR14,((1080)-((J15*60)+K15))+AQ15) -> 8 | AS15: =IF(AR15<5,0,AR15-5) -> 3 | AT15: =AS15+AJ15+5 -> 8
A16: 6 | E16: =IF(Q16="Intermission",E15+1,E15) -> 1 | J16: =IF(F16<>"",F16,IF($A16=$A15,J15,J16)) -> 17 | K16: =IF($A16=$A15,K15,G16) -> 52 | L16: =IF(H16<>"",H16,IF($A16=$A15,L15,"")) | M16: =IF(I16<>"",I16,IF($A16=$A15,M15,"")) | N16: =IF(A16=A15,N15,"") -> Home | O16: 16 | P16: e | Y16: =IF($N16="","",IF(X16="","",IF($N16="Home",$X16,IF($X16="n","n",IF($X16="d","o",IF($X16="o","d","")))))) | Z16: =IF($N16="","",IF(X16="","",IF($N16="Away",$X16,IF($X16="n","n",IF($X16="d","o",IF($X16="o","d","")))))) | AC16: =IF(Q16<>"",Q16,IF($A16=$A15,AC15,"")) -> Pass | AD16: =IF(R16<>"",R16,IF($A16=$A15,AD15,"")) -> Pass_Completed | AE16: =IF(S16<>"",S16,IF($A16=$A15,AE15,"")) -> Pass-Forehand | AF16: =IF(AND(P16="e",OR(AC16="Save",AD16="Turnover_Takeaway",AD16="Play_Defensive")),"Defensive",IF(AND(P16="o",OR(AC16="Save",AD16="Turnover_Takeaway",AD16="Play_Defensive")),"Offensive",IF(OR(AC16="Deadice",AC16="Stoppage",AC16="Intermission"),"",IF(P16="e","Offensive",IF(P16="o","Defensive",""))))) -> Offensive | AG16: =AG15 -> 18981 | AH16: =AH15 -> Nelson | AI16: =AI15 -> Velodrome | AJ16: =IF(AND(L16="",M16=""),0,((J16*60)+K16)-((L16*60)+M16)) -> 0 | AP16: =SUMIFS(AJ16:AJ16,Q16:Q16,"=Intermission") -> 0 | AQ16: =IF(E16=1,0,IF(E16=2,1080+AP16,IF(E16=3,(1080*2)+AP16,0))) -> 0 | AR16: =IF(Q16="Intermission",AR15,((1080)-((J16*60)+K16))+AQ16) -> 8 | AS16: =IF(AR16<5,0,AR16-5) -> 3 | AT16: =AS16+AJ16+5 -> 8
A17: 7 | E17: =IF(Q17="Intermission",E16+1,E16) -> 1 | F17: 17 | G17: 51 | H17: 17 | I17: 48 | J17: =IF(F17<>"",F17,IF($A17=$A16,J16,J17)) -> 17 | K17: =IF($A17=$A16,K16,G17) -> 51 | L17: =IF(H17<>"",H17,IF($A17=$A16,L16,"")) -> 17 | M17: =IF(I17<>"",I17,IF($A17=$A16,M16,"")) -> 48 | N17: Home | O17: 16 | P17: e | Q17: Possession | Y17: =IF($N17="","",IF(X17="","",IF($N17="Home",$X17,IF($X17="n","n",IF($X17="d","o",IF($X17="o","d","")))))) | Z17: =IF($N17="","",IF(X17="","",IF($N17="Away",$X17,IF($X17="n","n",IF($X17="d","o",IF($X17="o","d","")))))) | AC17: =IF(Q17<>"",Q17,IF($A17=$A16,AC16,"")) -> Possession | AD17: =IF(R17<>"",R17,IF($A17=$A16,AD16,"")) | AE17: =IF(S17<>"",S17,IF($A17=$A16,AE16,"")) | AF17: =IF(AND(P17="e",OR(AC17="Save",AD17="Turnover_Takeaway",AD17="Play_Defensive")),"Defensive",IF(AND(P17="o",OR(AC17="Save",AD17="Turnover_Takeaway",AD17="Play_Defensive")),"Offensive",IF(OR(AC17="Deadice",AC17="Stoppage",AC17="Intermission"),"",IF(P17="e","Offensive",IF(P17="o","Defensive",""))))) -> Offensive | AG17: =AG16 -> 18981 | AH17: =AH16 -> Nelson | AI17: =AI16 -> Velodrome | AJ17: =IF(AND(L17="",M17=""),0,((J17*60)+K17)-((L17*60)+M17)) -> 3 | AP17: =SUMIFS(AJ17:AJ17,Q17:Q17,"=Intermission") -> 0 | AQ17: =IF(E17=1,0,IF(E17=2,1080+AP17,IF(E17=3,(1080*2)+AP17,0))) -> 0 | AR17: =IF(Q17="Intermission",AR16,((1080)-((J17*60)+K17))+AQ17) -> 9 | AS17: =IF(AR17<5,0,AR17-5) -> 4 | AT17: =AS17+AJ17+5 -> 12
A18: 7 | E18: =IF(Q18="Intermission",E17+1,E17) -> 1 | J18: =IF(F18<>"",F18,IF($A18=$A17,J17,J18)) -> 17 | K18: =IF($A18=$A17,K17,G18) -> 51 | L18: =IF(H18<>"",H18,IF($A18=$A17,L17,"")) -> 17 | M18: =IF(I18<>"",I18,IF($A18=$A17,M17,"")) -> 48 | N18: =IF(A18=A17,N17,"") -> Home | O18: 70 | P18: o | Y18: =IF($N18="","",IF(X18="","",IF($N18="Home",$X18,IF($X18="n","n",IF($X18="d","o",IF($X18="o","d","")))))) | Z18: =IF($N18="","",IF(X18="","",IF($N18="Away",$X18,IF($X18="n","n",IF($X18="d","o",IF($X18="o","d","")))))) | AC18: =IF(Q18<>"",Q18,IF($A18=$A17,AC17,"")) -> Possession | AD18: =IF(R18<>"",R18,IF($A18=$A17,AD17,"")) | AE18: =IF(S18<>"",S18,IF($A18=$A17,AE17,"")) | AF18: =IF(AND(P18="e",OR(AC18="Save",AD18="Turnover_Takeaway",AD18="Play_Defensive")),"Defensive",IF(AND(P18="o",OR(AC18="Save",AD18="Turnover_Takeaway",AD18="Play_Defensive")),"Offensive",IF(OR(AC18="Deadice",AC18="Stoppage",AC18="Intermission"),"",IF(P18="e","Offensive",IF(P18="o","Defensive",""))))) -> Defensive | AG18: =AG17 -> 18981 | AH18: =AH17 -> Nelson | AI18: =AI17 -> Velodrome | AJ18: =IF(AND(L18="",M18=""),0,((J18*60)+K18)-((L18*60)+M18)) -> 3 | AP18: =SUMIFS(AJ18:AJ18,Q18:Q18,"=Intermission") -> 0 | AQ18: =IF(E18=1,0,IF(E18=2,1080+AP18,IF(E18=3,(1080*2)+AP18,0))) -> 0 | AR18: =IF(Q18="Intermission",AR17,((1080)-((J18*60)+K18))+AQ18) -> 9 | AS18: =IF(AR18<5,0,AR18-5) -> 4 | AT18: =AS18+AJ18+5 -> 12
A19: 8 | E19: =IF(Q19="Intermission",E18+1,E18) -> 1 | F19: 17 | G19: 48 | J19: =IF(F19<>"",F19,IF($A19=$A18,J18,J19)) -> 17 | K19: =IF($A19=$A18,K18,G19) -> 48 | L19: =IF(H19<>"",H19,IF($A19=$A18,L18,"")) | M19: =IF(I19<>"",I19,IF($A19=$A18,M18,"")) | N19: Home | O19: 16 | P19: e | Q19: Turnover | R19: Turnover_Giveaway | S19: Giveaway-Misplayed | Y19: =IF($N19="","",IF(X19="","",IF($N19="Home",$X19,IF($X19="n","n",IF($X19="d","o",IF($X19="o","d","")))))) | Z19: =IF($N19="","",IF(X19="","",IF($N19="Away",$X19,IF($X19="n","n",IF($X19="d","o",IF($X19="o","d","")))))) | AC19: =IF(Q19<>"",Q19,IF($A19=$A18,AC18,"")) -> Turnover | AD19: =IF(R19<>"",R19,IF($A19=$A18,AD18,"")) -> Turnover_Giveaway | AE19: =IF(S19<>"",S19,IF($A19=$A18,AE18,"")) -> Giveaway-Misplayed | AF19: =IF(AND(P19="e",OR(AC19="Save",AD19="Turnover_Takeaway",AD19="Play_Defensive")),"Defensive",IF(AND(P19="o",OR(AC19="Save",AD19="Turnover_Takeaway",AD19="Play_Defensive")),"Offensive",IF(OR(AC19="Deadice",AC19="Stoppage",AC19="Intermission"),"",IF(P19="e","Offensive",IF(P19="o","Defensive",""))))) -> Offensive | AG19: =AG18 -> 18981 | AH19: =AH18 -> Nelson | AI19: =AI18 -> Velodrome | AJ19: =IF(AND(L19="",M19=""),0,((J19*60)+K19)-((L19*60)+M19)) -> 0 | AP19: =SUMIFS(AJ19:AJ19,Q19:Q19,"=Intermission") -> 0 | AQ19: =IF(E19=1,0,IF(E19=2,1080+AP19,IF(E19=3,(1080*2)+AP19,0))) -> 0 | AR19: =IF(Q19="Intermission",AR18,((1080)-((J19*60)+K19))+AQ19) -> 12 | AS19: =IF(AR19<5,0,AR19-5) -> 7 | AT19: =AS19+AJ19+5 -> 12
A20: 8 | E20: =IF(Q20="Intermission",E19+1,E19) -> 1 | J20: =IF(F20<>"",F20,IF($A20=$A19,J19,J20)) -> 17 | K20: =IF($A20=$A19,K19,G20) -> 48 | L20: =IF(H20<>"",H20,IF($A20=$A19,L19,"")) | M20: =IF(I20<>"",I20,IF($A20=$A19,M19,"")) | N20: =IF(A20=A19,N19,"") -> Home | O20: 70 | P20: o | Y20: =IF($N20="","",IF(X20="","",IF($N20="Home",$X20,IF($X20="n","n",IF($X20="d","o",IF($X20="o","d","")))))) | Z20: =IF($N20="","",IF(X20="","",IF($N20="Away",$X20,IF($X20="n","n",IF($X20="d","o",IF($X20="o","d","")))))) | AC20: =IF(Q20<>"",Q20,IF($A20=$A19,AC19,"")) -> Turnover | AD20: =IF(R20<>"",R20,IF($A20=$A19,AD19,"")) -> Turnover_Giveaway | AE20: =IF(S20<>"",S20,IF($A20=$A19,AE19,"")) -> Giveaway-Misplayed | AF20: =IF(AND(P20="e",OR(AC20="Save",AD20="Turnover_Takeaway",AD20="Play_Defensive")),"Defensive",IF(AND(P20="o",OR(AC20="Save",AD20="Turnover_Takeaway",AD20="Play_Defensive")),"Offensive",IF(OR(AC20="Deadice",AC20="Stoppage",AC20="Intermission"),"",IF(P20="e","Offensive",IF(P20="o","Defensive",""))))) -> Defensive | AG20: =AG19 -> 18981 | AH20: =AH19 -> Nelson | AI20: =AI19 -> Velodrome | AJ20: =IF(AND(L20="",M20=""),0,((J20*60)+K20)-((L20*60)+M20)) -> 0 | AP20: =SUMIFS(AJ20:AJ20,Q20:Q20,"=Intermission") -> 0 | AQ20: =IF(E20=1,0,IF(E20=2,1080+AP20,IF(E20=3,(1080*2)+AP20,0))) -> 0 | AR20: =IF(Q20="Intermission",AR19,((1080)-((J20*60)+K20))+AQ20) -> 12 | AS20: =IF(AR20<5,0,AR20-5) -> 7 | AT20: =AS20+AJ20+5 -> 12
A21: 9 | E21: =IF(Q21="Intermission",E20+1,E20) -> 1 | F21: 17 | G21: 48 | J21: =IF(F21<>"",F21,IF($A21=$A20,J20,J21)) -> 17 | K21: =IF($A21=$A20,K20,G21) -> 48 | L21: =IF(H21<>"",H21,IF($A21=$A20,L20,"")) | M21: =IF(I21<>"",I21,IF($A21=$A20,M20,"")) | N21: Away | O21: 22 | P21: e | Q21: Zone_Entry_Exit | R21: Zone_Keepin | S21: Zone-KeepIn | Y21: =IF($N21="","",IF(X21="","",IF($N21="Home",$X21,IF($X21="n","n",IF($X21="d","o",IF($X21="o","d","")))))) | Z21: =IF($N21="","",IF(X21="","",IF($N21="Away",$X21,IF($X21="n","n",IF($X21="d","o",IF($X21="o","d","")))))) | AC21: =IF(Q21<>"",Q21,IF($A21=$A20,AC20,"")) -> Zone_Entry_Exit | AD21: =IF(R21<>"",R21,IF($A21=$A20,AD20,"")) -> Zone_Keepin | AE21: =IF(S21<>"",S21,IF($A21=$A20,AE20,"")) -> Zone-KeepIn | AF21: =IF(AND(P21="e",OR(AC21="Save",AD21="Turnover_Takeaway",AD21="Play_Defensive")),"Defensive",IF(AND(P21="o",OR(AC21="Save",AD21="Turnover_Takeaway",AD21="Play_Defensive")),"Offensive",IF(OR(AC21="Deadice",AC21="Stoppage",AC21="Intermission"),"",IF(P21="e","Offensive",IF(P21="o","Defensive",""))))) -> Offensive | AG21: =AG20 -> 18981 | AH21: =AH20 -> Nelson | AI21: =AI20 -> Velodrome | AJ21: =IF(AND(L21="",M21=""),0,((J21*60)+K21)-((L21*60)+M21)) -> 0 | AP21: =SUMIFS(AJ21:AJ21,Q21:Q21,"=Intermission") -> 0 | AQ21: =IF(E21=1,0,IF(E21=2,1080+AP21,IF(E21=3,(1080*2)+AP21,0))) -> 0 | AR21: =IF(Q21="Intermission",AR20,((1080)-((J21*60)+K21))+AQ21) -> 12 | AS21: =IF(AR21<5,0,AR21-5) -> 7 | AT21: =AS21+AJ21+5 -> 12
A22: 10 | E22: =IF(Q22="Intermission",E21+1,E21) -> 1 | F22: 17 | G22: 48 | J22: =IF(F22<>"",F22,IF($A22=$A21,J21,J22)) -> 17 | K22: =IF($A22=$A21,K21,G22) -> 48 | L22: =IF(H22<>"",H22,IF($A22=$A21,L21,"")) | M22: =IF(I22<>"",I22,IF($A22=$A21,M21,"")) | N22: Away | O22: 22 | P22: e | Q22: Turnover | R22: Turnover_Giveaway | S22: Giveaway-AttemptedZoneClear/Dump | Y22: =IF($N22="","",IF(X22="","",IF($N22="Home",$X22,IF($X22="n","n",IF($X22="d","o",IF($X22="o","d","")))))) | Z22: =IF($N22="","",IF(X22="","",IF($N22="Away",$X22,IF($X22="n","n",IF($X22="d","o",IF($X22="o","d","")))))) | AC22: =IF(Q22<>"",Q22,IF($A22=$A21,AC21,"")) -> Turnover | AD22: =IF(R22<>"",R22,IF($A22=$A21,AD21,"")) -> Turnover_Giveaway | AE22: =IF(S22<>"",S22,IF($A22=$A21,AE21,"")) -> Giveaway-AttemptedZoneClear/Dump | AF22: =IF(AND(P22="e",OR(AC22="Save",AD22="Turnover_Takeaway",AD22="Play_Defensive")),"Defensive",IF(AND(P22="o",OR(AC22="Save",AD22="Turnover_Takeaway",AD22="Play_Defensive")),"Offensive",IF(OR(AC22="Deadice",AC22="Stoppage",AC22="Intermission"),"",IF(P22="e","Offensive",IF(P22="o","Defensive",""))))) -> Offensive | AG22: =AG21 -> 18981 | AH22: =AH21 -> Nelson | AI22: =AI21 -> Velodrome | AJ22: =IF(AND(L22="",M22=""),0,((J22*60)+K22)-((L22*60)+M22)) -> 0 | AP22: =SUMIFS(AJ22:AJ22,Q22:Q22,"=Intermission") -> 0 | AQ22: =IF(E22=1,0,IF(E22=2,1080+AP22,IF(E22=3,(1080*2)+AP22,0))) -> 0 | AR22: =IF(Q22="Intermission",AR21,((1080)-((J22*60)+K22))+AQ22) -> 12 | AS22: =IF(AR22<5,0,AR22-5) -> 7 | AT22: =AS22+AJ22+5 -> 12
A23: 10 | E23: =IF(Q23="Intermission",E22+1,E22) -> 1 | J23: =IF(F23<>"",F23,IF($A23=$A22,J22,J23)) -> 17 | K23: =IF($A23=$A22,K22,G23) -> 48 | L23: =IF(H23<>"",H23,IF($A23=$A22,L22,"")) | M23: =IF(I23<>"",I23,IF($A23=$A22,M22,"")) | N23: =IF(A23=A22,N22,"") -> Away | O23: 16 | P23: o | Y23: =IF($N23="","",IF(X23="","",IF($N23="Home",$X23,IF($X23="n","n",IF($X23="d","o",IF($X23="o","d","")))))) | Z23: =IF($N23="","",IF(X23="","",IF($N23="Away",$X23,IF($X23="n","n",IF($X23="d","o",IF($X23="o","d","")))))) | AC23: =IF(Q23<>"",Q23,IF($A23=$A22,AC22,"")) -> Turnover | AD23: =IF(R23<>"",R23,IF($A23=$A22,AD22,"")) -> Turnover_Giveaway | AE23: =IF(S23<>"",S23,IF($A23=$A22,AE22,"")) -> Giveaway-AttemptedZoneClear/Dump | AF23: =IF(AND(P23="e",OR(AC23="Save",AD23="Turnover_Takeaway",AD23="Play_Defensive")),"Defensive",IF(AND(P23="o",OR(AC23="Save",AD23="Turnover_Takeaway",AD23="Play_Defensive")),"Offensive",IF(OR(AC23="Deadice",AC23="Stoppage",AC23="Intermission"),"",IF(P23="e","Offensive",IF(P23="o","Defensive",""))))) -> Defensive | AG23: =AG22 -> 18981 | AH23: =AH22 -> Nelson | AI23: =AI22 -> Velodrome | AJ23: =IF(AND(L23="",M23=""),0,((J23*60)+K23)-((L23*60)+M23)) -> 0 | AP23: =SUMIFS(AJ23:AJ23,Q23:Q23,"=Intermission") -> 0 | AQ23: =IF(E23=1,0,IF(E23=2,1080+AP23,IF(E23=3,(1080*2)+AP23,0))) -> 0 | AR23: =IF(Q23="Intermission",AR22,((1080)-((J23*60)+K23))+AQ23) -> 12 | AS23: =IF(AR23<5,0,AR23-5) -> 7 | AT23: =AS23+AJ23+5 -> 12
A24: 11 | E24: =IF(Q24="Intermission",E23+1,E23) -> 1 | F24: 17 | G24: 47 | H24: 17 | I24: 46 | J24: =IF(F24<>"",F24,IF($A24=$A23,J23,J24)) -> 17 | K24: =IF($A24=$A23,K23,G24) -> 47 | L24: =IF(H24<>"",H24,IF($A24=$A23,L23,"")) -> 17 | M24: =IF(I24<>"",I24,IF($A24=$A23,M23,"")) -> 46 | N24: Home | O24: 16 | P24: e | Q24: Zone_Entry_Exit | R24: Zone_Exit | S24: ZoneExit-Rush | Y24: =IF($N24="","",IF(X24="","",IF($N24="Home",$X24,IF($X24="n","n",IF($X24="d","o",IF($X24="o","d","")))))) | Z24: =IF($N24="","",IF(X24="","",IF($N24="Away",$X24,IF($X24="n","n",IF($X24="d","o",IF($X24="o","d","")))))) | AC24: =IF(Q24<>"",Q24,IF($A24=$A23,AC23,"")) -> Zone_Entry_Exit | AD24: =IF(R24<>"",R24,IF($A24=$A23,AD23,"")) -> Zone_Exit | AE24: =IF(S24<>"",S24,IF($A24=$A23,AE23,"")) -> ZoneExit-Rush | AF24: =IF(AND(P24="e",OR(AC24="Save",AD24="Turnover_Takeaway",AD24="Play_Defensive")),"Defensive",IF(AND(P24="o",OR(AC24="Save",AD24="Turnover_Takeaway",AD24="Play_Defensive")),"Offensive",IF(OR(AC24="Deadice",AC24="Stoppage",AC24="Intermission"),"",IF(P24="e","Offensive",IF(P24="o","Defensive",""))))) -> Offensive | AG24: =AG23 -> 18981 | AH24: =AH23 -> Nelson | AI24: =AI23 -> Velodrome | AJ24: =IF(AND(L24="",M24=""),0,((J24*60)+K24)-((L24*60)+M24)) -> 1 | AP24: =SUMIFS(AJ24:AJ24,Q24:Q24,"=Intermission") -> 0 | AQ24: =IF(E24=1,0,IF(E24=2,1080+AP24,IF(E24=3,(1080*2)+AP24,0))) -> 0 | AR24: =IF(Q24="Intermission",AR23,((1080)-((J24*60)+K24))+AQ24) -> 13 | AS24: =IF(AR24<5,0,AR24-5) -> 8 | AT24: =AS24+AJ24+5 -> 14
A25: 11 | E25: =IF(Q25="Intermission",E24+1,E24) -> 1 | J25: =IF(F25<>"",F25,IF($A25=$A24,J24,J25)) -> 17 | K25: =IF($A25=$A24,K24,G25) -> 47 | L25: =IF(H25<>"",H25,IF($A25=$A24,L24,"")) -> 17 | M25: =IF(I25<>"",I25,IF($A25=$A24,M24,"")) -> 46 | N25: Home | O25: 70 | P25: o | Y25: =IF($N25="","",IF(X25="","",IF($N25="Home",$X25,IF($X25="n","n",IF($X25="d","o",IF($X25="o","d","")))))) | Z25: =IF($N25="","",IF(X25="","",IF($N25="Away",$X25,IF($X25="n","n",IF($X25="d","o",IF($X25="o","d","")))))) | AC25: =IF(Q25<>"",Q25,IF($A25=$A24,AC24,"")) -> Zone_Entry_Exit | AD25: =IF(R25<>"",R25,IF($A25=$A24,AD24,"")) -> Zone_Exit | AE25: =IF(S25<>"",S25,IF($A25=$A24,AE24,"")) -> ZoneExit-Rush | AF25: =IF(AND(P25="e",OR(AC25="Save",AD25="Turnover_Takeaway",AD25="Play_Defensive")),"Defensive",IF(AND(P25="o",OR(AC25="Save",AD25="Turnover_Takeaway",AD25="Play_Defensive")),"Offensive",IF(OR(AC25="Deadice",AC25="Stoppage",AC25="Intermission"),"",IF(P25="e","Offensive",IF(P25="o","Defensive",""))))) -> Defensive | AG25: =AG24 -> 18981 | AH25: =AH24 -> Nelson | AI25: =AI24 -> Velodrome | AJ25: =IF(AND(L25="",M25=""),0,((J25*60)+K25)-((L25*60)+M25)) -> 1 | AP25: =SUMIFS(AJ25:AJ25,Q25:Q25,"=Intermission") -> 0 | AQ25: =IF(E25=1,0,IF(E25=2,1080+AP25,IF(E25=3,(1080*2)+AP25,0))) -> 0 | AR25: =IF(Q25="Intermission",AR24,((1080)-((J25*60)+K25))+AQ25) -> 13 | AS25: =IF(AR25<5,0,AR25-5) -> 8 | AT25: =AS25+AJ25+5 -> 14
A26: 12 | E26: =IF(Q26="Intermission",E25+1,E25) -> 1 | F26: 17 | G26: 46 | H26: 17 | I26: 43 | J26: =IF(F26<>"",F26,IF($A26=$A25,J25,J26)) -> 17 | K26: =IF($A26=$A25,K25,G26) -> 46 | L26: =IF(H26<>"",H26,IF($A26=$A25,L25,"")) -> 17 | M26: =IF(I26<>"",I26,IF($A26=$A25,M25,"")) -> 43 | N26: Home | O26: 16 | P26: e | Q26: Possession | Y26: =IF($N26="","",IF(X26="","",IF($N26="Home",$X26,IF($X26="n","n",IF($X26="d","o",IF($X26="o","d","")))))) | Z26: =IF($N26="","",IF(X26="","",IF($N26="Away",$X26,IF($X26="n","n",IF($X26="d","o",IF($X26="o","d","")))))) | AC26: =IF(Q26<>"",Q26,IF($A26=$A25,AC25,"")) -> Possession | AD26: =IF(R26<>"",R26,IF($A26=$A25,AD25,"")) | AE26: =IF(S26<>"",S26,IF($A26=$A25,AE25,"")) | AF26: =IF(AND(P26="e",OR(AC26="Save",AD26="Turnover_Takeaway",AD26="Play_Defensive")),"Defensive",IF(AND(P26="o",OR(AC26="Save",AD26="Turnover_Takeaway",AD26="Play_Defensive")),"Offensive",IF(OR(AC26="Deadice",AC26="Stoppage",AC26="Intermission"),"",IF(P26="e","Offensive",IF(P26="o","Defensive",""))))) -> Offensive | AG26: =AG25 -> 18981 | AH26: =AH25 -> Nelson | AI26: =AI25 -> Velodrome | AJ26: =IF(AND(L26="",M26=""),0,((J26*60)+K26)-((L26*60)+M26)) -> 3 | AP26: =SUMIFS(AJ26:AJ26,Q26:Q26,"=Intermission") -> 0 | AQ26: =IF(E26=1,0,IF(E26=2,1080+AP26,IF(E26=3,(1080*2)+AP26,0))) -> 0 | AR26: =IF(Q26="Intermission",AR25,((1080)-((J26*60)+K26))+AQ26) -> 14 | AS26: =IF(AR26<5,0,AR26-5) -> 9 | AT26: =AS26+AJ26+5 -> 17
A27: 13 | E27: =IF(Q27="Intermission",E26+1,E26) -> 1 | F27: 17 | G27: 43 | H27: 17 | I27: 42 | J27: =IF(F27<>"",F27,IF($A27=$A26,J26,J27)) -> 17 | K27: =IF($A27=$A26,K26,G27) -> 43 | L27: =IF(H27<>"",H27,IF($A27=$A26,L26,"")) -> 17 | M27: =IF(I27<>"",I27,IF($A27=$A26,M26,"")) -> 42 | N27: Home | O27: 16 | P27: e | Q27: Zone_Entry_Exit | R27: Zone_Entry | S27: ZoneEntry-Rush | Y27: =IF($N27="","",IF(X27="","",IF($N27="Home",$X27,IF($X27="n","n",IF($X27="d","o",IF($X27="o","d","")))))) | Z27: =IF($N27="","",IF(X27="","",IF($N27="Away",$X27,IF($X27="n","n",IF($X27="d","o",IF($X27="o","d","")))))) | AC27: =IF(Q27<>"",Q27,IF($A27=$A26,AC26,"")) -> Zone_Entry_Exit | AD27: =IF(R27<>"",R27,IF($A27=$A26,AD26,"")) -> Zone_Entry | AE27: =IF(S27<>"",S27,IF($A27=$A26,AE26,"")) -> ZoneEntry-Rush | AF27: =IF(AND(P27="e",OR(AC27="Save",AD27="Turnover_Takeaway",AD27="Play_Defensive")),"Defensive",IF(AND(P27="o",OR(AC27="Save",AD27="Turnover_Takeaway",AD27="Play_Defensive")),"Offensive",IF(OR(AC27="Deadice",AC27="Stoppage",AC27="Intermission"),"",IF(P27="e","Offensive",IF(P27="o","Defensive",""))))) -> Offensive | AG27: =AG26 -> 18981 | AH27: =AH26 -> Nelson | AI27: =AI26 -> Velodrome | AJ27: =IF(AND(L27="",M27=""),0,((J27*60)+K27)-((L27*60)+M27)) -> 1 | AP27: =SUMIFS(AJ27:AJ27,Q27:Q27,"=Intermission") -> 0 | AQ27: =IF(E27=1,0,IF(E27=2,1080+AP27,IF(E27=3,(1080*2)+AP27,0))) -> 0 | AR27: =IF(Q27="Intermission",AR26,((1080)-((J27*60)+K27))+AQ27) -> 17 | AS27: =IF(AR27<5,0,AR27-5) -> 12 | AT27: =AS27+AJ27+5 -> 18
A28: 13 | E28: =IF(Q28="Intermission",E27+1,E27) -> 1 | J28: =IF(F28<>"",F28,IF($A28=$A27,J27,J28)) -> 17 | K28: =IF($A28=$A27,K27,G28) -> 43 | L28: =IF(H28<>"",H28,IF($A28=$A27,L27,"")) -> 17 | M28: =IF(I28<>"",I28,IF($A28=$A27,M27,"")) -> 42 | N28: =IF(A28=A27,N27,"") -> Home | O28: 10 | P28: e | Y28: =IF($N28="","",IF(X28="","",IF($N28="Home",$X28,IF($X28="n","n",IF($X28="d","o",IF($X28="o","d","")))))) | Z28: =IF($N28="","",IF(X28="","",IF($N28="Away",$X28,IF($X28="n","n",IF($X28="d","o",IF($X28="o","d","")))))) | AC28: =IF(Q28<>"",Q28,IF($A28=$A27,AC27,"")) -> Zone_Entry_Exit | AD28: =IF(R28<>"",R28,IF($A28=$A27,AD27,"")) -> Zone_Entry | AE28: =IF(S28<>"",S28,IF($A28=$A27,AE27,"")) -> ZoneEntry-Rush | AF28: =IF(AND(P28="e",OR(AC28="Save",AD28="Turnover_Takeaway",AD28="Play_Defensive")),"Defensive",IF(AND(P28="o",OR(AC28="Save",AD28="Turnover_Takeaway",AD28="Play_Defensive")),"Offensive",IF(OR(AC28="Deadice",AC28="Stoppage",AC28="Intermission"),"",IF(P28="e","Offensive",IF(P28="o","Defensive",""))))) -> Offensive | AG28: =AG27 -> 18981 | AH28: =AH27 -> Nelson | AI28: =AI27 -> Velodrome | AJ28: =IF(AND(L28="",M28=""),0,((J28*60)+K28)-((L28*60)+M28)) -> 1 | AP28: =SUMIFS(AJ28:AJ28,Q28:Q28,"=Intermission") -> 0 | AQ28: =IF(E28=1,0,IF(E28=2,1080+AP28,IF(E28=3,(1080*2)+AP28,0))) -> 0 | AR28: =IF(Q28="Intermission",AR27,((1080)-((J28*60)+K28))+AQ28) -> 17 | AS28: =IF(AR28<5,0,AR28-5) -> 12 | AT28: =AS28+AJ28+5 -> 18
A29: 13 | E29: =IF(Q29="Intermission",E28+1,E28) -> 1 | J29: =IF(F29<>"",F29,IF($A29=$A28,J28,J29)) -> 17 | K29: =IF($A29=$A28,K28,G29) -> 43 | L29: =IF(H29<>"",H29,IF($A29=$A28,L28,"")) -> 17 | M29: =IF(I29<>"",I29,IF($A29=$A28,M28,"")) -> 42 | N29: =IF(A29=A28,N28,"") -> Home | O29: 84 | P29: o | Y29: =IF($N29="","",IF(X29="","",IF($N29="Home",$X29,IF($X29="n","n",IF($X29="d","o",IF($X29="o","d","")))))) | Z29: =IF($N29="","",IF(X29="","",IF($N29="Away",$X29,IF($X29="n","n",IF($X29="d","o",IF($X29="o","d","")))))) | AC29: =IF(Q29<>"",Q29,IF($A29=$A28,AC28,"")) -> Zone_Entry_Exit | AD29: =IF(R29<>"",R29,IF($A29=$A28,AD28,"")) -> Zone_Entry | AE29: =IF(S29<>"",S29,IF($A29=$A28,AE28,"")) -> ZoneEntry-Rush | AF29: =IF(AND(P29="e",OR(AC29="Save",AD29="Turnover_Takeaway",AD29="Play_Defensive")),"Defensive",IF(AND(P29="o",OR(AC29="Save",AD29="Turnover_Takeaway",AD29="Play_Defensive")),"Offensive",IF(OR(AC29="Deadice",AC29="Stoppage",AC29="Intermission"),"",IF(P29="e","Offensive",IF(P29="o","Defensive",""))))) -> Defensive | AG29: =AG28 -> 18981 | AH29: =AH28 -> Nelson | AI29: =AI28 -> Velodrome | AJ29: =IF(AND(L29="",M29=""),0,((J29*60)+K29)-((L29*60)+M29)) -> 1 | AP29: =SUMIFS(AJ29:AJ29,Q29:Q29,"=Intermission") -> 0 | AQ29: =IF(E29=1,0,IF(E29=2,1080+AP29,IF(E29=3,(1080*2)+AP29,0))) -> 0 | AR29: =IF(Q29="Intermission",AR28,((1080)-((J29*60)+K29))+AQ29) -> 17 | AS29: =IF(AR29<5,0,AR29-5) -> 12 | AT29: =AS29+AJ29+5 -> 18
A30: 13 | E30: =IF(Q30="Intermission",E29+1,E29) -> 1 | J30: =IF(F30<>"",F30,IF($A30=$A29,J29,J30)) -> 17 | K30: =IF($A30=$A29,K29,G30) -> 43 | L30: =IF(H30<>"",H30,IF($A30=$A29,L29,"")) -> 17 | M30: =IF(I30<>"",I30,IF($A30=$A29,M29,"")) -> 42 | N30: =IF(A30=A29,N29,"") -> Home | O30: 22 | P30: o | Y30: =IF($N30="","",IF(X30="","",IF($N30="Home",$X30,IF($X30="n","n",IF($X30="d","o",IF($X30="o","d","")))))) | Z30: =IF($N30="","",IF(X30="","",IF($N30="Away",$X30,IF($X30="n","n",IF($X30="d","o",IF($X30="o","d","")))))) | AC30: =IF(Q30<>"",Q30,IF($A30=$A29,AC29,"")) -> Zone_Entry_Exit | AD30: =IF(R30<>"",R30,IF($A30=$A29,AD29,"")) -> Zone_Entry | AE30: =IF(S30<>"",S30,IF($A30=$A29,AE29,"")) -> ZoneEntry-Rush | AF30: =IF(AND(P30="e",OR(AC30="Save",AD30="Turnover_Takeaway",AD30="Play_Defensive")),"Defensive",IF(AND(P30="o",OR(AC30="Save",AD30="Turnover_Takeaway",AD30="Play_Defensive")),"Offensive",IF(OR(AC30="Deadice",AC30="Stoppage",AC30="Intermission"),"",IF(P30="e","Offensive",IF(P30="o","Defensive",""))))) -> Defensive | AG30: =AG29 -> 18981 | AH30: =AH29 -> Nelson | AI30: =AI29 -> Velodrome | AJ30: =IF(AND(L30="",M30=""),0,((J30*60)+K30)-((L30*60)+M30)) -> 1 | AP30: =SUMIFS(AJ30:AJ30,Q30:Q30,"=Intermission") -> 0 | AQ30: =IF(E30=1,0,IF(E30=2,1080+AP30,IF(E30=3,(1080*2)+AP30,0))) -> 0 | AR30: =IF(Q30="Intermission",AR29,((1080)-((J30*60)+K30))+AQ30) -> 17 | AS30: =IF(AR30<5,0,AR30-5) -> 12 | AT30: =AS30+AJ30+5 -> 18
A31: 14 | E31: =IF(Q31="Intermission",E30+1,E30) -> 1 | F31: 17 | G31: 42 | J31: =IF(F31<>"",F31,IF($A31=$A30,J30,J31)) -> 17 | K31: =IF($A31=$A30,K30,G31) -> 42 | L31: =IF(H31<>"",H31,IF($A31=$A30,L30,"")) | M31: =IF(I31<>"",I31,IF($A31=$A30,M30,"")) | N31: Home | O31: 16 | P31: e | Q31: Shot | R31: Shot_OnNetSaved | S31: Shot-Wrist | Y31: =IF($N31="","",IF(X31="","",IF($N31="Home",$X31,IF($X31="n","n",IF($X31="d","o",IF($X31="o","d","")))))) | Z31: =IF($N31="","",IF(X31="","",IF($N31="Away",$X31,IF($X31="n","n",IF($X31="d","o",IF($X31="o","d","")))))) | AC31: =IF(Q31<>"",Q31,IF($A31=$A30,AC30,"")) -> Shot | AD31: =IF(R31<>"",R31,IF($A31=$A30,AD30,"")) -> Shot_OnNetSaved | AE31: =IF(S31<>"",S31,IF($A31=$A30,AE30,"")) -> Shot-Wrist | AF31: =IF(AND(P31="e",OR(AC31="Save",AD31="Turnover_Takeaway",AD31="Play_Defensive")),"Defensive",IF(AND(P31="o",OR(AC31="Save",AD31="Turnover_Takeaway",AD31="Play_Defensive")),"Offensive",IF(OR(AC31="Deadice",AC31="Stoppage",AC31="Intermission"),"",IF(P31="e","Offensive",IF(P31="o","Defensive",""))))) -> Offensive | AG31: =AG30 -> 18981 | AH31: =AH30 -> Nelson | AI31: =AI30 -> Velodrome | AJ31: =IF(AND(L31="",M31=""),0,((J31*60)+K31)-((L31*60)+M31)) -> 0 | AP31: =SUMIFS(AJ31:AJ31,Q31:Q31,"=Intermission") -> 0 | AQ31: =IF(E31=1,0,IF(E31=2,1080+AP31,IF(E31=3,(1080*2)+AP31,0))) -> 0 | AR31: =IF(Q31="Intermission",AR30,((1080)-((J31*60)+K31))+AQ31) -> 18 | AS31: =IF(AR31<5,0,AR31-5) -> 13 | AT31: =AS31+AJ31+5 -> 18
A32: 14 | E32: =IF(Q32="Intermission",E31+1,E31) -> 1 | J32: =IF(F32<>"",F32,IF($A32=$A31,J31,J32)) -> 17 | K32: =IF($A32=$A31,K31,G32) -> 42 | L32: =IF(H32<>"",H32,IF($A32=$A31,L31,"")) | M32: =IF(I32<>"",I32,IF($A32=$A31,M31,"")) | N32: =IF(A32=A31,N31,"") -> Home | O32: 39 | P32: o | Y32: =IF($N32="","",IF(X32="","",IF($N32="Home",$X32,IF($X32="n","n",IF($X32="d","o",IF($X32="o","d","")))))) | Z32: =IF($N32="","",IF(X32="","",IF($N32="Away",$X32,IF($X32="n","n",IF($X32="d","o",IF($X32="o","d","")))))) | AC32: =IF(Q32<>"",Q32,IF($A32=$A31,AC31,"")) -> Shot | AD32: =IF(R32<>"",R32,IF($A32=$A31,AD31,"")) -> Shot_OnNetSaved | AE32: =IF(S32<>"",S32,IF($A32=$A31,AE31,"")) -> Shot-Wrist | AF32: =IF(AND(P32="e",OR(AC32="Save",AD32="Turnover_Takeaway",AD32="Play_Defensive")),"Defensive",IF(AND(P32="o",OR(AC32="Save",AD32="Turnover_Takeaway",AD32="Play_Defensive")),"Offensive",IF(OR(AC32="Deadice",AC32="Stoppage",AC32="Intermission"),"",IF(P32="e","Offensive",IF(P32="o","Defensive",""))))) -> Defensive | AG32: =AG31 -> 18981 | AH32: =AH31 -> Nelson | AI32: =AI31 -> Velodrome | AJ32: =IF(AND(L32="",M32=""),0,((J32*60)+K32)-((L32*60)+M32)) -> 0 | AP32: =SUMIFS(AJ32:AJ32,Q32:Q32,"=Intermission") -> 0 | AQ32: =IF(E32=1,0,IF(E32=2,1080+AP32,IF(E32=3,(1080*2)+AP32,0))) -> 0 | AR32: =IF(Q32="Intermission",AR31,((1080)-((J32*60)+K32))+AQ32) -> 18 | AS32: =IF(AR32<5,0,AR32-5) -> 13 | AT32: =AS32+AJ32+5 -> 18
A33: 14 | E33: =IF(Q33="Intermission",E32+1,E32) -> 1 | J33: =IF(F33<>"",F33,IF($A33=$A32,J32,J33)) -> 17 | K33: =IF($A33=$A32,K32,G33) -> 42 | L33: =IF(H33<>"",H33,IF($A33=$A32,L32,"")) | M33: =IF(I33<>"",I33,IF($A33=$A32,M32,"")) | N33: =IF(A33=A32,N32,"") -> Home | O33: 84 | P33: o | Y33: =IF($N33="","",IF(X33="","",IF($N33="Home",$X33,IF($X33="n","n",IF($X33="d","o",IF($X33="o","d","")))))) | Z33: =IF($N33="","",IF(X33="","",IF($N33="Away",$X33,IF($X33="n","n",IF($X33="d","o",IF($X33="o","d","")))))) | AC33: =IF(Q33<>"",Q33,IF($A33=$A32,AC32,"")) -> Shot | AD33: =IF(R33<>"",R33,IF($A33=$A32,AD32,"")) -> Shot_OnNetSaved | AE33: =IF(S33<>"",S33,IF($A33=$A32,AE32,"")) -> Shot-Wrist | AF33: =IF(AND(P33="e",OR(AC33="Save",AD33="Turnover_Takeaway",AD33="Play_Defensive")),"Defensive",IF(AND(P33="o",OR(AC33="Save",AD33="Turnover_Takeaway",AD33="Play_Defensive")),"Offensive",IF(OR(AC33="Deadice",AC33="Stoppage",AC33="Intermission"),"",IF(P33="e","Offensive",IF(P33="o","Defensive",""))))) -> Defensive | AG33: =AG32 -> 18981 | AH33: =AH32 -> Nelson | AI33: =AI32 -> Velodrome | AJ33: =IF(AND(L33="",M33=""),0,((J33*60)+K33)-((L33*60)+M33)) -> 0 | AP33: =SUMIFS(AJ33:AJ33,Q33:Q33,"=Intermission") -> 0 | AQ33: =IF(E33=1,0,IF(E33=2,1080+AP33,IF(E33=3,(1080*2)+AP33,0))) -> 0 | AR33: =IF(Q33="Intermission",AR32,((1080)-((J33*60)+K33))+AQ33) -> 18 | AS33: =IF(AR33<5,0,AR33-5) -> 13 | AT33: =AS33+AJ33+5 -> 18
A34: 15 | E34: =IF(Q34="Intermission",E33+1,E33) -> 1 | F34: 17 | G34: 42 | J34: =IF(F34<>"",F34,IF($A34=$A33,J33,J34)) -> 17 | K34: =IF($A34=$A33,K33,G34) -> 42 | L34: =IF(H34<>"",H34,IF($A34=$A33,L33,"")) | M34: =IF(I34<>"",I34,IF($A34=$A33,M33,"")) | N34: Away | O34: 39 | P34: e | Q34: Save | R34: Save_Rebound | S34: Save-Chest | Y34: =IF($N34="","",IF(X34="","",IF($N34="Home",$X34,IF($X34="n","n",IF($X34="d","o",IF($X34="o","d","")))))) | Z34: =IF($N34="","",IF(X34="","",IF($N34="Away",$X34,IF($X34="n","n",IF($X34="d","o",IF($X34="o","d","")))))) | AC34: =IF(Q34<>"",Q34,IF($A34=$A33,AC33,"")) -> Save | AD34: =IF(R34<>"",R34,IF($A34=$A33,AD33,"")) -> Save_Rebound | AE34: =IF(S34<>"",S34,IF($A34=$A33,AE33,"")) -> Save-Chest | AF34: =IF(AND(P34="e",OR(AC34="Save",AD34="Turnover_Takeaway",AD34="Play_Defensive")),"Defensive",IF(AND(P34="o",OR(AC34="Save",AD34="Turnover_Takeaway",AD34="Play_Defensive")),"Offensive",IF(OR(AC34="Deadice",AC34="Stoppage",AC34="Intermission"),"",IF(P34="e","Offensive",IF(P34="o","Defensive",""))))) -> Defensive | AG34: =AG33 -> 18981 | AH34: =AH33 -> Nelson | AI34: =AI33 -> Velodrome | AJ34: =IF(AND(L34="",M34=""),0,((J34*60)+K34)-((L34*60)+M34)) -> 0 | AP34: =SUMIFS(AJ34:AJ34,Q34:Q34,"=Intermission") -> 0 | AQ34: =IF(E34=1,0,IF(E34=2,1080+AP34,IF(E34=3,(1080*2)+AP34,0))) -> 0 | AR34: =IF(Q34="Intermission",AR33,((1080)-((J34*60)+K34))+AQ34) -> 18 | AS34: =IF(AR34<5,0,AR34-5) -> 13 | AT34: =AS34+AJ34+5 -> 18
A35: 15 | E35: =IF(Q35="Intermission",E34+1,E34) -> 1 | J35: =IF(F35<>"",F35,IF($A35=$A34,J34,J35)) -> 17 | K35: =IF($A35=$A34,K34,G35) -> 42 | L35: =IF(H35<>"",H35,IF($A35=$A34,L34,"")) | M35: =IF(I35<>"",I35,IF($A35=$A34,M34,"")) | N35: =IF(A35=A34,N34,"") -> Away | O35: 84 | P35: e | Y35: =IF($N35="","",IF(X35="","",IF($N35="Home",$X35,IF($X35="n","n",IF($X35="d","o",IF($X35="o","d","")))))) | Z35: =IF($N35="","",IF(X35="","",IF($N35="Away",$X35,IF($X35="n","n",IF($X35="d","o",IF($X35="o","d","")))))) | AC35: =IF(Q35<>"",Q35,IF($A35=$A34,AC34,"")) -> Save | AD35: =IF(R35<>"",R35,IF($A35=$A34,AD34,"")) -> Save_Rebound | AE35: =IF(S35<>"",S35,IF($A35=$A34,AE34,"")) -> Save-Chest | AF35: =IF(AND(P35="e",OR(AC35="Save",AD35="Turnover_Takeaway",AD35="Play_Defensive")),"Defensive",IF(AND(P35="o",OR(AC35="Save",AD35="Turnover_Takeaway",AD35="Play_Defensive")),"Offensive",IF(OR(AC35="Deadice",AC35="Stoppage",AC35="Intermission"),"",IF(P35="e","Offensive",IF(P35="o","Defensive",""))))) -> Defensive | AG35: =AG34 -> 18981 | AH35: =AH34 -> Nelson | AI35: =AI34 -> Velodrome | AJ35: =IF(AND(L35="",M35=""),0,((J35*60)+K35)-((L35*60)+M35)) -> 0 | AP35: =SUMIFS(AJ35:AJ35,Q35:Q35,"=Intermission") -> 0 | AQ35: =IF(E35=1,0,IF(E35=2,1080+AP35,IF(E35=3,(1080*2)+AP35,0))) -> 0 | AR35: =IF(Q35="Intermission",AR34,((1080)-((J35*60)+K35))+AQ35) -> 18 | AS35: =IF(AR35<5,0,AR35-5) -> 13 | AT35: =AS35+AJ35+5 -> 18
A36: 15 | E36: =IF(Q36="Intermission",E35+1,E35) -> 1 | J36: =IF(F36<>"",F36,IF($A36=$A35,J35,J36)) -> 17 | K36: =IF($A36=$A35,K35,G36) -> 42 | L36: =IF(H36<>"",H36,IF($A36=$A35,L35,"")) | M36: =IF(I36<>"",I36,IF($A36=$A35,M35,"")) | N36: =IF(A36=A35,N35,"") -> Away | O36: 16 | P36: o | Y36: =IF($N36="","",IF(X36="","",IF($N36="Home",$X36,IF($X36="n","n",IF($X36="d","o",IF($X36="o","d","")))))) | Z36: =IF($N36="","",IF(X36="","",IF($N36="Away",$X36,IF($X36="n","n",IF($X36="d","o",IF($X36="o","d","")))))) | AC36: =IF(Q36<>"",Q36,IF($A36=$A35,AC35,"")) -> Save | AD36: =IF(R36<>"",R36,IF($A36=$A35,AD35,"")) -> Save_Rebound | AE36: =IF(S36<>"",S36,IF($A36=$A35,AE35,"")) -> Save-Chest | AF36: =IF(AND(P36="e",OR(AC36="Save",AD36="Turnover_Takeaway",AD36="Play_Defensive")),"Defensive",IF(AND(P36="o",OR(AC36="Save",AD36="Turnover_Takeaway",AD36="Play_Defensive")),"Offensive",IF(OR(AC36="Deadice",AC36="Stoppage",AC36="Intermission"),"",IF(P36="e","Offensive",IF(P36="o","Defensive",""))))) -> Offensive | AG36: =AG35 -> 18981 | AH36: =AH35 -> Nelson | AI36: =AI35 -> Velodrome | AJ36: =IF(AND(L36="",M36=""),0,((J36*60)+K36)-((L36*60)+M36)) -> 0 | AP36: =SUMIFS(AJ36:AJ36,Q36:Q36,"=Intermission") -> 0 | AQ36: =IF(E36=1,0,IF(E36=2,1080+AP36,IF(E36=3,(1080*2)+AP36,0))) -> 0 | AR36: =IF(Q36="Intermission",AR35,((1080)-((J36*60)+K36))+AQ36) -> 18 | AS36: =IF(AR36<5,0,AR36-5) -> 13 | AT36: =AS36+AJ36+5 -> 18
A37: 16 | E37: =IF(Q37="Intermission",E36+1,E36) -> 1 | F37: 17 | G37: 42 | J37: =IF(F37<>"",F37,IF($A37=$A36,J36,J37)) -> 17 | K37: =IF($A37=$A36,K36,G37) -> 42 | L37: =IF(H37<>"",H37,IF($A37=$A36,L36,"")) | M37: =IF(I37<>"",I37,IF($A37=$A36,M36,"")) | N37: Away | O37: 39 | P37: e | Q37: Rebound | R37: Rebound_OppTeamRecovered | Y37: =IF($N37="","",IF(X37="","",IF($N37="Home",$X37,IF($X37="n","n",IF($X37="d","o",IF($X37="o","d","")))))) | Z37: =IF($N37="","",IF(X37="","",IF($N37="Away",$X37,IF($X37="n","n",IF($X37="d","o",IF($X37="o","d","")))))) | AC37: =IF(Q37<>"",Q37,IF($A37=$A36,AC36,"")) -> Rebound | AD37: =IF(R37<>"",R37,IF($A37=$A36,AD36,"")) -> Rebound_OppTeamRecovered | AE37: =IF(S37<>"",S37,IF($A37=$A36,AE36,"")) | AF37: =IF(AND(P37="e",OR(AC37="Save",AD37="Turnover_Takeaway",AD37="Play_Defensive")),"Defensive",IF(AND(P37="o",OR(AC37="Save",AD37="Turnover_Takeaway",AD37="Play_Defensive")),"Offensive",IF(OR(AC37="Deadice",AC37="Stoppage",AC37="Intermission"),"",IF(P37="e","Offensive",IF(P37="o","Defensive",""))))) -> Offensive | AG37: =AG36 -> 18981 | AH37: =AH36 -> Nelson | AI37: =AI36 -> Velodrome | AJ37: =IF(AND(L37="",M37=""),0,((J37*60)+K37)-((L37*60)+M37)) -> 0 | AP37: =SUMIFS(AJ37:AJ37,Q37:Q37,"=Intermission") -> 0 | AQ37: =IF(E37=1,0,IF(E37=2,1080+AP37,IF(E37=3,(1080*2)+AP37,0))) -> 0 | AR37: =IF(Q37="Intermission",AR36,((1080)-((J37*60)+K37))+AQ37) -> 18 | AS37: =IF(AR37<5,0,AR37-5) -> 13 | AT37: =AS37+AJ37+5 -> 18
A38: 17 | E38: =IF(Q38="Intermission",E37+1,E37) -> 1 | F38: 17 | G38: 40 | H38: 17 | I38: 39 | J38: =IF(F38<>"",F38,IF($A38=$A37,J37,J38)) -> 17 | K38: =IF($A38=$A37,K37,G38) -> 40 | L38: =IF(H38<>"",H38,IF($A38=$A37,L37,"")) -> 17 | M38: =IF(I38<>"",I38,IF($A38=$A37,M37,"")) -> 39 | N38: Home | O38: 16 | P38: e | Q38: Possession | Y38: =IF($N38="","",IF(X38="","",IF($N38="Home",$X38,IF($X38="n","n",IF($X38="d","o",IF($X38="o","d","")))))) | Z38: =IF($N38="","",IF(X38="","",IF($N38="Away",$X38,IF($X38="n","n",IF($X38="d","o",IF($X38="o","d","")))))) | AC38: =IF(Q38<>"",Q38,IF($A38=$A37,AC37,"")) -> Possession | AD38: =IF(R38<>"",R38,IF($A38=$A37,AD37,"")) | AE38: =IF(S38<>"",S38,IF($A38=$A37,AE37,"")) | AF38: =IF(AND(P38="e",OR(AC38="Save",AD38="Turnover_Takeaway",AD38="Play_Defensive")),"Defensive",IF(AND(P38="o",OR(AC38="Save",AD38="Turnover_Takeaway",AD38="Play_Defensive")),"Offensive",IF(OR(AC38="Deadice",AC38="Stoppage",AC38="Intermission"),"",IF(P38="e","Offensive",IF(P38="o","Defensive",""))))) -> Offensive | AG38: =AG37 -> 18981 | AH38: =AH37 -> Nelson | AI38: =AI37 -> Velodrome | AJ38: =IF(AND(L38="",M38=""),0,((J38*60)+K38)-((L38*60)+M38)) -> 1 | AP38: =SUMIFS(AJ38:AJ38,Q38:Q38,"=Intermission") -> 0 | AQ38: =IF(E38=1,0,IF(E38=2,1080+AP38,IF(E38=3,(1080*2)+AP38,0))) -> 0 | AR38: =IF(Q38="Intermission",AR37,((1080)-((J38*60)+K38))+AQ38) -> 20 | AS38: =IF(AR38<5,0,AR38-5) -> 15 | AT38: =AS38+AJ38+5 -> 21
A39: 17 | E39: =IF(Q39="Intermission",E38+1,E38) -> 1 | J39: =IF(F39<>"",F39,IF($A39=$A38,J38,J39)) -> 17 | K39: =IF($A39=$A38,K38,G39) -> 40 | L39: =IF(H39<>"",H39,IF($A39=$A38,L38,"")) -> 17 | M39: =IF(I39<>"",I39,IF($A39=$A38,M38,"")) -> 39 | N39: =IF(A39=A38,N38,"") -> Home | O39: 84 | P39: o | Y39: =IF($N39="","",IF(X39="","",IF($N39="Home",$X39,IF($X39="n","n",IF($X39="d","o",IF($X39="o","d","")))))) | Z39: =IF($N39="","",IF(X39="","",IF($N39="Away",$X39,IF($X39="n","n",IF($X39="d","o",IF($X39="o","d","")))))) | AC39: =IF(Q39<>"",Q39,IF($A39=$A38,AC38,"")) -> Possession | AD39: =IF(R39<>"",R39,IF($A39=$A38,AD38,"")) | AE39: =IF(S39<>"",S39,IF($A39=$A38,AE38,"")) | AF39: =IF(AND(P39="e",OR(AC39="Save",AD39="Turnover_Takeaway",AD39="Play_Defensive")),"Defensive",IF(AND(P39="o",OR(AC39="Save",AD39="Turnover_Takeaway",AD39="Play_Defensive")),"Offensive",IF(OR(AC39="Deadice",AC39="Stoppage",AC39="Intermission"),"",IF(P39="e","Offensive",IF(P39="o","Defensive",""))))) -> Defensive | AG39: =AG38 -> 18981 | AH39: =AH38 -> Nelson | AI39: =AI38 -> Velodrome | AJ39: =IF(AND(L39="",M39=""),0,((J39*60)+K39)-((L39*60)+M39)) -> 1 | AP39: =SUMIFS(AJ39:AJ39,Q39:Q39,"=Intermission") -> 0 | AQ39: =IF(E39=1,0,IF(E39=2,1080+AP39,IF(E39=3,(1080*2)+AP39,0))) -> 0 | AR39: =IF(Q39="Intermission",AR38,((1080)-((J39*60)+K39))+AQ39) -> 20 | AS39: =IF(AR39<5,0,AR39-5) -> 15 | AT39: =AS39+AJ39+5 -> 21
A40: 18 | E40: =IF(Q40="Intermission",E39+1,E39) -> 1 | F40: 17 | G40: 39 | J40: =IF(F40<>"",F40,IF($A40=$A39,J39,J40)) -> 17 | K40: =IF($A40=$A39,K39,G40) -> 39 | L40: =IF(H40<>"",H40,IF($A40=$A39,L39,"")) | M40: =IF(I40<>"",I40,IF($A40=$A39,M39,"")) | N40: Home | O40: 16 | P40: e | Q40: Pass | R40: Pass_Missed | S40: Pass-Backhand | Y40: =IF($N40="","",IF(X40="","",IF($N40="Home",$X40,IF($X40="n","n",IF($X40="d","o",IF($X40="o","d","")))))) | Z40: =IF($N40="","",IF(X40="","",IF($N40="Away",$X40,IF($X40="n","n",IF($X40="d","o",IF($X40="o","d","")))))) | AC40: =IF(Q40<>"",Q40,IF($A40=$A39,AC39,"")) -> Pass | AD40: =IF(R40<>"",R40,IF($A40=$A39,AD39,"")) -> Pass_Missed | AE40: =IF(S40<>"",S40,IF($A40=$A39,AE39,"")) -> Pass-Backhand | AF40: =IF(AND(P40="e",OR(AC40="Save",AD40="Turnover_Takeaway",AD40="Play_Defensive")),"Defensive",IF(AND(P40="o",OR(AC40="Save",AD40="Turnover_Takeaway",AD40="Play_Defensive")),"Offensive",IF(OR(AC40="Deadice",AC40="Stoppage",AC40="Intermission"),"",IF(P40="e","Offensive",IF(P40="o","Defensive",""))))) -> Offensive | AG40: =AG39 -> 18981 | AH40: =AH39 -> Nelson | AI40: =AI39 -> Velodrome | AJ40: =IF(AND(L40="",M40=""),0,((J40*60)+K40)-((L40*60)+M40)) -> 0 | AP40: =SUMIFS(AJ40:AJ40,Q40:Q40,"=Intermission") -> 0 | AQ40: =IF(E40=1,0,IF(E40=2,1080+AP40,IF(E40=3,(1080*2)+AP40,0))) -> 0 | AR40: =IF(Q40="Intermission",AR39,((1080)-((J40*60)+K40))+AQ40) -> 21 | AS40: =IF(AR40<5,0,AR40-5) -> 16 | AT40: =AS40+AJ40+5 -> 21
A41: 18 | E41: =IF(Q41="Intermission",E40+1,E40) -> 1 | J41: =IF(F41<>"",F41,IF($A41=$A40,J40,J41)) -> 17 | K41: =IF($A41=$A40,K40,G41) -> 39 | L41: =IF(H41<>"",H41,IF($A41=$A40,L40,"")) | M41: =IF(I41<>"",I41,IF($A41=$A40,M40,"")) | N41: =IF(A41=A40,N40,"") -> Home | O41: 10 | P41: e | Y41: =IF($N41="","",IF(X41="","",IF($N41="Home",$X41,IF($X41="n","n",IF($X41="d","o",IF($X41="o","d","")))))) | Z41: =IF($N41="","",IF(X41="","",IF($N41="Away",$X41,IF($X41="n","n",IF($X41="d","o",IF($X41="o","d","")))))) | AC41: =IF(Q41<>"",Q41,IF($A41=$A40,AC40,"")) -> Pass | AD41: =IF(R41<>"",R41,IF($A41=$A40,AD40,"")) -> Pass_Missed | AE41: =IF(S41<>"",S41,IF($A41=$A40,AE40,"")) -> Pass-Backhand | AF41: =IF(AND(P41="e",OR(AC41="Save",AD41="Turnover_Takeaway",AD41="Play_Defensive")),"Defensive",IF(AND(P41="o",OR(AC41="Save",AD41="Turnover_Takeaway",AD41="Play_Defensive")),"Offensive",IF(OR(AC41="Deadice",AC41="Stoppage",AC41="Intermission"),"",IF(P41="e","Offensive",IF(P41="o","Defensive",""))))) -> Offensive | AG41: =AG40 -> 18981 | AH41: =AH40 -> Nelson | AI41: =AI40 -> Velodrome | AJ41: =IF(AND(L41="",M41=""),0,((J41*60)+K41)-((L41*60)+M41)) -> 0 | AP41: =SUMIFS(AJ41:AJ41,Q41:Q41,"=Intermission") -> 0 | AQ41: =IF(E41=1,0,IF(E41=2,1080+AP41,IF(E41=3,(1080*2)+AP41,0))) -> 0 | AR41: =IF(Q41="Intermission",AR40,((1080)-((J41*60)+K41))+AQ41) -> 21 | AS41: =IF(AR41<5,0,AR41-5) -> 16 | AT41: =AS41+AJ41+5 -> 21
A42: 18 | E42: =IF(Q42="Intermission",E41+1,E41) -> 1 | J42: =IF(F42<>"",F42,IF($A42=$A41,J41,J42)) -> 17 | K42: =IF($A42=$A41,K41,G42) -> 39 | L42: =IF(H42<>"",H42,IF($A42=$A41,L41,"")) | M42: =IF(I42<>"",I42,IF($A42=$A41,M41,"")) | N42: =IF(A42=A41,N41,"") -> Home | O42: 70 | P42: o | Y42: =IF($N42="","",IF(X42="","",IF($N42="Home",$X42,IF($X42="n","n",IF($X42="d","o",IF($X42="o","d","")))))) | Z42: =IF($N42="","",IF(X42="","",IF($N42="Away",$X42,IF($X42="n","n",IF($X42="d","o",IF($X42="o","d","")))))) | AC42: =IF(Q42<>"",Q42,IF($A42=$A41,AC41,"")) -> Pass | AD42: =IF(R42<>"",R42,IF($A42=$A41,AD41,"")) -> Pass_Missed | AE42: =IF(S42<>"",S42,IF($A42=$A41,AE41,"")) -> Pass-Backhand | AF42: =IF(AND(P42="e",OR(AC42="Save",AD42="Turnover_Takeaway",AD42="Play_Defensive")),"Defensive",IF(AND(P42="o",OR(AC42="Save",AD42="Turnover_Takeaway",AD42="Play_Defensive")),"Offensive",IF(OR(AC42="Deadice",AC42="Stoppage",AC42="Intermission"),"",IF(P42="e","Offensive",IF(P42="o","Defensive",""))))) -> Defensive | AG42: =AG41 -> 18981 | AH42: =AH41 -> Nelson | AI42: =AI41 -> Velodrome | AJ42: =IF(AND(L42="",M42=""),0,((J42*60)+K42)-((L42*60)+M42)) -> 0 | AP42: =SUMIFS(AJ42:AJ42,Q42:Q42,"=Intermission") -> 0 | AQ42: =IF(E42=1,0,IF(E42=2,1080+AP42,IF(E42=3,(1080*2)+AP42,0))) -> 0 | AR42: =IF(Q42="Intermission",AR41,((1080)-((J42*60)+K42))+AQ42) -> 21 | AS42: =IF(AR42<5,0,AR42-5) -> 16 | AT42: =AS42+AJ42+5 -> 21
A43: 19 | E43: =IF(Q43="Intermission",E42+1,E42) -> 1 | F43: 17 | G43: 36 | J43: =IF(F43<>"",F43,IF($A43=$A42,J42,J43)) -> 17 | K43: =IF($A43=$A42,K42,G43) -> 36 | L43: =IF(H43<>"",H43,IF($A43=$A42,L42,"")) | M43: =IF(I43<>"",I43,IF($A43=$A42,M42,"")) | N43: Home | O43: 16 | P43: e | Q43: Shot | R43: Shot_Blocked | S43: Shot-Wrist | Y43: =IF($N43="","",IF(X43="","",IF($N43="Home",$X43,IF($X43="n","n",IF($X43="d","o",IF($X43="o","d","")))))) | Z43: =IF($N43="","",IF(X43="","",IF($N43="Away",$X43,IF($X43="n","n",IF($X43="d","o",IF($X43="o","d","")))))) | AC43: =IF(Q43<>"",Q43,IF($A43=$A42,AC42,"")) -> Shot | AD43: =IF(R43<>"",R43,IF($A43=$A42,AD42,"")) -> Shot_Blocked | AE43: =IF(S43<>"",S43,IF($A43=$A42,AE42,"")) -> Shot-Wrist | AF43: =IF(AND(P43="e",OR(AC43="Save",AD43="Turnover_Takeaway",AD43="Play_Defensive")),"Defensive",IF(AND(P43="o",OR(AC43="Save",AD43="Turnover_Takeaway",AD43="Play_Defensive")),"Offensive",IF(OR(AC43="Deadice",AC43="Stoppage",AC43="Intermission"),"",IF(P43="e","Offensive",IF(P43="o","Defensive",""))))) -> Offensive | AG43: =AG42 -> 18981 | AH43: =AH42 -> Nelson | AI43: =AI42 -> Velodrome | AJ43: =IF(AND(L43="",M43=""),0,((J43*60)+K43)-((L43*60)+M43)) -> 0 | AP43: =SUMIFS(AJ43:AJ43,Q43:Q43,"=Intermission") -> 0 | AQ43: =IF(E43=1,0,IF(E43=2,1080+AP43,IF(E43=3,(1080*2)+AP43,0))) -> 0 | AR43: =IF(Q43="Intermission",AR42,((1080)-((J43*60)+K43))+AQ43) -> 24 | AS43: =IF(AR43<5,0,AR43-5) -> 19 | AT43: =AS43+AJ43+5 -> 24
A44: 19 | E44: =IF(Q44="Intermission",E43+1,E43) -> 1 | J44: =IF(F44<>"",F44,IF($A44=$A43,J43,J44)) -> 17 | K44: =IF($A44=$A43,K43,G44) -> 36 | L44: =IF(H44<>"",H44,IF($A44=$A43,L43,"")) | M44: =IF(I44<>"",I44,IF($A44=$A43,M43,"")) | N44: =IF(A44=A43,N43,"") -> Home | O44: 10 | P44: e | Y44: =IF($N44="","",IF(X44="","",IF($N44="Home",$X44,IF($X44="n","n",IF($X44="d","o",IF($X44="o","d","")))))) | Z44: =IF($N44="","",IF(X44="","",IF($N44="Away",$X44,IF($X44="n","n",IF($X44="d","o",IF($X44="o","d","")))))) | AC44: =IF(Q44<>"",Q44,IF($A44=$A43,AC43,"")) -> Shot | AD44: =IF(R44<>"",R44,IF($A44=$A43,AD43,"")) -> Shot_Blocked | AE44: =IF(S44<>"",S44,IF($A44=$A43,AE43,"")) -> Shot-Wrist | AF44: =IF(AND(P44="e",OR(AC44="Save",AD44="Turnover_Takeaway",AD44="Play_Defensive")),"Defensive",IF(AND(P44="o",OR(AC44="Save",AD44="Turnover_Takeaway",AD44="Play_Defensive")),"Offensive",IF(OR(AC44="Deadice",AC44="Stoppage",AC44="Intermission"),"",IF(P44="e","Offensive",IF(P44="o","Defensive",""))))) -> Offensive | AG44: =AG43 -> 18981 | AH44: =AH43 -> Nelson | AI44: =AI43 -> Velodrome | AJ44: =IF(AND(L44="",M44=""),0,((J44*60)+K44)-((L44*60)+M44)) -> 0 | AP44: =SUMIFS(AJ44:AJ44,Q44:Q44,"=Intermission") -> 0 | AQ44: =IF(E44=1,0,IF(E44=2,1080+AP44,IF(E44=3,(1080*2)+AP44,0))) -> 0 | AR44: =IF(Q44="Intermission",AR43,((1080)-((J44*60)+K44))+AQ44) -> 24 | AS44: =IF(AR44<5,0,AR44-5) -> 19 | AT44: =AS44+AJ44+5 -> 24
A45: 19 | E45: =IF(Q45="Intermission",E44+1,E44) -> 1 | J45: =IF(F45<>"",F45,IF($A45=$A44,J44,J45)) -> 17 | K45: =IF($A45=$A44,K44,G45) -> 36 | L45: =IF(H45<>"",H45,IF($A45=$A44,L44,"")) | M45: =IF(I45<>"",I45,IF($A45=$A44,M44,"")) | N45: =IF(A45=A44,N44,"") -> Home | O45: 22 | P45: o | Y45: =IF($N45="","",IF(X45="","",IF($N45="Home",$X45,IF($X45="n","n",IF($X45="d","o",IF($X45="o","d","")))))) | Z45: =IF($N45="","",IF(X45="","",IF($N45="Away",$X45,IF($X45="n","n",IF($X45="d","o",IF($X45="o","d","")))))) | AC45: =IF(Q45<>"",Q45,IF($A45=$A44,AC44,"")) -> Shot | AD45: =IF(R45<>"",R45,IF($A45=$A44,AD44,"")) -> Shot_Blocked | AE45: =IF(S45<>"",S45,IF($A45=$A44,AE44,"")) -> Shot-Wrist | AF45: =IF(AND(P45="e",OR(AC45="Save",AD45="Turnover_Takeaway",AD45="Play_Defensive")),"Defensive",IF(AND(P45="o",OR(AC45="Save",AD45="Turnover_Takeaway",AD45="Play_Defensive")),"Offensive",IF(OR(AC45="Deadice",AC45="Stoppage",AC45="Intermission"),"",IF(P45="e","Offensive",IF(P45="o","Defensive",""))))) -> Defensive | AG45: =AG44 -> 18981 | AH45: =AH44 -> Nelson | AI45: =AI44 -> Velodrome | AJ45: =IF(AND(L45="",M45=""),0,((J45*60)+K45)-((L45*60)+M45)) -> 0 | AP45: =SUMIFS(AJ45:AJ45,Q45:Q45,"=Intermission") -> 0 | AQ45: =IF(E45=1,0,IF(E45=2,1080+AP45,IF(E45=3,(1080*2)+AP45,0))) -> 0 | AR45: =IF(Q45="Intermission",AR44,((1080)-((J45*60)+K45))+AQ45) -> 24 | AS45: =IF(AR45<5,0,AR45-5) -> 19 | AT45: =AS45+AJ45+5 -> 24
A46: 20 | E46: =IF(Q46="Intermission",E45+1,E45) -> 1 | F46: 17 | G46: 36 | J46: =IF(F46<>"",F46,IF($A46=$A45,J45,J46)) -> 17 | K46: =IF($A46=$A45,K45,G46) -> 36 | L46: =IF(H46<>"",H46,IF($A46=$A45,L45,"")) | M46: =IF(I46<>"",I46,IF($A46=$A45,M45,"")) | N46: Home | O46: 16 | P46: e | Q46: Turnover | R46: Turnover_Giveaway | S46: Giveaway-ShotBlocked | Y46: =IF($N46="","",IF(X46="","",IF($N46="Home",$X46,IF($X46="n","n",IF($X46="d","o",IF($X46="o","d","")))))) | Z46: =IF($N46="","",IF(X46="","",IF($N46="Away",$X46,IF($X46="n","n",IF($X46="d","o",IF($X46="o","d","")))))) | AC46: =IF(Q46<>"",Q46,IF($A46=$A45,AC45,"")) -> Turnover | AD46: =IF(R46<>"",R46,IF($A46=$A45,AD45,"")) -> Turnover_Giveaway | AE46: =IF(S46<>"",S46,IF($A46=$A45,AE45,"")) -> Giveaway-ShotBlocked | AF46: =IF(AND(P46="e",OR(AC46="Save",AD46="Turnover_Takeaway",AD46="Play_Defensive")),"Defensive",IF(AND(P46="o",OR(AC46="Save",AD46="Turnover_Takeaway",AD46="Play_Defensive")),"Offensive",IF(OR(AC46="Deadice",AC46="Stoppage",AC46="Intermission"),"",IF(P46="e","Offensive",IF(P46="o","Defensive",""))))) -> Offensive | AG46: =AG45 -> 18981 | AH46: =AH45 -> Nelson | AI46: =AI45 -> Velodrome | AJ46: =IF(AND(L46="",M46=""),0,((J46*60)+K46)-((L46*60)+M46)) -> 0 | AP46: =SUMIFS(AJ46:AJ46,Q46:Q46,"=Intermission") -> 0 | AQ46: =IF(E46=1,0,IF(E46=2,1080+AP46,IF(E46=3,(1080*2)+AP46,0))) -> 0 | AR46: =IF(Q46="Intermission",AR45,((1080)-((J46*60)+K46))+AQ46) -> 24 | AS46: =IF(AR46<5,0,AR46-5) -> 19 | AT46: =AS46+AJ46+5 -> 24
A47: 20 | E47: =IF(Q47="Intermission",E46+1,E46) -> 1 | J47: =IF(F47<>"",F47,IF($A47=$A46,J46,J47)) -> 17 | K47: =IF($A47=$A46,K46,G47) -> 36 | L47: =IF(H47<>"",H47,IF($A47=$A46,L46,"")) | M47: =IF(I47<>"",I47,IF($A47=$A46,M46,"")) | N47: =IF(A47=A46,N46,"") -> Home | O47: 22 | P47: o | Y47: =IF($N47="","",IF(X47="","",IF($N47="Home",$X47,IF($X47="n","n",IF($X47="d","o",IF($X47="o","d","")))))) | Z47: =IF($N47="","",IF(X47="","",IF($N47="Away",$X47,IF($X47="n","n",IF($X47="d","o",IF($X47="o","d","")))))) | AC47: =IF(Q47<>"",Q47,IF($A47=$A46,AC46,"")) -> Turnover | AD47: =IF(R47<>"",R47,IF($A47=$A46,AD46,"")) -> Turnover_Giveaway | AE47: =IF(S47<>"",S47,IF($A47=$A46,AE46,"")) -> Giveaway-ShotBlocked | AF47: =IF(AND(P47="e",OR(AC47="Save",AD47="Turnover_Takeaway",AD47="Play_Defensive")),"Defensive",IF(AND(P47="o",OR(AC47="Save",AD47="Turnover_Takeaway",AD47="Play_Defensive")),"Offensive",IF(OR(AC47="Deadice",AC47="Stoppage",AC47="Intermission"),"",IF(P47="e","Offensive",IF(P47="o","Defensive",""))))) -> Defensive | AG47: =AG46 -> 18981 | AH47: =AH46 -> Nelson | AI47: =AI46 -> Velodrome | AJ47: =IF(AND(L47="",M47=""),0,((J47*60)+K47)-((L47*60)+M47)) -> 0 | AP47: =SUMIFS(AJ47:AJ47,Q47:Q47,"=Intermission") -> 0 | AQ47: =IF(E47=1,0,IF(E47=2,1080+AP47,IF(E47=3,(1080*2)+AP47,0))) -> 0 | AR47: =IF(Q47="Intermission",AR46,((1080)-((J47*60)+K47))+AQ47) -> 24 | AS47: =IF(AR47<5,0,AR47-5) -> 19 | AT47: =AS47+AJ47+5 -> 24
A48: 21 | E48: =IF(Q48="Intermission",E47+1,E47) -> 1 | F48: 17 | G48: 35 | H48: 17 | I48: 32 | J48: =IF(F48<>"",F48,IF($A48=$A47,J47,J48)) -> 17 | K48: =IF($A48=$A47,K47,G48) -> 35 | L48: =IF(H48<>"",H48,IF($A48=$A47,L47,"")) -> 17 | M48: =IF(I48<>"",I48,IF($A48=$A47,M47,"")) -> 32 | N48: Away | O48: 70 | P48: e | Q48: Zone_Entry_Exit | R48: Zone_Exit | S48: ZoneExit-Rush | Y48: =IF($N48="","",IF(X48="","",IF($N48="Home",$X48,IF($X48="n","n",IF($X48="d","o",IF($X48="o","d","")))))) | Z48: =IF($N48="","",IF(X48="","",IF($N48="Away",$X48,IF($X48="n","n",IF($X48="d","o",IF($X48="o","d","")))))) | AC48: =IF(Q48<>"",Q48,IF($A48=$A47,AC47,"")) -> Zone_Entry_Exit | AD48: =IF(R48<>"",R48,IF($A48=$A47,AD47,"")) -> Zone_Exit | AE48: =IF(S48<>"",S48,IF($A48=$A47,AE47,"")) -> ZoneExit-Rush | AF48: =IF(AND(P48="e",OR(AC48="Save",AD48="Turnover_Takeaway",AD48="Play_Defensive")),"Defensive",IF(AND(P48="o",OR(AC48="Save",AD48="Turnover_Takeaway",AD48="Play_Defensive")),"Offensive",IF(OR(AC48="Deadice",AC48="Stoppage",AC48="Intermission"),"",IF(P48="e","Offensive",IF(P48="o","Defensive",""))))) -> Offensive | AG48: =AG47 -> 18981 | AH48: =AH47 -> Nelson | AI48: =AI47 -> Velodrome | AJ48: =IF(AND(L48="",M48=""),0,((J48*60)+K48)-((L48*60)+M48)) -> 3 | AP48: =SUMIFS(AJ48:AJ48,Q48:Q48,"=Intermission") -> 0 | AQ48: =IF(E48=1,0,IF(E48=2,1080+AP48,IF(E48=3,(1080*2)+AP48,0))) -> 0 | AR48: =IF(Q48="Intermission",AR47,((1080)-((J48*60)+K48))+AQ48) -> 25 | AS48: =IF(AR48<5,0,AR48-5) -> 20 | AT48: =AS48+AJ48+5 -> 28
A49: 22 | E49: =IF(Q49="Intermission",E48+1,E48) -> 1 | F49: 17 | G49: 32 | H49: 17 | I49: 31 | J49: =IF(F49<>"",F49,IF($A49=$A48,J48,J49)) -> 17 | K49: =IF($A49=$A48,K48,G49) -> 32 | L49: =IF(H49<>"",H49,IF($A49=$A48,L48,"")) -> 17 | M49: =IF(I49<>"",I49,IF($A49=$A48,M48,"")) -> 31 | N49: Away | O49: 70 | P49: e | Q49: Possession | Y49: =IF($N49="","",IF(X49="","",IF($N49="Home",$X49,IF($X49="n","n",IF($X49="d","o",IF($X49="o","d","")))))) | Z49: =IF($N49="","",IF(X49="","",IF($N49="Away",$X49,IF($X49="n","n",IF($X49="d","o",IF($X49="o","d","")))))) | AC49: =IF(Q49<>"",Q49,IF($A49=$A48,AC48,"")) -> Possession | AD49: =IF(R49<>"",R49,IF($A49=$A48,AD48,"")) | AE49: =IF(S49<>"",S49,IF($A49=$A48,AE48,"")) | AF49: =IF(AND(P49="e",OR(AC49="Save",AD49="Turnover_Takeaway",AD49="Play_Defensive")),"Defensive",IF(AND(P49="o",OR(AC49="Save",AD49="Turnover_Takeaway",AD49="Play_Defensive")),"Offensive",IF(OR(AC49="Deadice",AC49="Stoppage",AC49="Intermission"),"",IF(P49="e","Offensive",IF(P49="o","Defensive",""))))) -> Offensive | AG49: =AG48 -> 18981 | AH49: =AH48 -> Nelson | AI49: =AI48 -> Velodrome | AJ49: =IF(AND(L49="",M49=""),0,((J49*60)+K49)-((L49*60)+M49)) -> 1 | AP49: =SUMIFS(AJ49:AJ49,Q49:Q49,"=Intermission") -> 0 | AQ49: =IF(E49=1,0,IF(E49=2,1080+AP49,IF(E49=3,(1080*2)+AP49,0))) -> 0 | AR49: =IF(Q49="Intermission",AR48,((1080)-((J49*60)+K49))+AQ49) -> 28 | AS49: =IF(AR49<5,0,AR49-5) -> 23 | AT49: =AS49+AJ49+5 -> 29
A50: 23 | E50: =IF(Q50="Intermission",E49+1,E49) -> 1 | F50: 17 | G50: 31 | H50: 17 | I50: 29 | J50: =IF(F50<>"",F50,IF($A50=$A49,J49,J50)) -> 17 | K50: =IF($A50=$A49,K49,G50) -> 31 | L50: =IF(H50<>"",H50,IF($A50=$A49,L49,"")) -> 17 | M50: =IF(I50<>"",I50,IF($A50=$A49,M49,"")) -> 29 | N50: Away | O50: 70 | P50: e | Q50: Zone_Entry_Exit | R50: Zone_Entry | S50: ZoneEntry-Rush | Y50: =IF($N50="","",IF(X50="","",IF($N50="Home",$X50,IF($X50="n","n",IF($X50="d","o",IF($X50="o","d","")))))) | Z50: =IF($N50="","",IF(X50="","",IF($N50="Away",$X50,IF($X50="n","n",IF($X50="d","o",IF($X50="o","d","")))))) | AC50: =IF(Q50<>"",Q50,IF($A50=$A49,AC49,"")) -> Zone_Entry_Exit | AD50: =IF(R50<>"",R50,IF($A50=$A49,AD49,"")) -> Zone_Entry | AE50: =IF(S50<>"",S50,IF($A50=$A49,AE49,"")) -> ZoneEntry-Rush | AF50: =IF(AND(P50="e",OR(AC50="Save",AD50="Turnover_Takeaway",AD50="Play_Defensive")),"Defensive",IF(AND(P50="o",OR(AC50="Save",AD50="Turnover_Takeaway",AD50="Play_Defensive")),"Offensive",IF(OR(AC50="Deadice",AC50="Stoppage",AC50="Intermission"),"",IF(P50="e","Offensive",IF(P50="o","Defensive",""))))) -> Offensive | AG50: =AG49 -> 18981 | AH50: =AH49 -> Nelson | AI50: =AI49 -> Velodrome | AJ50: =IF(AND(L50="",M50=""),0,((J50*60)+K50)-((L50*60)+M50)) -> 2 | AP50: =SUMIFS(AJ50:AJ50,Q50:Q50,"=Intermission") -> 0 | AQ50: =IF(E50=1,0,IF(E50=2,1080+AP50,IF(E50=3,(1080*2)+AP50,0))) -> 0 | AR50: =IF(Q50="Intermission",AR49,((1080)-((J50*60)+K50))+AQ50) -> 29 | AS50: =IF(AR50<5,0,AR50-5) -> 24 | AT50: =AS50+AJ50+5 -> 31
A51: 23 | E51: =IF(Q51="Intermission",E50+1,E50) -> 1 | J51: =IF(F51<>"",F51,IF($A51=$A50,J50,J51)) -> 17 | K51: =IF($A51=$A50,K50,G51) -> 31 | L51: =IF(H51<>"",H51,IF($A51=$A50,L50,"")) -> 17 | M51: =IF(I51<>"",I51,IF($A51=$A50,M50,"")) -> 29 | N51: =IF(A51=A50,N50,"") -> Away | O51: 23 | P51: o | Y51: =IF($N51="","",IF(X51="","",IF($N51="Home",$X51,IF($X51="n","n",IF($X51="d","o",IF($X51="o","d","")))))) | Z51: =IF($N51="","",IF(X51="","",IF($N51="Away",$X51,IF($X51="n","n",IF($X51="d","o",IF($X51="o","d","")))))) | AC51: =IF(Q51<>"",Q51,IF($A51=$A50,AC50,"")) -> Zone_Entry_Exit | AD51: =IF(R51<>"",R51,IF($A51=$A50,AD50,"")) -> Zone_Entry | AE51: =IF(S51<>"",S51,IF($A51=$A50,AE50,"")) -> ZoneEntry-Rush | AF51: =IF(AND(P51="e",OR(AC51="Save",AD51="Turnover_Takeaway",AD51="Play_Defensive")),"Defensive",IF(AND(P51="o",OR(AC51="Save",AD51="Turnover_Takeaway",AD51="Play_Defensive")),"Offensive",IF(OR(AC51="Deadice",AC51="Stoppage",AC51="Intermission"),"",IF(P51="e","Offensive",IF(P51="o","Defensive",""))))) -> Defensive | AG51: =AG50 -> 18981 | AH51: =AH50 -> Nelson | AI51: =AI50 -> Velodrome | AJ51: =IF(AND(L51="",M51=""),0,((J51*60)+K51)-((L51*60)+M51)) -> 2 | AP51: =SUMIFS(AJ51:AJ51,Q51:Q51,"=Intermission") -> 0 | AQ51: =IF(E51=1,0,IF(E51=2,1080+AP51,IF(E51=3,(1080*2)+AP51,0))) -> 0 | AR51: =IF(Q51="Intermission",AR50,((1080)-((J51*60)+K51))+AQ51) -> 29 | AS51: =IF(AR51<5,0,AR51-5) -> 24 | AT51: =AS51+AJ51+5 -> 31
A52: 23 | E52: =IF(Q52="Intermission",E51+1,E51) -> 1 | J52: =IF(F52<>"",F52,IF($A52=$A51,J51,J52)) -> 17 | K52: =IF($A52=$A51,K51,G52) -> 31 | L52: =IF(H52<>"",H52,IF($A52=$A51,L51,"")) -> 17 | M52: =IF(I52<>"",I52,IF($A52=$A51,M51,"")) -> 29 | N52: =IF(A52=A51,N51,"") -> Away | O52: 37 | P52: o | Y52: =IF($N52="","",IF(X52="","",IF($N52="Home",$X52,IF($X52="n","n",IF($X52="d","o",IF($X52="o","d","")))))) | Z52: =IF($N52="","",IF(X52="","",IF($N52="Away",$X52,IF($X52="n","n",IF($X52="d","o",IF($X52="o","d","")))))) | AC52: =IF(Q52<>"",Q52,IF($A52=$A51,AC51,"")) -> Zone_Entry_Exit | AD52: =IF(R52<>"",R52,IF($A52=$A51,AD51,"")) -> Zone_Entry | AE52: =IF(S52<>"",S52,IF($A52=$A51,AE51,"")) -> ZoneEntry-Rush | AF52: =IF(AND(P52="e",OR(AC52="Save",AD52="Turnover_Takeaway",AD52="Play_Defensive")),"Defensive",IF(AND(P52="o",OR(AC52="Save",AD52="Turnover_Takeaway",AD52="Play_Defensive")),"Offensive",IF(OR(AC52="Deadice",AC52="Stoppage",AC52="Intermission"),"",IF(P52="e","Offensive",IF(P52="o","Defensive",""))))) -> Defensive | AG52: =AG51 -> 18981 | AH52: =AH51 -> Nelson | AI52: =AI51 -> Velodrome | AJ52: =IF(AND(L52="",M52=""),0,((J52*60)+K52)-((L52*60)+M52)) -> 2 | AP52: =SUMIFS(AJ52:AJ52,Q52:Q52,"=Intermission") -> 0 | AQ52: =IF(E52=1,0,IF(E52=2,1080+AP52,IF(E52=3,(1080*2)+AP52,0))) -> 0 | AR52: =IF(Q52="Intermission",AR51,((1080)-((J52*60)+K52))+AQ52) -> 29 | AS52: =IF(AR52<5,0,AR52-5) -> 24 | AT52: =AS52+AJ52+5 -> 31
A53: 24 | E53: =IF(Q53="Intermission",E52+1,E52) -> 1 | F53: 17 | G53: 29 | J53: =IF(F53<>"",F53,IF($A53=$A52,J52,J53)) -> 17 | K53: =IF($A53=$A52,K52,G53) -> 29 | L53: =IF(H53<>"",H53,IF($A53=$A52,L52,"")) | M53: =IF(I53<>"",I53,IF($A53=$A52,M52,"")) | N53: Away | O53: 70 | P53: e | Q53: Shot | R53: Shot_OnNetSaved | S53: Shot-Wrist | Y53: =IF($N53="","",IF(X53="","",IF($N53="Home",$X53,IF($X53="n","n",IF($X53="d","o",IF($X53="o","d","")))))) | Z53: =IF($N53="","",IF(X53="","",IF($N53="Away",$X53,IF($X53="n","n",IF($X53="d","o",IF($X53="o","d","")))))) | AC53: =IF(Q53<>"",Q53,IF($A53=$A52,AC52,"")) -> Shot | AD53: =IF(R53<>"",R53,IF($A53=$A52,AD52,"")) -> Shot_OnNetSaved | AE53: =IF(S53<>"",S53,IF($A53=$A52,AE52,"")) -> Shot-Wrist | AF53: =IF(AND(P53="e",OR(AC53="Save",AD53="Turnover_Takeaway",AD53="Play_Defensive")),"Defensive",IF(AND(P53="o",OR(AC53="Save",AD53="Turnover_Takeaway",AD53="Play_Defensive")),"Offensive",IF(OR(AC53="Deadice",AC53="Stoppage",AC53="Intermission"),"",IF(P53="e","Offensive",IF(P53="o","Defensive",""))))) -> Offensive | AG53: =AG52 -> 18981 | AH53: =AH52 -> Nelson | AI53: =AI52 -> Velodrome | AJ53: =IF(AND(L53="",M53=""),0,((J53*60)+K53)-((L53*60)+M53)) -> 0 | AP53: =SUMIFS(AJ53:AJ53,Q53:Q53,"=Intermission") -> 0 | AQ53: =IF(E53=1,0,IF(E53=2,1080+AP53,IF(E53=3,(1080*2)+AP53,0))) -> 0 | AR53: =IF(Q53="Intermission",AR52,((1080)-((J53*60)+K53))+AQ53) -> 31 | AS53: =IF(AR53<5,0,AR53-5) -> 26 | AT53: =AS53+AJ53+5 -> 31
A54: 24 | E54: =IF(Q54="Intermission",E53+1,E53) -> 1 | J54: =IF(F54<>"",F54,IF($A54=$A53,J53,J54)) -> 17 | K54: =IF($A54=$A53,K53,G54) -> 29 | L54: =IF(H54<>"",H54,IF($A54=$A53,L53,"")) | M54: =IF(I54<>"",I54,IF($A54=$A53,M53,"")) | N54: =IF(A54=A53,N53,"") -> Away | O54: 31 | P54: o | Y54: =IF($N54="","",IF(X54="","",IF($N54="Home",$X54,IF($X54="n","n",IF($X54="d","o",IF($X54="o","d","")))))) | Z54: =IF($N54="","",IF(X54="","",IF($N54="Away",$X54,IF($X54="n","n",IF($X54="d","o",IF($X54="o","d","")))))) | AC54: =IF(Q54<>"",Q54,IF($A54=$A53,AC53,"")) -> Shot | AD54: =IF(R54<>"",R54,IF($A54=$A53,AD53,"")) -> Shot_OnNetSaved | AE54: =IF(S54<>"",S54,IF($A54=$A53,AE53,"")) -> Shot-Wrist | AF54: =IF(AND(P54="e",OR(AC54="Save",AD54="Turnover_Takeaway",AD54="Play_Defensive")),"Defensive",IF(AND(P54="o",OR(AC54="Save",AD54="Turnover_Takeaway",AD54="Play_Defensive")),"Offensive",IF(OR(AC54="Deadice",AC54="Stoppage",AC54="Intermission"),"",IF(P54="e","Offensive",IF(P54="o","Defensive",""))))) -> Defensive | AG54: =AG53 -> 18981 | AH54: =AH53 -> Nelson | AI54: =AI53 -> Velodrome | AJ54: =IF(AND(L54="",M54=""),0,((J54*60)+K54)-((L54*60)+M54)) -> 0 | AP54: =SUMIFS(AJ54:AJ54,Q54:Q54,"=Intermission") -> 0 | AQ54: =IF(E54=1,0,IF(E54=2,1080+AP54,IF(E54=3,(1080*2)+AP54,0))) -> 0 | AR54: =IF(Q54="Intermission",AR53,((1080)-((J54*60)+K54))+AQ54) -> 31 | AS54: =IF(AR54<5,0,AR54-5) -> 26 | AT54: =AS54+AJ54+5 -> 31
A55: 24 | E55: =IF(Q55="Intermission",E54+1,E54) -> 1 | J55: =IF(F55<>"",F55,IF($A55=$A54,J54,J55)) -> 17 | K55: =IF($A55=$A54,K54,G55) -> 29 | L55: =IF(H55<>"",H55,IF($A55=$A54,L54,"")) | M55: =IF(I55<>"",I55,IF($A55=$A54,M54,"")) | N55: =IF(A55=A54,N54,"") -> Away | O55: 37 | P55: o | Y55: =IF($N55="","",IF(X55="","",IF($N55="Home",$X55,IF($X55="n","n",IF($X55="d","o",IF($X55="o","d","")))))) | Z55: =IF($N55="","",IF(X55="","",IF($N55="Away",$X55,IF($X55="n","n",IF($X55="d","o",IF($X55="o","d","")))))) | AC55: =IF(Q55<>"",Q55,IF($A55=$A54,AC54,"")) -> Shot | AD55: =IF(R55<>"",R55,IF($A55=$A54,AD54,"")) -> Shot_OnNetSaved | AE55: =IF(S55<>"",S55,IF($A55=$A54,AE54,"")) -> Shot-Wrist | AF55: =IF(AND(P55="e",OR(AC55="Save",AD55="Turnover_Takeaway",AD55="Play_Defensive")),"Defensive",IF(AND(P55="o",OR(AC55="Save",AD55="Turnover_Takeaway",AD55="Play_Defensive")),"Offensive",IF(OR(AC55="Deadice",AC55="Stoppage",AC55="Intermission"),"",IF(P55="e","Offensive",IF(P55="o","Defensive",""))))) -> Defensive | AG55: =AG54 -> 18981 | AH55: =AH54 -> Nelson | AI55: =AI54 -> Velodrome | AJ55: =IF(AND(L55="",M55=""),0,((J55*60)+K55)-((L55*60)+M55)) -> 0 | AP55: =SUMIFS(AJ55:AJ55,Q55:Q55,"=Intermission") -> 0 | AQ55: =IF(E55=1,0,IF(E55=2,1080+AP55,IF(E55=3,(1080*2)+AP55,0))) -> 0 | AR55: =IF(Q55="Intermission",AR54,((1080)-((J55*60)+K55))+AQ55) -> 31 | AS55: =IF(AR55<5,0,AR55-5) -> 26 | AT55: =AS55+AJ55+5 -> 31
A56: 25 | E56: =IF(Q56="Intermission",E55+1,E55) -> 1 | F56: 17 | G56: 29 | J56: =IF(F56<>"",F56,IF($A56=$A55,J55,J56)) -> 17 | K56: =IF($A56=$A55,K55,G56) -> 29 | L56: =IF(H56<>"",H56,IF($A56=$A55,L55,"")) | M56: =IF(I56<>"",I56,IF($A56=$A55,M55,"")) | N56: Home | O56: 31 | P56: e | Q56: Save | R56: Save_Rebound | S56: Save-LeftPad | Y56: =IF($N56="","",IF(X56="","",IF($N56="Home",$X56,IF($X56="n","n",IF($X56="d","o",IF($X56="o","d","")))))) | Z56: =IF($N56="","",IF(X56="","",IF($N56="Away",$X56,IF($X56="n","n",IF($X56="d","o",IF($X56="o","d","")))))) | AC56: =IF(Q56<>"",Q56,IF($A56=$A55,AC55,"")) -> Save | AD56: =IF(R56<>"",R56,IF($A56=$A55,AD55,"")) -> Save_Rebound | AE56: =IF(S56<>"",S56,IF($A56=$A55,AE55,"")) -> Save-LeftPad | AF56: =IF(AND(P56="e",OR(AC56="Save",AD56="Turnover_Takeaway",AD56="Play_Defensive")),"Defensive",IF(AND(P56="o",OR(AC56="Save",AD56="Turnover_Takeaway",AD56="Play_Defensive")),"Offensive",IF(OR(AC56="Deadice",AC56="Stoppage",AC56="Intermission"),"",IF(P56="e","Offensive",IF(P56="o","Defensive",""))))) -> Defensive | AG56: =AG55 -> 18981 | AH56: =AH55 -> Nelson | AI56: =AI55 -> Velodrome | AJ56: =IF(AND(L56="",M56=""),0,((J56*60)+K56)-((L56*60)+M56)) -> 0 | AP56: =SUMIFS(AJ56:AJ56,Q56:Q56,"=Intermission") -> 0 | AQ56: =IF(E56=1,0,IF(E56=2,1080+AP56,IF(E56=3,(1080*2)+AP56,0))) -> 0 | AR56: =IF(Q56="Intermission",AR55,((1080)-((J56*60)+K56))+AQ56) -> 31 | AS56: =IF(AR56<5,0,AR56-5) -> 26 | AT56: =AS56+AJ56+5 -> 31
A57: 25 | E57: =IF(Q57="Intermission",E56+1,E56) -> 1 | J57: =IF(F57<>"",F57,IF($A57=$A56,J56,J57)) -> 17 | K57: =IF($A57=$A56,K56,G57) -> 29 | L57: =IF(H57<>"",H57,IF($A57=$A56,L56,"")) | M57: =IF(I57<>"",I57,IF($A57=$A56,M56,"")) | N57: =IF(A57=A56,N56,"") -> Home | O57: 37 | P57: e | Y57: =IF($N57="","",IF(X57="","",IF($N57="Home",$X57,IF($X57="n","n",IF($X57="d","o",IF($X57="o","d","")))))) | Z57: =IF($N57="","",IF(X57="","",IF($N57="Away",$X57,IF($X57="n","n",IF($X57="d","o",IF($X57="o","d","")))))) | AC57: =IF(Q57<>"",Q57,IF($A57=$A56,AC56,"")) -> Save | AD57: =IF(R57<>"",R57,IF($A57=$A56,AD56,"")) -> Save_Rebound | AE57: =IF(S57<>"",S57,IF($A57=$A56,AE56,"")) -> Save-LeftPad | AF57: =IF(AND(P57="e",OR(AC57="Save",AD57="Turnover_Takeaway",AD57="Play_Defensive")),"Defensive",IF(AND(P57="o",OR(AC57="Save",AD57="Turnover_Takeaway",AD57="Play_Defensive")),"Offensive",IF(OR(AC57="Deadice",AC57="Stoppage",AC57="Intermission"),"",IF(P57="e","Offensive",IF(P57="o","Defensive",""))))) -> Defensive | AG57: =AG56 -> 18981 | AH57: =AH56 -> Nelson | AI57: =AI56 -> Velodrome | AJ57: =IF(AND(L57="",M57=""),0,((J57*60)+K57)-((L57*60)+M57)) -> 0 | AP57: =SUMIFS(AJ57:AJ57,Q57:Q57,"=Intermission") -> 0 | AQ57: =IF(E57=1,0,IF(E57=2,1080+AP57,IF(E57=3,(1080*2)+AP57,0))) -> 0 | AR57: =IF(Q57="Intermission",AR56,((1080)-((J57*60)+K57))+AQ57) -> 31 | AS57: =IF(AR57<5,0,AR57-5) -> 26 | AT57: =AS57+AJ57+5 -> 31
A58: 25 | E58: =IF(Q58="Intermission",E57+1,E57) -> 1 | J58: =IF(F58<>"",F58,IF($A58=$A57,J57,J58)) -> 17 | K58: =IF($A58=$A57,K57,G58) -> 29 | L58: =IF(H58<>"",H58,IF($A58=$A57,L57,"")) | M58: =IF(I58<>"",I58,IF($A58=$A57,M57,"")) | N58: =IF(A58=A57,N57,"") -> Home | O58: 70 | P58: o | Y58: =IF($N58="","",IF(X58="","",IF($N58="Home",$X58,IF($X58="n","n",IF($X58="d","o",IF($X58="o","d","")))))) | Z58: =IF($N58="","",IF(X58="","",IF($N58="Away",$X58,IF($X58="n","n",IF($X58="d","o",IF($X58="o","d","")))))) | AC58: =IF(Q58<>"",Q58,IF($A58=$A57,AC57,"")) -> Save | AD58: =IF(R58<>"",R58,IF($A58=$A57,AD57,"")) -> Save_Rebound | AE58: =IF(S58<>"",S58,IF($A58=$A57,AE57,"")) -> Save-LeftPad | AF58: =IF(AND(P58="e",OR(AC58="Save",AD58="Turnover_Takeaway",AD58="Play_Defensive")),"Defensive",IF(AND(P58="o",OR(AC58="Save",AD58="Turnover_Takeaway",AD58="Play_Defensive")),"Offensive",IF(OR(AC58="Deadice",AC58="Stoppage",AC58="Intermission"),"",IF(P58="e","Offensive",IF(P58="o","Defensive",""))))) -> Offensive | AG58: =AG57 -> 18981 | AH58: =AH57 -> Nelson | AI58: =AI57 -> Velodrome | AJ58: =IF(AND(L58="",M58=""),0,((J58*60)+K58)-((L58*60)+M58)) -> 0 | AP58: =SUMIFS(AJ58:AJ58,Q58:Q58,"=Intermission") -> 0 | AQ58: =IF(E58=1,0,IF(E58=2,1080+AP58,IF(E58=3,(1080*2)+AP58,0))) -> 0 | AR58: =IF(Q58="Intermission",AR57,((1080)-((J58*60)+K58))+AQ58) -> 31 | AS58: =IF(AR58<5,0,AR58-5) -> 26 | AT58: =AS58+AJ58+5 -> 31
A59: 26 | E59: =IF(Q59="Intermission",E58+1,E58) -> 1 | F59: 17 | G59: 29 | J59: =IF(F59<>"",F59,IF($A59=$A58,J58,J59)) -> 17 | K59: =IF($A59=$A58,K58,G59) -> 29 | L59: =IF(H59<>"",H59,IF($A59=$A58,L58,"")) | M59: =IF(I59<>"",I59,IF($A59=$A58,M58,"")) | N59: Home | O59: 31 | P59: e | Q59: Rebound | R59: Rebound_OppTeamRecovered | Y59: =IF($N59="","",IF(X59="","",IF($N59="Home",$X59,IF($X59="n","n",IF($X59="d","o",IF($X59="o","d","")))))) | Z59: =IF($N59="","",IF(X59="","",IF($N59="Away",$X59,IF($X59="n","n",IF($X59="d","o",IF($X59="o","d","")))))) | AC59: =IF(Q59<>"",Q59,IF($A59=$A58,AC58,"")) -> Rebound | AD59: =IF(R59<>"",R59,IF($A59=$A58,AD58,"")) -> Rebound_OppTeamRecovered | AE59: =IF(S59<>"",S59,IF($A59=$A58,AE58,"")) | AF59: =IF(AND(P59="e",OR(AC59="Save",AD59="Turnover_Takeaway",AD59="Play_Defensive")),"Defensive",IF(AND(P59="o",OR(AC59="Save",AD59="Turnover_Takeaway",AD59="Play_Defensive")),"Offensive",IF(OR(AC59="Deadice",AC59="Stoppage",AC59="Intermission"),"",IF(P59="e","Offensive",IF(P59="o","Defensive",""))))) -> Offensive | AG59: =AG58 -> 18981 | AH59: =AH58 -> Nelson | AI59: =AI58 -> Velodrome | AJ59: =IF(AND(L59="",M59=""),0,((J59*60)+K59)-((L59*60)+M59)) -> 0 | AP59: =SUMIFS(AJ59:AJ59,Q59:Q59,"=Intermission") -> 0 | AQ59: =IF(E59=1,0,IF(E59=2,1080+AP59,IF(E59=3,(1080*2)+AP59,0))) -> 0 | AR59: =IF(Q59="Intermission",AR58,((1080)-((J59*60)+K59))+AQ59) -> 31 | AS59: =IF(AR59<5,0,AR59-5) -> 26 | AT59: =AS59+AJ59+5 -> 31
A60: 27 | E60: =IF(Q60="Intermission",E59+1,E59) -> 1 | F60: 17 | G60: 26 | H60: 17 | I60: 24 | J60: =IF(F60<>"",F60,IF($A60=$A59,J59,J60)) -> 17 | K60: =IF($A60=$A59,K59,G60) -> 26 | L60: =IF(H60<>"",H60,IF($A60=$A59,L59,"")) -> 17 | M60: =IF(I60<>"",I60,IF($A60=$A59,M59,"")) -> 24 | N60: Away | O60: 70 | P60: e | Q60: Possession | Y60: =IF($N60="","",IF(X60="","",IF($N60="Home",$X60,IF($X60="n","n",IF($X60="d","o",IF($X60="o","d","")))))) | Z60: =IF($N60="","",IF(X60="","",IF($N60="Away",$X60,IF($X60="n","n",IF($X60="d","o",IF($X60="o","d","")))))) | AC60: =IF(Q60<>"",Q60,IF($A60=$A59,AC59,"")) -> Possession | AD60: =IF(R60<>"",R60,IF($A60=$A59,AD59,"")) | AE60: =IF(S60<>"",S60,IF($A60=$A59,AE59,"")) | AF60: =IF(AND(P60="e",OR(AC60="Save",AD60="Turnover_Takeaway",AD60="Play_Defensive")),"Defensive",IF(AND(P60="o",OR(AC60="Save",AD60="Turnover_Takeaway",AD60="Play_Defensive")),"Offensive",IF(OR(AC60="Deadice",AC60="Stoppage",AC60="Intermission"),"",IF(P60="e","Offensive",IF(P60="o","Defensive",""))))) -> Offensive | AG60: =AG59 -> 18981 | AH60: =AH59 -> Nelson | AI60: =AI59 -> Velodrome | AJ60: =IF(AND(L60="",M60=""),0,((J60*60)+K60)-((L60*60)+M60)) -> 2 | AP60: =SUMIFS(AJ60:AJ60,Q60:Q60,"=Intermission") -> 0 | AQ60: =IF(E60=1,0,IF(E60=2,1080+AP60,IF(E60=3,(1080*2)+AP60,0))) -> 0 | AR60: =IF(Q60="Intermission",AR59,((1080)-((J60*60)+K60))+AQ60) -> 34 | AS60: =IF(AR60<5,0,AR60-5) -> 29 | AT60: =AS60+AJ60+5 -> 36
A61: 27 | E61: =IF(Q61="Intermission",E60+1,E60) -> 1 | J61: =IF(F61<>"",F61,IF($A61=$A60,J60,J61)) -> 17 | K61: =IF($A61=$A60,K60,G61) -> 26 | L61: =IF(H61<>"",H61,IF($A61=$A60,L60,"")) -> 17 | M61: =IF(I61<>"",I61,IF($A61=$A60,M60,"")) -> 24 | N61: =IF(A61=A60,N60,"") -> Away | O61: 37 | P61: o | Y61: =IF($N61="","",IF(X61="","",IF($N61="Home",$X61,IF($X61="n","n",IF($X61="d","o",IF($X61="o","d","")))))) | Z61: =IF($N61="","",IF(X61="","",IF($N61="Away",$X61,IF($X61="n","n",IF($X61="d","o",IF($X61="o","d","")))))) | AC61: =IF(Q61<>"",Q61,IF($A61=$A60,AC60,"")) -> Possession | AD61: =IF(R61<>"",R61,IF($A61=$A60,AD60,"")) | AE61: =IF(S61<>"",S61,IF($A61=$A60,AE60,"")) | AF61: =IF(AND(P61="e",OR(AC61="Save",AD61="Turnover_Takeaway",AD61="Play_Defensive")),"Defensive",IF(AND(P61="o",OR(AC61="Save",AD61="Turnover_Takeaway",AD61="Play_Defensive")),"Offensive",IF(OR(AC61="Deadice",AC61="Stoppage",AC61="Intermission"),"",IF(P61="e","Offensive",IF(P61="o","Defensive",""))))) -> Defensive | AG61: =AG60 -> 18981 | AH61: =AH60 -> Nelson | AI61: =AI60 -> Velodrome | AJ61: =IF(AND(L61="",M61=""),0,((J61*60)+K61)-((L61*60)+M61)) -> 2 | AP61: =SUMIFS(AJ61:AJ61,Q61:Q61,"=Intermission") -> 0 | AQ61: =IF(E61=1,0,IF(E61=2,1080+AP61,IF(E61=3,(1080*2)+AP61,0))) -> 0 | AR61: =IF(Q61="Intermission",AR60,((1080)-((J61*60)+K61))+AQ61) -> 34 | AS61: =IF(AR61<5,0,AR61-5) -> 29 | AT61: =AS61+AJ61+5 -> 36
A62: 28 | E62: =IF(Q62="Intermission",E61+1,E61) -> 1 | F62: 17 | G62: 24 | J62: =IF(F62<>"",F62,IF($A62=$A61,J61,J62)) -> 17 | K62: =IF($A62=$A61,K61,G62) -> 24 | L62: =IF(H62<>"",H62,IF($A62=$A61,L61,"")) | M62: =IF(I62<>"",I62,IF($A62=$A61,M61,"")) | N62: Away | O62: 70 | P62: e | Q62: Pass | R62: Pass_Completed | S62: Pass-Rim/Wrap | Y62: =IF($N62="","",IF(X62="","",IF($N62="Home",$X62,IF($X62="n","n",IF($X62="d","o",IF($X62="o","d","")))))) | Z62: =IF($N62="","",IF(X62="","",IF($N62="Away",$X62,IF($X62="n","n",IF($X62="d","o",IF($X62="o","d","")))))) | AC62: =IF(Q62<>"",Q62,IF($A62=$A61,AC61,"")) -> Pass | AD62: =IF(R62<>"",R62,IF($A62=$A61,AD61,"")) -> Pass_Completed | AE62: =IF(S62<>"",S62,IF($A62=$A61,AE61,"")) -> Pass-Rim/Wrap | AF62: =IF(AND(P62="e",OR(AC62="Save",AD62="Turnover_Takeaway",AD62="Play_Defensive")),"Defensive",IF(AND(P62="o",OR(AC62="Save",AD62="Turnover_Takeaway",AD62="Play_Defensive")),"Offensive",IF(OR(AC62="Deadice",AC62="Stoppage",AC62="Intermission"),"",IF(P62="e","Offensive",IF(P62="o","Defensive",""))))) -> Offensive | AG62: =AG61 -> 18981 | AH62: =AH61 -> Nelson | AI62: =AI61 -> Velodrome | AJ62: =IF(AND(L62="",M62=""),0,((J62*60)+K62)-((L62*60)+M62)) -> 0 | AP62: =SUMIFS(AJ62:AJ62,Q62:Q62,"=Intermission") -> 0 | AQ62: =IF(E62=1,0,IF(E62=2,1080+AP62,IF(E62=3,(1080*2)+AP62,0))) -> 0 | AR62: =IF(Q62="Intermission",AR61,((1080)-((J62*60)+K62))+AQ62) -> 36 | AS62: =IF(AR62<5,0,AR62-5) -> 31 | AT62: =AS62+AJ62+5 -> 36
A63: 28 | E63: =IF(Q63="Intermission",E62+1,E62) -> 1 | J63: =IF(F63<>"",F63,IF($A63=$A62,J62,J63)) -> 17 | K63: =IF($A63=$A62,K62,G63) -> 24 | L63: =IF(H63<>"",H63,IF($A63=$A62,L62,"")) | M63: =IF(I63<>"",I63,IF($A63=$A62,M62,"")) | N63: =IF(A63=A62,N62,"") -> Away | O63: 84 | P63: e | Y63: =IF($N63="","",IF(X63="","",IF($N63="Home",$X63,IF($X63="n","n",IF($X63="d","o",IF($X63="o","d","")))))) | Z63: =IF($N63="","",IF(X63="","",IF($N63="Away",$X63,IF($X63="n","n",IF($X63="d","o",IF($X63="o","d","")))))) | AC63: =IF(Q63<>"",Q63,IF($A63=$A62,AC62,"")) -> Pass | AD63: =IF(R63<>"",R63,IF($A63=$A62,AD62,"")) -> Pass_Completed | AE63: =IF(S63<>"",S63,IF($A63=$A62,AE62,"")) -> Pass-Rim/Wrap | AF63: =IF(AND(P63="e",OR(AC63="Save",AD63="Turnover_Takeaway",AD63="Play_Defensive")),"Defensive",IF(AND(P63="o",OR(AC63="Save",AD63="Turnover_Takeaway",AD63="Play_Defensive")),"Offensive",IF(OR(AC63="Deadice",AC63="Stoppage",AC63="Intermission"),"",IF(P63="e","Offensive",IF(P63="o","Defensive",""))))) -> Offensive | AG63: =AG62 -> 18981 | AH63: =AH62 -> Nelson | AI63: =AI62 -> Velodrome | AJ63: =IF(AND(L63="",M63=""),0,((J63*60)+K63)-((L63*60)+M63)) -> 0 | AP63: =SUMIFS(AJ63:AJ63,Q63:Q63,"=Intermission") -> 0 | AQ63: =IF(E63=1,0,IF(E63=2,1080+AP63,IF(E63=3,(1080*2)+AP63,0))) -> 0 | AR63: =IF(Q63="Intermission",AR62,((1080)-((J63*60)+K63))+AQ63) -> 36 | AS63: =IF(AR63<5,0,AR63-5) -> 31 | AT63: =AS63+AJ63+5 -> 36
A64: 28 | E64: =IF(Q64="Intermission",E63+1,E63) -> 1 | J64: =IF(F64<>"",F64,IF($A64=$A63,J63,J64)) -> 17 | K64: =IF($A64=$A63,K63,G64) -> 24 | L64: =IF(H64<>"",H64,IF($A64=$A63,L63,"")) | M64: =IF(I64<>"",I64,IF($A64=$A63,M63,"")) | N64: =IF(A64=A63,N63,"") -> Away | O64: 23 | P64: o | Y64: =IF($N64="","",IF(X64="","",IF($N64="Home",$X64,IF($X64="n","n",IF($X64="d","o",IF($X64="o","d","")))))) | Z64: =IF($N64="","",IF(X64="","",IF($N64="Away",$X64,IF($X64="n","n",IF($X64="d","o",IF($X64="o","d","")))))) | AC64: =IF(Q64<>"",Q64,IF($A64=$A63,AC63,"")) -> Pass | AD64: =IF(R64<>"",R64,IF($A64=$A63,AD63,"")) -> Pass_Completed | AE64: =IF(S64<>"",S64,IF($A64=$A63,AE63,"")) -> Pass-Rim/Wrap | AF64: =IF(AND(P64="e",OR(AC64="Save",AD64="Turnover_Takeaway",AD64="Play_Defensive")),"Defensive",IF(AND(P64="o",OR(AC64="Save",AD64="Turnover_Takeaway",AD64="Play_Defensive")),"Offensive",IF(OR(AC64="Deadice",AC64="Stoppage",AC64="Intermission"),"",IF(P64="e","Offensive",IF(P64="o","Defensive",""))))) -> Defensive | AG64: =AG63 -> 18981 | AH64: =AH63 -> Nelson | AI64: =AI63 -> Velodrome | AJ64: =IF(AND(L64="",M64=""),0,((J64*60)+K64)-((L64*60)+M64)) -> 0 | AP64: =SUMIFS(AJ64:AJ64,Q64:Q64,"=Intermission") -> 0 | AQ64: =IF(E64=1,0,IF(E64=2,1080+AP64,IF(E64=3,(1080*2)+AP64,0))) -> 0 | AR64: =IF(Q64="Intermission",AR63,((1080)-((J64*60)+K64))+AQ64) -> 36 | AS64: =IF(AR64<5,0,AR64-5) -> 31 | AT64: =AS64+AJ64+5 -> 36
A65: 29 | E65: =IF(Q65="Intermission",E64+1,E64) -> 1 | F65: 17 | G65: 21 | J65: =IF(F65<>"",F65,IF($A65=$A64,J64,J65)) -> 17 | K65: =IF($A65=$A64,K64,G65) -> 21 | L65: =IF(H65<>"",H65,IF($A65=$A64,L64,"")) | M65: =IF(I65<>"",I65,IF($A65=$A64,M64,"")) | N65: Away | O65: 84 | P65: e | Q65: Pass | R65: Pass_Completed | S65: Pass-Forehand | Y65: =IF($N65="","",IF(X65="","",IF($N65="Home",$X65,IF($X65="n","n",IF($X65="d","o",IF($X65="o","d","")))))) | Z65: =IF($N65="","",IF(X65="","",IF($N65="Away",$X65,IF($X65="n","n",IF($X65="d","o",IF($X65="o","d","")))))) | AC65: =IF(Q65<>"",Q65,IF($A65=$A64,AC64,"")) -> Pass | AD65: =IF(R65<>"",R65,IF($A65=$A64,AD64,"")) -> Pass_Completed | AE65: =IF(S65<>"",S65,IF($A65=$A64,AE64,"")) -> Pass-Forehand | AF65: =IF(AND(P65="e",OR(AC65="Save",AD65="Turnover_Takeaway",AD65="Play_Defensive")),"Defensive",IF(AND(P65="o",OR(AC65="Save",AD65="Turnover_Takeaway",AD65="Play_Defensive")),"Offensive",IF(OR(AC65="Deadice",AC65="Stoppage",AC65="Intermission"),"",IF(P65="e","Offensive",IF(P65="o","Defensive",""))))) -> Offensive | AG65: =AG64 -> 18981 | AH65: =AH64 -> Nelson | AI65: =AI64 -> Velodrome | AJ65: =IF(AND(L65="",M65=""),0,((J65*60)+K65)-((L65*60)+M65)) -> 0 | AP65: =SUMIFS(AJ65:AJ65,Q65:Q65,"=Intermission") -> 0 | AQ65: =IF(E65=1,0,IF(E65=2,1080+AP65,IF(E65=3,(1080*2)+AP65,0))) -> 0 | AR65: =IF(Q65="Intermission",AR64,((1080)-((J65*60)+K65))+AQ65) -> 39 | AS65: =IF(AR65<5,0,AR65-5) -> 34 | AT65: =AS65+AJ65+5 -> 39
A66: 29 | E66: =IF(Q66="Intermission",E65+1,E65) -> 1 | J66: =IF(F66<>"",F66,IF($A66=$A65,J65,J66)) -> 17 | K66: =IF($A66=$A65,K65,G66) -> 21 | L66: =IF(H66<>"",H66,IF($A66=$A65,L65,"")) | M66: =IF(I66<>"",I66,IF($A66=$A65,M65,"")) | N66: =IF(A66=A65,N65,"") -> Away | O66: 87 | P66: e | Y66: =IF($N66="","",IF(X66="","",IF($N66="Home",$X66,IF($X66="n","n",IF($X66="d","o",IF($X66="o","d","")))))) | Z66: =IF($N66="","",IF(X66="","",IF($N66="Away",$X66,IF($X66="n","n",IF($X66="d","o",IF($X66="o","d","")))))) | AC66: =IF(Q66<>"",Q66,IF($A66=$A65,AC65,"")) -> Pass | AD66: =IF(R66<>"",R66,IF($A66=$A65,AD65,"")) -> Pass_Completed | AE66: =IF(S66<>"",S66,IF($A66=$A65,AE65,"")) -> Pass-Forehand | AF66: =IF(AND(P66="e",OR(AC66="Save",AD66="Turnover_Takeaway",AD66="Play_Defensive")),"Defensive",IF(AND(P66="o",OR(AC66="Save",AD66="Turnover_Takeaway",AD66="Play_Defensive")),"Offensive",IF(OR(AC66="Deadice",AC66="Stoppage",AC66="Intermission"),"",IF(P66="e","Offensive",IF(P66="o","Defensive",""))))) -> Offensive | AG66: =AG65 -> 18981 | AH66: =AH65 -> Nelson | AI66: =AI65 -> Velodrome | AJ66: =IF(AND(L66="",M66=""),0,((J66*60)+K66)-((L66*60)+M66)) -> 0 | AP66: =SUMIFS(AJ66:AJ66,Q66:Q66,"=Intermission") -> 0 | AQ66: =IF(E66=1,0,IF(E66=2,1080+AP66,IF(E66=3,(1080*2)+AP66,0))) -> 0 | AR66: =IF(Q66="Intermission",AR65,((1080)-((J66*60)+K66))+AQ66) -> 39 | AS66: =IF(AR66<5,0,AR66-5) -> 34 | AT66: =AS66+AJ66+5 -> 39
A67: 29 | E67: =IF(Q67="Intermission",E66+1,E66) -> 1 | J67: =IF(F67<>"",F67,IF($A67=$A66,J66,J67)) -> 17 | K67: =IF($A67=$A66,K66,G67) -> 21 | L67: =IF(H67<>"",H67,IF($A67=$A66,L66,"")) | M67: =IF(I67<>"",I67,IF($A67=$A66,M66,"")) | N67: =IF(A67=A66,N66,"") -> Away | O67: 15 | P67: o | Y67: =IF($N67="","",IF(X67="","",IF($N67="Home",$X67,IF($X67="n","n",IF($X67="d","o",IF($X67="o","d","")))))) | Z67: =IF($N67="","",IF(X67="","",IF($N67="Away",$X67,IF($X67="n","n",IF($X67="d","o",IF($X67="o","d","")))))) | AC67: =IF(Q67<>"",Q67,IF($A67=$A66,AC66,"")) -> Pass | AD67: =IF(R67<>"",R67,IF($A67=$A66,AD66,"")) -> Pass_Completed | AE67: =IF(S67<>"",S67,IF($A67=$A66,AE66,"")) -> Pass-Forehand | AF67: =IF(AND(P67="e",OR(AC67="Save",AD67="Turnover_Takeaway",AD67="Play_Defensive")),"Defensive",IF(AND(P67="o",OR(AC67="Save",AD67="Turnover_Takeaway",AD67="Play_Defensive")),"Offensive",IF(OR(AC67="Deadice",AC67="Stoppage",AC67="Intermission"),"",IF(P67="e","Offensive",IF(P67="o","Defensive",""))))) -> Defensive | AG67: =AG66 -> 18981 | AH67: =AH66 -> Nelson | AI67: =AI66 -> Velodrome | AJ67: =IF(AND(L67="",M67=""),0,((J67*60)+K67)-((L67*60)+M67)) -> 0 | AP67: =SUMIFS(AJ67:AJ67,Q67:Q67,"=Intermission") -> 0 | AQ67: =IF(E67=1,0,IF(E67=2,1080+AP67,IF(E67=3,(1080*2)+AP67,0))) -> 0 | AR67: =IF(Q67="Intermission",AR66,((1080)-((J67*60)+K67))+AQ67) -> 39 | AS67: =IF(AR67<5,0,AR67-5) -> 34 | AT67: =AS67+AJ67+5 -> 39
A68: 30 | E68: =IF(Q68="Intermission",E67+1,E67) -> 1 | F68: 17 | G68: 21 | H68: 17 | I68: 19 | J68: =IF(F68<>"",F68,IF($A68=$A67,J67,J68)) -> 17 | K68: =IF($A68=$A67,K67,G68) -> 21 | L68: =IF(H68<>"",H68,IF($A68=$A67,L67,"")) -> 17 | M68: =IF(I68<>"",I68,IF($A68=$A67,M67,"")) -> 19 | N68: Away | O68: 87 | P68: e | Q68: Possession | Y68: =IF($N68="","",IF(X68="","",IF($N68="Home",$X68,IF($X68="n","n",IF($X68="d","o",IF($X68="o","d","")))))) | Z68: =IF($N68="","",IF(X68="","",IF($N68="Away",$X68,IF($X68="n","n",IF($X68="d","o",IF($X68="o","d","")))))) | AC68: =IF(Q68<>"",Q68,IF($A68=$A67,AC67,"")) -> Possession | AD68: =IF(R68<>"",R68,IF($A68=$A67,AD67,"")) | AE68: =IF(S68<>"",S68,IF($A68=$A67,AE67,"")) | AF68: =IF(AND(P68="e",OR(AC68="Save",AD68="Turnover_Takeaway",AD68="Play_Defensive")),"Defensive",IF(AND(P68="o",OR(AC68="Save",AD68="Turnover_Takeaway",AD68="Play_Defensive")),"Offensive",IF(OR(AC68="Deadice",AC68="Stoppage",AC68="Intermission"),"",IF(P68="e","Offensive",IF(P68="o","Defensive",""))))) -> Offensive | AG68: =AG67 -> 18981 | AH68: =AH67 -> Nelson | AI68: =AI67 -> Velodrome | AJ68: =IF(AND(L68="",M68=""),0,((J68*60)+K68)-((L68*60)+M68)) -> 2 | AP68: =SUMIFS(AJ68:AJ68,Q68:Q68,"=Intermission") -> 0 | AQ68: =IF(E68=1,0,IF(E68=2,1080+AP68,IF(E68=3,(1080*2)+AP68,0))) -> 0 | AR68: =IF(Q68="Intermission",AR67,((1080)-((J68*60)+K68))+AQ68) -> 39 | AS68: =IF(AR68<5,0,AR68-5) -> 34 | AT68: =AS68+AJ68+5 -> 41
A69: 30 | E69: =IF(Q69="Intermission",E68+1,E68) -> 1 | J69: =IF(F69<>"",F69,IF($A69=$A68,J68,J69)) -> 17 | K69: =IF($A69=$A68,K68,G69) -> 21 | L69: =IF(H69<>"",H69,IF($A69=$A68,L68,"")) -> 17 | M69: =IF(I69<>"",I69,IF($A69=$A68,M68,"")) -> 19 | N69: =IF(A69=A68,N68,"") -> Away | O69: 15 | P69: o | Y69: =IF($N69="","",IF(X69="","",IF($N69="Home",$X69,IF($X69="n","n",IF($X69="d","o",IF($X69="o","d","")))))) | Z69: =IF($N69="","",IF(X69="","",IF($N69="Away",$X69,IF($X69="n","n",IF($X69="d","o",IF($X69="o","d","")))))) | AC69: =IF(Q69<>"",Q69,IF($A69=$A68,AC68,"")) -> Possession | AD69: =IF(R69<>"",R69,IF($A69=$A68,AD68,"")) | AE69: =IF(S69<>"",S69,IF($A69=$A68,AE68,"")) | AF69: =IF(AND(P69="e",OR(AC69="Save",AD69="Turnover_Takeaway",AD69="Play_Defensive")),"Defensive",IF(AND(P69="o",OR(AC69="Save",AD69="Turnover_Takeaway",AD69="Play_Defensive")),"Offensive",IF(OR(AC69="Deadice",AC69="Stoppage",AC69="Intermission"),"",IF(P69="e","Offensive",IF(P69="o","Defensive",""))))) -> Defensive | AG69: =AG68 -> 18981 | AH69: =AH68 -> Nelson | AI69: =AI68 -> Velodrome | AJ69: =IF(AND(L69="",M69=""),0,((J69*60)+K69)-((L69*60)+M69)) -> 2 | AP69: =SUMIFS(AJ69:AJ69,Q69:Q69,"=Intermission") -> 0 | AQ69: =IF(E69=1,0,IF(E69=2,1080+AP69,IF(E69=3,(1080*2)+AP69,0))) -> 0 | AR69: =IF(Q69="Intermission",AR68,((1080)-((J69*60)+K69))+AQ69) -> 39 | AS69: =IF(AR69<5,0,AR69-5) -> 34 | AT69: =AS69+AJ69+5 -> 41
A70: 31 | E70: =IF(Q70="Intermission",E69+1,E69) -> 1 | F70: 17 | G70: 19 | J70: =IF(F70<>"",F70,IF($A70=$A69,J69,J70)) -> 17 | K70: =IF($A70=$A69,K69,G70) -> 19 | L70: =IF(H70<>"",H70,IF($A70=$A69,L69,"")) | M70: =IF(I70<>"",I70,IF($A70=$A69,M69,"")) | N70: Away | O70: 87 | P70: e | Q70: Pass | R70: Pass_Deflected | S70: Pass-Forehand | Y70: =IF($N70="","",IF(X70="","",IF($N70="Home",$X70,IF($X70="n","n",IF($X70="d","o",IF($X70="o","d","")))))) | Z70: =IF($N70="","",IF(X70="","",IF($N70="Away",$X70,IF($X70="n","n",IF($X70="d","o",IF($X70="o","d","")))))) | AC70: =IF(Q70<>"",Q70,IF($A70=$A69,AC69,"")) -> Pass | AD70: =IF(R70<>"",R70,IF($A70=$A69,AD69,"")) -> Pass_Deflected | AE70: =IF(S70<>"",S70,IF($A70=$A69,AE69,"")) -> Pass-Forehand | AF70: =IF(AND(P70="e",OR(AC70="Save",AD70="Turnover_Takeaway",AD70="Play_Defensive")),"Defensive",IF(AND(P70="o",OR(AC70="Save",AD70="Turnover_Takeaway",AD70="Play_Defensive")),"Offensive",IF(OR(AC70="Deadice",AC70="Stoppage",AC70="Intermission"),"",IF(P70="e","Offensive",IF(P70="o","Defensive",""))))) -> Offensive | AG70: =AG69 -> 18981 | AH70: =AH69 -> Nelson | AI70: =AI69 -> Velodrome | AJ70: =IF(AND(L70="",M70=""),0,((J70*60)+K70)-((L70*60)+M70)) -> 0 | AP70: =SUMIFS(AJ70:AJ70,Q70:Q70,"=Intermission") -> 0 | AQ70: =IF(E70=1,0,IF(E70=2,1080+AP70,IF(E70=3,(1080*2)+AP70,0))) -> 0 | AR70: =IF(Q70="Intermission",AR69,((1080)-((J70*60)+K70))+AQ70) -> 41 | AS70: =IF(AR70<5,0,AR70-5) -> 36 | AT70: =AS70+AJ70+5 -> 41
A71: 31 | E71: =IF(Q71="Intermission",E70+1,E70) -> 1 | J71: =IF(F71<>"",F71,IF($A71=$A70,J70,J71)) -> 17 | K71: =IF($A71=$A70,K70,G71) -> 19 | L71: =IF(H71<>"",H71,IF($A71=$A70,L70,"")) | M71: =IF(I71<>"",I71,IF($A71=$A70,M70,"")) | N71: =IF(A71=A70,N70,"") -> Away | O71: 15 | P71: o | Y71: =IF($N71="","",IF(X71="","",IF($N71="Home",$X71,IF($X71="n","n",IF($X71="d","o",IF($X71="o","d","")))))) | Z71: =IF($N71="","",IF(X71="","",IF($N71="Away",$X71,IF($X71="n","n",IF($X71="d","o",IF($X71="o","d","")))))) | AC71: =IF(Q71<>"",Q71,IF($A71=$A70,AC70,"")) -> Pass | AD71: =IF(R71<>"",R71,IF($A71=$A70,AD70,"")) -> Pass_Deflected | AE71: =IF(S71<>"",S71,IF($A71=$A70,AE70,"")) -> Pass-Forehand | AF71: =IF(AND(P71="e",OR(AC71="Save",AD71="Turnover_Takeaway",AD71="Play_Defensive")),"Defensive",IF(AND(P71="o",OR(AC71="Save",AD71="Turnover_Takeaway",AD71="Play_Defensive")),"Offensive",IF(OR(AC71="Deadice",AC71="Stoppage",AC71="Intermission"),"",IF(P71="e","Offensive",IF(P71="o","Defensive",""))))) -> Defensive | AG71: =AG70 -> 18981 | AH71: =AH70 -> Nelson | AI71: =AI70 -> Velodrome | AJ71: =IF(AND(L71="",M71=""),0,((J71*60)+K71)-((L71*60)+M71)) -> 0 | AP71: =SUMIFS(AJ71:AJ71,Q71:Q71,"=Intermission") -> 0 | AQ71: =IF(E71=1,0,IF(E71=2,1080+AP71,IF(E71=3,(1080*2)+AP71,0))) -> 0 | AR71: =IF(Q71="Intermission",AR70,((1080)-((J71*60)+K71))+AQ71) -> 41 | AS71: =IF(AR71<5,0,AR71-5) -> 36 | AT71: =AS71+AJ71+5 -> 41
A72: 32 | E72: =IF(Q72="Intermission",E71+1,E71) -> 1 | F72: 17 | G72: 17 | J72: =IF(F72<>"",F72,IF($A72=$A71,J71,J72)) -> 17 | K72: =IF($A72=$A71,K71,G72) -> 17 | L72: =IF(H72<>"",H72,IF($A72=$A71,L71,"")) | M72: =IF(I72<>"",I72,IF($A72=$A71,M71,"")) | N72: Away | O72: 84 | P72: e | Q72: Zone_Entry_Exit | R72: Zone_Keepin | S72: Zone-KeepIn | Y72: =IF($N72="","",IF(X72="","",IF($N72="Home",$X72,IF($X72="n","n",IF($X72="d","o",IF($X72="o","d","")))))) | Z72: =IF($N72="","",IF(X72="","",IF($N72="Away",$X72,IF($X72="n","n",IF($X72="d","o",IF($X72="o","d","")))))) | AC72: =IF(Q72<>"",Q72,IF($A72=$A71,AC71,"")) -> Zone_Entry_Exit | AD72: =IF(R72<>"",R72,IF($A72=$A71,AD71,"")) -> Zone_Keepin | AE72: =IF(S72<>"",S72,IF($A72=$A71,AE71,"")) -> Zone-KeepIn | AF72: =IF(AND(P72="e",OR(AC72="Save",AD72="Turnover_Takeaway",AD72="Play_Defensive")),"Defensive",IF(AND(P72="o",OR(AC72="Save",AD72="Turnover_Takeaway",AD72="Play_Defensive")),"Offensive",IF(OR(AC72="Deadice",AC72="Stoppage",AC72="Intermission"),"",IF(P72="e","Offensive",IF(P72="o","Defensive",""))))) -> Offensive | AG72: =AG71 -> 18981 | AH72: =AH71 -> Nelson | AI72: =AI71 -> Velodrome | AJ72: =IF(AND(L72="",M72=""),0,((J72*60)+K72)-((L72*60)+M72)) -> 0 | AP72: =SUMIFS(AJ72:AJ72,Q72:Q72,"=Intermission") -> 0 | AQ72: =IF(E72=1,0,IF(E72=2,1080+AP72,IF(E72=3,(1080*2)+AP72,0))) -> 0 | AR72: =IF(Q72="Intermission",AR71,((1080)-((J72*60)+K72))+AQ72) -> 43 | AS72: =IF(AR72<5,0,AR72-5) -> 38 | AT72: =AS72+AJ72+5 -> 43
A73: 32 | E73: =IF(Q73="Intermission",E72+1,E72) -> 1 | J73: =IF(F73<>"",F73,IF($A73=$A72,J72,J73)) -> 17 | K73: =IF($A73=$A72,K72,G73) -> 17 | L73: =IF(H73<>"",H73,IF($A73=$A72,L72,"")) | M73: =IF(I73<>"",I73,IF($A73=$A72,M72,"")) | N73: =IF(A73=A72,N72,"") -> Away | O73: 16 | P73: o | Y73: =IF($N73="","",IF(X73="","",IF($N73="Home",$X73,IF($X73="n","n",IF($X73="d","o",IF($X73="o","d","")))))) | Z73: =IF($N73="","",IF(X73="","",IF($N73="Away",$X73,IF($X73="n","n",IF($X73="d","o",IF($X73="o","d","")))))) | AC73: =IF(Q73<>"",Q73,IF($A73=$A72,AC72,"")) -> Zone_Entry_Exit | AD73: =IF(R73<>"",R73,IF($A73=$A72,AD72,"")) -> Zone_Keepin | AE73: =IF(S73<>"",S73,IF($A73=$A72,AE72,"")) -> Zone-KeepIn | AF73: =IF(AND(P73="e",OR(AC73="Save",AD73="Turnover_Takeaway",AD73="Play_Defensive")),"Defensive",IF(AND(P73="o",OR(AC73="Save",AD73="Turnover_Takeaway",AD73="Play_Defensive")),"Offensive",IF(OR(AC73="Deadice",AC73="Stoppage",AC73="Intermission"),"",IF(P73="e","Offensive",IF(P73="o","Defensive",""))))) -> Defensive | AG73: =AG72 -> 18981 | AH73: =AH72 -> Nelson | AI73: =AI72 -> Velodrome | AJ73: =IF(AND(L73="",M73=""),0,((J73*60)+K73)-((L73*60)+M73)) -> 0 | AP73: =SUMIFS(AJ73:AJ73,Q73:Q73,"=Intermission") -> 0 | AQ73: =IF(E73=1,0,IF(E73=2,1080+AP73,IF(E73=3,(1080*2)+AP73,0))) -> 0 | AR73: =IF(Q73="Intermission",AR72,((1080)-((J73*60)+K73))+AQ73) -> 43 | AS73: =IF(AR73<5,0,AR73-5) -> 38 | AT73: =AS73+AJ73+5 -> 43
A74: 33 | E74: =IF(Q74="Intermission",E73+1,E73) -> 1 | F74: 17 | G74: 16 | J74: =IF(F74<>"",F74,IF($A74=$A73,J73,J74)) -> 17 | K74: =IF($A74=$A73,K73,G74) -> 16 | L74: =IF(H74<>"",H74,IF($A74=$A73,L73,"")) | M74: =IF(I74<>"",I74,IF($A74=$A73,M73,"")) | N74: Home | O74: 15 | P74: e | Q74: Zone_Entry_Exit | R74: Zone_Exit | S74: ZoneExit-Clear | Y74: =IF($N74="","",IF(X74="","",IF($N74="Home",$X74,IF($X74="n","n",IF($X74="d","o",IF($X74="o","d","")))))) | Z74: =IF($N74="","",IF(X74="","",IF($N74="Away",$X74,IF($X74="n","n",IF($X74="d","o",IF($X74="o","d","")))))) | AC74: =IF(Q74<>"",Q74,IF($A74=$A73,AC73,"")) -> Zone_Entry_Exit | AD74: =IF(R74<>"",R74,IF($A74=$A73,AD73,"")) -> Zone_Exit | AE74: =IF(S74<>"",S74,IF($A74=$A73,AE73,"")) -> ZoneExit-Clear | AF74: =IF(AND(P74="e",OR(AC74="Save",AD74="Turnover_Takeaway",AD74="Play_Defensive")),"Defensive",IF(AND(P74="o",OR(AC74="Save",AD74="Turnover_Takeaway",AD74="Play_Defensive")),"Offensive",IF(OR(AC74="Deadice",AC74="Stoppage",AC74="Intermission"),"",IF(P74="e","Offensive",IF(P74="o","Defensive",""))))) -> Offensive | AG74: =AG73 -> 18981 | AH74: =AH73 -> Nelson | AI74: =AI73 -> Velodrome | AJ74: =IF(AND(L74="",M74=""),0,((J74*60)+K74)-((L74*60)+M74)) -> 0 | AP74: =SUMIFS(AJ74:AJ74,Q74:Q74,"=Intermission") -> 0 | AQ74: =IF(E74=1,0,IF(E74=2,1080+AP74,IF(E74=3,(1080*2)+AP74,0))) -> 0 | AR74: =IF(Q74="Intermission",AR73,((1080)-((J74*60)+K74))+AQ74) -> 44 | AS74: =IF(AR74<5,0,AR74-5) -> 39 | AT74: =AS74+AJ74+5 -> 44
A75: 33 | E75: =IF(Q75="Intermission",E74+1,E74) -> 1 | J75: =IF(F75<>"",F75,IF($A75=$A74,J74,J75)) -> 17 | K75: =IF($A75=$A74,K74,G75) -> 16 | L75: =IF(H75<>"",H75,IF($A75=$A74,L74,"")) | M75: =IF(I75<>"",I75,IF($A75=$A74,M74,"")) | N75: =IF(A75=A74,N74,"") -> Home | O75: 84 | P75: o | Y75: =IF($N75="","",IF(X75="","",IF($N75="Home",$X75,IF($X75="n","n",IF($X75="d","o",IF($X75="o","d","")))))) | Z75: =IF($N75="","",IF(X75="","",IF($N75="Away",$X75,IF($X75="n","n",IF($X75="d","o",IF($X75="o","d","")))))) | AC75: =IF(Q75<>"",Q75,IF($A75=$A74,AC74,"")) -> Zone_Entry_Exit | AD75: =IF(R75<>"",R75,IF($A75=$A74,AD74,"")) -> Zone_Exit | AE75: =IF(S75<>"",S75,IF($A75=$A74,AE74,"")) -> ZoneExit-Clear | AF75: =IF(AND(P75="e",OR(AC75="Save",AD75="Turnover_Takeaway",AD75="Play_Defensive")),"Defensive",IF(AND(P75="o",OR(AC75="Save",AD75="Turnover_Takeaway",AD75="Play_Defensive")),"Offensive",IF(OR(AC75="Deadice",AC75="Stoppage",AC75="Intermission"),"",IF(P75="e","Offensive",IF(P75="o","Defensive",""))))) -> Defensive | AG75: =AG74 -> 18981 | AH75: =AH74 -> Nelson | AI75: =AI74 -> Velodrome | AJ75: =IF(AND(L75="",M75=""),0,((J75*60)+K75)-((L75*60)+M75)) -> 0 | AP75: =SUMIFS(AJ75:AJ75,Q75:Q75,"=Intermission") -> 0 | AQ75: =IF(E75=1,0,IF(E75=2,1080+AP75,IF(E75=3,(1080*2)+AP75,0))) -> 0 | AR75: =IF(Q75="Intermission",AR74,((1080)-((J75*60)+K75))+AQ75) -> 44 | AS75: =IF(AR75<5,0,AR75-5) -> 39 | AT75: =AS75+AJ75+5 -> 44
A76: 34 | E76: =IF(Q76="Intermission",E75+1,E75) -> 1 | F76: 17 | G76: 12 | J76: =IF(F76<>"",F76,IF($A76=$A75,J75,J76)) -> 17 | K76: =IF($A76=$A75,K75,G76) -> 12 | L76: =IF(H76<>"",H76,IF($A76=$A75,L75,"")) | M76: =IF(I76<>"",I76,IF($A76=$A75,M75,"")) | N76: Home | O76: 15 | P76: e | Q76: Zone_Entry_Exit | R76: Zone_Entry | S76: ZoneEntry-FromExitClear | Y76: =IF($N76="","",IF(X76="","",IF($N76="Home",$X76,IF($X76="n","n",IF($X76="d","o",IF($X76="o","d","")))))) | Z76: =IF($N76="","",IF(X76="","",IF($N76="Away",$X76,IF($X76="n","n",IF($X76="d","o",IF($X76="o","d","")))))) | AC76: =IF(Q76<>"",Q76,IF($A76=$A75,AC75,"")) -> Zone_Entry_Exit | AD76: =IF(R76<>"",R76,IF($A76=$A75,AD75,"")) -> Zone_Entry | AE76: =IF(S76<>"",S76,IF($A76=$A75,AE75,"")) -> ZoneEntry-FromExitClear | AF76: =IF(AND(P76="e",OR(AC76="Save",AD76="Turnover_Takeaway",AD76="Play_Defensive")),"Defensive",IF(AND(P76="o",OR(AC76="Save",AD76="Turnover_Takeaway",AD76="Play_Defensive")),"Offensive",IF(OR(AC76="Deadice",AC76="Stoppage",AC76="Intermission"),"",IF(P76="e","Offensive",IF(P76="o","Defensive",""))))) -> Offensive | AG76: =AG75 -> 18981 | AH76: =AH75 -> Nelson | AI76: =AI75 -> Velodrome | AJ76: =IF(AND(L76="",M76=""),0,((J76*60)+K76)-((L76*60)+M76)) -> 0 | AP76: =SUMIFS(AJ76:AJ76,Q76:Q76,"=Intermission") -> 0 | AQ76: =IF(E76=1,0,IF(E76=2,1080+AP76,IF(E76=3,(1080*2)+AP76,0))) -> 0 | AR76: =IF(Q76="Intermission",AR75,((1080)-((J76*60)+K76))+AQ76) -> 48 | AS76: =IF(AR76<5,0,AR76-5) -> 43 | AT76: =AS76+AJ76+5 -> 48
A77: 35 | E77: =IF(Q77="Intermission",E76+1,E76) -> 1 | F77: 17 | G77: 10 | J77: =IF(F77<>"",F77,IF($A77=$A76,J76,J77)) -> 17 | K77: =IF($A77=$A76,K76,G77) -> 10 | L77: =IF(H77<>"",H77,IF($A77=$A76,L76,"")) | M77: =IF(I77<>"",I77,IF($A77=$A76,M76,"")) | N77: Home | O77: 15 | P77: e | Q77: Turnover | R77: Turnover_Giveaway | S77: Giveaway-ZoneClear/Dump | Y77: =IF($N77="","",IF(X77="","",IF($N77="Home",$X77,IF($X77="n","n",IF($X77="d","o",IF($X77="o","d","")))))) | Z77: =IF($N77="","",IF(X77="","",IF($N77="Away",$X77,IF($X77="n","n",IF($X77="d","o",IF($X77="o","d","")))))) | AC77: =IF(Q77<>"",Q77,IF($A77=$A76,AC76,"")) -> Turnover | AD77: =IF(R77<>"",R77,IF($A77=$A76,AD76,"")) -> Turnover_Giveaway | AE77: =IF(S77<>"",S77,IF($A77=$A76,AE76,"")) -> Giveaway-ZoneClear/Dump | AF77: =IF(AND(P77="e",OR(AC77="Save",AD77="Turnover_Takeaway",AD77="Play_Defensive")),"Defensive",IF(AND(P77="o",OR(AC77="Save",AD77="Turnover_Takeaway",AD77="Play_Defensive")),"Offensive",IF(OR(AC77="Deadice",AC77="Stoppage",AC77="Intermission"),"",IF(P77="e","Offensive",IF(P77="o","Defensive",""))))) -> Offensive | AG77: =AG76 -> 18981 | AH77: =AH76 -> Nelson | AI77: =AI76 -> Velodrome | AJ77: =IF(AND(L77="",M77=""),0,((J77*60)+K77)-((L77*60)+M77)) -> 0 | AP77: =SUMIFS(AJ77:AJ77,Q77:Q77,"=Intermission") -> 0 | AQ77: =IF(E77=1,0,IF(E77=2,1080+AP77,IF(E77=3,(1080*2)+AP77,0))) -> 0 | AR77: =IF(Q77="Intermission",AR76,((1080)-((J77*60)+K77))+AQ77) -> 50 | AS77: =IF(AR77<5,0,AR77-5) -> 45 | AT77: =AS77+AJ77+5 -> 50
A78: 36 | E78: =IF(Q78="Intermission",E77+1,E77) -> 1 | F78: 17 | G78: 10 | H78: 17 | I78: 06 | J78: =IF(F78<>"",F78,IF($A78=$A77,J77,J78)) -> 17 | K78: =IF($A78=$A77,K77,G78) -> 10 | L78: =IF(H78<>"",H78,IF($A78=$A77,L77,"")) -> 17 | M78: =IF(I78<>"",I78,IF($A78=$A77,M77,"")) -> 06 | N78: Away | O78: 70 | P78: e | Q78: Possession | Y78: =IF($N78="","",IF(X78="","",IF($N78="Home",$X78,IF($X78="n","n",IF($X78="d","o",IF($X78="o","d","")))))) | Z78: =IF($N78="","",IF(X78="","",IF($N78="Away",$X78,IF($X78="n","n",IF($X78="d","o",IF($X78="o","d","")))))) | AC78: =IF(Q78<>"",Q78,IF($A78=$A77,AC77,"")) -> Possession | AD78: =IF(R78<>"",R78,IF($A78=$A77,AD77,"")) | AE78: =IF(S78<>"",S78,IF($A78=$A77,AE77,"")) | AF78: =IF(AND(P78="e",OR(AC78="Save",AD78="Turnover_Takeaway",AD78="Play_Defensive")),"Defensive",IF(AND(P78="o",OR(AC78="Save",AD78="Turnover_Takeaway",AD78="Play_Defensive")),"Offensive",IF(OR(AC78="Deadice",AC78="Stoppage",AC78="Intermission"),"",IF(P78="e","Offensive",IF(P78="o","Defensive",""))))) -> Offensive | AG78: =AG77 -> 18981 | AH78: =AH77 -> Nelson | AI78: =AI77 -> Velodrome | AJ78: =IF(AND(L78="",M78=""),0,((J78*60)+K78)-((L78*60)+M78)) -> 4 | AP78: =SUMIFS(AJ78:AJ78,Q78:Q78,"=Intermission") -> 0 | AQ78: =IF(E78=1,0,IF(E78=2,1080+AP78,IF(E78=3,(1080*2)+AP78,0))) -> 0 | AR78: =IF(Q78="Intermission",AR77,((1080)-((J78*60)+K78))+AQ78) -> 50 | AS78: =IF(AR78<5,0,AR78-5) -> 45 | AT78: =AS78+AJ78+5 -> 54
A79: 37 | E79: =IF(Q79="Intermission",E78+1,E78) -> 1 | F79: 17 | G79: 06 | J79: =IF(F79<>"",F79,IF($A79=$A78,J78,J79)) -> 17 | K79: =IF($A79=$A78,K78,G79) -> 06 | L79: =IF(H79<>"",H79,IF($A79=$A78,L78,"")) | M79: =IF(I79<>"",I79,IF($A79=$A78,M78,"")) | N79: Away | O79: 70 | P79: e | Q79: Zone_Entry_Exit | R79: Zone_Exit | S79: ZoneExit-Lob | Y79: =IF($N79="","",IF(X79="","",IF($N79="Home",$X79,IF($X79="n","n",IF($X79="d","o",IF($X79="o","d","")))))) | Z79: =IF($N79="","",IF(X79="","",IF($N79="Away",$X79,IF($X79="n","n",IF($X79="d","o",IF($X79="o","d","")))))) | AC79: =IF(Q79<>"",Q79,IF($A79=$A78,AC78,"")) -> Zone_Entry_Exit | AD79: =IF(R79<>"",R79,IF($A79=$A78,AD78,"")) -> Zone_Exit | AE79: =IF(S79<>"",S79,IF($A79=$A78,AE78,"")) -> ZoneExit-Lob | AF79: =IF(AND(P79="e",OR(AC79="Save",AD79="Turnover_Takeaway",AD79="Play_Defensive")),"Defensive",IF(AND(P79="o",OR(AC79="Save",AD79="Turnover_Takeaway",AD79="Play_Defensive")),"Offensive",IF(OR(AC79="Deadice",AC79="Stoppage",AC79="Intermission"),"",IF(P79="e","Offensive",IF(P79="o","Defensive",""))))) -> Offensive | AG79: =AG78 -> 18981 | AH79: =AH78 -> Nelson | AI79: =AI78 -> Velodrome | AJ79: =IF(AND(L79="",M79=""),0,((J79*60)+K79)-((L79*60)+M79)) -> 0 | AP79: =SUMIFS(AJ79:AJ79,Q79:Q79,"=Intermission") -> 0 | AQ79: =IF(E79=1,0,IF(E79=2,1080+AP79,IF(E79=3,(1080*2)+AP79,0))) -> 0 | AR79: =IF(Q79="Intermission",AR78,((1080)-((J79*60)+K79))+AQ79) -> 54 | AS79: =IF(AR79<5,0,AR79-5) -> 49 | AT79: =AS79+AJ79+5 -> 54
A80: 38 | E80: =IF(Q80="Intermission",E79+1,E79) -> 1 | F80: 17 | G80: 05 | J80: =IF(F80<>"",F80,IF($A80=$A79,J79,J80)) -> 17 | K80: =IF($A80=$A79,K79,G80) -> 05 | L80: =IF(H80<>"",H80,IF($A80=$A79,L79,"")) | M80: =IF(I80<>"",I80,IF($A80=$A79,M79,"")) | N80: Away | O80: 70 | P80: e | Q80: Zone_Entry_Exit | R80: Zone_Entry | S80: ZoneEntry-FromExitClear | Y80: =IF($N80="","",IF(X80="","",IF($N80="Home",$X80,IF($X80="n","n",IF($X80="d","o",IF($X80="o","d","")))))) | Z80: =IF($N80="","",IF(X80="","",IF($N80="Away",$X80,IF($X80="n","n",IF($X80="d","o",IF($X80="o","d","")))))) | AC80: =IF(Q80<>"",Q80,IF($A80=$A79,AC79,"")) -> Zone_Entry_Exit | AD80: =IF(R80<>"",R80,IF($A80=$A79,AD79,"")) -> Zone_Entry | AE80: =IF(S80<>"",S80,IF($A80=$A79,AE79,"")) -> ZoneEntry-FromExitClear | AF80: =IF(AND(P80="e",OR(AC80="Save",AD80="Turnover_Takeaway",AD80="Play_Defensive")),"Defensive",IF(AND(P80="o",OR(AC80="Save",AD80="Turnover_Takeaway",AD80="Play_Defensive")),"Offensive",IF(OR(AC80="Deadice",AC80="Stoppage",AC80="Intermission"),"",IF(P80="e","Offensive",IF(P80="o","Defensive",""))))) -> Offensive | AG80: =AG79 -> 18981 | AH80: =AH79 -> Nelson | AI80: =AI79 -> Velodrome | AJ80: =IF(AND(L80="",M80=""),0,((J80*60)+K80)-((L80*60)+M80)) -> 0 | AP80: =SUMIFS(AJ80:AJ80,Q80:Q80,"=Intermission") -> 0 | AQ80: =IF(E80=1,0,IF(E80=2,1080+AP80,IF(E80=3,(1080*2)+AP80,0))) -> 0 | AR80: =IF(Q80="Intermission",AR79,((1080)-((J80*60)+K80))+AQ80) -> 55 | AS80: =IF(AR80<5,0,AR80-5) -> 50 | AT80: =AS80+AJ80+5 -> 55
A81: 39 | E81: =IF(Q81="Intermission",E80+1,E80) -> 1 | F81: 17 | G81: 02 | J81: =IF(F81<>"",F81,IF($A81=$A80,J80,J81)) -> 17 | K81: =IF($A81=$A80,K80,G81) -> 02 | L81: =IF(H81<>"",H81,IF($A81=$A80,L80,"")) | M81: =IF(I81<>"",I81,IF($A81=$A80,M80,"")) | N81: Away | O81: 70 | P81: e | Q81: Stoppage | R81: Stoppage_Play | S81: Stoppage-Icing | Y81: =IF($N81="","",IF(X81="","",IF($N81="Home",$X81,IF($X81="n","n",IF($X81="d","o",IF($X81="o","d","")))))) | Z81: =IF($N81="","",IF(X81="","",IF($N81="Away",$X81,IF($X81="n","n",IF($X81="d","o",IF($X81="o","d","")))))) | AC81: =IF(Q81<>"",Q81,IF($A81=$A80,AC80,"")) -> Stoppage | AD81: =IF(R81<>"",R81,IF($A81=$A80,AD80,"")) -> Stoppage_Play | AE81: =IF(S81<>"",S81,IF($A81=$A80,AE80,"")) -> Stoppage-Icing | AF81: =IF(AND(P81="e",OR(AC81="Save",AD81="Turnover_Takeaway",AD81="Play_Defensive")),"Defensive",IF(AND(P81="o",OR(AC81="Save",AD81="Turnover_Takeaway",AD81="Play_Defensive")),"Offensive",IF(OR(AC81="Deadice",AC81="Stoppage",AC81="Intermission"),"",IF(P81="e","Offensive",IF(P81="o","Defensive",""))))) | AG81: =AG80 -> 18981 | AH81: =AH80 -> Nelson | AI81: =AI80 -> Velodrome | AJ81: =IF(AND(L81="",M81=""),0,((J81*60)+K81)-((L81*60)+M81)) -> 0 | AP81: =SUMIFS(AJ81:AJ81,Q81:Q81,"=Intermission") -> 0 | AQ81: =IF(E81=1,0,IF(E81=2,1080+AP81,IF(E81=3,(1080*2)+AP81,0))) -> 0 | AR81: =IF(Q81="Intermission",AR80,((1080)-((J81*60)+K81))+AQ81) -> 58 | AS81: =IF(AR81<5,0,AR81-5) -> 53 | AT81: =AS81+AJ81+5 -> 58
A82: 40 | E82: =IF(Q82="Intermission",E81+1,E81) -> 1 | F82: 17 | G82: 02 | H82: 16 | I82: 42 | J82: =IF(F82<>"",F82,IF($A82=$A81,J81,J82)) -> 17 | K82: =IF($A82=$A81,K81,G82) -> 02 | L82: =IF(H82<>"",H82,IF($A82=$A81,L81,"")) -> 16 | M82: =IF(I82<>"",I82,IF($A82=$A81,M81,"")) -> 42 | N82: Away | O82: 70 | P82: e | Q82: DeadIce | Y82: =IF($N82="","",IF(X82="","",IF($N82="Home",$X82,IF($X82="n","n",IF($X82="d","o",IF($X82="o","d","")))))) | Z82: =IF($N82="","",IF(X82="","",IF($N82="Away",$X82,IF($X82="n","n",IF($X82="d","o",IF($X82="o","d","")))))) | AC82: =IF(Q82<>"",Q82,IF($A82=$A81,AC81,"")) -> DeadIce | AD82: =IF(R82<>"",R82,IF($A82=$A81,AD81,"")) | AE82: =IF(S82<>"",S82,IF($A82=$A81,AE81,"")) | AF82: =IF(AND(P82="e",OR(AC82="Save",AD82="Turnover_Takeaway",AD82="Play_Defensive")),"Defensive",IF(AND(P82="o",OR(AC82="Save",AD82="Turnover_Takeaway",AD82="Play_Defensive")),"Offensive",IF(OR(AC82="Deadice",AC82="Stoppage",AC82="Intermission"),"",IF(P82="e","Offensive",IF(P82="o","Defensive",""))))) | AG82: =AG81 -> 18981 | AH82: =AH81 -> Nelson | AI82: =AI81 -> Velodrome | AJ82: =IF(AND(L82="",M82=""),0,((J82*60)+K82)-((L82*60)+M82)) -> 20 | AP82: =SUMIFS(AJ82:AJ82,Q82:Q82,"=Intermission") -> 0 | AQ82: =IF(E82=1,0,IF(E82=2,1080+AP82,IF(E82=3,(1080*2)+AP82,0))) -> 0 | AR82: =IF(Q82="Intermission",AR81,((1080)-((J82*60)+K82))+AQ82) -> 58 | AS82: =IF(AR82<5,0,AR82-5) -> 53 | AT82: =AS82+AJ82+5 -> 78
A83: 41 | E83: =IF(Q83="Intermission",E82+1,E82) -> 1 | F83: 16 | G83: 42 | J83: =IF(F83<>"",F83,IF($A83=$A82,J82,J83)) -> 16 | K83: =IF($A83=$A82,K82,G83) -> 42 | L83: =IF(H83<>"",H83,IF($A83=$A82,L82,"")) | M83: =IF(I83<>"",I83,IF($A83=$A82,M82,"")) | N83: Away | O83: 42 | P83: e | Q83: Faceoff | R83: Faceoff_AfterStoppage | Y83: =IF($N83="","",IF(X83="","",IF($N83="Home",$X83,IF($X83="n","n",IF($X83="d","o",IF($X83="o","d","")))))) | Z83: =IF($N83="","",IF(X83="","",IF($N83="Away",$X83,IF($X83="n","n",IF($X83="d","o",IF($X83="o","d","")))))) | AC83: =IF(Q83<>"",Q83,IF($A83=$A82,AC82,"")) -> Faceoff | AD83: =IF(R83<>"",R83,IF($A83=$A82,AD82,"")) -> Faceoff_AfterStoppage | AE83: =IF(S83<>"",S83,IF($A83=$A82,AE82,"")) | AF83: =IF(AND(P83="e",OR(AC83="Save",AD83="Turnover_Takeaway",AD83="Play_Defensive")),"Defensive",IF(AND(P83="o",OR(AC83="Save",AD83="Turnover_Takeaway",AD83="Play_Defensive")),"Offensive",IF(OR(AC83="Deadice",AC83="Stoppage",AC83="Intermission"),"",IF(P83="e","Offensive",IF(P83="o","Defensive",""))))) -> Offensive | AG83: =AG82 -> 18981 | AH83: =AH82 -> Nelson | AI83: =AI82 -> Velodrome | AJ83: =IF(AND(L83="",M83=""),0,((J83*60)+K83)-((L83*60)+M83)) -> 0 | AP83: =SUMIFS(AJ83:AJ83,Q83:Q83,"=Intermission") -> 0 | AQ83: =IF(E83=1,0,IF(E83=2,1080+AP83,IF(E83=3,(1080*2)+AP83,0))) -> 0 | AR83: =IF(Q83="Intermission",AR82,((1080)-((J83*60)+K83))+AQ83) -> 78 | AS83: =IF(AR83<5,0,AR83-5) -> 73 | AT83: =AS83+AJ83+5 -> 78
A84: 41 | E84: =IF(Q84="Intermission",E83+1,E83) -> 1 | J84: =IF(F84<>"",F84,IF($A84=$A83,J83,J84)) -> 16 | K84: =IF($A84=$A83,K83,G84) -> 42 | L84: =IF(H84<>"",H84,IF($A84=$A83,L83,"")) | M84: =IF(I84<>"",I84,IF($A84=$A83,M83,"")) | N84: Away | O84: 79 | P84: o | Y84: =IF($N84="","",IF(X84="","",IF($N84="Home",$X84,IF($X84="n","n",IF($X84="d","o",IF($X84="o","d","")))))) | Z84: =IF($N84="","",IF(X84="","",IF($N84="Away",$X84,IF($X84="n","n",IF($X84="d","o",IF($X84="o","d","")))))) | AC84: =IF(Q84<>"",Q84,IF($A84=$A83,AC83,"")) -> Faceoff | AD84: =IF(R84<>"",R84,IF($A84=$A83,AD83,"")) -> Faceoff_AfterStoppage | AE84: =IF(S84<>"",S84,IF($A84=$A83,AE83,"")) | AF84: =IF(AND(P84="e",OR(AC84="Save",AD84="Turnover_Takeaway",AD84="Play_Defensive")),"Defensive",IF(AND(P84="o",OR(AC84="Save",AD84="Turnover_Takeaway",AD84="Play_Defensive")),"Offensive",IF(OR(AC84="Deadice",AC84="Stoppage",AC84="Intermission"),"",IF(P84="e","Offensive",IF(P84="o","Defensive",""))))) -> Defensive | AG84: =AG83 -> 18981 | AH84: =AH83 -> Nelson | AI84: =AI83 -> Velodrome | AJ84: =IF(AND(L84="",M84=""),0,((J84*60)+K84)-((L84*60)+M84)) -> 0 | AP84: =SUMIFS(AJ84:AJ84,Q84:Q84,"=Intermission") -> 0 | AQ84: =IF(E84=1,0,IF(E84=2,1080+AP84,IF(E84=3,(1080*2)+AP84,0))) -> 0 | AR84: =IF(Q84="Intermission",AR83,((1080)-((J84*60)+K84))+AQ84) -> 78 | AS84: =IF(AR84<5,0,AR84-5) -> 73 | AT84: =AS84+AJ84+5 -> 78
A85: 42 | E85: =IF(Q85="Intermission",E84+1,E84) -> 1 | F85: 16 | G85: 35 | H85: 16 | I85: 33 | J85: =IF(F85<>"",F85,IF($A85=$A84,J84,J85)) -> 16 | K85: =IF($A85=$A84,K84,G85) -> 35 | L85: =IF(H85<>"",H85,IF($A85=$A84,L84,"")) -> 16 | M85: =IF(I85<>"",I85,IF($A85=$A84,M84,"")) -> 33 | N85: Away | O85: 93 | P85: e | Q85: Possession | Y85: =IF($N85="","",IF(X85="","",IF($N85="Home",$X85,IF($X85="n","n",IF($X85="d","o",IF($X85="o","d","")))))) | Z85: =IF($N85="","",IF(X85="","",IF($N85="Away",$X85,IF($X85="n","n",IF($X85="d","o",IF($X85="o","d","")))))) | AC85: =IF(Q85<>"",Q85,IF($A85=$A84,AC84,"")) -> Possession | AD85: =IF(R85<>"",R85,IF($A85=$A84,AD84,"")) | AE85: =IF(S85<>"",S85,IF($A85=$A84,AE84,"")) | AF85: =IF(AND(P85="e",OR(AC85="Save",AD85="Turnover_Takeaway",AD85="Play_Defensive")),"Defensive",IF(AND(P85="o",OR(AC85="Save",AD85="Turnover_Takeaway",AD85="Play_Defensive")),"Offensive",IF(OR(AC85="Deadice",AC85="Stoppage",AC85="Intermission"),"",IF(P85="e","Offensive",IF(P85="o","Defensive",""))))) -> Offensive | AG85: =AG84 -> 18981 | AH85: =AH84 -> Nelson | AI85: =AI84 -> Velodrome | AJ85: =IF(AND(L85="",M85=""),0,((J85*60)+K85)-((L85*60)+M85)) -> 2 | AP85: =SUMIFS(AJ85:AJ85,Q85:Q85,"=Intermission") -> 0 | AQ85: =IF(E85=1,0,IF(E85=2,1080+AP85,IF(E85=3,(1080*2)+AP85,0))) -> 0 | AR85: =IF(Q85="Intermission",AR84,((1080)-((J85*60)+K85))+AQ85) -> 85 | AS85: =IF(AR85<5,0,AR85-5) -> 80 | AT85: =AS85+AJ85+5 -> 87
A86: 42 | E86: =IF(Q86="Intermission",E85+1,E85) -> 1 | J86: =IF(F86<>"",F86,IF($A86=$A85,J85,J86)) -> 16 | K86: =IF($A86=$A85,K85,G86) -> 35 | L86: =IF(H86<>"",H86,IF($A86=$A85,L85,"")) -> 16 | M86: =IF(I86<>"",I86,IF($A86=$A85,M85,"")) -> 33 | N86: =IF(A86=A85,N85,"") -> Away | O86: 44 | P86: o | Y86: =IF($N86="","",IF(X86="","",IF($N86="Home",$X86,IF($X86="n","n",IF($X86="d","o",IF($X86="o","d","")))))) | Z86: =IF($N86="","",IF(X86="","",IF($N86="Away",$X86,IF($X86="n","n",IF($X86="d","o",IF($X86="o","d","")))))) | AC86: =IF(Q86<>"",Q86,IF($A86=$A85,AC85,"")) -> Possession | AD86: =IF(R86<>"",R86,IF($A86=$A85,AD85,"")) | AE86: =IF(S86<>"",S86,IF($A86=$A85,AE85,"")) | AF86: =IF(AND(P86="e",OR(AC86="Save",AD86="Turnover_Takeaway",AD86="Play_Defensive")),"Defensive",IF(AND(P86="o",OR(AC86="Save",AD86="Turnover_Takeaway",AD86="Play_Defensive")),"Offensive",IF(OR(AC86="Deadice",AC86="Stoppage",AC86="Intermission"),"",IF(P86="e","Offensive",IF(P86="o","Defensive",""))))) -> Defensive | AG86: =AG85 -> 18981 | AH86: =AH85 -> Nelson | AI86: =AI85 -> Velodrome | AJ86: =IF(AND(L86="",M86=""),0,((J86*60)+K86)-((L86*60)+M86)) -> 2 | AP86: =SUMIFS(AJ86:AJ86,Q86:Q86,"=Intermission") -> 0 | AQ86: =IF(E86=1,0,IF(E86=2,1080+AP86,IF(E86=3,(1080*2)+AP86,0))) -> 0 | AR86: =IF(Q86="Intermission",AR85,((1080)-((J86*60)+K86))+AQ86) -> 85 | AS86: =IF(AR86<5,0,AR86-5) -> 80 | AT86: =AS86+AJ86+5 -> 87
A87: 43 | E87: =IF(Q87="Intermission",E86+1,E86) -> 1 | F87: 16 | G87: 33 | J87: =IF(F87<>"",F87,IF($A87=$A86,J86,J87)) -> 16 | K87: =IF($A87=$A86,K86,G87) -> 33 | L87: =IF(H87<>"",H87,IF($A87=$A86,L86,"")) | M87: =IF(I87<>"",I87,IF($A87=$A86,M86,"")) | N87: Away | O87: 93 | P87: e | Q87: Pass | R87: Pass_Completed | S87: Pass-Rim/Wrap | Y87: =IF($N87="","",IF(X87="","",IF($N87="Home",$X87,IF($X87="n","n",IF($X87="d","o",IF($X87="o","d","")))))) | Z87: =IF($N87="","",IF(X87="","",IF($N87="Away",$X87,IF($X87="n","n",IF($X87="d","o",IF($X87="o","d","")))))) | AC87: =IF(Q87<>"",Q87,IF($A87=$A86,AC86,"")) -> Pass | AD87: =IF(R87<>"",R87,IF($A87=$A86,AD86,"")) -> Pass_Completed | AE87: =IF(S87<>"",S87,IF($A87=$A86,AE86,"")) -> Pass-Rim/Wrap | AF87: =IF(AND(P87="e",OR(AC87="Save",AD87="Turnover_Takeaway",AD87="Play_Defensive")),"Defensive",IF(AND(P87="o",OR(AC87="Save",AD87="Turnover_Takeaway",AD87="Play_Defensive")),"Offensive",IF(OR(AC87="Deadice",AC87="Stoppage",AC87="Intermission"),"",IF(P87="e","Offensive",IF(P87="o","Defensive",""))))) -> Offensive | AG87: =AG86 -> 18981 | AH87: =AH86 -> Nelson | AI87: =AI86 -> Velodrome | AJ87: =IF(AND(L87="",M87=""),0,((J87*60)+K87)-((L87*60)+M87)) -> 0 | AP87: =SUMIFS(AJ87:AJ87,Q87:Q87,"=Intermission") -> 0 | AQ87: =IF(E87=1,0,IF(E87=2,1080+AP87,IF(E87=3,(1080*2)+AP87,0))) -> 0 | AR87: =IF(Q87="Intermission",AR86,((1080)-((J87*60)+K87))+AQ87) -> 87 | AS87: =IF(AR87<5,0,AR87-5) -> 82 | AT87: =AS87+AJ87+5 -> 87
A88: 43 | E88: =IF(Q88="Intermission",E87+1,E87) -> 1 | J88: =IF(F88<>"",F88,IF($A88=$A87,J87,J88)) -> 16 | K88: =IF($A88=$A87,K87,G88) -> 33 | L88: =IF(H88<>"",H88,IF($A88=$A87,L87,"")) | M88: =IF(I88<>"",I88,IF($A88=$A87,M87,"")) | N88: =IF(A88=A87,N87,"") -> Away | O88: 91 | P88: e | Y88: =IF($N88="","",IF(X88="","",IF($N88="Home",$X88,IF($X88="n","n",IF($X88="d","o",IF($X88="o","d","")))))) | Z88: =IF($N88="","",IF(X88="","",IF($N88="Away",$X88,IF($X88="n","n",IF($X88="d","o",IF($X88="o","d","")))))) | AC88: =IF(Q88<>"",Q88,IF($A88=$A87,AC87,"")) -> Pass | AD88: =IF(R88<>"",R88,IF($A88=$A87,AD87,"")) -> Pass_Completed | AE88: =IF(S88<>"",S88,IF($A88=$A87,AE87,"")) -> Pass-Rim/Wrap | AF88: =IF(AND(P88="e",OR(AC88="Save",AD88="Turnover_Takeaway",AD88="Play_Defensive")),"Defensive",IF(AND(P88="o",OR(AC88="Save",AD88="Turnover_Takeaway",AD88="Play_Defensive")),"Offensive",IF(OR(AC88="Deadice",AC88="Stoppage",AC88="Intermission"),"",IF(P88="e","Offensive",IF(P88="o","Defensive",""))))) -> Offensive | AG88: =AG87 -> 18981 | AH88: =AH87 -> Nelson | AI88: =AI87 -> Velodrome | AJ88: =IF(AND(L88="",M88=""),0,((J88*60)+K88)-((L88*60)+M88)) -> 0 | AP88: =SUMIFS(AJ88:AJ88,Q88:Q88,"=Intermission") -> 0 | AQ88: =IF(E88=1,0,IF(E88=2,1080+AP88,IF(E88=3,(1080*2)+AP88,0))) -> 0 | AR88: =IF(Q88="Intermission",AR87,((1080)-((J88*60)+K88))+AQ88) -> 87 | AS88: =IF(AR88<5,0,AR88-5) -> 82 | AT88: =AS88+AJ88+5 -> 87
A89: 44 | E89: =IF(Q89="Intermission",E88+1,E88) -> 1 | F89: 16 | G89: 32 | H89: 16 | I89: 30 | J89: =IF(F89<>"",F89,IF($A89=$A88,J88,J89)) -> 16 | K89: =IF($A89=$A88,K88,G89) -> 32 | L89: =IF(H89<>"",H89,IF($A89=$A88,L88,"")) -> 16 | M89: =IF(I89<>"",I89,IF($A89=$A88,M88,"")) -> 30 | N89: Away | O89: 91 | P89: e | Q89: Possession | Y89: =IF($N89="","",IF(X89="","",IF($N89="Home",$X89,IF($X89="n","n",IF($X89="d","o",IF($X89="o","d","")))))) | Z89: =IF($N89="","",IF(X89="","",IF($N89="Away",$X89,IF($X89="n","n",IF($X89="d","o",IF($X89="o","d","")))))) | AC89: =IF(Q89<>"",Q89,IF($A89=$A88,AC88,"")) -> Possession | AD89: =IF(R89<>"",R89,IF($A89=$A88,AD88,"")) | AE89: =IF(S89<>"",S89,IF($A89=$A88,AE88,"")) | AF89: =IF(AND(P89="e",OR(AC89="Save",AD89="Turnover_Takeaway",AD89="Play_Defensive")),"Defensive",IF(AND(P89="o",OR(AC89="Save",AD89="Turnover_Takeaway",AD89="Play_Defensive")),"Offensive",IF(OR(AC89="Deadice",AC89="Stoppage",AC89="Intermission"),"",IF(P89="e","Offensive",IF(P89="o","Defensive",""))))) -> Offensive | AG89: =AG88 -> 18981 | AH89: =AH88 -> Nelson | AI89: =AI88 -> Velodrome | AJ89: =IF(AND(L89="",M89=""),0,((J89*60)+K89)-((L89*60)+M89)) -> 2 | AP89: =SUMIFS(AJ89:AJ89,Q89:Q89,"=Intermission") -> 0 | AQ89: =IF(E89=1,0,IF(E89=2,1080+AP89,IF(E89=3,(1080*2)+AP89,0))) -> 0 | AR89: =IF(Q89="Intermission",AR88,((1080)-((J89*60)+K89))+AQ89) -> 88 | AS89: =IF(AR89<5,0,AR89-5) -> 83 | AT89: =AS89+AJ89+5 -> 90
A90: 44 | E90: =IF(Q90="Intermission",E89+1,E89) -> 1 | J90: =IF(F90<>"",F90,IF($A90=$A89,J89,J90)) -> 16 | K90: =IF($A90=$A89,K89,G90) -> 32 | L90: =IF(H90<>"",H90,IF($A90=$A89,L89,"")) -> 16 | M90: =IF(I90<>"",I90,IF($A90=$A89,M89,"")) -> 30 | N90: =IF(A90=A89,N89,"") -> Away | O90: 44 | P90: o | Y90: =IF($N90="","",IF(X90="","",IF($N90="Home",$X90,IF($X90="n","n",IF($X90="d","o",IF($X90="o","d","")))))) | Z90: =IF($N90="","",IF(X90="","",IF($N90="Away",$X90,IF($X90="n","n",IF($X90="d","o",IF($X90="o","d","")))))) | AC90: =IF(Q90<>"",Q90,IF($A90=$A89,AC89,"")) -> Possession | AD90: =IF(R90<>"",R90,IF($A90=$A89,AD89,"")) | AE90: =IF(S90<>"",S90,IF($A90=$A89,AE89,"")) | AF90: =IF(AND(P90="e",OR(AC90="Save",AD90="Turnover_Takeaway",AD90="Play_Defensive")),"Defensive",IF(AND(P90="o",OR(AC90="Save",AD90="Turnover_Takeaway",AD90="Play_Defensive")),"Offensive",IF(OR(AC90="Deadice",AC90="Stoppage",AC90="Intermission"),"",IF(P90="e","Offensive",IF(P90="o","Defensive",""))))) -> Defensive | AG90: =AG89 -> 18981 | AH90: =AH89 -> Nelson | AI90: =AI89 -> Velodrome | AJ90: =IF(AND(L90="",M90=""),0,((J90*60)+K90)-((L90*60)+M90)) -> 2 | AP90: =SUMIFS(AJ90:AJ90,Q90:Q90,"=Intermission") -> 0 | AQ90: =IF(E90=1,0,IF(E90=2,1080+AP90,IF(E90=3,(1080*2)+AP90,0))) -> 0 | AR90: =IF(Q90="Intermission",AR89,((1080)-((J90*60)+K90))+AQ90) -> 88 | AS90: =IF(AR90<5,0,AR90-5) -> 83 | AT90: =AS90+AJ90+5 -> 90
A91: 45 | E91: =IF(Q91="Intermission",E90+1,E90) -> 1 | F91: 16 | G91: 30 | J91: =IF(F91<>"",F91,IF($A91=$A90,J90,J91)) -> 16 | K91: =IF($A91=$A90,K90,G91) -> 30 | L91: =IF(H91<>"",H91,IF($A91=$A90,L90,"")) | M91: =IF(I91<>"",I91,IF($A91=$A90,M90,"")) | N91: Away | O91: 91 | P91: e | Q91: Pass | R91: Pass_Missed | S91: Pass-Rim/Wrap | Y91: =IF($N91="","",IF(X91="","",IF($N91="Home",$X91,IF($X91="n","n",IF($X91="d","o",IF($X91="o","d","")))))) | Z91: =IF($N91="","",IF(X91="","",IF($N91="Away",$X91,IF($X91="n","n",IF($X91="d","o",IF($X91="o","d","")))))) | AC91: =IF(Q91<>"",Q91,IF($A91=$A90,AC90,"")) -> Pass | AD91: =IF(R91<>"",R91,IF($A91=$A90,AD90,"")) -> Pass_Missed | AE91: =IF(S91<>"",S91,IF($A91=$A90,AE90,"")) -> Pass-Rim/Wrap | AF91: =IF(AND(P91="e",OR(AC91="Save",AD91="Turnover_Takeaway",AD91="Play_Defensive")),"Defensive",IF(AND(P91="o",OR(AC91="Save",AD91="Turnover_Takeaway",AD91="Play_Defensive")),"Offensive",IF(OR(AC91="Deadice",AC91="Stoppage",AC91="Intermission"),"",IF(P91="e","Offensive",IF(P91="o","Defensive",""))))) -> Offensive | AG91: =AG90 -> 18981 | AH91: =AH90 -> Nelson | AI91: =AI90 -> Velodrome | AJ91: =IF(AND(L91="",M91=""),0,((J91*60)+K91)-((L91*60)+M91)) -> 0 | AP91: =SUMIFS(AJ91:AJ91,Q91:Q91,"=Intermission") -> 0 | AQ91: =IF(E91=1,0,IF(E91=2,1080+AP91,IF(E91=3,(1080*2)+AP91,0))) -> 0 | AR91: =IF(Q91="Intermission",AR90,((1080)-((J91*60)+K91))+AQ91) -> 90 | AS91: =IF(AR91<5,0,AR91-5) -> 85 | AT91: =AS91+AJ91+5 -> 90
A92: 46 | E92: =IF(Q92="Intermission",E91+1,E91) -> 1 | F92: 16 | G92: 27 | J92: =IF(F92<>"",F92,IF($A92=$A91,J91,J92)) -> 16 | K92: =IF($A92=$A91,K91,G92) -> 27 | L92: =IF(H92<>"",H92,IF($A92=$A91,L91,"")) | M92: =IF(I92<>"",I92,IF($A92=$A91,M91,"")) | N92: Home | O92: 80 | P92: e | Q92: Zone_Entry_Exit | R92: Zone_Keepin | S92: Zone-KeepIn | Y92: =IF($N92="","",IF(X92="","",IF($N92="Home",$X92,IF($X92="n","n",IF($X92="d","o",IF($X92="o","d","")))))) | Z92: =IF($N92="","",IF(X92="","",IF($N92="Away",$X92,IF($X92="n","n",IF($X92="d","o",IF($X92="o","d","")))))) | AC92: =IF(Q92<>"",Q92,IF($A92=$A91,AC91,"")) -> Zone_Entry_Exit | AD92: =IF(R92<>"",R92,IF($A92=$A91,AD91,"")) -> Zone_Keepin | AE92: =IF(S92<>"",S92,IF($A92=$A91,AE91,"")) -> Zone-KeepIn | AF92: =IF(AND(P92="e",OR(AC92="Save",AD92="Turnover_Takeaway",AD92="Play_Defensive")),"Defensive",IF(AND(P92="o",OR(AC92="Save",AD92="Turnover_Takeaway",AD92="Play_Defensive")),"Offensive",IF(OR(AC92="Deadice",AC92="Stoppage",AC92="Intermission"),"",IF(P92="e","Offensive",IF(P92="o","Defensive",""))))) -> Offensive | AG92: =AG91 -> 18981 | AH92: =AH91 -> Nelson | AI92: =AI91 -> Velodrome | AJ92: =IF(AND(L92="",M92=""),0,((J92*60)+K92)-((L92*60)+M92)) -> 0 | AP92: =SUMIFS(AJ92:AJ92,Q92:Q92,"=Intermission") -> 0 | AQ92: =IF(E92=1,0,IF(E92=2,1080+AP92,IF(E92=3,(1080*2)+AP92,0))) -> 0 | AR92: =IF(Q92="Intermission",AR91,((1080)-((J92*60)+K92))+AQ92) -> 93 | AS92: =IF(AR92<5,0,AR92-5) -> 88 | AT92: =AS92+AJ92+5 -> 93
A93: 47 | E93: =IF(Q93="Intermission",E92+1,E92) -> 1 | F93: 16 | G93: 25 | H93: 16 | I93: 23 | J93: =IF(F93<>"",F93,IF($A93=$A92,J92,J93)) -> 16 | K93: =IF($A93=$A92,K92,G93) -> 25 | L93: =IF(H93<>"",H93,IF($A93=$A92,L92,"")) -> 16 | M93: =IF(I93<>"",I93,IF($A93=$A92,M92,"")) -> 23 | N93: Away | O93: 52 | P93: e | Q93: Possession | Y93: =IF($N93="","",IF(X93="","",IF($N93="Home",$X93,IF($X93="n","n",IF($X93="d","o",IF($X93="o","d","")))))) | Z93: =IF($N93="","",IF(X93="","",IF($N93="Away",$X93,IF($X93="n","n",IF($X93="d","o",IF($X93="o","d","")))))) | AC93: =IF(Q93<>"",Q93,IF($A93=$A92,AC92,"")) -> Possession | AD93: =IF(R93<>"",R93,IF($A93=$A92,AD92,"")) | AE93: =IF(S93<>"",S93,IF($A93=$A92,AE92,"")) | AF93: =IF(AND(P93="e",OR(AC93="Save",AD93="Turnover_Takeaway",AD93="Play_Defensive")),"Defensive",IF(AND(P93="o",OR(AC93="Save",AD93="Turnover_Takeaway",AD93="Play_Defensive")),"Offensive",IF(OR(AC93="Deadice",AC93="Stoppage",AC93="Intermission"),"",IF(P93="e","Offensive",IF(P93="o","Defensive",""))))) -> Offensive | AG93: =AG92 -> 18981 | AH93: =AH92 -> Nelson | AI93: =AI92 -> Velodrome | AJ93: =IF(AND(L93="",M93=""),0,((J93*60)+K93)-((L93*60)+M93)) -> 2 | AP93: =SUMIFS(AJ93:AJ93,Q93:Q93,"=Intermission") -> 0 | AQ93: =IF(E93=1,0,IF(E93=2,1080+AP93,IF(E93=3,(1080*2)+AP93,0))) -> 0 | AR93: =IF(Q93="Intermission",AR92,((1080)-((J93*60)+K93))+AQ93) -> 95 | AS93: =IF(AR93<5,0,AR93-5) -> 90 | AT93: =AS93+AJ93+5 -> 97
A94: 48 | E94: =IF(Q94="Intermission",E93+1,E93) -> 1 | F94: 16 | G94: 23 | J94: =IF(F94<>"",F94,IF($A94=$A93,J93,J94)) -> 16 | K94: =IF($A94=$A93,K93,G94) -> 23 | L94: =IF(H94<>"",H94,IF($A94=$A93,L93,"")) | M94: =IF(I94<>"",I94,IF($A94=$A93,M93,"")) | N94: Away | O94: 52 | P94: e | Q94: Pass | R94: Pass_Completed | S94: Pass-Stretch | Y94: =IF($N94="","",IF(X94="","",IF($N94="Home",$X94,IF($X94="n","n",IF($X94="d","o",IF($X94="o","d","")))))) | Z94: =IF($N94="","",IF(X94="","",IF($N94="Away",$X94,IF($X94="n","n",IF($X94="d","o",IF($X94="o","d","")))))) | AC94: =IF(Q94<>"",Q94,IF($A94=$A93,AC93,"")) -> Pass | AD94: =IF(R94<>"",R94,IF($A94=$A93,AD93,"")) -> Pass_Completed | AE94: =IF(S94<>"",S94,IF($A94=$A93,AE93,"")) -> Pass-Stretch | AF94: =IF(AND(P94="e",OR(AC94="Save",AD94="Turnover_Takeaway",AD94="Play_Defensive")),"Defensive",IF(AND(P94="o",OR(AC94="Save",AD94="Turnover_Takeaway",AD94="Play_Defensive")),"Offensive",IF(OR(AC94="Deadice",AC94="Stoppage",AC94="Intermission"),"",IF(P94="e","Offensive",IF(P94="o","Defensive",""))))) -> Offensive | AG94: =AG93 -> 18981 | AH94: =AH93 -> Nelson | AI94: =AI93 -> Velodrome | AJ94: =IF(AND(L94="",M94=""),0,((J94*60)+K94)-((L94*60)+M94)) -> 0 | AP94: =SUMIFS(AJ94:AJ94,Q94:Q94,"=Intermission") -> 0 | AQ94: =IF(E94=1,0,IF(E94=2,1080+AP94,IF(E94=3,(1080*2)+AP94,0))) -> 0 | AR94: =IF(Q94="Intermission",AR93,((1080)-((J94*60)+K94))+AQ94) -> 97 | AS94: =IF(AR94<5,0,AR94-5) -> 92 | AT94: =AS94+AJ94+5 -> 97
A95: 48 | E95: =IF(Q95="Intermission",E94+1,E94) -> 1 | J95: =IF(F95<>"",F95,IF($A95=$A94,J94,J95)) -> 16 | K95: =IF($A95=$A94,K94,G95) -> 23 | L95: =IF(H95<>"",H95,IF($A95=$A94,L94,"")) | M95: =IF(I95<>"",I95,IF($A95=$A94,M94,"")) | N95: Away | O95: 91 | P95: e | Y95: =IF($N95="","",IF(X95="","",IF($N95="Home",$X95,IF($X95="n","n",IF($X95="d","o",IF($X95="o","d","")))))) | Z95: =IF($N95="","",IF(X95="","",IF($N95="Away",$X95,IF($X95="n","n",IF($X95="d","o",IF($X95="o","d","")))))) | AC95: =IF(Q95<>"",Q95,IF($A95=$A94,AC94,"")) -> Pass | AD95: =IF(R95<>"",R95,IF($A95=$A94,AD94,"")) -> Pass_Completed | AE95: =IF(S95<>"",S95,IF($A95=$A94,AE94,"")) -> Pass-Stretch | AF95: =IF(AND(P95="e",OR(AC95="Save",AD95="Turnover_Takeaway",AD95="Play_Defensive")),"Defensive",IF(AND(P95="o",OR(AC95="Save",AD95="Turnover_Takeaway",AD95="Play_Defensive")),"Offensive",IF(OR(AC95="Deadice",AC95="Stoppage",AC95="Intermission"),"",IF(P95="e","Offensive",IF(P95="o","Defensive",""))))) -> Offensive | AG95: =AG94 -> 18981 | AH95: =AH94 -> Nelson | AI95: =AI94 -> Velodrome | AJ95: =IF(AND(L95="",M95=""),0,((J95*60)+K95)-((L95*60)+M95)) -> 0 | AP95: =SUMIFS(AJ95:AJ95,Q95:Q95,"=Intermission") -> 0 | AQ95: =IF(E95=1,0,IF(E95=2,1080+AP95,IF(E95=3,(1080*2)+AP95,0))) -> 0 | AR95: =IF(Q95="Intermission",AR94,((1080)-((J95*60)+K95))+AQ95) -> 97 | AS95: =IF(AR95<5,0,AR95-5) -> 92 | AT95: =AS95+AJ95+5 -> 97
A96: 49 | E96: =IF(Q96="Intermission",E95+1,E95) -> 1 | F96: 16 | G96: 23 | J96: =IF(F96<>"",F96,IF($A96=$A95,J95,J96)) -> 16 | K96: =IF($A96=$A95,K95,G96) -> 23 | L96: =IF(H96<>"",H96,IF($A96=$A95,L95,"")) | M96: =IF(I96<>"",I96,IF($A96=$A95,M95,"")) | N96: Away | O96: 52 | P96: e | Q96: Zone_Entry_Exit | R96: Zone_Exit | S96: ZoneExit-Pass | Y96: =IF($N96="","",IF(X96="","",IF($N96="Home",$X96,IF($X96="n","n",IF($X96="d","o",IF($X96="o","d","")))))) | Z96: =IF($N96="","",IF(X96="","",IF($N96="Away",$X96,IF($X96="n","n",IF($X96="d","o",IF($X96="o","d","")))))) | AC96: =IF(Q96<>"",Q96,IF($A96=$A95,AC95,"")) -> Zone_Entry_Exit | AD96: =IF(R96<>"",R96,IF($A96=$A95,AD95,"")) -> Zone_Exit | AE96: =IF(S96<>"",S96,IF($A96=$A95,AE95,"")) -> ZoneExit-Pass | AF96: =IF(AND(P96="e",OR(AC96="Save",AD96="Turnover_Takeaway",AD96="Play_Defensive")),"Defensive",IF(AND(P96="o",OR(AC96="Save",AD96="Turnover_Takeaway",AD96="Play_Defensive")),"Offensive",IF(OR(AC96="Deadice",AC96="Stoppage",AC96="Intermission"),"",IF(P96="e","Offensive",IF(P96="o","Defensive",""))))) -> Offensive | AG96: =AG95 -> 18981 | AH96: =AH95 -> Nelson | AI96: =AI95 -> Velodrome | AJ96: =IF(AND(L96="",M96=""),0,((J96*60)+K96)-((L96*60)+M96)) -> 0 | AP96: =SUMIFS(AJ96:AJ96,Q96:Q96,"=Intermission") -> 0 | AQ96: =IF(E96=1,0,IF(E96=2,1080+AP96,IF(E96=3,(1080*2)+AP96,0))) -> 0 | AR96: =IF(Q96="Intermission",AR95,((1080)-((J96*60)+K96))+AQ96) -> 97 | AS96: =IF(AR96<5,0,AR96-5) -> 92 | AT96: =AS96+AJ96+5 -> 97
A97: 49 | E97: =IF(Q97="Intermission",E96+1,E96) -> 1 | J97: =IF(F97<>"",F97,IF($A97=$A96,J96,J97)) -> 16 | K97: =IF($A97=$A96,K96,G97) -> 23 | L97: =IF(H97<>"",H97,IF($A97=$A96,L96,"")) | M97: =IF(I97<>"",I97,IF($A97=$A96,M96,"")) | N97: =IF(A97=A96,N96,"") -> Away | O97: 91 | P97: e | Y97: =IF($N97="","",IF(X97="","",IF($N97="Home",$X97,IF($X97="n","n",IF($X97="d","o",IF($X97="o","d","")))))) | Z97: =IF($N97="","",IF(X97="","",IF($N97="Away",$X97,IF($X97="n","n",IF($X97="d","o",IF($X97="o","d","")))))) | AC97: =IF(Q97<>"",Q97,IF($A97=$A96,AC96,"")) -> Zone_Entry_Exit | AD97: =IF(R97<>"",R97,IF($A97=$A96,AD96,"")) -> Zone_Exit | AE97: =IF(S97<>"",S97,IF($A97=$A96,AE96,"")) -> ZoneExit-Pass | AF97: =IF(AND(P97="e",OR(AC97="Save",AD97="Turnover_Takeaway",AD97="Play_Defensive")),"Defensive",IF(AND(P97="o",OR(AC97="Save",AD97="Turnover_Takeaway",AD97="Play_Defensive")),"Offensive",IF(OR(AC97="Deadice",AC97="Stoppage",AC97="Intermission"),"",IF(P97="e","Offensive",IF(P97="o","Defensive",""))))) -> Offensive | AG97: =AG96 -> 18981 | AH97: =AH96 -> Nelson | AI97: =AI96 -> Velodrome | AJ97: =IF(AND(L97="",M97=""),0,((J97*60)+K97)-((L97*60)+M97)) -> 0 | AP97: =SUMIFS(AJ97:AJ97,Q97:Q97,"=Intermission") -> 0 | AQ97: =IF(E97=1,0,IF(E97=2,1080+AP97,IF(E97=3,(1080*2)+AP97,0))) -> 0 | AR97: =IF(Q97="Intermission",AR96,((1080)-((J97*60)+K97))+AQ97) -> 97 | AS97: =IF(AR97<5,0,AR97-5) -> 92 | AT97: =AS97+AJ97+5 -> 97
A98: 50 | E98: =IF(Q98="Intermission",E97+1,E97) -> 1 | F98: 16 | G98: 22 | H98: 16 | I98: 20 | J98: =IF(F98<>"",F98,IF($A98=$A97,J97,J98)) -> 16 | K98: =IF($A98=$A97,K97,G98) -> 22 | L98: =IF(H98<>"",H98,IF($A98=$A97,L97,"")) -> 16 | M98: =IF(I98<>"",I98,IF($A98=$A97,M97,"")) -> 20 | N98: Away | O98: 91 | P98: e | Q98: Zone_Entry_Exit | R98: Zone_Entry | S98: ZoneEntry-Rush | Y98: =IF($N98="","",IF(X98="","",IF($N98="Home",$X98,IF($X98="n","n",IF($X98="d","o",IF($X98="o","d","")))))) | Z98: =IF($N98="","",IF(X98="","",IF($N98="Away",$X98,IF($X98="n","n",IF($X98="d","o",IF($X98="o","d","")))))) | AC98: =IF(Q98<>"",Q98,IF($A98=$A97,AC97,"")) -> Zone_Entry_Exit | AD98: =IF(R98<>"",R98,IF($A98=$A97,AD97,"")) -> Zone_Entry | AE98: =IF(S98<>"",S98,IF($A98=$A97,AE97,"")) -> ZoneEntry-Rush | AF98: =IF(AND(P98="e",OR(AC98="Save",AD98="Turnover_Takeaway",AD98="Play_Defensive")),"Defensive",IF(AND(P98="o",OR(AC98="Save",AD98="Turnover_Takeaway",AD98="Play_Defensive")),"Offensive",IF(OR(AC98="Deadice",AC98="Stoppage",AC98="Intermission"),"",IF(P98="e","Offensive",IF(P98="o","Defensive",""))))) -> Offensive | AG98: =AG97 -> 18981 | AH98: =AH97 -> Nelson | AI98: =AI97 -> Velodrome | AJ98: =IF(AND(L98="",M98=""),0,((J98*60)+K98)-((L98*60)+M98)) -> 2 | AP98: =SUMIFS(AJ98:AJ98,Q98:Q98,"=Intermission") -> 0 | AQ98: =IF(E98=1,0,IF(E98=2,1080+AP98,IF(E98=3,(1080*2)+AP98,0))) -> 0 | AR98: =IF(Q98="Intermission",AR97,((1080)-((J98*60)+K98))+AQ98) -> 98 | AS98: =IF(AR98<5,0,AR98-5) -> 93 | AT98: =AS98+AJ98+5 -> 100
A99: 50 | E99: =IF(Q99="Intermission",E98+1,E98) -> 1 | J99: =IF(F99<>"",F99,IF($A99=$A98,J98,J99)) -> 16 | K99: =IF($A99=$A98,K98,G99) -> 22 | L99: =IF(H99<>"",H99,IF($A99=$A98,L98,"")) -> 16 | M99: =IF(I99<>"",I99,IF($A99=$A98,M98,"")) -> 20 | N99: =IF(A99=A98,N98,"") -> Away | O99: 8 | P99: o | Y99: =IF($N99="","",IF(X99="","",IF($N99="Home",$X99,IF($X99="n","n",IF($X99="d","o",IF($X99="o","d","")))))) | Z99: =IF($N99="","",IF(X99="","",IF($N99="Away",$X99,IF($X99="n","n",IF($X99="d","o",IF($X99="o","d","")))))) | AC99: =IF(Q99<>"",Q99,IF($A99=$A98,AC98,"")) -> Zone_Entry_Exit | AD99: =IF(R99<>"",R99,IF($A99=$A98,AD98,"")) -> Zone_Entry | AE99: =IF(S99<>"",S99,IF($A99=$A98,AE98,"")) -> ZoneEntry-Rush | AF99: =IF(AND(P99="e",OR(AC99="Save",AD99="Turnover_Takeaway",AD99="Play_Defensive")),"Defensive",IF(AND(P99="o",OR(AC99="Save",AD99="Turnover_Takeaway",AD99="Play_Defensive")),"Offensive",IF(OR(AC99="Deadice",AC99="Stoppage",AC99="Intermission"),"",IF(P99="e","Offensive",IF(P99="o","Defensive",""))))) -> Defensive | AG99: =AG98 -> 18981 | AH99: =AH98 -> Nelson | AI99: =AI98 -> Velodrome | AJ99: =IF(AND(L99="",M99=""),0,((J99*60)+K99)-((L99*60)+M99)) -> 2 | AP99: =SUMIFS(AJ99:AJ99,Q99:Q99,"=Intermission") -> 0 | AQ99: =IF(E99=1,0,IF(E99=2,1080+AP99,IF(E99=3,(1080*2)+AP99,0))) -> 0 | AR99: =IF(Q99="Intermission",AR98,((1080)-((J99*60)+K99))+AQ99) -> 98 | AS99: =IF(AR99<5,0,AR99-5) -> 93 | AT99: =AS99+AJ99+5 -> 100
A100: 51 | E100: =IF(Q100="Intermission",E99+1,E99) -> 1 | F100: 16 | G100: 20 | H100: 16 | I100: 18 | J100: =IF(F100<>"",F100,IF($A100=$A99,J99,J100)) -> 16 | K100: =IF($A100=$A99,K99,G100) -> 20 | L100: =IF(H100<>"",H100,IF($A100=$A99,L99,"")) -> 16 | M100: =IF(I100<>"",I100,IF($A100=$A99,M99,"")) -> 18 | N100: Away | O100: 91 | P100: e | Q100: Possession | Y100: =IF($N100="","",IF(X100="","",IF($N100="Home",$X100,IF($X100="n","n",IF($X100="d","o",IF($X100="o","d","")))))) | Z100: =IF($N100="","",IF(X100="","",IF($N100="Away",$X100,IF($X100="n","n",IF($X100="d","o",IF($X100="o","d","")))))) | AC100: =IF(Q100<>"",Q100,IF($A100=$A99,AC99,"")) -> Possession | AD100: =IF(R100<>"",R100,IF($A100=$A99,AD99,"")) | AE100: =IF(S100<>"",S100,IF($A100=$A99,AE99,"")) | AF100: =IF(AND(P100="e",OR(AC100="Save",AD100="Turnover_Takeaway",AD100="Play_Defensive")),"Defensive",IF(AND(P100="o",OR(AC100="Save",AD100="Turnover_Takeaway",AD100="Play_Defensive")),"Offensive",IF(OR(AC100="Deadice",AC100="Stoppage",AC100="Intermission"),"",IF(P100="e","Offensive",IF(P100="o","Defensive",""))))) -> Offensive | AG100: =AG99 -> 18981 | AH100: =AH99 -> Nelson | AI100: =AI99 -> Velodrome | AJ100: =IF(AND(L100="",M100=""),0,((J100*60)+K100)-((L100*60)+M100)) -> 2 | AP100: =SUMIFS(AJ100:AJ100,Q100:Q100,"=Intermission") -> 0 | AQ100: =IF(E100=1,0,IF(E100=2,1080+AP100,IF(E100=3,(1080*2)+AP100,0))) -> 0 | AR100: =IF(Q100="Intermission",AR99,((1080)-((J100*60)+K100))+AQ100) -> 100 | AS100: =IF(AR100<5,0,AR100-5) -> 95 | AT100: =AS100+AJ100+5 -> 102
...

Sheet shifts
A1: shift_index | B1: Period | C1: shift_start_min | D1: shift_start_sec | E1: shift_end_min | F1: shift_end_sec | G1: shift_start_type | H1: shift_stop_type | I1: home_forward_1 | J1: home_forward_2 | K1: home_forward_3 | L1: home_defense_1 | M1: home_defense_2 | N1: home_xtra | O1: home_goalie | P1: away_forward_1 | Q1: away_forward_2 | R1: away_forward_3 | S1: away_defense_1 | T1: away_defense_2 | U1: away_xtra | V1: away_goalie | W1: stoppage_time | X1: home_ozone_start | Y1: home_ozone_end | Z1: home_dzone_start | AA1: home_dzone_end | AB1: home_nzone_start | AC1: home_nzone_end | AD1: game_id | AE1: home_team | AF1: away_team | AG1: shift_start_total_seconds | AH1: shift_end_total_seconds | AI1: shift_duration | AJ1: home_team_strength | AK1: away_team_strength | AL1: home_team_en | AM1: away_team_en | AN1: home_team_pk | AO1: home_team_pp | AP1: away_team_pp | AQ1: away_team_pk | AR1: situation | AS1: strength | AT1: home_goals | AU1: away_goals | AV1: period_start_total_running_seconds | AW1: running_video_time | AX1: shift_start_running_time | AY1: shift_end_running_time
A2: 1 | B2: 1 | C2: 18 | D2: 00 | E2: 17 | F2: 14 | G2: GameStart | I2: 10 | J2: 15 | K2: 16 | L2: 23 | M2: 37 | O2: 31 | P2: 70 | Q2: 87 | R2: 75 | S2: 22 | T2: 84 | V2: 39 | W2: =SUMIFS(events!AJ:AJ,events!Q:Q,"=DeadIce",events!AK:AK,"<="&shifts!AG2,events!AL:AL,">"&shifts!AH2,events!E:E,"="&shifts!B3)+SUMIFS(events!AJ:AJ,events!Q:Q,"=Timeout",events!AK:AK,"<="&shifts!AG2,events!AL:AL,">"&shifts!AH2,events!E:E,"="&shifts!B3) -> 0 | AB2: 1 | AD2: =events!AG2 -> 18981 | AE2: =events!AH2 -> Nelson | AF2: =events!AI2 -> Velodrome | AG2: =((C2*60)+D2) -> 1080 | AH2: =((E2*60)+F2) -> 1034 | AI2: =ROUND(AG2-AH2,0) -> 46 | AJ2: =COUNTIF(I2:N2,">0") -> 5 | AK2: =COUNTIF(P2:U2,">0") -> 5 | AL2: =IF(O2="",1,0) -> 0 | AM2: =IF(V2="",1,0) -> 0 | AN2: =IF(AND($AL2<>1,$AJ2<$AK2,AM2<>1),1,) -> 0 | AO2: =IF(AND($AL2<>1,$AJ2>$AK2),1,) -> 0 | AP2: =IF(AN2=1,1,0) -> 0 | AQ2: =IF(AO2=1,1,0) -> 0 | AR2: =IF(AND(AJ2=5,AK2=5,AL2=0,AM2=0),"Full Strength",IF(AP2=1,"Away PowerPlay",IF(AO2=1,"Home PowerPlay",IF(AL2=1,"Home EmptyNet",IF(AM2=1,"Away EmptyNet",""))))) -> Full Strength | AS2: =IF(AND(AL2=0,AM2=0),AJ2&"v"&AK2,IF(AL2=1,AJ2&"v"&AK2&" Home EN",IF(AM2=1,AJ2&"v"&AK2&" Away EN",""))) -> 5v5 | AT2: 0 | AU2: 0 | AV2: =IFERROR(VLOOKUP(B2,events!E:AQ,24,FALSE),0) -> 0 | AW2: =ROUND(IF(G2="Intermission",AW1,((1080)-((C2*60)+D2))+AV2),0) -> 0 | AX2: =IF(AW2<5,0,AW2-5) -> 0 | AY2: =AX2+AI2+3 -> 49
A3: 2 | B3: =IF(G3="PeriodStart",B2+1,B2) -> 1 | C3: =IF(G3<>"PeriodStart",E2,18) -> 17 | D3: =F2 -> 14 | E3: 17 | F3: 07 | I3: 79 | J3: 3 | K3: 44 | L3: 80 | M3: 37 | O3: =O2 -> 31 | P3: 70 | Q3: 87 | R3: 75 | S3: 22 | T3: 84 | V3: =V2 -> 39 | W3: =SUMIFS(events!AJ:AJ,events!Q:Q,"=DeadIce",events!AK:AK,"<="&shifts!AG3,events!AL:AL,">"&shifts!AH3,events!E:E,"="&shifts!B4)+SUMIFS(events!AJ:AJ,events!Q:Q,"=Timeout",events!AK:AK,"<="&shifts!AG3,events!AL:AL,">"&shifts!AH3,events!E:E,"="&shifts!B4) -> 0 | X3: =IF(OR($H2="Home Goal",$H2="Away Goal",$H2="Period End"),"",IF(Y2=1,1,"")) | Z3: =IF(OR($H2="Home Goal",$H2="Away Goal",$H2="Period End"),"",IF(AA2=1,1,"")) | AA3: 1 | AB3: =IF(OR($H2="Home Goal",$H2="Away Goal",$H2="Period End"),1,IF(AC2=1,1,"")) | AD3: =events!AG3 -> 18981 | AE3: =events!AH3 -> Nelson | AF3: =events!AI3 -> Velodrome | AG3: =((C3*60)+D3) -> 1034 | AH3: =((E3*60)+F3) -> 1027 | AI3: =ROUND(AG3-AH3,0) -> 7 | AJ3: =COUNTIF(I3:N3,">0") -> 5 | AK3: =COUNTIF(P3:U3,">0") -> 5 | AL3: =IF(O3="",1,0) -> 0 | AM3: =IF(V3="",1,0) -> 0 | AN3: =IF(AND($AL3<>1,$AJ3<$AK3,AM3<>1),1,) -> 0 | AO3: =IF(AND($AL3<>1,$AJ3>$AK3),1,) -> 0 | AP3: =IF(AN3=1,1,0) -> 0 | AQ3: =IF(AO3=1,1,0) -> 0 | AT3: =IF($H2="Home Goal",AT2+1,AT2) -> 0 | AU3: =IF($H2="Away Goal",AU2+1,AU2) -> 0 | AV3: =IFERROR(VLOOKUP(B3,events!E:AQ,24,FALSE),AV2) -> 0 | AW3: =ROUND(IF(G3="Intermission",AW2,((1080)-((C3*60)+D3))+AV3),0) -> 46 | AX3: =IF(AW3<5,0,AW3-5) -> 41 | AY3: =AX3+AI3+3 -> 51
A4: 3 | B4: =IF(G4="PeriodStart",B3+1,B3) -> 1 | C4: =IF(G4<>"PeriodStart",E3,18) -> 17 | D4: =F3 -> 07 | E4: 17 | F4: 02 | H4: Away Icing | I4: 79 | J4: 3 | K4: 44 | L4: 80 | M4: 37 | O4: =O3 -> 31 | P4: 70 | Q4: 91 | R4: 75 | S4: 22 | T4: 52 | V4: =V3 -> 39 | W4: =SUMIFS(events!AJ:AJ,events!Q:Q,"=DeadIce",events!AK:AK,"<="&shifts!AG4,events!AL:AL,">"&shifts!AH4,events!E:E,"="&shifts!B5)+SUMIFS(events!AJ:AJ,events!Q:Q,"=Timeout",events!AK:AK,"<="&shifts!AG4,events!AL:AL,">"&shifts!AH4,events!E:E,"="&shifts!B5) -> 0 | X4: =IF(OR($H3="Home Goal",$H3="Away Goal",$H3="Period End"),"",IF(Y3=1,1,"")) | Z4: =IF(OR($H3="Home Goal",$H3="Away Goal",$H3="Period End"),"",IF(AA3=1,1,"")) -> 1 | AA4: 1 | AB4: =IF(OR($H3="Home Goal",$H3="Away Goal",$H3="Period End"),1,IF(AC3=1,1,"")) | AD4: =events!AG4 -> 18981 | AE4: =events!AH4 -> Nelson | AF4: =events!AI4 -> Velodrome | AG4: =((C4*60)+D4) -> 1027 | AH4: =((E4*60)+F4) -> 1022 | AI4: =ROUND(AG4-AH4,0) -> 5 | AJ4: =COUNTIF(I4:N4,">0") -> 5 | AK4: =COUNTIF(P4:U4,">0") -> 5 | AL4: =IF(O4="",1,0) -> 0 | AM4: =IF(V4="",1,0) -> 0 | AN4: =IF(AND($AL4<>1,$AJ4<$AK4,AM4<>1),1,) -> 0 | AO4: =IF(AND($AL4<>1,$AJ4>$AK4),1,) -> 0 | AP4: =IF(AN4=1,1,0) -> 0 | AQ4: =IF(AO4=1,1,0) -> 0
A5: =A4+1 -> 4 | B5: =IF(G5="PeriodStart",B4+1,B4) -> 1 | C5: =IF(G5<>"PeriodStart",E4,18) -> 17 | D5: =F4 -> 02 | E5: 15 | F5: 41 | G5: OtherFaceoff | I5: 79 | J5: 3 | K5: 44 | L5: 80 | M5: 8 | O5: =O4 -> 31 | P5: 42 | Q5: 91 | R5: 24 | S5: 93 | T5: 52 | V5: =V4 -> 39 | W5: =SUMIFS(events!AJ:AJ,events!Q:Q,"=DeadIce",events!AK:AK,"<="&shifts!AG5,events!AL:AL,">"&shifts!AH5,events!E:E,"="&shifts!B6)+SUMIFS(events!AJ:AJ,events!Q:Q,"=Timeout",events!AK:AK,"<="&shifts!AG5,events!AL:AL,">"&shifts!AH5,events!E:E,"="&shifts!B6) -> 0 | X5: =IF(OR($H4="Home Goal",$H4="Away Goal",$H4="Period End"),"",IF(Y4=1,1,"")) | Z5: =IF(OR($H4="Home Goal",$H4="Away Goal",$H4="Period End"),"",IF(AA4=1,1,"")) -> 1 | AA5: 1 | AB5: =IF(OR($H4="Home Goal",$H4="Away Goal",$H4="Period End"),1,IF(AC4=1,1,"")) | AD5: =events!AG5 -> 18981 | AE5: =events!AH5 -> Nelson | AF5: =events!AI5 -> Velodrome | AG5: =((C5*60)+D5) -> 1022 | AH5: =((E5*60)+F5) -> 941 | AI5: =ROUND(AG5-AH5,0) -> 81 | AJ5: =COUNTIF(I5:N5,">0") -> 5 | AK5: =COUNTIF(P5:U5,">0") -> 5 | AL5: =IF(O5="",1,0) -> 0 | AM5: =IF(V5="",1,0) -> 0 | AN5: =IF(AND($AL5<>1,$AJ5<$AK5,AM5<>1),1,) -> 0 | AO5: =IF(AND($AL5<>1,$AJ5>$AK5),1,) -> 0 | AP5: =IF(AN5=1,1,0) -> 0 | AQ5: =IF(AO5=1,1,0) -> 0
A6: =A5+1 -> 5 | B6: =IF(G6="PeriodStart",B5+1,B5) -> 1 | C6: =IF(G6<>"PeriodStart",E5,18) -> 15 | D6: =F5 -> 41 | E6: 15 | F6: 35 | H6: Away Goalie Stopped (after Home SOG) | I6: 10 | J6: 3 | K6: 44 | L6: 80 | M6: 8 | O6: =O5 -> 31 | P6: 42 | Q6: 91 | R6: 24 | S6: 93 | T6: 52 | V6: =V5 -> 39 | W6: =SUMIFS(events!AJ:AJ,events!Q:Q,"=DeadIce",events!AK:AK,"<="&shifts!AG6,events!AL:AL,">"&shifts!AH6,events!E:E,"="&shifts!B7)+SUMIFS(events!AJ:AJ,events!Q:Q,"=Timeout",events!AK:AK,"<="&shifts!AG6,events!AL:AL,">"&shifts!AH6,events!E:E,"="&shifts!B7) -> 0 | X6: =IF(OR($H5="Home Goal",$H5="Away Goal",$H5="Period End"),"",IF(Y5=1,1,"")) | Z6: =IF(OR($H5="Home Goal",$H5="Away Goal",$H5="Period End"),"",IF(AA5=1,1,"")) -> 1 | AA6: 1 | AB6: =IF(OR($H5="Home Goal",$H5="Away Goal",$H5="Period End"),1,IF(AC5=1,1,"")) | AD6: =events!AG6 -> 18981 | AE6: =events!AH6 -> Nelson | AF6: =events!AI6 -> Velodrome | AG6: =((C6*60)+D6) -> 941 | AH6: =((E6*60)+F6) -> 935 | AI6: =ROUND(AG6-AH6,0) -> 6 | AJ6: =COUNTIF(I6:N6,">0") -> 5 | AK6: =COUNTIF(P6:U6,">0") -> 5 | AL6: =IF(O6="",1,0) -> 0 | AM6: =IF(V6="",1,0) -> 0 | AN6: =IF(AND($AL6<>1,$AJ6<$AK6,AM6<>1),1,) -> 0 | AO6: =IF(AND($AL6<>1,$AJ6>$AK6),1,) -> 0 | AP6: =IF(AN6=1,1,0) -> 0 | AQ6: =IF(AO6=1,1,0) -> 0
A7: =A6+1 -> 6 | B7: =IF(G7="PeriodStart",B6+1,B6) -> 1 | C7: =IF(G7<>"PeriodStart",E6,18) -> 15 | D7: =F6 -> 35 | E7: 13 | F7: 57 | G7: OtherFaceoff | I7: 10 | J7: 7 | K7: 16 | L7: 23 | M7: 37 | O7: =O6 -> 31 | P7: 49 | Q7: 14 | R7: 61 | S7: 9 | T7: 84 | V7: =V6 -> 39 | W7: =SUMIFS(events!AJ:AJ,events!Q:Q,"=DeadIce",events!AK:AK,"<="&shifts!AG7,events!AL:AL,">"&shifts!AH7,events!E:E,"="&shifts!B8)+SUMIFS(events!AJ:AJ,events!Q:Q,"=Timeout",events!AK:AK,"<="&shifts!AG7,events!AL:AL,">"&shifts!AH7,events!E:E,"="&shifts!B8) -> 0 | X7: =IF(OR($H6="Home Goal",$H6="Away Goal",$H6="Period End"),"",IF(Y6=1,1,"")) | Z7: =IF(OR($H6="Home Goal",$H6="Away Goal",$H6="Period End"),"",IF(AA6=1,1,"")) -> 1 | AA7: 1 | AB7: =IF(OR($H6="Home Goal",$H6="Away Goal",$H6="Period End"),1,IF(AC6=1,1,"")) | AD7: =events!AG7 -> 18981 | AE7: =events!AH7 -> Nelson | AF7: =events!AI7 -> Velodrome | AG7: =((C7*60)+D7) -> 935 | AH7: =((E7*60)+F7) -> 837 | AI7: =ROUND(AG7-AH7,0) -> 98 | AJ7: =COUNTIF(I7:N7,">0") -> 5 | AK7: =COUNTIF(P7:U7,">0") -> 5 | AL7: =IF(O7="",1,0) -> 0 | AM7: =IF(V7="",1,0) -> 0 | AN7: =IF(AND($AL7<>1,$AJ7<$AK7,AM7<>1),1,) -> 0 | AO7: =IF(AND($AL7<>1,$AJ7>$AK7),1,) -> 0 | AP7: =IF(AN7=1,1,0) -> 0 | AQ7: =IF(AO7=1,1,0) -> 0
A8: =A7+1 -> 7 | B8: =IF(G8="PeriodStart",B7+1,B7) -> 1 | C8: =IF(G8<>"PeriodStart",E7,18) -> 13 | D8: =F7 -> 57 | E8: 13 | F8: 50 | I8: 10 | J8: 15 | K8: 16 | L8: 80 | M8: 37 | O8: =O7 -> 31 | P8: 49 | Q8: 14 | R8: 61 | S8: 9 | T8: 84 | V8: =V7 -> 39 | W8: =SUMIFS(events!AJ:AJ,events!Q:Q,"=DeadIce",events!AK:AK,"<="&shifts!AG8,events!AL:AL,">"&shifts!AH8,events!E:E,"="&shifts!B9)+SUMIFS(events!AJ:AJ,events!Q:Q,"=Timeout",events!AK:AK,"<="&shifts!AG8,events!AL:AL,">"&shifts!AH8,events!E:E,"="&shifts!B9) -> 0 | X8: =IF(OR($H7="Home Goal",$H7="Away Goal",$H7="Period End"),"",IF(Y7=1,1,"")) | Z8: =IF(OR($H7="Home Goal",$H7="Away Goal",$H7="Period End"),"",IF(AA7=1,1,"")) -> 1 | AA8: 1 | AB8: =IF(OR($H7="Home Goal",$H7="Away Goal",$H7="Period End"),1,IF(AC7=1,1,"")) | AD8: =events!AG8 -> 18981 | AE8: =events!AH8 -> Nelson | AF8: =events!AI8 -> Velodrome | AG8: =((C8*60)+D8) -> 837 | AH8: =((E8*60)+F8) -> 830 | AI8: =ROUND(AG8-AH8,0) -> 7 | AJ8: =COUNTIF(I8:N8,">0") -> 5 | AK8: =COUNTIF(P8:U8,">0") -> 5 | AL8: =IF(O8="",1,0) -> 0 | AM8: =IF(V8="",1,0) -> 0 | AN8: =IF(AND($AL8<>1,$AJ8<$AK8,AM8<>1),1,) -> 0 | AO8: =IF(AND($AL8<>1,$AJ8>$AK8),1,) -> 0 | AP8: =IF(AN8=1,1,0) -> 0 | AQ8: =IF(AO8=1,1,0) -> 0
A9: =A8+1 -> 8 | B9: =IF(G9="PeriodStart",B8+1,B8) -> 1 | C9: =IF(G9<>"PeriodStart",E8,18) -> 13 | D9: =F8 -> 50 | E9: 13 | F9: 45 | I9: 10 | J9: 15 | K9: 44 | L9: 80 | M9: 37 | O9: =O8 -> 31 | P9: 49 | Q9: 14 | R9: 61 | S9: 9 | T9: 84 | V9: =V8 -> 39 | W9: =SUMIFS(events!AJ:AJ,events!Q:Q,"=DeadIce",events!AK:AK,"<="&shifts!AG9,events!AL:AL,">"&shifts!AH9,events!E:E,"="&shifts!B10)+SUMIFS(events!AJ:AJ,events!Q:Q,"=Timeout",events!AK:AK,"<="&shifts!AG9,events!AL:AL,">"&shifts!AH9,events!E:E,"="&shifts!B10) -> 0 | X9: =IF(OR($H8="Home Goal",$H8="Away Goal",$H8="Period End"),"",IF(Y8=1,1,"")) | Z9: =IF(OR($H8="Home Goal",$H8="Away Goal",$H8="Period End"),"",IF(AA8=1,1,"")) -> 1 | AA9: 1 | AB9: =IF(OR($H8="Home Goal",$H8="Away Goal",$H8="Period End"),1,IF(AC8=1,1,"")) | AD9: =events!AG9 -> 18981 | AE9: =events!AH9 -> Nelson | AF9: =events!AI9 -> Velodrome | AG9: =((C9*60)+D9) -> 830 | AH9: =((E9*60)+F9) -> 825 | AI9: =ROUND(AG9-AH9,0) -> 5 | AJ9: =COUNTIF(I9:N9,">0") -> 5 | AK9: =COUNTIF(P9:U9,">0") -> 5 | AL9: =IF(O9="",1,0) -> 0 | AM9: =IF(V9="",1,0) -> 0 | AN9: =IF(AND($AL9<>1,$AJ9<$AK9,AM9<>1),1,) -> 0 | AO9: =IF(AND($AL9<>1,$AJ9>$AK9),1,) -> 0 | AP9: =IF(AN9=1,1,0) -> 0 | AQ9: =IF(AO9=1,1,0) -> 0
A10: =A9+1 -> 9 | B10: =IF(G10="PeriodStart",B9+1,B9) -> 1 | C10: =IF(G10<>"PeriodStart",E9,18) -> 13 | D10: =F9 -> 45 | E10: 13 | F10: 36 | I10: 79 | J10: 15 | K10: 44 | L10: 80 | M10: 37 | O10: =O9 -> 31 | P10: 49 | Q10: 14 | R10: 61 | S10: 9 | T10: 84 | V10: =V9 -> 39 | W10: =SUMIFS(events!AJ:AJ,events!Q:Q,"=DeadIce",events!AK:AK,"<="&shifts!AG10,events!AL:AL,">"&shifts!AH10,events!E:E,"="&shifts!B11)+SUMIFS(events!AJ:AJ,events!Q:Q,"=Timeout",events!AK:AK,"<="&shifts!AG10,events!AL:AL,">"&shifts!AH10,events!E:E,"="&shifts!B11) -> 0 | X10: =IF(OR($H9="Home Goal",$H9="Away Goal",$H9="Period End"),"",IF(Y9=1,1,"")) | Z10: =IF(OR($H9="Home Goal",$H9="Away Goal",$H9="Period End"),"",IF(AA9=1,1,"")) -> 1 | AA10: 1 | AB10: =IF(OR($H9="Home Goal",$H9="Away Goal",$H9="Period End"),1,IF(AC9=1,1,"")) | AD10: =events!AG10 -> 18981 | AE10: =events!AH10 -> Nelson | AF10: =events!AI10 -> Velodrome | AG10: =((C10*60)+D10) -> 825 | AH10: =((E10*60)+F10) -> 816 | AI10: =ROUND(AG10-AH10,0) -> 9 | AJ10: =COUNTIF(I10:N10,">0") -> 5 | AK10: =COUNTIF(P10:U10,">0") -> 5 | AL10: =IF(O10="",1,0) -> 0 | AM10: =IF(V10="",1,0) -> 0 | AN10: =IF(AND($AL10<>1,$AJ10<$AK10,AM10<>1),1,) -> 0 | AO10: =IF(AND($AL10<>1,$AJ10>$AK10),1,) -> 0 | AP10: =IF(AN10=1,1,0) -> 0 | AQ10: =IF(AO10=1,1,0) -> 0
A11: =A10+1 -> 10 | B11: =IF(G11="PeriodStart",B10+1,B10) -> 1 | C11: =IF(G11<>"PeriodStart",E10,18) -> 13 | D11: =F10 -> 36 | E11: 13 | F11: 31 | I11: 79 | J11: 15 | K11: 44 | L11: 80 | M11: 8 | O11: =O10 -> 31 | P11: 49 | Q11: 87 | R11: 61 | S11: 9 | T11: 84 | V11: =V10 -> 39 | W11: =SUMIFS(events!AJ:AJ,events!Q:Q,"=DeadIce",events!AK:AK,"<="&shifts!AG11,events!AL:AL,">"&shifts!AH11,events!E:E,"="&shifts!B12)+SUMIFS(events!AJ:AJ,events!Q:Q,"=Timeout",events!AK:AK,"<="&shifts!AG11,events!AL:AL,">"&shifts!AH11,events!E:E,"="&shifts!B12) -> 0 | X11: =IF(OR($H10="Home Goal",$H10="Away Goal",$H10="Period End"),"",IF(Y10=1,1,"")) | Z11: =IF(OR($H10="Home Goal",$H10="Away Goal",$H10="Period End"),"",IF(AA10=1,1,"")) -> 1 | AB11: =IF(OR($H10="Home Goal",$H10="Away Goal",$H10="Period End"),1,IF(AC10=1,1,"")) | AC11: 1 | AD11: =events!AG11 -> 18981 | AE11: =events!AH11 -> Nelson | AF11: =events!AI11 -> Velodrome | AG11: =((C11*60)+D11) -> 816 | AH11: =((E11*60)+F11) -> 811 | AI11: =ROUND(AG11-AH11,0) -> 5 | AJ11: =COUNTIF(I11:N11,">0") -> 5 | AK11: =COUNTIF(P11:U11,">0") -> 5 | AL11: =IF(O11="",1,0) -> 0 | AM11: =IF(V11="",1,0) -> 0 | AN11: =IF(AND($AL11<>1,$AJ11<$AK11,AM11<>1),1,) -> 0 | AO11: =IF(AND($AL11<>1,$AJ11>$AK11),1,) -> 0 | AP11: =IF(AN11=1,1,0) -> 0 | AQ11: =IF(AO11=1,1,0) -> 0
A12: =A11+1 -> 11 | B12: =IF(G12="PeriodStart",B11+1,B11) -> 1 | C12: =IF(G12<>"PeriodStart",E11,18) -> 13 | D12: =F11 -> 31 | E12: 13 | F12: 09 | I12: 79 | J12: 15 | K12: 44 | L12: 80 | M12: 8 | O12: =O11 -> 31 | P12: 49 | Q12: 87 | R12: 75 | S12: 22 | T12: 52 | V12: =V11 -> 39 | W12: =SUMIFS(events!AJ:AJ,events!Q:Q,"=DeadIce",events!AK:AK,"<="&shifts!AG12,events!AL:AL,">"&shifts!AH12,events!E:E,"="&shifts!B13)+SUMIFS(events!AJ:AJ,events!Q:Q,"=Timeout",events!AK:AK,"<="&shifts!AG12,events!AL:AL,">"&shifts!AH12,events!E:E,"="&shifts!B13) -> 0 | X12: =IF(OR($H11="Home Goal",$H11="Away Goal",$H11="Period End"),"",IF(Y11=1,1,"")) | Z12: =IF(OR($H11="Home Goal",$H11="Away Goal",$H11="Period End"),"",IF(AA11=1,1,"")) | AB12: =IF(OR($H11="Home Goal",$H11="Away Goal",$H11="Period End"),1,IF(AC11=1,1,"")) -> 1 | AC12: 1 | AD12: =events!AG12 -> 18981 | AE12: =events!AH12 -> Nelson | AF12: =events!AI12 -> Velodrome | AG12: =((C12*60)+D12) -> 811 | AH12: =((E12*60)+F12) -> 789 | AI12: =ROUND(AG12-AH12,0) -> 22 | AJ12: =COUNTIF(I12:N12,">0") -> 5 | AK12: =COUNTIF(P12:U12,">0") -> 5 | AL12: =IF(O12="",1,0) -> 0 | AM12: =IF(V12="",1,0) -> 0 | AN12: =IF(AND($AL12<>1,$AJ12<$AK12,AM12<>1),1,) -> 0 | AO12: =IF(AND($AL12<>1,$AJ12>$AK12),1,) -> 0 | AP12: =IF(AN12=1,1,0) -> 0 | AQ12: =IF(AO12=1,1,0) -> 0
A13: =A12+1 -> 12 | B13: =IF(G13="PeriodStart",B12+1,B12) -> 1 | C13: =IF(G13<>"PeriodStart",E12,18) -> 13 | D13: =F12 -> 09 | E13: 12 | F13: 51 | H13: Away Icing | I13: 79 | J13: 15 | K13: 44 | L13: 80 | M13: 8 | O13: =O12 -> 31 | P13: 70 | Q13: 87 | R13: 75 | S13: 22 | T13: 52 | V13: =V12 -> 39 | W13: =SUMIFS(events!AJ:AJ,events!Q:Q,"=DeadIce",events!AK:AK,"<="&shifts!AG13,events!AL:AL,">"&shifts!AH13,events!E:E,"="&shifts!B14)+SUMIFS(events!AJ:AJ,events!Q:Q,"=Timeout",events!AK:AK,"<="&shifts!AG13,events!AL:AL,">"&shifts!AH13,events!E:E,"="&shifts!B14) -> 0 | X13: =IF(OR($H12="Home Goal",$H12="Away Goal",$H12="Period End"),"",IF(Y12=1,1,"")) | Z13: =IF(OR($H12="Home Goal",$H12="Away Goal",$H12="Period End"),"",IF(AA12=1,1,"")) | AA13: 1 | AB13: =IF(OR($H12="Home Goal",$H12="Away Goal",$H12="Period End"),1,IF(AC12=1,1,"")) -> 1 | AD13: =events!AG13 -> 18981 | AE13: =events!AH13 -> Nelson | AF13: =events!AI13 -> Velodrome | AG13: =((C13*60)+D13) -> 789 | AH13: =((E13*60)+F13) -> 771 | AI13: =ROUND(AG13-AH13,0) -> 18 | AJ13: =COUNTIF(I13:N13,">0") -> 5 | AK13: =COUNTIF(P13:U13,">0") -> 5 | AL13: =IF(O13="",1,0) -> 0 | AM13: =IF(V13="",1,0) -> 0 | AN13: =IF(AND($AL13<>1,$AJ13<$AK13,AM13<>1),1,) -> 0 | AO13: =IF(AND($AL13<>1,$AJ13>$AK13),1,) -> 0 | AP13: =IF(AN13=1,1,0) -> 0 | AQ13: =IF(AO13=1,1,0) -> 0
A14: =A13+1 -> 13 | B14: =IF(G14="PeriodStart",B13+1,B13) -> 1 | C14: =IF(G14<>"PeriodStart",E13,18) -> 12 | D14: =F13 -> 51 | E14: 11 | F14: 24 | G14: OtherFaceoff | I14: 79 | J14: 3 | K14: 44 | L14: 80 | M14: 8 | O14: =O13 -> 31 | P14: 70 | Q14: 87 | R14: 75 | S14: 22 | T14: 52 | V14: =V13 -> 39 | W14: =SUMIFS(events!AJ:AJ,events!Q:Q,"=DeadIce",events!AK:AK,"<="&shifts!AG14,events!AL:AL,">"&shifts!AH14,events!E:E,"="&shifts!B15)+SUMIFS(events!AJ:AJ,events!Q:Q,"=Timeout",events!AK:AK,"<="&shifts!AG14,events!AL:AL,">"&shifts!AH14,events!E:E,"="&shifts!B15) -> 0 | X14: =IF(OR($H13="Home Goal",$H13="Away Goal",$H13="Period End"),"",IF(Y13=1,1,"")) | Z14: =IF(OR($H13="Home Goal",$H13="Away Goal",$H13="Period End"),"",IF(AA13=1,1,"")) -> 1 | AA14: 1 | AB14: =IF(OR($H13="Home Goal",$H13="Away Goal",$H13="Period End"),1,IF(AC13=1,1,"")) | AD14: =events!AG14 -> 18981 | AE14: =events!AH14 -> Nelson | AF14: =events!AI14 -> Velodrome | AG14: =((C14*60)+D14) -> 771 | AH14: =((E14*60)+F14) -> 684 | AI14: =ROUND(AG14-AH14,0) -> 87 | AJ14: =COUNTIF(I14:N14,">0") -> 5 | AK14: =COUNTIF(P14:U14,">0") -> 5 | AL14: =IF(O14="",1,0) -> 0 | AM14: =IF(V14="",1,0) -> 0 | AN14: =IF(AND($AL14<>1,$AJ14<$AK14,AM14<>1),1,) -> 0 | AO14: =IF(AND($AL14<>1,$AJ14>$AK14),1,) -> 0 | AP14: =IF(AN14=1,1,0) -> 0 | AQ14: =IF(AO14=1,1,0) -> 0
A15: =A14+1 -> 14 | B15: =IF(G15="PeriodStart",B14+1,B14) -> 1 | C15: =IF(G15<>"PeriodStart",E14,18) -> 11 | D15: =F14 -> 24 | E15: 11 | F15: 13 | I15: 79 | J15: 3 | K15: 16 | L15: 80 | M15: 8 | O15: =O14 -> 31 | P15: 70 | Q15: 87 | R15: 75 | S15: 22 | T15: 52 | V15: =V14 -> 39 | W15: =SUMIFS(events!AJ:AJ,events!Q:Q,"=DeadIce",events!AK:AK,"<="&shifts!AG15,events!AL:AL,">"&shifts!AH15,events!E:E,"="&shifts!B16)+SUMIFS(events!AJ:AJ,events!Q:Q,"=Timeout",events!AK:AK,"<="&shifts!AG15,events!AL:AL,">"&shifts!AH15,events!E:E,"="&shifts!B16) -> 0 | X15: =IF(OR($H14="Home Goal",$H14="Away Goal",$H14="Period End"),"",IF(Y14=1,1,"")) | Z15: =IF(OR($H14="Home Goal",$H14="Away Goal",$H14="Period End"),"",IF(AA14=1,1,"")) -> 1 | AA15: 1 | AB15: =IF(OR($H14="Home Goal",$H14="Away Goal",$H14="Period End"),1,IF(AC14=1,1,"")) | AD15: =events!AG15 -> 18981 | AE15: =events!AH15 -> Nelson | AF15: =events!AI15 -> Velodrome | AG15: =((C15*60)+D15) -> 684 | AH15: =((E15*60)+F15) -> 673 | AI15: =ROUND(AG15-AH15,0) -> 11 | AJ15: =COUNTIF(I15:N15,">0") -> 5 | AK15: =COUNTIF(P15:U15,">0") -> 5 | AL15: =IF(O15="",1,0) -> 0 | AM15: =IF(V15="",1,0) -> 0 | AN15: =IF(AND($AL15<>1,$AJ15<$AK15,AM15<>1),1,) -> 0 | AO15: =IF(AND($AL15<>1,$AJ15>$AK15),1,) -> 0 | AP15: =IF(AN15=1,1,0) -> 0 | AQ15: =IF(AO15=1,1,0) -> 0
A16: =A15+1 -> 15 | B16: =IF(G16="PeriodStart",B15+1,B15) -> 1 | C16: =IF(G16<>"PeriodStart",E15,18) -> 11 | D16: =F15 -> 13 | E16: 11 | F16: 03 | I16: 10 | J16: 3 | K16: 16 | L16: 80 | M16: 8 | O16: =O15 -> 31 | P16: 70 | Q16: 87 | R16: 75 | S16: 22 | T16: 52 | V16: =V15 -> 39 | W16: =SUMIFS(events!AJ:AJ,events!Q:Q,"=DeadIce",events!AK:AK,"<="&shifts!AG16,events!AL:AL,">"&shifts!AH16,events!E:E,"="&shifts!B17)+SUMIFS(events!AJ:AJ,events!Q:Q,"=Timeout",events!AK:AK,"<="&shifts!AG16,events!AL:AL,">"&shifts!AH16,events!E:E,"="&shifts!B17) -> 0 | X16: =IF(OR($H15="Home Goal",$H15="Away Goal",$H15="Period End"),"",IF(Y15=1,1,"")) | Z16: =IF(OR($H15="Home Goal",$H15="Away Goal",$H15="Period End"),"",IF(AA15=1,1,"")) -> 1 | AA16: 1 | AB16: =IF(OR($H15="Home Goal",$H15="Away Goal",$H15="Period End"),1,IF(AC15=1,1,"")) | AD16: =events!AG16 -> 18981 | AE16: =events!AH16 -> Nelson | AF16: =events!AI16 -> Velodrome | AG16: =((C16*60)+D16) -> 673 | AH16: =((E16*60)+F16) -> 663 | AI16: =ROUND(AG16-AH16,0) -> 10 | AJ16: =COUNTIF(I16:N16,">0") -> 5 | AK16: =COUNTIF(P16:U16,">0") -> 5 | AL16: =IF(O16="",1,0) -> 0 | AM16: =IF(V16="",1,0) -> 0 | AN16: =IF(AND($AL16<>1,$AJ16<$AK16,AM16<>1),1,) -> 0 | AO16: =IF(AND($AL16<>1,$AJ16>$AK16),1,) -> 0 | AP16: =IF(AN16=1,1,0) -> 0 | AQ16: =IF(AO16=1,1,0) -> 0
A17: =A16+1 -> 16 | B17: =IF(G17="PeriodStart",B16+1,B16) -> 1 | C17: =IF(G17<>"PeriodStart",E16,18) -> 11 | D17: =F16 -> 03 | E17: 10 | F17: 50 | I17: 10 | J17: 3 | K17: 16 | L17: 80 | M17: 8 | N17: 68.5 | O17: =O16 -> 31 | P17: 70 | Q17: 91 | R17: 75 | S17: 22 | T17: 52 | V17: =V16 -> 39 | W17: =SUMIFS(events!AJ:AJ,events!Q:Q,"=DeadIce",events!AK:AK,"<="&shifts!AG17,events!AL:AL,">"&shifts!AH17,events!E:E,"="&shifts!B18)+SUMIFS(events!AJ:AJ,events!Q:Q,"=Timeout",events!AK:AK,"<="&shifts!AG17,events!AL:AL,">"&shifts!AH17,events!E:E,"="&shifts!B18) -> 0 | X17: =IF(OR($H16="Home Goal",$H16="Away Goal",$H16="Period End"),"",IF(Y16=1,1,"")) | Z17: =IF(OR($H16="Home Goal",$H16="Away Goal",$H16="Period End"),"",IF(AA16=1,1,"")) -> 1 | AB17: =IF(OR($H16="Home Goal",$H16="Away Goal",$H16="Period End"),1,IF(AC16=1,1,"")) | AC17: 1 | AD17: =events!AG17 -> 18981 | AE17: =events!AH17 -> Nelson | AF17: =events!AI17 -> Velodrome | AG17: =((C17*60)+D17) -> 663 | AH17: =((E17*60)+F17) -> 650 | AI17: =ROUND(AG17-AH17,0) -> 13 | AJ17: =COUNTIF(I17:N17,">0") -> 6 | AK17: =COUNTIF(P17:U17,">0") -> 5 | AL17: =IF(O17="",1,0) -> 0 | AM17: =IF(V17="",1,0) -> 0 | AN17: =IF(AND($AL17<>1,$AJ17<$AK17,AM17<>1),1,) -> 0 | AO17: =IF(AND($AL17<>1,$AJ17>$AK17),1,) -> 1 | AP17: =IF(AN17=1,1,0) -> 0 | AQ17: =IF(AO17=1,1,0) -> 1
A18: =A17+1 -> 17 | B18: =IF(G18="PeriodStart",B17+1,B17) -> 1 | C18: =IF(G18<>"PeriodStart",E17,18) -> 10 | D18: =F17 -> 50 | E18: 10 | F18: 44 | I18: 10 | J18: 3 | K18: 16 | L18: 80 | M18: 8 | O18: =O17 -> 31 | P18: 70 | Q18: 91 | R18: 75 | S18: 93 | T18: 52 | V18: =V17 -> 39 | W18: =SUMIFS(events!AJ:AJ,events!Q:Q,"=DeadIce",events!AK:AK,"<="&shifts!AG18,events!AL:AL,">"&shifts!AH18,events!E:E,"="&shifts!B19)+SUMIFS(events!AJ:AJ,events!Q:Q,"=Timeout",events!AK:AK,"<="&shifts!AG18,events!AL:AL,">"&shifts!AH18,events!E:E,"="&shifts!B19) -> 0 | X18: =IF(OR($H17="Home Goal",$H17="Away Goal",$H17="Period End"),"",IF(Y17=1,1,"")) | Y18: 1 | Z18: =IF(OR($H17="Home Goal",$H17="Away Goal",$H17="Period End"),"",IF(AA17=1,1,"")) | AB18: =IF(OR($H17="Home Goal",$H17="Away Goal",$H17="Period End"),1,IF(AC17=1,1,"")) -> 1 | AD18: =events!AG18 -> 18981 | AE18: =events!AH18 -> Nelson | AF18: =events!AI18 -> Velodrome | AG18: =((C18*60)+D18) -> 650 | AH18: =((E18*60)+F18) -> 644 | AI18: =ROUND(AG18-AH18,0) -> 6 | AJ18: =COUNTIF(I18:N18,">0") -> 5 | AK18: =COUNTIF(P18:U18,">0") -> 5 | AL18: =IF(O18="",1,0) -> 0 | AM18: =IF(V18="",1,0) -> 0 | AN18: =IF(AND($AL18<>1,$AJ18<$AK18,AM18<>1),1,) -> 0 | AO18: =IF(AND($AL18<>1,$AJ18>$AK18),1,) -> 0 | AP18: =IF(AN18=1,1,0) -> 0 | AQ18: =IF(AO18=1,1,0) -> 0
A19: =A18+1 -> 18 | B19: =IF(G19="PeriodStart",B18+1,B18) -> 1 | C19: =IF(G19<>"PeriodStart",E18,18) -> 10 | D19: =F18 -> 44 | E19: 10 | F19: 38 | I19: 10 | J19: 3 | K19: 16 | L19: 80 | M19: 8 | O19: =O18 -> 31 | P19: 70 | Q19: 91 | R19: 75 | S19: 93 | T19: 84 | V19: =V18 -> 39 | W19: =SUMIFS(events!AJ:AJ,events!Q:Q,"=DeadIce",events!AK:AK,"<="&shifts!AG19,events!AL:AL,">"&shifts!AH19,events!E:E,"="&shifts!B20)+SUMIFS(events!AJ:AJ,events!Q:Q,"=Timeout",events!AK:AK,"<="&shifts!AG19,events!AL:AL,">"&shifts!AH19,events!E:E,"="&shifts!B20) -> 0 | X19: =IF(OR($H18="Home Goal",$H18="Away Goal",$H18="Period End"),"",IF(Y18=1,1,"")) -> 1 | Z19: =IF(OR($H18="Home Goal",$H18="Away Goal",$H18="Period End"),"",IF(AA18=1,1,"")) | AA19: 1 | AB19: =IF(OR($H18="Home Goal",$H18="Away Goal",$H18="Period End"),1,IF(AC18=1,1,"")) | AD19: =events!AG19 -> 18981 | AE19: =events!AH19 -> Nelson | AF19: =events!AI19 -> Velodrome | AG19: =((C19*60)+D19) -> 644 | AH19: =((E19*60)+F19) -> 638 | AI19: =ROUND(AG19-AH19,0) -> 6 | AJ19: =COUNTIF(I19:N19,">0") -> 5 | AK19: =COUNTIF(P19:U19,">0") -> 5 | AL19: =IF(O19="",1,0) -> 0 | AM19: =IF(V19="",1,0) -> 0 | AN19: =IF(AND($AL19<>1,$AJ19<$AK19,AM19<>1),1,) -> 0 | AO19: =IF(AND($AL19<>1,$AJ19>$AK19),1,) -> 0 | AP19: =IF(AN19=1,1,0) -> 0 | AQ19: =IF(AO19=1,1,0) -> 0
A20: =A19+1 -> 19 | B20: =IF(G20="PeriodStart",B19+1,B19) -> 1 | C20: =IF(G20<>"PeriodStart",E19,18) -> 10 | D20: =F19 -> 38 | E20: 10 | F20: 28 | I20: 10 | J20: 3 | K20: 16 | L20: 80 | M20: 23 | O20: =O19 -> 31 | P20: 70 | Q20: 91 | R20: 24 | S20: 93 | T20: 84 | V20: =V19 -> 39 | W20: =SUMIFS(events!AJ:AJ,events!Q:Q,"=DeadIce",events!AK:AK,"<="&shifts!AG20,events!AL:AL,">"&shifts!AH20,events!E:E,"="&shifts!B21)+SUMIFS(events!AJ:AJ,events!Q:Q,"=Timeout",events!AK:AK,"<="&shifts!AG20,events!AL:AL,">"&shifts!AH20,events!E:E,"="&shifts!B21) -> 0 | X20: =IF(OR($H19="Home Goal",$H19="Away Goal",$H19="Period End"),"",IF(Y19=1,1,"")) | Y20: 1 | Z20: =IF(OR($H19="Home Goal",$H19="Away Goal",$H19="Period End"),"",IF(AA19=1,1,"")) -> 1 | AA20: 1 | AB20: =IF(OR($H19="Home Goal",$H19="Away Goal",$H19="Period End"),1,IF(AC19=1,1,"")) | AD20: =events!AG20 -> 18981 | AE20: =events!AH20 -> Nelson | AF20: =events!AI20 -> Velodrome | AG20: =((C20*60)+D20) -> 638 | AH20: =((E20*60)+F20) -> 628 | AI20: =ROUND(AG20-AH20,0) -> 10 | AJ20: =COUNTIF(I20:N20,">0") -> 5 | AK20: =COUNTIF(P20:U20,">0") -> 5 | AL20: =IF(O20="",1,0) -> 0 | AM20: =IF(V20="",1,0) -> 0 | AN20: =IF(AND($AL20<>1,$AJ20<$AK20,AM20<>1),1,) -> 0 | AO20: =IF(AND($AL20<>1,$AJ20>$AK20),1,) -> 0 | AP20: =IF(AN20=1,1,0) -> 0 | AQ20: =IF(AO20=1,1,0) -> 0
A21: =A20+1 -> 20 | B21: =IF(G21="PeriodStart",B20+1,B20) -> 1 | C21: =IF(G21<>"PeriodStart",E20,18) -> 10 | D21: =F20 -> 28 | E21: 10 | F21: 10 | I21: 79 | J21: 7 | K21: 16 | L21: 37 | M21: 23 | O21: =O20 -> 31 | P21: 42 | Q21: 91 | R21: 24 | S21: 93 | T21: 84 | V21: =V20 -> 39 | W21: =SUMIFS(events!AJ:AJ,events!Q:Q,"=DeadIce",events!AK:AK,"<="&shifts!AG21,events!AL:AL,">"&shifts!AH21,events!E:E,"="&shifts!B22)+SUMIFS(events!AJ:AJ,events!Q:Q,"=Timeout",events!AK:AK,"<="&shifts!AG21,events!AL:AL,">"&shifts!AH21,events!E:E,"="&shifts!B22) -> 0 | X21: =IF(OR($H20="Home Goal",$H20="Away Goal",$H20="Period End"),"",IF(Y20=1,1,"")) -> 1 | Z21: =IF(OR($H20="Home Goal",$H20="Away Goal",$H20="Period End"),"",IF(AA20=1,1,"")) -> 1 | AA21: 1 | AB21: =IF(OR($H20="Home Goal",$H20="Away Goal",$H20="Period End"),1,IF(AC20=1,1,"")) | AD21: =events!AG21 -> 18981 | AE21: =events!AH21 -> Nelson | AF21: =events!AI21 -> Velodrome | AG21: =((C21*60)+D21) -> 628 | AH21: =((E21*60)+F21) -> 610 | AI21: =ROUND(AG21-AH21,0) -> 18 | AJ21: =COUNTIF(I21:N21,">0") -> 5 | AK21: =COUNTIF(P21:U21,">0") -> 5 | AL21: =IF(O21="",1,0) -> 0 | AM21: =IF(V21="",1,0) -> 0 | AN21: =IF(AND($AL21<>1,$AJ21<$AK21,AM21<>1),1,) -> 0 | AO21: =IF(AND($AL21<>1,$AJ21>$AK21),1,) -> 0 | AP21: =IF(AN21=1,1,0) -> 0 | AQ21: =IF(AO21=1,1,0) -> 0
A22: =A21+1 -> 21 | B22: =IF(G22="PeriodStart",B21+1,B21) -> 1 | C22: =IF(G22<>"PeriodStart",E21,18) -> 10 | D22: =F21 -> 10 | E22: 9 | F22: 59 | I22: 79 | J22: 7 | K22: 44 | L22: 37 | M22: 23 | O22: =O21 -> 31 | P22: 42 | Q22: 91 | R22: 24 | S22: 93 | T22: 84 | V22: =V21 -> 39 | W22: =SUMIFS(events!AJ:AJ,events!Q:Q,"=DeadIce",events!AK:AK,"<="&shifts!AG22,events!AL:AL,">"&shifts!AH22,events!E:E,"="&shifts!B23)+SUMIFS(events!AJ:AJ,events!Q:Q,"=Timeout",events!AK:AK,"<="&shifts!AG22,events!AL:AL,">"&shifts!AH22,events!E:E,"="&shifts!B23) -> 0 | X22: =IF(OR($H21="Home Goal",$H21="Away Goal",$H21="Period End"),"",IF(Y21=1,1,"")) | Y22: 1 | Z22: =IF(OR($H21="Home Goal",$H21="Away Goal",$H21="Period End"),"",IF(AA21=1,1,"")) -> 1 | AB22: =IF(OR($H21="Home Goal",$H21="Away Goal",$H21="Period End"),1,IF(AC21=1,1,"")) | AD22: =events!AG22 -> 18981 | AE22: =events!AH22 -> Nelson | AF22: =events!AI22 -> Velodrome | AG22: =((C22*60)+D22) -> 610 | AH22: =((E22*60)+F22) -> 599 | AI22: =ROUND(AG22-AH22,0) -> 11 | AJ22: =COUNTIF(I22:N22,">0") -> 5 | AK22: =COUNTIF(P22:U22,">0") -> 5 | AL22: =IF(O22="",1,0) -> 0 | AM22: =IF(V22="",1,0) -> 0 | AN22: =IF(AND($AL22<>1,$AJ22<$AK22,AM22<>1),1,) -> 0 | AO22: =IF(AND($AL22<>1,$AJ22>$AK22),1,) -> 0 | AP22: =IF(AN22=1,1,0) -> 0 | AQ22: =IF(AO22=1,1,0) -> 0
A23: =A22+1 -> 22 | B23: =IF(G23="PeriodStart",B22+1,B22) -> 1 | C23: =IF(G23<>"PeriodStart",E22,18) -> 9 | D23: =F22 -> 59 | E23: 9 | F23: 44 | H23: Puck Out of Play | I23: 79 | J23: 7 | K23: 44 | L23: 37 | M23: 23 | O23: =O22 -> 31 | P23: 42 | Q23: 91 | R23: 24 | S23: 93 | T23: 84 | V23: =V22 -> 39 | W23: =SUMIFS(events!AJ:AJ,events!Q:Q,"=DeadIce",events!AK:AK,"<="&shifts!AG23,events!AL:AL,">"&shifts!AH23,events!E:E,"="&shifts!B24)+SUMIFS(events!AJ:AJ,events!Q:Q,"=Timeout",events!AK:AK,"<="&shifts!AG23,events!AL:AL,">"&shifts!AH23,events!E:E,"="&shifts!B24) -> 0 | X23: =IF(OR($H22="Home Goal",$H22="Away Goal",$H22="Period End"),"",IF(Y22=1,1,"")) -> 1 | Z23: =IF(OR($H22="Home Goal",$H22="Away Goal",$H22="Period End"),"",IF(AA22=1,1,"")) | AA23: 1 | AB23: =IF(OR($H22="Home Goal",$H22="Away Goal",$H22="Period End"),1,IF(AC22=1,1,"")) | AD23: =events!AG23 -> 18981 | AE23: =events!AH23 -> Nelson | AF23: =events!AI23 -> Velodrome | AG23: =((C23*60)+D23) -> 599 | AH23: =((E23*60)+F23) -> 584 | AI23: =ROUND(AG23-AH23,0) -> 15 | AJ23: =COUNTIF(I23:N23,">0") -> 5 | AK23: =COUNTIF(P23:U23,">0") -> 5 | AL23: =IF(O23="",1,0) -> 0 | AM23: =IF(V23="",1,0) -> 0 | AN23: =IF(AND($AL23<>1,$AJ23<$AK23,AM23<>1),1,) -> 0 | AO23: =IF(AND($AL23<>1,$AJ23>$AK23),1,) -> 0 | AP23: =IF(AN23=1,1,0) -> 0 | AQ23: =IF(AO23=1,1,0) -> 0
