Workbook
Name DEfensive: Lists!$BL:$BL
Name EventType: Lists!$A$2:$A$16
Name Faceoff: Lists!$G$2:$G$1048576
Name Goal: Lists!$J$2:$J$1048576
Name Goal_PenaltyShot: Lists!$BA$2:$BA$1048576
Name Goal_Scored: Lists!$AY$2:$AY$1048576
Name Goal_Shootout: Lists!$AZ$2:$AZ$1048576
Name LoosePuck: Lists!$P$2:$P$1048576
Name Offensive: Lists!$BK:$BK
Name Pass: Lists!$I$2:$I$1048576
Name Pass_Completed: Lists!$R$2:$R$1048576
Name Pass_Deflected: Lists!$T$2:$T$1048576
Name Pass_Intercepted: Lists!$U$2:$U$1048576
Name Pass_Missed: Lists!$S$2:$S$1048576
Name Penalty: Lists!$M$2:$M$1048576
Name Penalty_Major: Lists!$AA$2:$AA$1048576
Name Penalty_Minor: Lists!$AB$2:$AB$1048576
Name Penalty_Offsetting: Lists!$AC$2:$AC$1048576
Name PenaltyShot_Missed: Lists!$AK$2:$AK$1048576
Name PenaltyShot_OnNet: Lists!$AJ$2:$AJ$1048576
Name PenaltyShot_Saved: Lists!$AL$2:$AL$1048576
Name PenaltyShot_Shootout: Lists!$N$2:$N$1048576
Name Play: Lists!$F:$F
Name Play_Defensive: Lists!$BE:$BE
Name Play_Offensive: Lists!$BD:$BD
Name Possession: Lists!$BF:$BF
Name Rebound: Lists!$BC$2:$BC$1048576
Name Save: Lists!$Q$2:$Q$1048576
Name Save_Freeze: Lists!$AN$2:$AN$1048576
Name Save_Played: Lists!$BB:$BB
Name Save_Rebound: Lists!$AM$2:$AM$1048576
Name Shootout_Missed: Lists!$AH$2:$AH$1048576
Name Shootout_OnNet: Lists!$AG$2:$AG$1048576
Name Shootout_Saved: Lists!$AI$2:$AI$1048576
Name Shot: Lists!$H$2:$H$1048576
Name Shot_Blocked: Lists!$AQ$2:$AQ$1048576
Name Shot_BlockedSameTeam: Lists!$AR$2:$AR$1048576
Name Shot_Deflected: Lists!$AS$2:$AS$1048576
Name Shot_DeflectedGoal: Lists!$AX$2:$AX$1048576
Name Shot_DeflectedOnNetSaved: Lists!$AT$2:$AT$1048576
Name Shot_Missed: Lists!$AP$2:$AP$1048576
Name Shot_MissedPost: Lists!$BH:$BH
Name Shot_OnNetGoal: Lists!$AV$2:$AV$1048576
Name Shot_OnNetSaved: Lists!$AO$2:$AO$1048576
Name Shot_TippedGoal: Lists!$AW$2:$AW$1048576
Name Shot_TippedOnNetSaved: Lists!$AU$2:$AU$1048576
Name Stoppage: Lists!$O$2:$O$1048576
Name Stoppage_Other: Lists!$AF$2:$AF$1048576
Name Stoppage_Period: Lists!$AE$2:$AE$1048576
Name Stoppage_Play: Lists!$AD$2:$AD$1048576
Name Turnover: Lists!$K$2:$K$1048576
Name Turnover_Giveaway: Lists!$V$2:$V$1048576
Name Turnover_Takeaway: Lists!$W$2:$W$1048576
Name Zone_Entry: Lists!$X$2:$X$1048576
Name Zone_Entry_Exit: Lists!$L$2:$L$1048576
Name Zone_EntryFailed: Lists!$BM:$BM
Name Zone_Exit: Lists!$Y$2:$Y$1048576
Name Zone_ExitFailed: Lists!$BN:$BN
Name Zone_Keepin: Lists!$Z$2:$Z$1048576

Sheet examples
A1: shift_index | B1: Period | C1: shift_start_min | D1: shift_start_sec | E1: shift_end_min | F1: shift_end_sec | G1: shift_start_type | H1: shift_stop_type | I1: home_forward_1 | J1: home_forward_2 | K1: home_forward_3 | L1: home_defense_1 | M1: home_defense_2 | N1: home_xtra | O1: home_goalie | P1: away_forward_1 | Q1: away_forward_2 | R1: away_forward_3 | S1: away_defense_1 | T1: away_defense_2 | U1: away_xtra | V1: away_goalie | W1: stoppage_time | X1: home_ozone_start | Y1: home_ozone_end | Z1: home_dzone_start | AA1: home_dzone_end | AB1: home_nzone_start | AC1: home_nzone_end | AD1: game_id | AE1: home_team | AF1: away_team | AG1: shift_start_total_seconds | AH1: shift_end_total_seconds | AI1: shift_duration | AJ1: home_team_strength | AK1: away_team_strength | AL1: home_team_en | AM1: away_team_en | AN1: home_team_pk | AO1: home_team_pp | AP1: away_team_pp | AQ1: away_team_pk | AR1: situation | AS1: strength | AT1: home_goals | AU1: away_goals | AV1: period_start_total_running_seconds | AW1: running_video_time | AX1: shift_start_running_time | AY1: shift_end_running_time
A2: 40 | B2: 1 | C2: 2 | D2: 07 | E2: 0 | F2: 35 | G2: OtherFaceoff | H2: Away Goalie Stopped (after Home SOG) | I2: 42 | J2: 14 | K2: 61 | L2: 22 | M2: 9 | O2: 39 | P2: 91 | Q2: 80 | R2: 89 | S2: 4 | T2: 25 | V2: 30 | Y2: 1
A3: 41 | B3: 1 | C3: 0 | D3: 35 | E3: 0 | F3: 0.01 | G3: OtherFaceoff | H3: Period End | I3: 42 | J3: 14 | K3: 61 | L3: 22 | M3: 9 | O3: 39 | P3: 77 | Q3: 13 | R3: 68 | S3: 4 | T3: 25 | V3: 30 | Y3: 1
A4: 42 | B4: 1 | G4: Intermission
A5: 43 | B5: 2 | C5: 18 | D5: 0 | E5: 17 | F5: 18 | G5: PeriodStart | H5: Away Goalie Stopped (after Home SOG) | I5: 70 | J5: 14 | K5: 55 | L5: 91 | M5: 84 | O5: 39 | P5: 77 | Q5: 13 | R5: 68 | S5: 44 | T5: 18 | V5: 30 | Y5: 1
A8: 105 | B8: 3 | C8: 1 | D8: 01 | E8: 0 | F8: 49 | I8: 42 | J8: 24 | K8: 61 | L8: 91 | M8: 84 | O8: 39 | P8: 77 | Q8: 12 | R8: 68 | S8: 44 | T8: 18 | V8: 30 | AA8: 1
A9: 106 | B9: 3 | C9: 0 | D9: 49 | E9: 0 | F9: 0.01 | H9: GameEnd | I9: 42 | J9: 24 | K9: 61 | L9: 91 | M9: 84 | O9: 39 | P9: 77 | Q9: 12 | R9: 56 | S9: 44 | T9: 18 | U9: 3 | AA9: 1
A10: 107 | B10: 3 | C10: 0 | D10: 0.01
A25: event_index | B25: linked_event_index_ | C25: linked_event_index | D25: tracking_event_index | E25: sequence_index | F25: play_index | G25: zone_change_index | H25: Period | I25: event_start_min_ | J25: event_start_sec_ | K25: event_end_min_ | L25: event_end_sec_ | M25: event_start_min | N25: event_start_sec | O25: event_end_min | P25: event_end_sec | Q25: Team_ | R25: Player | S25: role_abrev_binary | T25: role_abrev | U25: Type_ | V25: event_detail_ | W25: event_detail_2_ | X25: successful | Y25: play_detail1 | Z25: play_detail2 | AA25: play_detail_successful | AB25: context | AC25: play_tag1 | AD25: play_tag2 | AE25: high_danger | AF25: event_team_zone | AG25: home_team_zone | AH25: away_team_zone | AI25: forced_forcer | AJ25: pressured_pressurer
A27: 599 | H27: 1 | I27: 0 | J27: 01 | Q27: a | R27: 13 | S27: 1 | T27: e | U27: Shot | V27: Shot_Missed | W27: Shot-Backhand | X27: u | AF27: o | AJ27: 1 | AM27: Shot | AN27: Shot_Missed | AP27: Offensive
A28: 599 | H28: 1 | R28: 9 | T28: o | Y28: Defensive_PlayPossession-StickCheck | AA28: s | AJ28: 1 | AM28: Shot | AN28: Shot_Missed | AP28: Defensive
A29: 600 | H29: 1 | I29: 0 | J29: 00 | T29: o | U29: Stoppage | V29: Stoppage_Period | W29: Stoppage-PeriodEnd | AM29: Stoppage | AN29: Stoppage_Period
A30: 601 | H30: 2 | I30: 56 | J30: 46 | K30: 55 | L30: 39 | T30: o | U30: Intermission | AM30: Intermission
A31: 602 | H31: 2 | I31: 18 | J31: 00 | Q31: h | R31: 70 | S31: 1 | T31: e | U31: Faceoff | V31: Faceoff_PeriodStart | AF31: n | AM31: Faceoff | AN31: Faceoff_PeriodStart | AP31: Offensive
A34: 1438 | B34: 223 | H34: 3 | I34: 5 | J34: 55 | Q34: h | R34: 61 | S34: 1 | T34: e | U34: Shot | V34: Shot_Goal | AF34: o | AM34: Shot | AN34: Shot_Goal | AP34: Offensive
A35: 1438 | B35: 223 | H35: 3 | R35: 30 | T35: o | AM35: Shot | AN35: Shot_Goal | AP35: Defensive
A36: 1439 | B36: 223 | H36: 3 | I36: 5 | J36: 55 | Q36: h | R36: 61 | S36: 1 | T36: e | U36: Goal | V36: Goal_Scored | W36: Goal-Wrist | AF36: o | AM36: Goal | AN36: Goal_Scored | AP36: Offensive
A37: 1439 | B37: 223 | H37: 3 | R37: 30 | T37: o | AM37: Goal | AN37: Goal_Scored | AP37: Defensive
A38: 1440 | B38: 223 | H38: 3 | I38: 5 | J38: 55 | Q38: h | R38: 61 | S38: 1 | T38: e | U38: Stoppage | V38: Stoppage_Play | W38: Stoppage-Goal | AF38: o | AJ38: 1 | AM38: Stoppage | AN38: Stoppage_Play
A39: 1441 | B39: 223 | H39: 3 | I39: 5 | J39: 55 | K39: 5 | L39: 31 | Q39: h | R39: 61 | S39: 1 | T39: e | U39: DeadIce | AF39: o | AJ39: 1 | AM39: DeadIce
A43: 1590 | H43: 3 | I43: 0 | J43: 26 | Q43: h | R43: 84 | S43: 1 | T43: e | U43: Penalty_Delayed | AF43: d | AJ43: 1 | AM43: Penalty_Delayed | AP43: Offensive
A44: 1590 | H44: 3 | R44: 3 | T44: o | AJ44: 1 | AM44: Penalty_Delayed | AP44: Defensive
A45: 1591 | B45: 247 | H45: 3 | I45: 0 | J45: 25 | Q45: a | R45: 18 | S45: 1 | T45: e | U45: Shot | V45: Shot_OnNetSaved | W45: Shot-Wrist | X45: s | AF45: o | AM45: Shot | AN45: Shot_OnNetSaved | AP45: Offensive
A46: 1591 | B46: 247 | H46: 3 | R46: 77 | S46: 1 | T46: e | Y46: OffensivePlay_Shot-Screen | AM46: Shot | AN46: Shot_OnNetSaved | AP46: Offensive
A47: 1591 | B47: 247 | H47: 3 | R47: 39 | T47: o | AM47: Shot | AN47: Shot_OnNetSaved | AP47: Defensive
A48: 1592 | B48: 247 | H48: 3 | I48: 0 | J48: 25 | Q48: h | R48: 39 | S48: 1 | T48: e | U48: Save | V48: Save_Rebound | W48: Save-Blocker | AF48: d | AM48: Save | AN48: Save_Rebound | AP48: Defensive
A49: 1592 | B49: 247 | H49: 3 | R49: 18 | T49: o | AM49: Save | AN49: Save_Rebound | AP49: Offensive
A50: 1592 | B50: 247 | H50: 3 | R50: 77 | T50: o | Y50: OffensivePlay_Shot-Screen | AM50: Save | AN50: Save_Rebound | AP50: Offensive
A51: 1593 | B51: 247 | H51: 3 | I51: 0 | J51: 25 | Q51: h | R51: 39 | S51: 1 | T51: e | AF51: d | AP51: Offensive
A52: 1594 | H52: 3 | I52: 0 | J52: 21 | Q52: a | R52: 56 | S52: 1 | T52: e | U52: Possession | V52: PuckRecovery | X52: u | Y52: OffensivePlay_Zone-PuckRecoveryShot | AA52: u | AF52: o | AM52: Possession | AN52: PuckRecovery | AP52: Offensive
A53: 1595 | H53: 3 | I53: 0 | J53: 21 | Q53: a | R53: 56 | S53: 1 | T53: e | U53: Pass | V53: Pass_Missed | W53: Pass-Forehand | X53: u | Y53: OffensivePlay_Pass-SecondTouch | AA53: u | AF53: o | AJ53: 1 | AM53: Pass | AN53: Pass_Missed | AP53: Offensive
A54: 1595 | H54: 3 | R54: 3 | S54: 1 | T54: e | AM54: Pass | AN54: Pass_Missed | AP54: Offensive
A55: 1595 | H55: 3 | R55: 91 | T55: o | AJ55: 1 | AM55: Pass | AN55: Pass_Missed | AP55: Defensive
A56: 1596 | H56: 3 | I56: 0 | J56: 21 | Q56: h | S56: 1 | T56: e | U56: Zone_Entry_Exit | V56: Zone_Exit | W56: ZoneExit-OppTeam | AF56: d | AM56: Zone_Entry_Exit | AN56: Zone_Exit | AP56: Offensive
A57: 1597 | H57: 3 | I57: 0 | J57: 17 | K57: 0 | L57: 15 | Q57: a | R57: 44 | S57: 1 | T57: e | U57: Possession | V57: PuckRecovery | X57: s | Y57: OffensivePlay_Zone-PuckRecoveryTurnover | AA57: s | AF57: n | AM57: Possession | AN57: PuckRecovery | AP57: Offensive
A58: 1598 | H58: 3 | I58: 0 | J58: 15 | Q58: a | R58: 44 | S58: 1 | T58: e | U58: Pass | V58: Pass_Completed | W58: Pass-Forehand | X58: s | AF58: n | AM58: Pass | AN58: Pass_Completed | AP58: Offensive
A59: 1598 | H59: 3 | R59: 18 | S59: 1 | T59: e | AM59: Pass | AN59: Pass_Completed | AP59: Offensive
A60: 1599 | H60: 3 | I60: 0 | J60: 14 | Q60: a | R60: 18 | S60: 1 | T60: e | U60: Zone_Entry_Exit | V60: Zone_Entry | W60: ZoneEntry-Rush | X60: u | AF60: o | AJ60: 1 | AM60: Zone_Entry_Exit | AN60: Zone_Entry | AP60: Offensive
A61: 1599 | H61: 3 | R61: 24 | T61: o | AJ61: 1 | AM61: Zone_Entry_Exit | AN61: Zone_Entry | AP61: Defensive
A62: 1600 | H62: 3 | I62: 0 | J62: 12 | Q62: h | R62: 24 | S62: 1 | T62: e | U62: Turnover | V62: Turnover_Takeaway | W62: Takeaway-BattleWon | X62: s | Y62: Defensive_PlayPossession-SeperateFromPuck | AA62: s | AF62: d | AJ62: 1 | AM62: Turnover | AN62: Turnover_Takeaway | AP62: Defensive
A63: 1600 | H63: 3 | R63: 91 | S63: 1 | T63: e | Y63: Defensive_PlayPossession-StickCheck | AA63: s | AJ63: 1 | AM63: Turnover | AN63: Turnover_Takeaway | AP63: Defensive
A64: 1600 | H64: 3 | R64: 18 | T64: o | AJ64: 1 | AM64: Turnover | AN64: Turnover_Takeaway | AP64: Offensive
A65: 1601 | B65: 248 | H65: 3 | I65: 0 | J65: 11 | Q65: h | R65: 84 | S65: 1 | T65: e | U65: Penalty | V65: Penalty_Minor | W65: Penalty-Tripping | AF65: d | AM65: Penalty | AN65: Penalty_Minor | AP65: Offensive
A66: 1602 | B66: 248 | H66: 3 | I66: 0 | J66: 11 | K66: 0 | L66: 00 | Q66: h | R66: 84 | S66: 1 | T66: e | U66: Stoppage | V66: Stoppage_Period | W66: Stoppage-PeriodEnd | AF66: d | AM66: Stoppage | AN66: Stoppage_Period

Sheet Sheet1
A1: duration | C1: context
A2: time_start_total_seconds | C2: play_tag1
A3: time_end_total_seconds | C3: play_tag2
A4: shift_index | C4: high_danger
A5: player_role
A6: role_number
A7: running_intermission_duration
A8: period_start_total_running_seconds
A9: running_video_time
A10: event_running_start
A11: event_running_end
A12: event_id
A13: linked_event_id
A14: play_id
A15: sequence_id
A16: zone_change_id
... A72: possession_change

Sheet Rules
A1: EventType | B1: Definition | C1: Next Event | D1: Uses | E1: Linked Events | F1: Successful/Unsuccessful | G1: Successful Def | J1: EventTypeDetail | K1: Definition | L1: Next Event | M1: Uses | N1: Linked Events | O1: Successful/Unsuccessful | P1: Successful Def | S1: EventTypeDetail2 | T1: Definition | U1: Next Event | V1: Uses | W1: Linked Events | X1: Successful/Unsuccessful | Y1: Successful Def | AC1: Definition | AD1: Next Event | AE1: Uses | AF1: Linked Events | AG1: Successful/Unsuccessful | AH1: Successful Def | AL1: Definition | AM1: Next Event | AN1: Uses | AO1: Linked Events | AP1: Linked Events | AQ1: Successful/Unsuccessful | AR1: Successful Def | AT1: play_tag1 | AU1: Definition | AV1: Next Event | AW1: Uses | AX1: Linked Events | AZ1: play_tag2 | BA1: Definition | BB1: Next Event | BC1: Uses | BD1: Linked Events | BF1: Context | BG1: Definition | BH1: Next Event | BI1: Uses | BJ1: Linked Events | BM1: shift_start | BN1: Definition | BO1: Next Event | BP1: Linked Events | BR1: shift_end | BS1: Definition | BT1: Next Event | BU1: Linked Events
A2: Faceoff | J2: Faceoff | S2: PenaltyShot/Shootout | AB2: Offensive | AH2: sucessful if next play positive | AK2: Defensive | AR2: sucessful if next play positive | AT2: LowToHigh | AZ2: Rush | BF2: LeadToBreakout | BM2: PeriodStart | BR2: -
A3: Shot | E3: Save | J3: Faceoff-AfterPenalty | S3: PenaltyShot_OnNet | X3: s | AB3: OffensivePlay_Possession-DriveMiddle | AK3: Defensive_PlayPossession-PokeCheck | AT3: HighToLow | AZ3: Cycle | BF3: LeadToZoneEntry | BM3: FaceoffAfterGoal | BR3: Period Start
A4: Pass | J4: Faceoff-AfterGoal | S4: PenaltyShot_Missed | X4: u | AB4: OffensivePlay_Possession-DriveWide | AK4: Defensive_PlayPossession-SeperateFromPuck | AT4: CrossIce | AZ4: Forecheck | BF4: LeadToTurnover | BM4: GameStart | BR4: Period End
A5: Goal | E5: Shot | J5: Faceoff-PeriodStart | S5: PenaltyShot_Saved | X5: s | AB5: OffensivePlay_Possession-DriveCorner | AK5: Defensive_PlayPossession-Backcheck | AT5: Slot | AZ5: Dumpin | BF5: LeadToShot | BM5: FaceoffAfterPenalty | BR5: Puck Out of Play
A6: Turnover | E6: Pass, Shot, Play | J6: Shot-OnNet | S6: ShootoutShot_OnNet | X6: s | AB6: OffensivePlay_Possession-DriveNetMiddle | AK6: Defensive_PlayPossession-FroceWide | AZ6: Regroup | BF6: LeadToGoal | BM6: OtherFaceoff | BR6: Injury
A7: Zone_Entry_Exit | E7: Pass, Turnover, Attempted Failed, Keepins | J7: Shot-Missed | S7: ShootoutShot_Missed | X7: u | AB7: OffensivePlay_Possession-DriveNetWide | AK7: Defensive_PlayPossession-Contain | AZ7: Counter | BF7: LeadToPenalty | BM7: DeadIce/Stoppage | BR7: Home Penalty
A8: Penalty | J8: Shot-Blocked | S8: ShootoutShot_Saved | X8: s | AB8: OffensivePlay_Possession-CrashNet | AK8: Defensive_PlayPossession-BeatMiddle | AZ8: ZoneExit | BF8: LeadToFailedBreakout | BM8: Intermission | BR8: Away Penalty
A9: PenaltyShot_Shootout | J9: Shot-BlockedSameTeam | AB9: OffensivePlay_Possession-Delay | AK9: Defensive_PlayPossession-BeatWide | AZ9: ZoneEntry | BF9: LeadToFailedZoneEntry | BM9: DelayedPenalty | BR9: Home Goalie Stoppage
A10: Stoppage | E10: Save Freeze | J10: Shot-Deflected | S10: Stoppage_Period | AB10: OffensivePlay_Possession-Deke | AK10: Defensive_PlayPossession-BeatDeke | AZ10: Clear | BM10: GameStart | BR10: Away Goalie Stoppage
A11: Hit | J11: Shot-DeflectedOnNet | S11: Stoppage_Play | AB11: OffensivePlay_Possession-Chip | AK11: Defensive_PlayPossession-BeatSpeed | BR11: Home Offside
A12: Possession | J12: Shot-Tipped | S12: Stoppage_Other | AB12: OffensivePlay_Possession-Other | AK12: Defensive_PlayPossession-Pressure | BR12: Home Icing
A13: LoosePuck | J13: Pass-Completed | S13: Stoppage_GameEnd | AB13: OffensivePlay_Possession-Speed | AK13: Defensive_PlayPossession-Zone | BR13: Away Offside
A14: Save | E14: Shot, Stoppage, Deadice | J14: Pass-Missed | AB14: OffensivePlay_Possession-OpenIceDeke | AK14: Defensive_PlayPossession-ManOnMan | BR14: Away Icing
A15: TeamPossessionChange | J15: Pass-Deflected | S15: Save_Rebound | AB15: OffensivePlay_Possession-EndToEndRush | AK15: Defensive_PlayPossession-Tracker | BR15: Clock Problem
A16: Rebound | E16: Shot, Save | J16: Pass-Intercepted | S16: Save_Freeze | AB16: OffensivePlay_Possession-FrontofNet | AK16: Defensive_PlayPossession-Surf | BR16: Puck Frozen
A17: DeadIce | J17: Turnover-Giveaway | S17: Save_Played | AB17: OffensivePlay_Possession-CutBack | AK17: Defensive_PlayPossession-StickCheck | BR17: Puck in Crowd
A18: Play | J18: Turnover-Takeaway | AB18: OffensivePlay_Possession-Wheel | AK18: Defensive_PlayPass-PassIntercepted | BR18: Goalie Stopped (after SOG)
A19: Timeout | J19: Zone-Entry | S19: Pass-Stretch | X19: s/u | AB19: OffensivePlay_Possession-ForecedOutside | AK19: Defensive_PlayPass-InShotPassLane | BR19: Referee or Linesperson
A20: Intermission | J20: Zone-Exit | S20: Pass-Rim/Wrap | X20: s/u | AB20: OffensivePlay_Pass-AssistPrimary | AK20: Defensive_PlayShot-BoxOut | BR20: High Stick
A21: Clockstop | J21: Zone-Keepin | S21: Pass-Backhand | X21: s/u | AB21: OffensivePlay_Pass-AssistSecondary | AK21: Defensive_PlayShot-BlockedShot | BR21: Objects on Ice
A22: GameStart | J22: Zone_Entryfailed | S22: Pass-Forehand | X22: s/u | AB22: OffensivePlay_Pass-AssistTertiary | AK22: Defensive_PlayShot-FrontofNet | BR22: Hand Pass
A23: GameEnd | J23: Zone_ExitFailed | S23: Pass-Bank | X23: s/u | AB23: OffensivePlay_Pass-GiveAndGo | AK23: Defensive_PlayZone-ClearingAttempt | BR23: Premature Substitution
A24: Penalty_Delayed | J24: Zone_KeepinFailed | S24: Pass-Dump | X24: s/u | AB24: OffensivePlay_Pass-Reverse | AK24: Defensive_PlayZone-ZoneEntryDenial | BR24: Puck in Netting
A25: Zone_Change | J25: Penalty | S25: Pass-Tipped | X25: s/u | AB25: OffensivePlay_Pass-QuickUp | AK25: Defensive_PlayZone-ZoneExitDenial | BR25: Puck in Benches
J26: Penalty-Offsetting | S26: Pass-Lob | X26: s/u | AB26: OffensivePlay_Pass-SecondTouch | AK26: Defensive_PlayZone-PenaltyKillClear | BR26: Net Dislodged Offensive Skater
J27: Stoppage-Freeze | S27: Pass-Drop | X27: s/u | AB27: OffensivePlay_Pass-ReceiverMissed | AK27: Defensive_PlayZone-PuckRetrievalDumpIn | BR27: Puck Frzn-Goalie-Bynd Ctr
J28: Stoppage-OutfofPlay | S28: Pass-Deflected/TippedShot | X28: s/u | AB28: OffensivePlay_Shot-Screen | AK28: Defensive_PlayZone-PuckRetrievalShot | BR28: Skater Puck Frozen
J29: Stoppage-PeriodEnd | S29: Pass-ReceiverMissed | X29: s/u | AB29: OffensivePlay_Zone-Breakout | AK29: Defensive_PlayZone-PuckRetreivalTurnover | BR29: Valid stoppage type reasons (reason):
J30: Stoppage-Goal | S30: Pass-OneTouch | X30: s/u | AB30: OffensivePlay_Zone-DumpChase | AK30: Defensive_PlayZone-PuckRetreivalPass | BR30: TV timeout
J31: Stoppage-Penalty | S31: Pass-SecondTouch | X31: s/u | AB31: OffensivePlay_Zone-Forecheck | AK31: Defensive_PlayZone-PuckRetrievalRebound | BR31: Home Timeout
J32: Shootout-OnNet | S32: Pass-QuickUp | X32: s/u | AB32: OffensivePlay_Zone-Dump/RimInZone | AK32: Defensive_PlayZone-PuckRecoveryDumpIn | BR32: Visitor Timeout
J33: Shootout-Missed | S33: Pass-GiveAndGo | X33: s/u | AB33: OffensivePlay_Zone-DumpInAttempt | AK33: Defensive_PlayZone-PuckRecoveryShot | BR33: Player Injury
J34: Shootout-Saved | S34: Pass-Reverse | X34: s/u | AB34: OffensivePlay_Zone-Breakout | AK34: Defensive_PlayZone-PuckRecoveryTurnover | BR34: Official Injury
J35: PenaltyShot-OnNet | S35: Pass-Other | X35: s/u | AB35: OffensivePlay_Zone-Cycle | AK35: Defensive_PlayZone-PuckRecoveryPass | BR35: Rink Repair
J36: PenaltyShot-Missed | AB36: OffensivePlay_Zone-PuckRetrievalDumpIn | AK36: Defensive_PlayZone-PuckRecoveryRebound | BR36: Ice problem
J37: PenaltyShot-Saved | S37: Giveaway-Misplayed | AB37: OffensivePlay_Zone-PuckRetrievalShot | AK37: Defensive_PlayZone-ForcedDumpin/Clear | BR37: Player Equipment
J38: LoosePuck-Forecheck | S38: Giveaway-BattleLost | AB38: OffensivePlay_Zone-PuckRetreivalTurnover | AK38: Offensive_Zone-AttemptedKeepin | BR38: Video Review
J39: LoosePuck-Battle | S39: Giveaway-PassIntercepted | AB39: OffensivePlay_Zone-PuckRetreivalPass | AK39: Defensive_Zone-AttemptedBreakOutPass | BR39: Chlg Hm - off-side
J40: Save-Rebound | S40: Giveaway-PassMissed | AB40: OffensivePlay_Zone-PuckRetreivalRebound | AK40: Defensive_Zone-AttemptedBreakOutRush | BR40: Chlg Vis - off-side
J41: Save-Freeze | S41: Giveaway-PassBlocked | AB41: OffensivePlay_Zone-PuckRetreivalShot | AK41: Defensive_Zone-AttemptedBreakOutClear | BR41: Chlg Hm - goal interference
J42: Save | S42: Giveaway-PassReceiverMissed | AB42: OffensivePlay_Zone-PuckRecoveryDumpIn | AK42: Offensive_Zone-AttemptedEntryDumpIn | BR42: Chlg Vis - goal interference
J43: DeadIce | S43: Giveaway-ShotBlocked | AB43: OffensivePlay_Zone-PuckRecoveryShot | AK43: Offensive_Zone-AttemptedEntryPass | BR43: Chlg League - off-side
J44: Play | S44: Giveaway-ShotMissed | AB44: OffensivePlay_Zone-PuckRecoveryTurnover | AK44: Offensive_Zone-AttemptedEntryRush | BR44: Chlg League - goal interference
J45: Faceoff-GameStart | S45: Giveaway-ZoneClear/Dump | AB45: OffensivePlay_Zone-PuckRecoveryPass | BR45: Switch sides
J46: Breakaway | K46: Possession on zone entry when on breakaway | S46: Giveaway-AttemptedZoneClear/Dump | AB46: OffensivePlay_Zone-PuckRecoveryRebound | BR46: Chlg Hm - Missed stoppage
J47: PuckRetrieval | K47: Puck reterived after opp team touch/turnover' | O47: s/u | P47: successful if next play positive | S47: Giveaway-ZoneEntry/ExitMisplay | AB47: Offensive_Zone-AttemptedKeepin | BR47: Chlg Vis - Missed stoppage
J48: PuckRecovery | K48: Puck recovered after same team touch/turnover | O48: s/u | S48: Giveaway-DumpInZone | AB48: Defensive_Zone-AttemptedBreakOutPass | BR48: Chlg League - Missed stoppage
J49: Regroup | K49: Circle back in Nzone/Dzone | O49: s/u | S49: Giveaway-Other | AB49: Defensive_Zone-AttemptedBreakOutRush | BR49: Chlg Hm - puck over glass
O50: s/u | AB50: Defensive_Zone-AttemptedBreakOutClear | BR50: Chlg Vis - puck over glass
S51: Takeaway-BattleWon | AB51: Offensive_Zone-AttemptedEntryDumpIn | BR51: Chlg League - puck over glass
S52: Takeaway-PokeCheck | AB52: Offensive_Zone-AttemptedEntryPass | BR52: Home Goal
S53: Takeaway-PassIntercepted | AB53: Offensive_Zone-AttemptedEntryRush | BR53: Away Goal
S54: Takeaway-PassBlocked | BR54: Away Goalie Stopped (after Home SOG)
S55: Takeaway-ShotBlocked | BR55: Home Goalie Stopped (after Away SOG)
S56: Takeaway-ZoneClear/Dump | BR56: DeadIce/Stoppage
S57: Takeaway-AttemptedZoneClear/Dump | BR57: Offset Penalty
S58: Takeaway-Other | BR58: GameEnd
S60: Zone-EntryFailed | X60: s/u
S61: ZoneEntry-Rush | X61: s/u
S62: ZoneEntry-Pass | X62: s/u
S63: ZoneEntry-DumpIn | X63: s/u
S64: ZoneEntry-Chip | X64: s/u
S65: ZoneEntry-FromExitClear | X65: s/u
S66: ZoneEntry-PassMiss/Misplay | X66: s/u
S67: ZoneEntry-OppTeam | X67: s/u
S68: ZoneEntry-Lob | X68: s/u
S69: ZoneEntry-RushBreakaway | X69: s/u
S70: ZoneEntry-CausedTurnover | X70: s/u
S71: ZoneEntry-PenaltyKillClear | X71: s/u
... S89: Zone-Other | X89: s/u
S91: OffensivePlay | Y91: successful if positive play made next
S92: DriveMiddle | T92: Cut to middle of ice | X92: s/u
S93: DriveWide | T93: drive wide either foreced /unforced | X93: s/u
S94: DriveCorner | T94: drive to offensive corner forced/unforced | X94: s/u
S95: DriveNetMiddle | T95: drive to slot from middle | X95: s/u
S96: DriveNetWide | T96: drive to slot from wide | X96: s/u
S97: CrashNet | T97: crash net for rebound | X97: s/u
S98: Delay | X98: s/u
S99: Deke | X99: s/u
S100: Chip | X100: s/u
S101: Other | X101: s/u
S102: DumpChase | T102: dumped into ozone form ozone/nzone | X102: s/u
S103: Forecheck | T103: offensive players crashing puck after dumpin | X103: s/u
S104: Speed | X104: s/u
S106: DefensivePlay | Y106: successful if positive play made next
S107: PokeCheck | X107: s/u
S108: PokeCheckFailed | X108: s/u
S109: SeperateFromPuck | X109: s/u
S110: Backcheck | X110: s/u
S111: FroceWide | X111: s/u
S112: Contain | X112: s/u
S113: BeatMiddle | X113: s/u
S114: BeatWide | X114: s/u
S115: BeatDeke | X115: s/u
S116: BeatSpeed | X116: s/u
S117: BoxOut | X117: s/u
S118: Other | X118: s/u
... S130: Shot-Other | X130: s/u
S132: Save-Glove
...

Sheet Lists
A1: EventType | B1: EventTypeDetail | C1: EventTypeDetail2 | D1: OffensivePlay | E1: DefensivePlay | F1: Play | G1: Faceoff | H1: Shot | I1: Pass | J1: Goal | K1: Turnover | L1: Zone_Entry_Exit | M1: Penalty | N1: PenaltyShot/Shootout | O1: Stoppage | P1: LoosePuck | Q1: Save | R1: Pass_Completed | S1: Pass_Missed | T1: Pass_Deflected | U1: Pass_Intercepted | V1: Turnover_Giveaway | W1: Turnover_Takeaway | X1: Zone_Entry | Y1: Zone_Exit | Z1: Zone_Keepin | AA1: Penalty_Major | AB1: Penalty_Minor | AC1: Penalty_Offsetting | AD1: Stoppage_Play | AE1: Stoppage_Period | AF1: Stoppage_Other | AG1: Shootout_OnNet | AH1: Shootout_Missed | AI1: Shootout_Saved | AJ1: PenaltyShot_OnNet | AK1: PenaltyShot_Missed | AL1: PenaltyShot_Saved | AM1: Save_Rebound | AN1: Save_Freeze | AO1: Shot_OnNetSaved | AP1: Shot_Missed | AQ1: Shot_Blocked | AR1: Shot_BlockedSameTeam | AS1: Shot_Deflected | AT1: Shot_DeflectedOnNetSaved | AU1: Shot_TippedOnNetSaved | AV1: Shot_OnNetGoal | AW1: Shot_TippedGoal | AX1: Shot_DeflectedGoal | AY1: Goal_Scored | AZ1: Goal_Shootout | BA1: Goal_PenaltyShot | BB1: Save_Played | BC1: Rebound | BD1: Play_Offensive | BE1: Play_Defensive | BF1: Possession | BG1: Faceoff | BH1: Shot_MissedPost | BI1: shift_start | BJ1: shift_end | BK1: Offensive | BL1: Defensive | BM1: Zone_EntryFailed | BN1: Zone_ExitFailed | BO1: Zone_KeepinFailed | BQ1: play_details
F2: Play_Offensive | G2: Faceoff_AfterPenalty | H2: Shot_OnNetSaved | I2: Pass_Completed | J2: Goal_Scored | K2: Turnover_Giveaway | L2: Zone_Entry | M2: Penalty_Minor | N2: PenaltyShot_OnNet | O2: Stoppage_Period | P2: LoosePuck_Forecheck | Q2: Save_Rebound | R2: Pass-Stretch | S2: Pass-Stretch | T2: Pass-Stretch | U2: Pass-Stretch | V2: Giveaway-Misplayed | W2: Takeaway-BattleWon | X2: ZoneEntry-Rush | Y2: ZoneExit-Rush | Z2: Zone-KeepIn | AA2: Penalty-Bench Penalty | AB2: Penalty-Bench Penalty | AC2: Penalty-Bench Penalty | AD2: Stoppage-Icing | AE2: Stoppage-StartofShootout | AF2: Stoppage-ObjectsonIce | AG2: Shot-Wrist | AH2: Shot-Wrist | AI2: Shot-Wrist | AJ2: Shot-Wrist | AK2: Shot-Wrist | AL2: Shot-Wrist | AM2: Save-Glove | AN2: Save-Glove | AO2: Shot-Wrist | AP2: Shot-Wrist | AQ2: Shot-Wrist | AR2: Shot-Wrist | AS2: Shot-Deflection | AT2: Shot-Deflection | AU2: Shot-Tip | AV2: Shot-Wrist | AX2: Shot-Deflection | AY2: Goal-Wrist | AZ2: Goal-Wrist | BA2: Goal-Wrist | BB2: Save-Glove | BC2: Rebound_TeamRecovered | BE2: Play-PokeCheck | BF2: Breakaway | BG2: Shot | BH2: Shot-Wrist | BI2: PeriodStart | BJ2: - | BK2: AssistPrimary | BL2: AttemptedBlockedShot | BM2: ZoneEntry-Rush | BN2: ZoneExit-Rush | BO2: Zone-KeepIn | BQ2: {=_xlfn._xlws.SORT(_xlfn.UNIQUE(BK2:BK1000))} -> AssistPrimary
A3: Faceoff | B3: Faceoff | C3: Shot-Wrist | D3: DriveMiddle | E3: PokeCheck | F3: Play_Defensive | G3: Faceoff_AfterGoal | H3: Shot_Missed | I3: Pass_Missed | J3: Goal_Shootout | K3: Turnover_Takeaway | L3: Zone_Exit | M3: Penalty_Offsetting | N3: PenaltyShot_Missed | O3: Stoppage_Play | P3: LoosePuck_Battle | Q3: Save_Freeze | R3: Pass-Rim/Wrap | S3: Pass-Rim/Wrap | T3: Pass-Rim/Wrap | U3: Pass-Rim/Wrap | V3: Giveaway-BattleLost | W3: Takeaway-PokeCheck | X3: ZoneEntry-Pass | Y3: ZoneExit-Pass | Z3: Zone-Pinch | AA3: Penalty-Boarding | AB3: Penalty-Boarding | AC3: Penalty-Boarding | AD3: Stoppage-Offsides | AE3: Stoppage-PeriodStart | AF3: Stoppage-HomeTimeout | AG3: Shot-Slap | AH3: Shot-Slap | AI3: Shot-Slap | AJ3: Shot-Slap | AK3: Shot-Slap | AL3: Shot-Slap | AM3: Save-Blocker | AN3: Save-Blocker | AO3: Shot-Slap | AP3: Shot-Slap | AQ3: Shot-Slap | AR3: Shot-Slap | AS3: Shot-Wrist | AT3: Shot-Wrist | AU3: Shot-Wrist | AV3: Shot-Slap | AW3: Shot-Wrist | AX3: Shot-Wrist | AY3: Goal-Slap | AZ3: Goal-Slap | BA3: Goal-Slap | BB3: Save-Blocker | BC3: Rebound_OppTeamRecovered | BD3: Play-DriveMiddle | BE3: Play-PokeCheckFailed | BF3: PuckRetrieval | BG3: Pass | BH3: Shot-Slap | BI3: FaceoffAfterGoal | BJ3: Period Start | BK3: AssistSecondary | BL3: AttemptedBreakOutClear | BM3: ZoneEntry-Pass | BN3: ZoneExit-Pass | BO3: Zone-Pinch | BQ3: AssistSecondary
A4: Shot | B4: Faceoff-AfterPenalty | C4: Shot-Slap | D4: DriveWide | E4: PokeCheckFailed | G4: Faceoff_PeriodStart | H4: Shot_Blocked | I4: Pass_Deflected | J4: Goal_PenaltyShot | L4: Zone_Keepin | M4: Penalty_Major | N4: PenaltyShot_Saved | O4: Stoppage_Other | Q4: Save_Played | R4: Pass-Backhand | S4: Pass-Backhand | T4: Pass-Backhand | U4: Pass-Backhand | V4: Giveaway-PassIntercepted | W4: Takeaway-PassIntercepted | X4: ZoneEntry-DumpIn | Y4: ZoneExit-Clear | Z4: Zone-Other | AA4: Penalty-Charging | AB4: Penalty-Charging | AC4: Penalty-Charging | AD4: Stoppage-ClockProblem | AE4: Stoppage-PeriodEnd | AF4: Stoppage-VisitorTimeout | AG4: Shot-Backhand | AH4: Shot-Backhand | AI4: Shot-Backhand | AJ4: Shot-Backhand | AK4: Shot-Backhand | AL4: Shot-Backhand | AM4: Save-LeftPad | AN4: Save-LeftPad | AO4: Shot-Backhand | AP4: Shot-Backhand | AQ4: Shot-Backhand | AR4: Shot-Backhand | AS4: Shot-Slap | AT4: Shot-Slap | AU4: Shot-Slap | AV4: Shot-Backhand | AW4: Shot-Slap | AX4: Shot-Slap | AY4: Goal-Backhand | AZ4: Goal-Backhand | BA4: Goal-Backhand | BB4: Save-LeftPad | BC4: Rebound_ShotGenerated | BD4: Play-DriveWide | BE4: Play-SeperateFromPuck | BF4: PuckRecovery | BG4: Goal | BH4: Shot-Backhand | BI4: GameStart | BJ4: Period End | BK4: AssistTertiary | BL4: AttemptedBreakOutPass | BM4: ZoneEntry-DumpIn | BN4: ZoneExit-Clear | BO4: Zone-Other | BQ4: AssistTertiary
A5: Pass | B5: Faceoff-AfterGoal | C5: Shot-Backhand | D5: DriveCorner | E5: SeperateFromPuck | G5: Faceoff_AfterStoppage | H5: Shot_BlockedSameTeam | I5: Pass_Intercepted | L5: Zone_Entryfailed | N5: ShootoutShot_OnNet | O5: Stoppage_GameEnd | R5: Pass-Forehand | S5: Pass-Forehand | T5: Pass-Forehand | U5: Pass-Forehand | V5: Giveaway-PassMissed | W5: Takeaway-PassBlocked | X5: ZoneEntry-Chip | Y5: ZoneExit-Chip | AA5: Penalty-CrossChecking | AB5: Penalty-CrossChecking | AC5: Penalty-CrossChecking | AD5: Stoppage-HighStick | AF5: Stoppage-RinkRepair | AG5: Shot-Snap | AH5: Shot-Snap | AI5: Shot-Snap | AJ5: Shot-Snap | AK5: Shot-Snap | AL5: Shot-Snap | AM5: Save-RightPad | AN5: Save-RightPad | AO5: Shot-Snap | AP5: Shot-Snap | AQ5: Shot-Snap | AR5: Shot-Snap | AS5: Shot-Backhand | AT5: Shot-Backhand | AU5: Shot-Backhand | AV5: Shot-Snap | AW5: Shot-Backhand | AX5: Shot-Backhand | AY5: Goal-Tip | AZ5: Goal-Snap | BA5: Goal-Snap | BB5: Save-RightPad | BC5: Rebound_FlurryGenerated | BD5: Play-DriveCorner | BE5: Play-Backcheck | BF5: Regroup | BG5: Turnover | BH5: Shot-Snap | BI5: FaceoffAfterPenalty | BJ5: Puck Out of Play | BK5: AttemptedBreakOutClear | BL5: AttemptedBreakOutRush | BM5: ZoneEntry-Chip | BN5: ZoneExit-Chip | BQ5: AttemptedBlockedShot
A6: Goal | B6: Faceoff-PeriodStart | C6: Shot-Tip | D6: DriveNetMiddle | E6: Backcheck | G6: Faceoff_GameStart | H6: Shot_Deflected | L6: Zone_ExitFailed | N6: ShootoutShot_Missed | R6: Pass-Bank | S6: Pass-Bank | T6: Pass-Bank | U6: Pass-Bank | V6: Giveaway-PassBlocked | W6: Takeaway-ShotBlocked | X6: ZoneEntry-FromExitClear | Y6: ZoneExit-PassMiss/Misplay | AA6: Penalty-DelayofGame | AB6: Penalty-DelayofGame | AC6: Penalty-DelayofGame | AD6: Stoppage-HandPass | AF6: Stoppage-PlayerEquipment | AG6: Shot-WrapAround | AH6: Shot-WrapAround | AI6: Shot-WrapAround | AJ6: Shot-WrapAround | AK6: Shot-WrapAround | AL6: Shot-WrapAround | AM6: Save-Stick | AN6: Save-Stick | AO6: Shot-WrapAround | AP6: Shot-WrapAround | AQ6: Shot-WrapAround | AR6: Shot-WrapAround | AS6: Shot-Snap | AT6: Shot-Snap | AU6: Shot-Snap | AV6: Shot-WrapAround | AW6: Shot-Snap | AX6: Shot-Snap | AY6: Goal-Snap | AZ6: Goal-WrapAround | BA6: Goal-WrapAround | BB6: Save-Stick | BD6: Play-DriveNetMiddle | BE6: Play-FroceWide | BG6: Zone_Entry_Exit | BH6: Shot-WrapAround | BI6: OtherFaceoff | BJ6: Injury | BK6: AttemptedBreakOutPass | BL6: AttemptedEntryDumpIn | BM6: ZoneEntry-FromExitClear | BN6: ZoneExit-PassMiss/Misplay | BQ6: AttemptedBreakOutClear
A7: Turnover | B7: Shot-OnNet | C7: Shot-Snap | D7: DriveNetWide | E7: FroceWide | H7: Shot_DeflectedOnNetSaved | L7: Zone_KeepinFailed | N7: ShootoutShot_Saved | R7: Pass-Dump | S7: Pass-Dump | T7: Pass-Dump | U7: Pass-Dump | V7: Giveaway-PassReceiverMissed | W7: Takeaway-ZoneClear/Dump | X7: ZoneEntry-PassMiss/Misplay | Y7: ZoneExit-OppTeam | AA7: Penalty-Diving | AB7: Penalty-Diving | AC7: Penalty-Diving | AD7: Stoppage-NetDislodged | AF7: Stoppage-Challenge | AG7: Shot-Bat | AH7: Shot-Bat | AI7: Shot-Bat | AJ7: Shot-Bat | AK7: Shot-Bat | AL7: Shot-Bat | AM7: Save-Scramble | AN7: Save-Scramble | AO7: Shot-Bat | AP7: Shot-Bat | AQ7: Shot-Bat | AR7: Shot-Bat | AS7: Shot-WrapAround | AT7: Shot-WrapAround | AU7: Shot-WrapAround | AV7: Shot-Bat | AW7: Shot-WrapAround | AX7: Shot-WrapAround | AY7: Goal-WrapAround | AZ7: Goal-Bat | BA7: Goal-Bat | BB7: Save-Scramble | BD7: Play-DriveNetWide | BE7: Play-Contain | BG7: Penalty | BH7: Shot-Bat | BI7: DeadIce/Stoppage | BJ7: Home Penalty | BK7: AttemptedBreakOutRush | BL7: AttemptedEntryPass | BM7: ZoneEntry-PassMiss/Misplay | BN7: ZoneExit-OppTeam | BQ7: AttemptedBreakOutPass
A8: Zone_Entry_Exit | B8: Shot-Missed | C8: Shot-WrapAround | D8: CrashNet | E8: Contain | H8: Shot_Tipped | R8: Pass-Tipped | S8: Pass-Tipped | T8: Pass-Tipped | U8: Pass-Tipped | V8: Giveaway-ShotBlocked | W8: Takeaway-AttemptedZoneClear/Dump | X8: ZoneEntry-OppTeam | Y8: ZoneExit-Lob | AA8: Penalty-Elbowing | AB8: Penalty-Elbowing | AC8: Penalty-Elbowing | AD8: Stoppage-Injury | AF8: Stoppage-Other | AG8: Shot-Cradle | AH8: Shot-Cradle | AI8: Shot-Cradle | AJ8: Shot-Cradle | AK8: Shot-Cradle | AL8: Shot-Cradle | AM8: Save-Butterfly | AN8: Save-Butterfly | AO8: Shot-Cradle | AP8: Shot-Cradle | AQ8: Shot-Cradle | AR8: Shot-Cradle | AS8: Shot-Bat | AT8: Shot-Bat | AU8: Shot-Bat | AV8: Shot-Cradle | AW8: Shot-Bat | AX8: Shot-Bat | AY8: Goal-Bat | AZ8: Goal-Cradle | BA8: Goal-Cradle | BB8: Save-Butterfly | BD8: Play-CrashNet | BE8: Play-BeatMiddle | BG8: PenaltyShot_Shootout | BH8: Shot-Cradle | BI8: Intermission | BJ8: Away Penalty | BK8: AttemptedEntryDumpIn | BL8: AttemptedEntryRush | BM8: ZoneEntry-OppTeam | BN8: ZoneExit-Lob | BQ8: AttemptedBreakOutRush
A9: Penalty | B9: Shot-Blocked | C9: Shot-Bat | D9: Delay | E9: BeatMiddle | H9: Shot_TippedOnNetSaved | R9: Pass-Lob | S9: Pass-Lob | T9: Pass-Lob | U9: Pass-Lob | V9: Giveaway-ShotMissed | W9: Takeaway-Other | X9: ZoneEntry-Lob | Y9: ZoneExit-CausedTurnover | AA9: Penalty-GoalieInterference | AB9: Penalty-GoalieInterference | AC9: Penalty-GoalieInterference | AD9: Stoppage-GoalieStoppage | AG9: Shot-Poke | AH9: Shot-Poke | AI9: Shot-Poke | AJ9: Shot-Poke | AK9: Shot-Poke | AL9: Shot-Poke | AM9: Save-Chest | AN9: Save-Chest | AO9: Shot-Poke | AP9: Shot-Poke | AQ9: Shot-Poke | AR9: Shot-Poke | AS9: Shot-Cradle | AT9: Shot-Cradle | AU9: Shot-Cradle | AV9: Shot-Poke | AW9: Shot-Cradle | AX9: Shot-Cradle | AY9: Goal-Cradle | AZ9: Goal-Poke | BA9: Goal-Poke | BB9: Save-Chest | BD9: Play-Delay | BE9: Play-BeatWide | BG9: Stoppage | BH9: Shot-Poke | BI9: DelayedPenalty | BJ9: Home Goalie Stoppage | BK9: AttemptedEntryPass | BL9: AttemptedKeepin | BM9: ZoneEntry-Lob | BN9: ZoneExit-CausedTurnover | BQ9: AttemptedEntryDumpIn
A10: PenaltyShot_Shootout | B10: Shot-BlockedSameTeam | C10: Shot-Cradle | D10: Deke | E10: BeatWide | H10: Shot_OnNetGoal | R10: Pass-Drop | S10: Pass-Drop | T10: Pass-Drop | U10: Pass-Drop | V10: Giveaway-ZoneClear/Dump | X10: ZoneEntry-RushBreakaway | Y10: ZoneExit-PenaltyKillClear | AA10: Penalty-HighSticking | AB10: Penalty-HighSticking | AC10: Penalty-HighSticking | AD10: Stoppage-PuckOutofPlay | AG10: Shot-BetweenLegs | AH10: Shot-BetweenLegs | AI10: Shot-BetweenLegs | AJ10: Shot-BetweenLegs | AK10: Shot-BetweenLegs | AL10: Shot-BetweenLegs | AM10: Save-Shoulder | AN10: Save-Shoulder | AO10: Shot-BetweenLegs | AP10: Shot-BetweenLegs | AQ10: Shot-BetweenLegs | AR10: Shot-BetweenLegs | AS10: Shot-Poke | AT10: Shot-Poke | AU10: Shot-Poke | AV10: Shot-BetweenLegs | AW10: Shot-Poke | AX10: Shot-Poke | AY10: Goal-Poke | AZ10: Goal-BetweenLegs | BA10: Goal-BetweenLegs | BB10: Save-Other | BD10: Play-Deke | BE10: Play-BeatDeke | BG10: Hit | BH10: Shot-BetweenLegs | BI10: GameStart | BJ10: Away Goalie Stoppage | BK10: AttemptedEntryRush | BL10: Backcheck | BM10: ZoneEntry-RushBreakaway | BN10: ZoneExit-PenaltyKillClear | BQ10: AttemptedEntryPass
A11: Stoppage | B11: Shot-Deflected | C11: Shot-Poke | D11: Chip | E11: BeatDeke | H11: Shot_OnNetTippedGoal | R11: Pass-Deflected/TippedShot | S11: Pass-Deflected/TippedShot | T11: Pass-Deflected/TippedShot | U11: Pass-Deflected/TippedShot | V11: Giveaway-AttemptedZoneClear/Dump | X11: ZoneEntry-CausedTurnover | Y11: ZoneExit-Shot | AA11: Penalty-Holding | AB11: Penalty-Holding | AC11: Penalty-Holding | AD11: Stoppage-Penalty | AG11: Shot-Tip | AH11: Shot-Tip | AI11: Shot-Other | AJ11: Shot-Other | AK11: Shot-Other | AL11: Shot-Other | AM11: Save-Skate | AN11: Save-Skate | AO11: Shot-Dumpin | AP11: Shot-Dumpin | AQ11: Shot-Dumpin | AR11: Shot-Dumpin | AS11: Shot-BetweenLegs | AT11: Shot-BetweenLegs | AU11: Shot-BetweenLegs | AV11: Shot-Dumpin | AW11: Shot-BetweenLegs | AX11: Shot-BetweenLegs | AY11: Goal-BetweenLegs | AZ11: Goal-Other | BA11: Goal-Other | BD11: Play-Chip | BE11: Play-BeatSpeed | BG11: Possession | BH11: Shot-Dumpin | BJ11: Home Offside | BK11: AttemptedKeepin | BL11: BeatDeke | BM11: ZoneEntry-CausedTurnover | BN11: ZoneExit-Other | BQ11: AttemptedEntryRush
A12: Hit | B12: Shot-DeflectedOnNet | C12: Shot-BetweenLegs | D12: Other | E12: BeatSpeed | H12: Shot_OnNetDeflectedGoal | R12: Pass-ReceiverMissed | S12: Pass-ReceiverMissed | T12: Pass-ReceiverMissed | U12: Pass-ReceiverMissed | V12: Giveaway-ZoneEntry/ExitMisplay | X12: ZoneEntry-PenaltyKillClear | Y12: ZoneExit-Other | AA12: Penalty-Interference | AB12: Penalty-Interference | AC12: Penalty-Interference | AD12: Stoppage-Goal | AG12: Shot-Other | AH12: Shot-Other | AM12: Save-Other | AN12: Save-Other | AO12: Shot-OneTime | AP12: Shot-OneTime | AQ12: Shot-OneTime | AR12: Shot-OneTime | AS12: Shot-Dumpin | AT12: Shot-Dumpin | AU12: Shot-Dumpin | AV12: Shot-OneTime | AW12: Shot-Dumpin | AX12: Shot-Dumpin | AY12: Goal-Dumpin | BD12: Play-Other | BE12: Play-BoxOut | BG12: LoosePuck | BH12: Shot-OneTime | BJ12: Home Icing | BK12: Breakout | BL12: BeatFake | BM12: ZoneEntry-PenaltyKillClear | BQ12: AttemptedKeepin
A13: Possession | B13: Shot-Tipped | C13: Shot-Dumpin | D13: DumpChase | E13: BoxOut | H13: Shot_Goal | R13: Pass-OneTouch | S13: Pass-Other | T13: Pass-Other | U13: Pass-Other | V13: Giveaway-DumpInZone | X13: ZoneEntry-Shot | AA13: Penalty-Hooking | AB13: Penalty-Fighting | AC13: Penalty-Fighting | AO13: Shot-Tip | AP13: Shot_Tipped | AQ13: Shot_Tipped | AR13: Shot_Tipped | AS13: Shot-OneTime | AT13: Shot-OneTime | AU13: Shot-OneTime | AV13: Shot-Other | AW13: Shot-OneTime | AX13: Shot-OneTime | AY13: Goal-Deflection | BD13: Play-DumpChase | BE13: Play-AttemptedClear | BG13: Save | BH13: Shot_Tipped | BJ13: Away Offside | BK13: Breakout | BL13: BeatMiddle | BM13: ZoneEntry-Other | BQ13: AttemptedPass
A14: LoosePuck | B14: Pass-Completed | C14: Shot-Deflection | D14: Forecheck | E14: Other | H14: Shot_MissedPost | R14: Pass-SecondTouch | S14: Pass-SecondTouch | T14: Pass-SecondTouch | U14: Pass-SecondTouch | V14: Giveaway-Other | X14: ZoneEntry-Other | AA14: Penalty-Roughing | AB14: Penalty-Hooking | AC14: Penalty-Hooking | AO14: Shot-Other | AP14: Shot-Other | AQ14: Shot-Other | AR14: Shot-Other | AS14: Shot-Other | AT14: Shot-Other | AU14: Shot-Other | AV14: Shot-Deflection | AW14: Shot-Other | AX14: Shot-Other | AY14: Goal-OneTime | BD14: Play-Forecheck | BE14: Play-Other | BG14: TeamPossessionChange | BH14: Shot-Other | BJ14: Away Icing | BK14: CededZoneEntry | BL14: BeatSpeed | BQ14: AttemptedShot
A15: Save | B15: Pass-Missed | C15: Shot-OneTime | D15: Speed | R15: Pass-QuickUp | S15: Pass-QuickUp | T15: Pass-QuickUp | U15: Pass-QuickUp | AA15: Penalty-Slashing | AB15: Penalty-Roughing | AC15: Penalty-Roughing | AV15: Shot-Tip | AY15: Goal-Other | BD15: Play-Speed | BG15: Rebound | BJ15: Clock Problem | BK15: CededZoneExit | BL15: BeatWide | BQ15: AttemptedTip/Deflection
A16: TeamPossessionChange | B16: Pass-Deflected | C16: Shot-Other | R16: Pass-GiveAndGo | S16: Pass-GiveAndGo | T16: Pass-GiveAndGo | U16: Pass-GiveAndGo | AA16: Penalty-TooManyMenontheIce | AB16: Penalty-Slashing | AC16: Penalty-Slashing | BD16: Play-Dump/RimInZone | BJ16: Puck Frozen | BK16: Chip | BL16: BlockedShot | BQ16: Backcheck
A17: Rebound | B17: Pass-Intercepted | C17: Pass-Stretch | R17: Pass-Reverse | S17: Pass-Reverse | T17: Pass-Reverse | U17: Pass-Reverse | AA17: Penalty-Tripping | AB17: Penalty-Misconduct | AC17: Penalty-Misconduct | BJ17: Puck in Crowd | BK17: CrashNet | BL17: BoxOut | BQ17: BeatDeke
A18: DeadIce | B18: Turnover-Giveaway | C18: Pass-Rim/Wrap | R18: Pass-Other | S18: Pass-Other | T18: Pass-Other | U18: Pass-Other | AA18: Penalty-Other | AB18: Penalty-TooManyMenontheIce | AC18: Penalty-TooManyMenontheIce | BJ18: Goalie Stopped (after SOG) | BK18: CutBack | BL18: CededZoneEntry | BQ18: BeatFake
A19: Play | B19: Turnover-Takeaway | C19: Pass-Backhand | AB19: Penalty-Tripping | AC19: Penalty-Tripping | BJ19: Referee or Linesperson | BK19: Cycle | BL19: CededZoneExit | BQ19: BeatMiddle
A20: Timeout | B20: Zone-Entry | C20: Pass-Forehand | AB20: Penalty-UnsportsmanlikeConduct | AC20: Penalty-UnsportsmanlikeConduct | BJ20: High Stick | BK20: Deke | BL20: ClearingAttempt | BQ20: BeatSpeed
A21: Intermission | B21: Zone-Exit | C21: Pass-Bank | AB21: Penalty-Other | AC21: Penalty-Other | BJ21: Objects on Ice | BK21: Delay | BL21: Contain | BQ21: BeatWide
A22: Clockstop | B22: Zone-Keepin | C22: Pass-Other | BJ22: Hand Pass | BK22: DriveCorner | BL22: ForcedDumpin/Clear | BQ22: BlockedShot
A23: GameStart | B23: Penalty | C23: Giveaway-Misplayed | BJ23: Premature Substitution | BK23: DriveMiddle | BL23: ForcedLostPossession | BQ23: BoxOut
A24: GameEnd | B24: Penalty-Offsetting | C24: Giveaway-BattleLost | BJ24: Puck in Netting | BK24: DriveNetMiddle | BL24: ForcedMissedPass | BQ24: Breakout
A25: Penalty_Delayed | B25: Stoppage-Freeze | C25: Giveaway-PassIntercepted | BJ25: Puck in Benches | BK25: DriveNetWide | BL25: ForcedMissedShot | BQ25: CededZoneEntry
A26: Zone_Change | B26: Stoppage-OutfofPlay | C26: Giveaway-PassMissed | BJ26: Net Dislodged Offensive Skater | BK26: DriveWide | BL26: ForcedTurnover | BQ26: CededZoneExit
B27: Stoppage-PeriodEnd | C27: Giveaway-PassBlocked | BJ27: Puck Frzn-Goalie-Bynd Ctr | BK27: Dump/RimInZone | BL27: ForceWide | BQ27: Chip
B28: Stoppage-Goal | C28: Giveaway-ShotBlocked | BJ28: Skater Puck Frozen | BK28: DumpChase | BL28: Forecheck | BQ28: ClearingAttempt
B29: Stoppage-Penalty | C29: Giveaway-ShotMissed | BJ29: Valid stoppage type reasons (reason): | BK29: DumpInAttempt | BL29: FrontofNet | BQ29: Contain
B30: Shootout-OnNet | C30: Giveaway-Other | BJ30: TV timeout | BK30: EndToEndRush | BL30: GapControl | BQ30: CrashNet
B31: Shootout-Missed | C31: Takeaway-BattleWon | BJ31: Home Timeout | BK31: FakeShot | BL31: InShotPassLane | BQ31: CutBack
B32: Shootout-Saved | C32: Takeaway-PokeCheck | BJ32: Visitor Timeout | BK32: ForecedOutside | BL32: LoosePuckBattleLost | BQ32: Cycle
B33: PenaltyShot-OnNet | C33: Takeaway-PassIntercepted | BJ33: Player Injury | BK33: Forecheck | BL33: LoosePuckBattleWon | BQ33: DeflectedShot
B34: PenaltyShot-Missed | C34: Takeaway-PassBlocked | BJ34: Official Injury | BK34: FrontofNet | BL34: ManOnMan | BQ34: Deke
B35: PenaltyShot-Saved | C35: Takeaway-ShotBlocked | BJ35: Rink Repair | BK35: GiveAndGo | BL35: PassDeflected | BQ35: Delay
B36: LoosePuck-Forecheck | C36: Takeaway-Other | BJ36: Ice problem | BK36: LoosePuckBattleLost | BL36: PassIntercepted | BQ36: DelayedOffside
B37: LoosePuck-Battle | C37: ZoneEntry-Rush | BJ37: Player Equipment | BK37: LoosePuckBattleWon | BL37: PenaltyKillClear | BQ37: DriveCorner
B38: Save-Rebound | C38: ZoneEntry-Pass | BJ38: Video Review | BK38: LostPuck | BL38: PokeCheck | BQ38: DriveMiddle
... B43: Faceoff-GameStart | C43: Zone-KeepIn | BJ43: Chlg League - off-side | BK43: RecoveryRetreivalFaceoff | BL43: PuckRecoveryPass | BQ43: DumpChase
C44: Zone-Pinch | BJ44: Chlg League - goal interference | BK44: RecoveryRetreivalOther | BL44: PuckRecoveryRebound | BQ44: DumpInAttempt
C45: Zone-Other | BJ45: Switch sides | BK45: RecoveryRetreivalPass | BL45: PuckRecoveryShot | BQ45: EndToEndRush
C46: Save-Glove | BJ46: Chlg Hm - Missed stoppage | BK46: RecoveryRetreivalRebound | BL46: PuckRecoveryTurnover | BQ46: FakeShot
C47: Save-Blocker | BJ47: Chlg Vis - Missed stoppage | BK47: RecoveryRetreivalShot | BL47: PuckRetreivalFaceoff | BQ47: ForcedDumpin/Clear
C48: Save-LeftPad | BJ48: Chlg League - Missed stoppage | BK48: RecoveryRetreivalTurnover | BL48: PuckRetreivalOther | BQ48: ForcedLostPossession
C49: Save-RightPad | BJ49: Chlg Hm - puck over glass | BK49: RecoveryRetreivalFaceoff | BL49: PuckRetreivalPass | BQ49: ForcedMissedPass
C50: Save-Stick | BJ50: Chlg Vis - puck over glass | BK50: RecoveryRetreivalOther | BL50: PuckRetreivalTurnover | BQ50: ForcedMissedShot
C51: Save-Scramble | BJ51: Chlg League - puck over glass | BK51: RecoveryRetreivalPass | BL51: PuckRetrievalDumpIn | BQ51: ForcedTurnover
C52: Save-Butterfly | BJ52: Home Goal | BK52: RecoveryRetreivalRebound | BL52: PuckRetrievalRebound | BQ52: ForceWide
C53: Save-Chest | BJ53: Away Goal | BK53: RecoveryRetreivalShot | BL53: PuckRetrievalShot | BQ53: ForecedOutside
C54: Save-Other | BJ54: Away Goalie Stopped (after Home SOG) | BK54: RecoveryRetreivalTurnover | BL54: RegroupClear | BQ54: Forecheck
C55: Stoppage-StartofShootout | BJ55: Home Goalie Stopped (after Away SOG) | BK55: RecoveryRetrievalDumpIn | BL55: SeperateFromPuck | BQ55: FrontofNet
... C58: Stoppage-PuckOutofPlay | BJ58: GameEnd | BK58: ReceiverMissed | BL58: Surf | BQ58: InShotPassLane
C59: Stoppage-Penalty | BK59: Regroup | BL59: Tracker | BQ59: LoosePuckBattleLost
C60: Stoppage-Icing | BK60: RegroupDumpin | BL60: Zone | BQ60: LoosePuckBattleWon
C61: Stoppage-Offsides | BK61: Reverse | BL61: ZoneEntryDenial | BQ61: LostPuck
C62: Stoppage-GoalieStoppage | BK62: Screen | BL62: ZoneExitDenial | BQ62: ManOnMan
C63: Stoppage-ClockProblem | BK63: SecondTouch | BQ63: MisplayedPuck
C64: Stoppage-HighStick | BK64: Speed | BQ64: OpenIceDeke
C65: Stoppage-ObjectsonIce | BK65: Wheel | BQ65: Other
C66: Stoppage-HandPass | BK66: ZoneKeepin | BQ66: PassDeflected
C67: Stoppage-NetDislodged | BK67: AttemptedBlockedShot | BQ67: PassForTip
C68: Stoppage-HomeTimeout | BK68: AttemptedBreakOutClear | BQ68: PassIntercepted
C69: Stoppage-VisitorTimeout | BK69: AttemptedBreakOutPass | BQ69: PenaltyKillClear
C70: Stoppage-Injury | BK70: AttemptedBreakOutRush | BQ70: PokeCheck
C71: Stoppage-OfficialInjury | BK71: AttemptedEntryDumpIn | BQ71: Pressure
C72: Stoppage-RinkRepair | BK72: AttemptedEntryPass | BQ72: PuckRecoveryRetreivalAttemptedClear
C73: Stoppage-PlayerEquipment | BK73: AttemptedEntryRush | BQ73: PuckRecoveryRetreivalClear
C74: Stoppage-Challenge | BK74: AttemptedKeepin | BQ74: PuckRecoveryRetreivalDumpIn
... C98: Play-Defensive | BK98: LoosePuckBattleWon | BQ98: RegroupDumpin
BK99: ManOnMan | BQ99: Reverse
BK100: PassDeflected | BQ100: Screen
BK101: PassIntercepted | BQ101: SecondTouch
BK102: PenaltyKillClear | BQ102: SeperateFromPuck
BK103: PokeCheck | BQ103: Speed
BK104: Pressure | BQ104: StickCheck
BK105: PuckRecoveryRetreivalDumpIn | BQ105: StoppedDeke
BK106: PuckRecoveryRetreivalFaceoff | BQ106: Surf
BK107: PuckRecoveryRetreivalOther | BQ107: Tracker
BK108: PuckRecoveryRetreivalPass | BQ108: Wheel
BK109: PuckRecoveryRetreivalRebound | BQ109: Zone
BK110: PuckRecoveryRetreivalShot | BQ110: ZoneEntryDenial
... BK112: PuckRecoveryRetreivalFaceoff | BQ112: ZoneKeepin
BK113: PuckRecoveryRetreivalOther | BQ113: 0
BK114: PuckRecoveryRetreivalPass
BK115: PuckRecoveryRetreivalTurnover
BK116: PuckRetrievalDumpIn
BK117: PuckRetrievalRebound
BK118: PuckRetrievalShot
BK119: RegroupClear
BK120: SeperateFromPuck
BK121: StickCheck
BK122: StoppedDeke
BK123: Surf
BK124: Tracker
BK125: Zone
... BK139: PassForTip

Sheet events
A1: event_index_flag_ | B1: sequence_index_flag_ | C1: play_index_flag_ | D1: linked_event_index_flag_ | E1: event_start_min_ | F1: event_start_sec_ | G1: event_end_min_ | H1: event_end_sec_ | I1: player_game_number_ | J1: event_team_zone_ | K1: event_type_ | L1: event_detail_ | M1: event_detail_2_ | N1: event_successful_ | O1: play_detail1_ | P1: play_detail2_ | Q1: play_detail_successful_ | R1: pressured_pressurer_ | S1: event_index_ | T1: linked_event_index_ | U1: sequence_index_ | V1: play_index_ | W1: team_ | X1: player_game_number | Y1: player_num_dup_ | Z1: role_abrev_binary_ | AA1: event_index | AB1: linked_event_index | AC1: tracking_event_index | AD1: period | AE1: event_start_min | AF1: event_start_sec | AG1: event_end_min | AH1: event_end_sec | AI1: role_abrev | AJ1: event_team_zone2_ | AK1: event_team_zone | AL1: home_team_zone_ | AM1: away_team_zone_ | AN1: team_venue_ | AO1: team_venue_abv_ | AP1: home_team_zone | AQ1: away_team_zone | AR1: team_venue | AS1: team_venue_abv | AT1: side_of_puck | AU1: sequence_index | AV1: play_index | AW1: play_detail1 | AX1: play_detail_2 | AY1: play_detail_successful | AZ1: pressured_pressurer | BA1: zone_change_index | BB1: game_id | BC1: home_team | BD1: away_team | BE1: Type | BF1: event_detail | BG1: event_detail_2 | BH1: event_successful | BI1: shift_index | BJ1: duration | BK1: time_start_total_seconds | BL1: time_end_total_seconds | BM1: running_intermission_duration | BN1: period_start_total_running_seconds | BO1: running_video_time | BP1: event_running_start | BQ1: event_running_end | BR1: player_role | BS1: role_number | BT1: player_id | BU1: player_team
K2: GameStart | S2: 0 | Y2: =IF(X2<>"",VLOOKUP(X2,game_rosters!$C$43:$E$64,3,FALSE)) -> FALSE | Z2: x | AA2: =S2+1000 -> 1000 | AB2: =IF(T2<>"",9000+T2,"") | AC2: =IF(AB2<>"",AB2,S2+1000) -> 1000 | AD2: 1 | AG2: =IF(G2<>"",G2,IF($S2=$S1,AG1,"")) | AH2: =IF(H2<>"",H2,IF($S2=$S1,AH1,"")) | AI2: =IF(Z2="x","",IF(Z2=1,"e","o")) | AJ2: =IF($J2<>"",$J2,IF($AC2=$AC1,AJ1,"")) | AK2: =IF($J2<>"",$J2,IF($AC2=$AC1,AK1,"")) | AL2: =IF($W2="","",IF($AJ2="","",IF($W2="h",$AJ2,IF($AJ2="n","n",IF(AND($W2="a",$AJ2="d"),"o",IF(AND($W2="a",$AJ2="o"),"d")))))) | AM2: =IF($W2="","",IF(J2="","",IF(AL2="n","n",IF(AL2="d","o",IF(AL2="o","d",""))))) | AN2: =IF(AO2="H","Home",IF(AO2="A","Away","")) | AO2: =IF($W2<>"",$W2,IF($AC2=$AC1,AO1,"")) | AP2: =IF(AL2<>"",AL2,IF($AC2=$AC1,AP1,"")) | AQ2: =IF(AM2<>"",AM2,IF($AC2=$AC1,AQ1,"")) | AR2: =IF(AN2<>"",AN2,IF($AC2=$AC1,AR1,"")) | AS2: =IF(AO2<>"",AO2,IF($AC2=$AC1,AS1,"")) | AT2: =IF(AND(AI2="e",OR(BE2="Save",BF2="Turnover_Takeaway",BF2="Play_Defensive")),"Defensive",IF(AND(AI2="o",OR(BE2="Save",BF2="Turnover_Takeaway",BF2="Play_Defensive")),"Offensive",IF(OR(BE2="Deadice",BE2="Stoppage",BE2="Intermission"),"",IF(AI2="e","Offensive",IF(AI2="o","Defensive",""))))) | AU2: =IF(U2<>"",U2+5000,"") | AV2: =IF(V2<>"",V2+6000,"") | AW2: {=IFERROR(IF(O2<>"",O2,IF(OR($S2="",$T2=""),"",IF(O2<>"",O2,IF($T2<>"",_xlfn._xlws.FILTER(O:O,($BU:$BU=$BU2)*($I:$I=$I2)*($T:$T=$T2)*($S:$S=_xlfn.MINIFS($S:$S,$T:$T,"="&$T2)),"")))))&"",IF(O2="","",""))&""} | AX2: {=IFERROR(IF(P2<>"",P2,IF(OR($S2="",$T2=""),"",IF($T2<>"",_xlfn._xlws.FILTER(P:P,($BU:$BU=$BU2)*($I:$I=$I2)*($T:$T=$T2)*($S:$S=_xlfn.MINIFS($S:$S,$T:$T,"="&$T2)),""))))&"",IF(P2="","",""))&""} | AY2: {=IFERROR(IF(Q2<>"",Q2,IF(OR($S2="",$T2=""),"",IF($T2<>"",_xlfn._xlws.FILTER(Q:Q,($BU:$BU=$BU2)*($I:$I=$I2)*($T:$T=$T2)*($S:$S=_xlfn.MINIFS($S:$S,$T:$T,"="&$T2)),""))))&"",IF(Q2="","",""))&""} | AZ2: {=IFERROR(IF(R2<>"",R2,IF(OR($S2="",$T2=""),"",IF($T2<>"",_xlfn._xlws.FILTER(R:R,($BU:$BU=$BU2)*($I:$I=$I2)*($T:$T=$T2)*($S:$S=_xlfn.MINIFS($S:$S,$T:$T,"="&$T2)),""))))&"",IF(R2="","",""))&""} | BA2: 1 | BB2: 18969 | BC2: Platinum | BD2: Velodrome | BE2: =IF(K2<>"",K2,IF(S2=S1,K2,"")) -> GameStart | BN2: 0 | BO2: 0 | BP2: =IF(BO2<5,0,BO2-5) -> 0 | BQ2: =BP2+BJ2+5 -> 5 | BT2: =IFERROR(VLOOKUP(BB2&BU2&I2,game_rosters!U:W,3,FALSE),"") | BU2: =IF(AR2="","",IF(AND(AR2="Away",AI2="e"),BD2,IF(AND(AR2="Home",AI2="e"),BC2,IF(AND(AR2="Away",AI2="o"),BC2,IF(AND(AR2="Home",AI2="o"),BD2)))))
A3: 1 | E3: 18 | F3: 00 | J3: n | K3: Faceoff | L3: Faceoff_GameStart | N3: =IF(K3="","",IF(K3="Goal","s",IF(AND(K3="Zone_Entry_Exit",OR(ISNUMBER(SEARCH("fail",L3)),ISNUMBER(SEARCH("FromExitClear",M3)),ISNUMBER(SEARCH("miss",M3)))),"u",IF(AND(K3="Zone_Entry_Exit",OR(NOT(ISNUMBER(SEARCH("fail",L3))),NOT(ISNUMBER(SEARCH("FromExitClear",M3))),NOT(ISNUMBER(SEARCH("miss",M3))))),"s",IF(AND(OR(K3="Shot",K3="Pass"),OR(ISNUMBER(SEARCH("complete",L3)),ISNUMBER(SEARCH("goal",L3)),ISNUMBER(SEARCH("OnNet",L3)))),"s",IF(L3="Turnover_Giveaway","u",IF(AND(OR(K3="Shot",K3="Pass"),OR(ISNUMBER(SEARCH("fail",L3)),NOT(ISNUMBER(SEARCH("complete",L3))),NOT(ISNUMBER(SEARCH("OnNet",L3))))),"u",""))))))) | Q3: =IF(O3="","",IF(AND(N3<>"",OR(O3<>"",P3<>"")),N3,IF(OR(ISNUMBER(SEARCH("attemp",O3)),ISNUMBER(SEARCH("mis",O3)),ISNUMBER(SEARCH("fail",O3)),ISNUMBER(SEARCH("loss",O3)),ISNUMBER(SEARCH("lost",O3)),ISNUMBER(SEARCH("attemp",P3)),ISNUMBER(SEARCH("mis",P3)),ISNUMBER(SEARCH("fail",P3)),ISNUMBER(SEARCH("loss",P3)),ISNUMBER(SEARCH("lost",P3))),"u",""))) | S3: =IF(A3=1,MAX($S$2:$S2)+1,IF($I3<>"",$S2,"")) -> 1 | T3: =IF(D3=1,MAX($T$2:$T2)+1,IF(S3=S2,$T2,IF(D3="x",T2,IF(D2="x","","")))) | U3: =IF(B3=1,MAX($U$2:$U2)+1,IF(AND($T3<>"",$T3=$T2),$U2,IF(B3="x",U2,""))) | V3: =IF(C3=1,MAX($V$2:$V2)+1,IF(AND($T3<>"",$T3=$T2),$U2,IF(C3="x",V2,""))) | W3: h | X3: {=IF(S3="","",IF($I3<>"",$I3,INDEX($I$2:$I2,ROW()-COUNTIFS($T$2:$T2,"="&$T3,$S$2:$S2,"<>"&$S3)-1)))} -> 0 | Y3: =IF(X3<>"",VLOOKUP(X3,game_rosters!$C$43:$E$64,3,FALSE)) -> #N/A | Z3: {=IFERROR(IF(_xlfn._xlws.FILTER(game_rosters!$J:$J,(game_rosters!$G:$G=events!$AN3)*(game_rosters!$J:$J=events!$X3))>0,1,""),"")} | AA3: =S3+1000 -> 1001 | AB3: =IF(T3<>"",9000+T3,"") | AC3: =IF(AB3<>"",AB3,S3+1000) -> 1001 | AD3: =IF(K3="Intermission",AD2+1,AD2) -> 1 | AE3: =IF(E3<>"",E3,IF($AC3=$AC2,AE2,IF(AG2<>"",AG2,IF(AE2<>"",AE2,"")))) -> 18 | AF3: =IF(F3<>"",F3,IF($AC3=$AC2,AF2,IF(AH2<>"",AH2,IF(AF2<>"",AF2,"")))) -> 00 | AG3: =IF(G3<>"",G3,IF($AC3=$AC2,AG2,IF(H3="","",AE3))) | AI3: =IF(Z3="x","",IF(Z3=1,"e","o")) -> o | AJ3: =IF($J3<>"",$J3,IF($AC3=$AC2,AJ2,"")) -> n | AK3: =IF($J3<>"",$J3,IF($AC3=$AC2,AK2,"")) -> n | AL3: =IF($W3="","",IF($AJ3="","",IF($W3="h",$AJ3,IF($AJ3="n","n",IF(AND($W3="a",$AJ3="d"),"o",IF(AND($W3="a",$AJ3="o"),"d")))))) -> n | AM3: =IF($W3="","",IF(J3="","",IF(AL3="n","n",IF(AL3="d","o",IF(AL3="o","d",""))))) -> n | AN3: =IF(AO3="H","Home",IF(AO3="A","Away","")) -> Home | AO3: =IF($W3<>"",$W3,IF($AC3=$AC2,AO2,"")) -> h | AP3: =IF(AL3<>"",AL3,IF($AC3=$AC2,AP2,"")) -> n | AQ3: =IF(AM3<>"",AM3,IF($AC3=$AC2,AQ2,"")) -> n | AR3: =IF(AN3<>"",AN3,IF($AC3=$AC2,AR2,"")) -> Home | AS3: =IF(AO3<>"",AO3,IF($AC3=$AC2,AS2,"")) -> h | AT3: =IF(AND(AI3="e",OR(BE3="Save",BF3="Turnover_Takeaway",BF3="Play_Defensive")),"Defensive",IF(AND(AI3="o",OR(BE3="Save",BF3="Turnover_Takeaway",BF3="Play_Defensive")),"Offensive",IF(OR(BE3="Deadice",BE3="Stoppage",BE3="Intermission"),"",IF(AI3="e","Offensive",IF(AI3="o","Defensive",""))))) -> Defensive | AU3: =IF(U3<>"",U3+5000,"") | AV3: =IF(V3<>"",V3+6000,"") | AW3: {=IFERROR(IF(O3<>"",O3,IF(OR($S3="",$T3=""),"",IF(O3<>"",O3,IF($T3<>"",_xlfn._xlws.FILTER(O:O,($BU:$BU=$BU3)*($I:$I=$I3)*($T:$T=$T3)*($S:$S=_xlfn.MINIFS($S:$S,$T:$T,"="&$T3)),"")))))&"",IF(O3="","",""))&""} | AX3: {=IFERROR(IF(P3<>"",P3,IF(OR($S3="",$T3=""),"",IF($T3<>"",_xlfn._xlws.FILTER(P:P,($BU:$BU=$BU3)*($I:$I=$I3)*($T:$T=$T3)*($S:$S=_xlfn.MINIFS($S:$S,$T:$T,"="&$T3)),""))))&"",IF(P3="","",""))&""} | AY3: {=IFERROR(IF(Q3<>"",Q3,IF(OR($S3="",$T3=""),"",IF($T3<>"",_xlfn._xlws.FILTER(Q:Q,($BU:$BU=$BU3)*($I:$I=$I3)*($T:$T=$T3)*($S:$S=_xlfn.MINIFS($S:$S,$T:$T,"="&$T3)),""))))&"",IF(Q3="","",""))&""} | AZ3: {=IFERROR(IF(R3<>"",R3,IF(OR($S3="",$T3=""),"",IF($T3<>"",_xlfn._xlws.FILTER(R:R,($BU:$BU=$BU3)*($I:$I=$I3)*($T:$T=$T3)*($S:$S=_xlfn.MINIFS($S:$S,$T:$T,"="&$T3)),""))))&"",IF(R3="","",""))&""} | BA3: =IF(OR(L3="Zone_Entry",L3="Zone_Exit"),BA2+1,BA2) -> 1 | BB3: =BB2 -> 18969 | BC3: =BC2 -> Platinum | BD3: =BD2 -> Velodrome | BE3: =IF($K3<>"",$K3,IF($S3=$S2,BE2,"")) -> Faceoff | BF3: =IF(L3<>"",L3,IF($S3=$S2,BF2,"")) -> Faceoff_GameStart | BG3: =IF(M3<>"",M3,IF($S3=$S2,BG2,"")) | BH3: =IF($N3<>"",$N3,IF($S3=$S2,BH2,"")) | BI3: {=IFERROR(_xlfn._xlws.FILTER(shifts!A:A,(shifts!B:B=events!AD3)*(shifts!AG:AG>=events!BK3)*(shifts!AH:AH<=events!BL3)),BI2)} -> 1 | BJ3: =IF(AND(AG3="",AH3=""),0,((AE3*60)+AF3)-((AG3*60)+AH3)) -> 0 | BK3: =(AE3*60)+AF3 -> 1080 | BL3: =IF(AND(AG3="",AH3=""),BK3,((AG3*60)+AH3)) -> 1080 | BM3: =SUMIFS(BJ$2:BJ3,K$2:K3,"=Intermission")+SUMIFS(BJ$2:BJ3,K$2:K3,"=Timeout") -> 0 | BN3: =IF(AD3=1,0,IF(AD3=2,1080+BM3,IF(AD3=3,(1080*2)+BM3,0))) -> 0 | BO3: =IF(K3="Intermission",BO2,((1080)-((AE3*60)+AF3))+BN3) -> 0 | BP3: =IF(BO3<5,0,BO3-5) -> 0 | BQ3: =BP3+BJ3+5 -> 5 | BR3: =IF(AI3="e","event_team_player_"&BS3,IF(AI3="o","opp_team_player_"&BS3,"")) -> opp_team_player_1 | BS3: =COUNTIFS(S$3:S3,"="&S3,AI$3:AI3,"="&AI3) -> 1 | BT3: =IFERROR(VLOOKUP(BB3&BU3&X3,game_rosters!U:W,3,FALSE),"") | BU3: =IF(AR3="","",IF(AND(AR3="Away",AI3="e"),BD3,IF(AND(AR3="Home",AI3="e"),BC3,IF(AND(AR3="Away",AI3="o"),BC3,IF(AND(AR3="Home",AI3="o"),BD3))))) -> Velodrome
A4: =IF(K4<>"",1,IF(D4="x","x","")) | N4: =IF(K4="","",IF(K4="Goal","s",IF(AND(K4="Zone_Entry_Exit",OR(ISNUMBER(SEARCH("fail",L4)),ISNUMBER(SEARCH("FromExitClear",M4)),ISNUMBER(SEARCH("miss",M4)))),"u",IF(AND(K4="Zone_Entry_Exit",OR(NOT(ISNUMBER(SEARCH("fail",L4))),NOT(ISNUMBER(SEARCH("FromExitClear",M4))),NOT(ISNUMBER(SEARCH("miss",M4))))),"s",IF(AND(OR(K4="Shot",K4="Pass"),OR(ISNUMBER(SEARCH("complete",L4)),ISNUMBER(SEARCH("goal",L4)),ISNUMBER(SEARCH("OnNet",L4)))),"s",IF(L4="Turnover_Giveaway","u",IF(AND(OR(K4="Shot",K4="Pass"),OR(ISNUMBER(SEARCH("fail",L4)),NOT(ISNUMBER(SEARCH("complete",L4))),NOT(ISNUMBER(SEARCH("OnNet",L4))))),"u",""))))))) | Q4: =IF(O4="","",IF(AND(N4<>"",OR(O4<>"",P4<>"")),N4,IF(OR(ISNUMBER(SEARCH("attemp",O4)),ISNUMBER(SEARCH("mis",O4)),ISNUMBER(SEARCH("fail",O4)),ISNUMBER(SEARCH("loss",O4)),ISNUMBER(SEARCH("lost",O4)),ISNUMBER(SEARCH("attemp",P4)),ISNUMBER(SEARCH("mis",P4)),ISNUMBER(SEARCH("fail",P4)),ISNUMBER(SEARCH("loss",P4)),ISNUMBER(SEARCH("lost",P4))),"u",""))) | S4: =IF(A4=1,MAX($S$2:$S3)+1,IF($I4<>"",$S3,"")) | T4: =IF(D4=1,MAX($T$2:$T3)+1,IF(S4=S3,$T3,IF(D4="x",T3,IF(D3="x","","")))) | U4: =IF(B4=1,MAX($U$2:$U3)+1,IF(AND($T4<>"",$T4=$T3),$U3,IF(B4="x",U3,""))) | V4: =IF(C4=1,MAX($V$2:$V3)+1,IF(AND($T4<>"",$T4=$T3),$U3,IF(C4="x",V3,""))) | W4: {=IFERROR(_xlfn._xlws.FILTER(game_rosters!AB:AB,(game_rosters!J:J=events!X4)*(K4<>"")),"")} | X4: {=IF(S4="","",IF($I4<>"",$I4,INDEX($I$2:$I3,ROW()-COUNTIFS($T$2:$T3,"="&$T4,$S$2:$S3,"<>"&$S4)-1)))} | Y4: =IF(X4<>"",VLOOKUP(X4,game_rosters!$C$43:$E$64,3,FALSE)) -> FALSE | Z4: {=IFERROR(IF(_xlfn._xlws.FILTER(game_rosters!$J:$J,(game_rosters!$G:$G=events!$AN4)*(game_rosters!$J:$J=events!$X4))>0,1,""),"")} | AA4: =S4+1000 -> #VALUE! | AB4: =IF(T4<>"",9000+T4,"") | AC4: =IF(AB4<>"",AB4,S4+1000) -> #VALUE! | AD4: =IF(K4="Intermission",AD3+1,AD3) -> 1 | AE4: =IF(E4<>"",E4,IF($AC4=$AC3,AE3,IF(AG3<>"",AG3,IF(AE3<>"",AE3,"")))) -> #VALUE! | AF4: =IF(F4<>"",F4,IF($AC4=$AC3,AF3,IF(AH3<>"",AH3,IF(AF3<>"",AF3,"")))) -> #VALUE! | AG4: =IF(G4<>"",G4,IF($AC4=$AC3,AG3,IF(H4="","",AE4))) -> #VALUE! | AI4: =IF(Z4="x","",IF(Z4=1,"e","o")) -> o | AJ4: =IF($J4<>"",$J4,IF($AC4=$AC3,AJ3,"")) -> #VALUE! | AK4: =IF($J4<>"",$J4,IF($AC4=$AC3,AK3,"")) -> #VALUE! | AL4: =IF($W4="","",IF($AJ4="","",IF($W4="h",$AJ4,IF($AJ4="n","n",IF(AND($W4="a",$AJ4="d"),"o",IF(AND($W4="a",$AJ4="o"),"d")))))) | AM4: =IF($W4="","",IF(J4="","",IF(AL4="n","n",IF(AL4="d","o",IF(AL4="o","d",""))))) | AN4: =IF(AO4="H","Home",IF(AO4="A","Away","")) -> #VALUE! | AO4: =IF($W4<>"",$W4,IF($AC4=$AC3,AO3,"")) -> #VALUE! | AP4: =IF(AL4<>"",AL4,IF($AC4=$AC3,AP3,"")) -> #VALUE! | AQ4: =IF(AM4<>"",AM4,IF($AC4=$AC3,AQ3,"")) -> #VALUE! | AR4: =IF(AN4<>"",AN4,IF($AC4=$AC3,AR3,"")) -> #VALUE! | AS4: =IF(AO4<>"",AO4,IF($AC4=$AC3,AS3,"")) -> #VALUE! | AT4: =IF(AND(AI4="e",OR(BE4="Save",BF4="Turnover_Takeaway",BF4="Play_Defensive")),"Defensive",IF(AND(AI4="o",OR(BE4="Save",BF4="Turnover_Takeaway",BF4="Play_Defensive")),"Offensive",IF(OR(BE4="Deadice",BE4="Stoppage",BE4="Intermission"),"",IF(AI4="e","Offensive",IF(AI4="o","Defensive",""))))) -> Defensive | AU4: =IF(U4<>"",U4+5000,"") | AV4: =IF(V4<>"",V4+6000,"") | AW4: {=IFERROR(IF(O4<>"",O4,IF(OR($S4="",$T4=""),"",IF(O4<>"",O4,IF($T4<>"",_xlfn._xlws.FILTER(O:O,($BU:$BU=$BU4)*($I:$I=$I4)*($T:$T=$T4)*($S:$S=_xlfn.MINIFS($S:$S,$T:$T,"="&$T4)),"")))))&"",IF(O4="","",""))&""} | AX4: {=IFERROR(IF(P4<>"",P4,IF(OR($S4="",$T4=""),"",IF($T4<>"",_xlfn._xlws.FILTER(P:P,($BU:$BU=$BU4)*($I:$I=$I4)*($T:$T=$T4)*($S:$S=_xlfn.MINIFS($S:$S,$T:$T,"="&$T4)),""))))&"",IF(P4="","",""))&""} | AY4: {=IFERROR(IF(Q4<>"",Q4,IF(OR($S4="",$T4=""),"",IF($T4<>"",_xlfn._xlws.FILTER(Q:Q,($BU:$BU=$BU4)*($I:$I=$I4)*($T:$T=$T4)*($S:$S=_xlfn.MINIFS($S:$S,$T:$T,"="&$T4)),""))))&"",IF(Q4="","",""))&""} | AZ4: {=IFERROR(IF(R4<>"",R4,IF(OR($S4="",$T4=""),"",IF($T4<>"",_xlfn._xlws.FILTER(R:R,($BU:$BU=$BU4)*($I:$I=$I4)*($T:$T=$T4)*($S:$S=_xlfn.MINIFS($S:$S,$T:$T,"="&$T4)),""))))&"",IF(R4="","",""))&""} | BA4: =IF(OR(L4="Zone_Entry",L4="Zone_Exit"),BA3+1,BA3) -> 1 | BB4: =BB3 -> 18969 | BC4: =BC3 -> Platinum | BD4: =BD3 -> Velodrome | BE4: =IF($K4<>"",$K4,IF($S4=$S3,BE3,"")) | BF4: =IF(L4<>"",L4,IF($S4=$S3,BF3,"")) | BG4: =IF(M4<>"",M4,IF($S4=$S3,BG3,"")) | BH4: =IF($N4<>"",$N4,IF($S4=$S3,BH3,"")) | BI4: {=IFERROR(_xlfn._xlws.FILTER(shifts!A:A,(shifts!B:B=events!AD4)*(shifts!AG:AG>=events!BK4)*(shifts!AH:AH<=events!BL4)),BI3)} -> 1 | BJ4: =IF(AND(AG4="",AH4=""),0,((AE4*60)+AF4)-((AG4*60)+AH4)) -> #VALUE! | BK4: =(AE4*60)+AF4 -> #VALUE! | BL4: =IF(AND(AG4="",AH4=""),BK4,((AG4*60)+AH4)) -> #VALUE! | BM4: =SUMIFS(BJ$2:BJ4,K$2:K4,"=Intermission")+SUMIFS(BJ$2:BJ4,K$2:K4,"=Timeout") -> 0 | BN4: =IF(AD4=1,0,IF(AD4=2,1080+BM4,IF(AD4=3,(1080*2)+BM4,0))) -> 0 | BO4: =IF(K4="Intermission",BO3,((1080)-((AE4*60)+AF4))+BN4) -> #VALUE! | BP4: =IF(BO4<5,0,BO4-5) -> #VALUE! | BQ4: =BP4+BJ4+5 -> #VALUE! | BR4: =IF(AI4="e","event_team_player_"&BS4,IF(AI4="o","opp_team_player_"&BS4,"")) -> opp_team_player_0 | BS4: =COUNTIFS(S$3:S4,"="&S4,AI$3:AI4,"="&AI4) -> 0 | BT4: =IFERROR(VLOOKUP(BB4&BU4&X4,game_rosters!U:W,3,FALSE),"") | BU4: =IF(AR4="","",IF(AND(AR4="Away",AI4="e"),BD4,IF(AND(AR4="Home",AI4="e"),BC4,IF(AND(AR4="Away",AI4="o"),BC4,IF(AND(AR4="Home",AI4="o"),BD4))))) -> #VALUE!
A5: =IF(K5<>"",1,IF(D5="x","x","")) | J5: =IF(OR(K5="Goal",K5="Shot",L5="Zone_Entry",M5="Stoppage-Goal",M4="Stoppage-Goal"),"o",IF(OR(K5="Save",K5="Rebound",L5="Zone_Exit",M5="Stoppage-GoalieStoppage",M4="Stoppage-GoalieStoppage"),"d",IF(OR(L5="Faceoff_AfterGoal",L5="Faceoff_PeriodStart",698="Faceoff_GameStart",M4="Stoppage-Goal"),"n",""))) | N5: =IF(K5="","",IF(K5="Goal","s",IF(AND(K5="Zone_Entry_Exit",OR(ISNUMBER(SEARCH("fail",L5)),ISNUMBER(SEARCH("FromExitClear",M5)),ISNUMBER(SEARCH("miss",M5)))),"u",IF(AND(K5="Zone_Entry_Exit",OR(NOT(ISNUMBER(SEARCH("fail",L5))),NOT(ISNUMBER(SEARCH("FromExitClear",M5))),NOT(ISNUMBER(SEARCH("miss",M5))))),"s",IF(AND(OR(K5="Shot",K5="Pass"),OR(ISNUMBER(SEARCH("complete",L5)),ISNUMBER(SEARCH("goal",L5)),ISNUMBER(SEARCH("OnNet",L5)))),"s",IF(L5="Turnover_Giveaway","u",IF(AND(OR(K5="Shot",K5="Pass"),OR(ISNUMBER(SEARCH("fail",L5)),NOT(ISNUMBER(SEARCH("complete",L5))),NOT(ISNUMBER(SEARCH("OnNet",L5))))),"u",""))))))) | Q5: =IF(O5="","",IF(AND(N5<>"",OR(O5<>"",P5<>"")),N5,IF(OR(ISNUMBER(SEARCH("attemp",O5)),ISNUMBER(SEARCH("beat",O5)),ISNUMBER(SEARCH("mis",O5)),ISNUMBER(SEARCH("fail",O5)),ISNUMBER(SEARCH("loss",O5)),ISNUMBER(SEARCH("lost",O5)),ISNUMBER(SEARCH("attemp",P5)),ISNUMBER(SEARCH("mis",P5)),ISNUMBER(SEARCH("fail",P5)),ISNUMBER(SEARCH("loss",P5)),ISNUMBER(SEARCH("beat",P5)),ISNUMBER(SEARCH("lost",P5))),"u",""))) | S5: =IF(A5=1,MAX(S$2:S4)+1,IF(OR(I5<>"",A5="x"),#REF!,"")) | T5: =IF(D5=1,MAX($T$2:$T4)+1,IF(S5=$S4,$S4,IF($D5="x",T4,IF($D4="x","","")))) | U5: =IF(B5=1,MAX($U$2:$U4)+1,IF(AND($T5<>"",$T5=$T4),$U4,IF(B5="x",U4,""))) | V5: =IF(C5=1,MAX($V$2:$V4)+1,IF(AND($T5<>"",$T5=$T4),$U4,IF(C5="x",V4,""))) | W5: {=IFERROR(_xlfn._xlws.FILTER(game_rosters!AB:AB,(game_rosters!J:J=events!X5)*(K5<>"")),"")} | X5: {=IF(S5="","",IF($I5<>"",$I5,INDEX($I$2:$I4,ROW()-COUNTIFS($T$2:$T4,"="&$T5,$S$2:$S4,"<>"&$S5)-1)))} | Y5: =IF(X5<>"",VLOOKUP(X5,game_rosters!$C$43:$E$64,3,FALSE)) -> FALSE | Z5: {=IFERROR(IF(_xlfn._xlws.FILTER(game_rosters!$J:$J,(game_rosters!$G:$G=events!$AN5)*(game_rosters!$J:$J=events!$X5))>0,1,""),"")} -> #VALUE! | AA5: =S5+1000 -> #VALUE! | AB5: =IF(T5<>"",9000+T5,"") | AC5: =IF(AB5<>"",AB5,S5+1000) -> #VALUE!
A6: =IF(K6<>"",1,IF(D6="x","x","")) | J6: =IF(OR(K6="Goal",K6="Shot",L6="Zone_Entry",M6="Stoppage-Goal",M5="Stoppage-Goal"),"o",IF(OR(K6="Save",K6="Rebound",L6="Zone_Exit",M6="Stoppage-GoalieStoppage",M5="Stoppage-GoalieStoppage"),"d",IF(OR(L6="Faceoff_AfterGoal",L6="Faceoff_PeriodStart",698="Faceoff_GameStart",M5="Stoppage-Goal"),"n",""))) | N6: =IF(K6="","",IF(K6="Goal","s",IF(AND(K6="Zone_Entry_Exit",OR(ISNUMBER(SEARCH("fail",L6)),ISNUMBER(SEARCH("FromExitClear",M6)),ISNUMBER(SEARCH("miss",M6)))),"u",IF(AND(K6="Zone_Entry_Exit",OR(NOT(ISNUMBER(SEARCH("fail",L6))),NOT(ISNUMBER(SEARCH("FromExitClear",M6))),NOT(ISNUMBER(SEARCH("miss",M6))))),"s",IF(AND(OR(K6="Shot",K6="Pass"),OR(ISNUMBER(SEARCH("complete",L6)),ISNUMBER(SEARCH("goal",L6)),ISNUMBER(SEARCH("OnNet",L6)))),"s",IF(L6="Turnover_Giveaway","u",IF(AND(OR(K6="Shot",K6="Pass"),OR(ISNUMBER(SEARCH("fail",L6)),NOT(ISNUMBER(SEARCH("complete",L6))),NOT(ISNUMBER(SEARCH("OnNet",L6))))),"u",""))))))) | Q6: =IF(O6="","",IF(AND(N6<>"",OR(O6<>"",P6<>"")),N6,IF(OR(ISNUMBER(SEARCH("attemp",O6)),ISNUMBER(SEARCH("beat",O6)),ISNUMBER(SEARCH("mis",O6)),ISNUMBER(SEARCH("fail",O6)),ISNUMBER(SEARCH("loss",O6)),ISNUMBER(SEARCH("lost",O6)),ISNUMBER(SEARCH("attemp",P6)),ISNUMBER(SEARCH("mis",P6)),ISNUMBER(SEARCH("fail",P6)),ISNUMBER(SEARCH("loss",P6)),ISNUMBER(SEARCH("beat",P6)),ISNUMBER(SEARCH("lost",P6))),"u",""))) | S6: =IF(A6=1,MAX(S$2:S5)+1,IF(OR(I6<>"",A6="x"),S5,"")) | T6: =IF(D6=1,MAX($T$2:$T5)+1,IF(S6=$S5,$S5,IF($D6="x",T5,IF($D5="x","","")))) | U6: =IF(B6=1,MAX($U$2:$U5)+1,IF(AND($T6<>"",$T6=$T5),$U5,IF(B6="x",U5,""))) | V6: =IF(C6=1,MAX($V$2:$V5)+1,IF(AND($T6<>"",$T6=$T5),$U5,IF(C6="x",V5,""))) | W6: {=IFERROR(_xlfn._xlws.FILTER(game_rosters!AB:AB,(game_rosters!J:J=events!X6)*(K6<>"")),"")} | X6: {=IF(S6="","",IF($I6<>"",$I6,INDEX($I$2:$I5,ROW()-COUNTIFS($T$2:$T5,"="&$T6,$S$2:$S5,"<>"&$S6)-1)))} | Y6: =IF(X6<>"",VLOOKUP(X6,game_rosters!$C$43:$E$64,3,FALSE)) -> FALSE | Z6: {=IFERROR(IF(_xlfn._xlws.FILTER(game_rosters!$J:$J,(game_rosters!$G:$G=events!$AN6)*(game_rosters!$J:$J=events!$X6))>0,1,""),"")} -> #VALUE! | AA6: =S6+1000 -> #VALUE! | AB6: =IF(T6<>"",9000+T6,"") | AC6: =IF(AB6<>"",AB6,S6+1000) -> #VALUE!
A7: =IF(K7<>"",1,IF(D7="x","x","")) | J7: =IF(OR(K7="Goal",K7="Shot",L7="Zone_Entry",M7="Stoppage-Goal",M6="Stoppage-Goal"),"o",IF(OR(K7="Save",K7="Rebound",L7="Zone_Exit",M7="Stoppage-GoalieStoppage",M6="Stoppage-GoalieStoppage"),"d",IF(OR(L7="Faceoff_AfterGoal",L7="Faceoff_PeriodStart",698="Faceoff_GameStart",M6="Stoppage-Goal"),"n",""))) | N7: =IF(K7="","",IF(K7="Goal","s",IF(AND(K7="Zone_Entry_Exit",OR(ISNUMBER(SEARCH("fail",L7)),ISNUMBER(SEARCH("FromExitClear",M7)),ISNUMBER(SEARCH("miss",M7)))),"u",IF(AND(K7="Zone_Entry_Exit",OR(NOT(ISNUMBER(SEARCH("fail",L7))),NOT(ISNUMBER(SEARCH("FromExitClear",M7))),NOT(ISNUMBER(SEARCH("miss",M7))))),"s",IF(AND(OR(K7="Shot",K7="Pass"),OR(ISNUMBER(SEARCH("complete",L7)),ISNUMBER(SEARCH("goal",L7)),ISNUMBER(SEARCH("OnNet",L7)))),"s",IF(L7="Turnover_Giveaway","u",IF(AND(OR(K7="Shot",K7="Pass"),OR(ISNUMBER(SEARCH("fail",L7)),NOT(ISNUMBER(SEARCH("complete",L7))),NOT(ISNUMBER(SEARCH("OnNet",L7))))),"u",""))))))) | Q7: =IF(O7="","",IF(AND(N7<>"",OR(O7<>"",P7<>"")),N7,IF(OR(ISNUMBER(SEARCH("attemp",O7)),ISNUMBER(SEARCH("beat",O7)),ISNUMBER(SEARCH("mis",O7)),ISNUMBER(SEARCH("fail",O7)),ISNUMBER(SEARCH("loss",O7)),ISNUMBER(SEARCH("lost",O7)),ISNUMBER(SEARCH("attemp",P7)),ISNUMBER(SEARCH("mis",P7)),ISNUMBER(SEARCH("fail",P7)),ISNUMBER(SEARCH("loss",P7)),ISNUMBER(SEARCH("beat",P7)),ISNUMBER(SEARCH("lost",P7))),"u",""))) | S7: =IF(A7=1,MAX(S$2:S6)+1,IF(OR(I7<>"",A7="x"),S6,"")) | T7: =IF(D7=1,MAX($T$2:$T6)+1,IF(S7=$S6,$S6,IF($D7="x",T6,IF($D6="x","","")))) | U7: =IF(B7=1,MAX($U$2:$U6)+1,IF(AND($T7<>"",$T7=$T6),$U6,IF(B7="x",U6,""))) | V7: =IF(C7=1,MAX($V$2:$V6)+1,IF(AND($T7<>"",$T7=$T6),$U6,IF(C7="x",V6,""))) | W7: {=IFERROR(_xlfn._xlws.FILTER(game_rosters!AB:AB,(game_rosters!J:J=events!X7)*(K7<>"")),"")} | X7: {=IF(S7="","",IF($I7<>"",$I7,INDEX($I$2:$I6,ROW()-COUNTIFS($T$2:$T6,"="&$T7,$S$2:$S6,"<>"&$S7)-1)))} | Y7: =IF(X7<>"",VLOOKUP(X7,game_rosters!$C$43:$E$64,3,FALSE)) -> FALSE | Z7: {=IFERROR(IF(_xlfn._xlws.FILTER(game_rosters!$J:$J,(game_rosters!$G:$G=events!$AN7)*(game_rosters!$J:$J=events!$X7))>0,1,""),"")} -> #VALUE! | AA7: =S7+1000 -> #VALUE! | AB7: =IF(T7<>"",9000+T7,"") | AC7: =IF(AB7<>"",AB7,S7+1000) -> #VALUE!
A8: =IF(K8<>"",1,IF(D8="x","x","")) | J8: =IF(OR(K8="Goal",K8="Shot",L8="Zone_Entry",M8="Stoppage-Goal",M7="Stoppage-Goal"),"o",IF(OR(K8="Save",K8="Rebound",L8="Zone_Exit",M8="Stoppage-GoalieStoppage",M7="Stoppage-GoalieStoppage"),"d",IF(OR(L8="Faceoff_AfterGoal",L8="Faceoff_PeriodStart",698="Faceoff_GameStart",M7="Stoppage-Goal"),"n",""))) | N8: =IF(K8="","",IF(K8="Goal","s",IF(AND(K8="Zone_Entry_Exit",OR(ISNUMBER(SEARCH("fail",L8)),ISNUMBER(SEARCH("FromExitClear",M8)),ISNUMBER(SEARCH("miss",M8)))),"u",IF(AND(K8="Zone_Entry_Exit",OR(NOT(ISNUMBER(SEARCH("fail",L8))),NOT(ISNUMBER(SEARCH("FromExitClear",M8))),NOT(ISNUMBER(SEARCH("miss",M8))))),"s",IF(AND(OR(K8="Shot",K8="Pass"),OR(ISNUMBER(SEARCH("complete",L8)),ISNUMBER(SEARCH("goal",L8)),ISNUMBER(SEARCH("OnNet",L8)))),"s",IF(L8="Turnover_Giveaway","u",IF(AND(OR(K8="Shot",K8="Pass"),OR(ISNUMBER(SEARCH("fail",L8)),NOT(ISNUMBER(SEARCH("complete",L8))),NOT(ISNUMBER(SEARCH("OnNet",L8))))),"u",""))))))) | Q8: =IF(O8="","",IF(AND(N8<>"",OR(O8<>"",P8<>"")),N8,IF(OR(ISNUMBER(SEARCH("attemp",O8)),ISNUMBER(SEARCH("beat",O8)),ISNUMBER(SEARCH("mis",O8)),ISNUMBER(SEARCH("fail",O8)),ISNUMBER(SEARCH("loss",O8)),ISNUMBER(SEARCH("lost",O8)),ISNUMBER(SEARCH("attemp",P8)),ISNUMBER(SEARCH("mis",P8)),ISNUMBER(SEARCH("fail",P8)),ISNUMBER(SEARCH("loss",P8)),ISNUMBER(SEARCH("beat",P8)),ISNUMBER(SEARCH("lost",P8))),"u",""))) | S8: =IF(A8=1,MAX(S$2:S7)+1,IF(OR(I8<>"",A8="x"),S7,"")) | T8: =IF(D8=1,MAX($T$2:$T7)+1,IF(S8=$S7,$S7,IF($D8="x",T7,IF($D7="x","","")))) | U8: =IF(B8=1,MAX($U$2:$U7)+1,IF(AND($T8<>"",$T8=$T7),$U7,IF(B8="x",U7,""))) | V8: =IF(C8=1,MAX($V$2:$V7)+1,IF(AND($T8<>"",$T8=$T7),$U7,IF(C8="x",V7,""))) | W8: {=IFERROR(_xlfn._xlws.FILTER(game_rosters!AB:AB,(game_rosters!J:J=events!X8)*(K8<>"")),"")} | X8: {=IF(S8="","",IF($I8<>"",$I8,INDEX($I$2:$I7,ROW()-COUNTIFS($T$2:$T7,"="&$T8,$S$2:$S7,"<>"&$S8)-1)))} | Y8: =IF(X8<>"",VLOOKUP(X8,game_rosters!$C$43:$E$64,3,FALSE)) -> FALSE | Z8: {=IFERROR(IF(_xlfn._xlws.FILTER(game_rosters!$J:$J,(game_rosters!$G:$G=events!$AN8)*(game_rosters!$J:$J=events!$X8))>0,1,""),"")} -> #VALUE! | AA8: =S8+1000 -> #VALUE! | AB8: =IF(T8<>"",9000+T8,"") | AC8: =IF(AB8<>"",AB8,S8+1000) -> #VALUE!
A9: =IF(K9<>"",1,IF(D9="x","x","")) | J9: =IF(OR(K9="Goal",K9="Shot",L9="Zone_Entry",M9="Stoppage-Goal",M8="Stoppage-Goal"),"o",IF(OR(K9="Save",K9="Rebound",L9="Zone_Exit",M9="Stoppage-GoalieStoppage",M8="Stoppage-GoalieStoppage"),"d",IF(OR(L9="Faceoff_AfterGoal",L9="Faceoff_PeriodStart",698="Faceoff_GameStart",M8="Stoppage-Goal"),"n",""))) | N9: =IF(K9="","",IF(K9="Goal","s",IF(AND(K9="Zone_Entry_Exit",OR(ISNUMBER(SEARCH("fail",L9)),ISNUMBER(SEARCH("FromExitClear",M9)),ISNUMBER(SEARCH("miss",M9)))),"u",IF(AND(K9="Zone_Entry_Exit",OR(NOT(ISNUMBER(SEARCH("fail",L9))),NOT(ISNUMBER(SEARCH("FromExitClear",M9))),NOT(ISNUMBER(SEARCH("miss",M9))))),"s",IF(AND(OR(K9="Shot",K9="Pass"),OR(ISNUMBER(SEARCH("complete",L9)),ISNUMBER(SEARCH("goal",L9)),ISNUMBER(SEARCH("OnNet",L9)))),"s",IF(L9="Turnover_Giveaway","u",IF(AND(OR(K9="Shot",K9="Pass"),OR(ISNUMBER(SEARCH("fail",L9)),NOT(ISNUMBER(SEARCH("complete",L9))),NOT(ISNUMBER(SEARCH("OnNet",L9))))),"u",""))))))) | Q9: =IF(O9="","",IF(AND(N9<>"",OR(O9<>"",P9<>"")),N9,IF(OR(ISNUMBER(SEARCH("attemp",O9)),ISNUMBER(SEARCH("beat",O9)),ISNUMBER(SEARCH("mis",O9)),ISNUMBER(SEARCH("fail",O9)),ISNUMBER(SEARCH("loss",O9)),ISNUMBER(SEARCH("lost",O9)),ISNUMBER(SEARCH("attemp",P9)),ISNUMBER(SEARCH("mis",P9)),ISNUMBER(SEARCH("fail",P9)),ISNUMBER(SEARCH("loss",P9)),ISNUMBER(SEARCH("beat",P9)),ISNUMBER(SEARCH("lost",P9))),"u",""))) | S9: =IF(A9=1,MAX(S$2:S8)+1,IF(OR(I9<>"",A9="x"),S8,"")) | T9: =IF(D9=1,MAX($T$2:$T8)+1,IF(S9=$S8,$S8,IF($D9="x",T8,IF($D8="x","","")))) | U9: =IF(B9=1,MAX($U$2:$U8)+1,IF(AND($T9<>"",$T9=$T8),$U8,IF(B9="x",U8,""))) | V9: =IF(C9=1,MAX($V$2:$V8)+1,IF(AND($T9<>"",$T9=$T8),$U8,IF(C9="x",V8,""))) | W9: {=IFERROR(_xlfn._xlws.FILTER(game_rosters!AB:AB,(game_rosters!J:J=events!X9)*(K9<>"")),"")} | X9: {=IF(S9="","",IF($I9<>"",$I9,INDEX($I$2:$I8,ROW()-COUNTIFS($T$2:$T8,"="&$T9,$S$2:$S8,"<>"&$S9)-1)))} | Y9: =IF(X9<>"",VLOOKUP(X9,game_rosters!$C$43:$E$64,3,FALSE)) -> FALSE | Z9: {=IFERROR(IF(_xlfn._xlws.FILTER(game_rosters!$J:$J,(game_rosters!$G:$G=events!$AN9)*(game_rosters!$J:$J=events!$X9))>0,1,""),"")} -> #VALUE! | AA9: =S9+1000 -> #VALUE! | AB9: =IF(T9<>"",9000+T9,"") | AC9: =IF(AB9<>"",AB9,S9+1000) -> #VALUE!
A10: =IF(K10<>"",1,IF(D10="x","x","")) | J10: =IF(OR(K10="Goal",K10="Shot",L10="Zone_Entry",M10="Stoppage-Goal",M9="Stoppage-Goal"),"o",IF(OR(K10="Save",K10="Rebound",L10="Zone_Exit",M10="Stoppage-GoalieStoppage",M9="Stoppage-GoalieStoppage"),"d",IF(OR(L10="Faceoff_AfterGoal",L10="Faceoff_PeriodStart",698="Faceoff_GameStart",M9="Stoppage-Goal"),"n",""))) | N10: =IF(K10="","",IF(K10="Goal","s",IF(AND(K10="Zone_Entry_Exit",OR(ISNUMBER(SEARCH("fail",L10)),ISNUMBER(SEARCH("FromExitClear",M10)),ISNUMBER(SEARCH("miss",M10)))),"u",IF(AND(K10="Zone_Entry_Exit",OR(NOT(ISNUMBER(SEARCH("fail",L10))),NOT(ISNUMBER(SEARCH("FromExitClear",M10))),NOT(ISNUMBER(SEARCH("miss",M10))))),"s",IF(AND(OR(K10="Shot",K10="Pass"),OR(ISNUMBER(SEARCH("complete",L10)),ISNUMBER(SEARCH("goal",L10)),ISNUMBER(SEARCH("OnNet",L10)))),"s",IF(L10="Turnover_Giveaway","u",IF(AND(OR(K10="Shot",K10="Pass"),OR(ISNUMBER(SEARCH("fail",L10)),NOT(ISNUMBER(SEARCH("complete",L10))),NOT(ISNUMBER(SEARCH("OnNet",L10))))),"u",""))))))) | Q10: =IF(O10="","",IF(AND(N10<>"",OR(O10<>"",P10<>"")),N10,IF(OR(ISNUMBER(SEARCH("attemp",O10)),ISNUMBER(SEARCH("beat",O10)),ISNUMBER(SEARCH("mis",O10)),ISNUMBER(SEARCH("fail",O10)),ISNUMBER(SEARCH("loss",O10)),ISNUMBER(SEARCH("lost",O10)),ISNUMBER(SEARCH("attemp",P10)),ISNUMBER(SEARCH("mis",P10)),ISNUMBER(SEARCH("fail",P10)),ISNUMBER(SEARCH("loss",P10)),ISNUMBER(SEARCH("beat",P10)),ISNUMBER(SEARCH("lost",P10))),"u",""))) | S10: =IF(A10=1,MAX(S$2:S9)+1,IF(OR(I10<>"",A10="x"),S9,"")) | T10: =IF(D10=1,MAX($T$2:$T9)+1,IF(S10=$S9,$S9,IF($D10="x",T9,IF($D9="x","","")))) | U10: =IF(B10=1,MAX($U$2:$U9)+1,IF(AND($T10<>"",$T10=$T9),$U9,IF(B10="x",U9,""))) | V10: =IF(C10=1,MAX($V$2:$V9)+1,IF(AND($T10<>"",$T10=$T9),$U9,IF(C10="x",V9,""))) | W10: {=IFERROR(_xlfn._xlws.FILTER(game_rosters!AB:AB,(game_rosters!J:J=events!X10)*(K10<>"")),"")} | X10: {=IF(S10="","",IF($I10<>"",$I10,INDEX($I$2:$I9,ROW()-COUNTIFS($T$2:$T9,"="&$T10,$S$2:$S9,"<>"&$S10)-1)))} | Y10: =IF(X10<>"",VLOOKUP(X10,game_rosters!$C$43:$E$64,3,FALSE)) -> FALSE | Z10: {=IFERROR(IF(_xlfn._xlws.FILTER(game_rosters!$J:$J,(game_rosters!$G:$G=events!$AN10)*(game_rosters!$J:$J=events!$X10))>0,1,""),"")} -> #VALUE! | AA10: =S10+1000 -> #VALUE! | AB10: =IF(T10<>"",9000+T10,"") | AC10: =IF(AB10<>"",AB10,S10+1000) -> #VALUE!
A11: =IF(K11<>"",1,IF(D11="x","x","")) | J11: =IF(OR(K11="Goal",K11="Shot",L11="Zone_Entry",M11="Stoppage-Goal",M10="Stoppage-Goal"),"o",IF(OR(K11="Save",K11="Rebound",L11="Zone_Exit",M11="Stoppage-GoalieStoppage",M10="Stoppage-GoalieStoppage"),"d",IF(OR(L11="Faceoff_AfterGoal",L11="Faceoff_PeriodStart",698="Faceoff_GameStart",M10="Stoppage-Goal"),"n",""))) | N11: =IF(K11="","",IF(K11="Goal","s",IF(AND(K11="Zone_Entry_Exit",OR(ISNUMBER(SEARCH("fail",L11)),ISNUMBER(SEARCH("FromExitClear",M11)),ISNUMBER(SEARCH("miss",M11)))),"u",IF(AND(K11="Zone_Entry_Exit",OR(NOT(ISNUMBER(SEARCH("fail",L11))),NOT(ISNUMBER(SEARCH("FromExitClear",M11))),NOT(ISNUMBER(SEARCH("miss",M11))))),"s",IF(AND(OR(K11="Shot",K11="Pass"),OR(ISNUMBER(SEARCH("complete",L11)),ISNUMBER(SEARCH("goal",L11)),ISNUMBER(SEARCH("OnNet",L11)))),"s",IF(L11="Turnover_Giveaway","u",IF(AND(OR(K11="Shot",K11="Pass"),OR(ISNUMBER(SEARCH("fail",L11)),NOT(ISNUMBER(SEARCH("complete",L11))),NOT(ISNUMBER(SEARCH("OnNet",L11))))),"u",""))))))) | Q11: =IF(O11="","",IF(AND(N11<>"",OR(O11<>"",P11<>"")),N11,IF(OR(ISNUMBER(SEARCH("attemp",O11)),ISNUMBER(SEARCH("beat",O11)),ISNUMBER(SEARCH("mis",O11)),ISNUMBER(SEARCH("fail",O11)),ISNUMBER(SEARCH("loss",O11)),ISNUMBER(SEARCH("lost",O11)),ISNUMBER(SEARCH("attemp",P11)),ISNUMBER(SEARCH("mis",P11)),ISNUMBER(SEARCH("fail",P11)),ISNUMBER(SEARCH("loss",P11)),ISNUMBER(SEARCH("beat",P11)),ISNUMBER(SEARCH("lost",P11))),"u",""))) | S11: =IF(A11=1,MAX(S$2:S10)+1,IF(OR(I11<>"",A11="x"),S10,"")) | T11: =IF(D11=1,MAX($T$2:$T10)+1,IF(S11=$S10,$S10,IF($D11="x",T10,IF($D10="x","","")))) | U11: =IF(B11=1,MAX($U$2:$U10)+1,IF(AND($T11<>"",$T11=$T10),$U10,IF(B11="x",U10,""))) | V11: =IF(C11=1,MAX($V$2:$V10)+1,IF(AND($T11<>"",$T11=$T10),$U10,IF(C11="x",V10,""))) | W11: {=IFERROR(_xlfn._xlws.FILTER(game_rosters!AB:AB,(game_rosters!J:J=events!X11)*(K11<>"")),"")} | X11: {=IF(S11="","",IF($I11<>"",$I11,INDEX($I$2:$I10,ROW()-COUNTIFS($T$2:$T10,"="&$T11,$S$2:$S10,"<>"&$S11)-1)))} | Y11: =IF(X11<>"",VLOOKUP(X11,game_rosters!$C$43:$E$64,3,FALSE)) -> FALSE | Z11: {=IFERROR(IF(_xlfn._xlws.FILTER(game_rosters!$J:$J,(game_rosters!$G:$G=events!$AN11)*(game_rosters!$J:$J=events!$X11))>0,1,""),"")} -> #VALUE! | AA11: =S11+1000 -> #VALUE! | AB11: =IF(T11<>"",9000+T11,"") | AC11: =IF(AB11<>"",AB11,S11+1000) -> #VALUE!
A12: =IF(K12<>"",1,IF(D12="x","x","")) | J12: =IF(OR(K12="Goal",K12="Shot",L12="Zone_Entry",M12="Stoppage-Goal",M11="Stoppage-Goal"),"o",IF(OR(K12="Save",K12="Rebound",L12="Zone_Exit",M12="Stoppage-GoalieStoppage",M11="Stoppage-GoalieStoppage"),"d",IF(OR(L12="Faceoff_AfterGoal",L12="Faceoff_PeriodStart",698="Faceoff_GameStart",M11="Stoppage-Goal"),"n",""))) | N12: =IF(K12="","",IF(K12="Goal","s",IF(AND(K12="Zone_Entry_Exit",OR(ISNUMBER(SEARCH("fail",L12)),ISNUMBER(SEARCH("FromExitClear",M12)),ISNUMBER(SEARCH("miss",M12)))),"u",IF(AND(K12="Zone_Entry_Exit",OR(NOT(ISNUMBER(SEARCH("fail",L12))),NOT(ISNUMBER(SEARCH("FromExitClear",M12))),NOT(ISNUMBER(SEARCH("miss",M12))))),"s",IF(AND(OR(K12="Shot",K12="Pass"),OR(ISNUMBER(SEARCH("complete",L12)),ISNUMBER(SEARCH("goal",L12)),ISNUMBER(SEARCH("OnNet",L12)))),"s",IF(L12="Turnover_Giveaway","u",IF(AND(OR(K12="Shot",K12="Pass"),OR(ISNUMBER(SEARCH("fail",L12)),NOT(ISNUMBER(SEARCH("complete",L12))),NOT(ISNUMBER(SEARCH("OnNet",L12))))),"u",""))))))) | Q12: =IF(O12="","",IF(AND(N12<>"",OR(O12<>"",P12<>"")),N12,IF(OR(ISNUMBER(SEARCH("attemp",O12)),ISNUMBER(SEARCH("beat",O12)),ISNUMBER(SEARCH("mis",O12)),ISNUMBER(SEARCH("fail",O12)),ISNUMBER(SEARCH("loss",O12)),ISNUMBER(SEARCH("lost",O12)),ISNUMBER(SEARCH("attemp",P12)),ISNUMBER(SEARCH("mis",P12)),ISNUMBER(SEARCH("fail",P12)),ISNUMBER(SEARCH("loss",P12)),ISNUMBER(SEARCH("beat",P12)),ISNUMBER(SEARCH("lost",P12))),"u",""))) | S12: =IF(A12=1,MAX(S$2:S11)+1,IF(OR(I12<>"",A12="x"),S11,"")) | T12: =IF(D12=1,MAX($T$2:$T11)+1,IF(S12=$S11,$S11,IF($D12="x",T11,IF($D11="x","","")))) | U12: =IF(B12=1,MAX($U$2:$U11)+1,IF(AND($T12<>"",$T12=$T11),$U11,IF(B12="x",U11,""))) | V12: =IF(C12=1,MAX($V$2:$V11)+1,IF(AND($T12<>"",$T12=$T11),$U11,IF(C12="x",V11,""))) | W12: {=IFERROR(_xlfn._xlws.FILTER(game_rosters!AB:AB,(game_rosters!J:J=events!X12)*(K12<>"")),"")} | X12: {=IF(S12="","",IF($I12<>"",$I12,INDEX($I$2:$I11,ROW()-COUNTIFS($T$2:$T11,"="&$T12,$S$2:$S11,"<>"&$S12)-1)))} | Y12: =IF(X12<>"",VLOOKUP(X12,game_rosters!$C$43:$E$64,3,FALSE)) -> FALSE | Z12: {=IFERROR(IF(_xlfn._xlws.FILTER(game_rosters!$J:$J,(game_rosters!$G:$G=events!$AN12)*(game_rosters!$J:$J=events!$X12))>0,1,""),"")} -> #VALUE! | AA12: =S12+1000 -> #VALUE! | AB12: =IF(T12<>"",9000+T12,"") | AC12: =IF(AB12<>"",AB12,S12+1000) -> #VALUE!
A13: =IF(K13<>"",1,IF(D13="x","x","")) | J13: =IF(OR(K13="Goal",K13="Shot",L13="Zone_Entry",M13="Stoppage-Goal",M12="Stoppage-Goal"),"o",IF(OR(K13="Save",K13="Rebound",L13="Zone_Exit",M13="Stoppage-GoalieStoppage",M12="Stoppage-GoalieStoppage"),"d",IF(OR(L13="Faceoff_AfterGoal",L13="Faceoff_PeriodStart",698="Faceoff_GameStart",M12="Stoppage-Goal"),"n",""))) | N13: =IF(K13="","",IF(K13="Goal","s",IF(AND(K13="Zone_Entry_Exit",OR(ISNUMBER(SEARCH("fail",L13)),ISNUMBER(SEARCH("FromExitClear",M13)),ISNUMBER(SEARCH("miss",M13)))),"u",IF(AND(K13="Zone_Entry_Exit",OR(NOT(ISNUMBER(SEARCH("fail",L13))),NOT(ISNUMBER(SEARCH("FromExitClear",M13))),NOT(ISNUMBER(SEARCH("miss",M13))))),"s",IF(AND(OR(K13="Shot",K13="Pass"),OR(ISNUMBER(SEARCH("complete",L13)),ISNUMBER(SEARCH("goal",L13)),ISNUMBER(SEARCH("OnNet",L13)))),"s",IF(L13="Turnover_Giveaway","u",IF(AND(OR(K13="Shot",K13="Pass"),OR(ISNUMBER(SEARCH("fail",L13)),NOT(ISNUMBER(SEARCH("complete",L13))),NOT(ISNUMBER(SEARCH("OnNet",L13))))),"u",""))))))) | Q13: =IF(O13="","",IF(AND(N13<>"",OR(O13<>"",P13<>"")),N13,IF(OR(ISNUMBER(SEARCH("attemp",O13)),ISNUMBER(SEARCH("beat",O13)),ISNUMBER(SEARCH("mis",O13)),ISNUMBER(SEARCH("fail",O13)),ISNUMBER(SEARCH("loss",O13)),ISNUMBER(SEARCH("lost",O13)),ISNUMBER(SEARCH("attemp",P13)),ISNUMBER(SEARCH("mis",P13)),ISNUMBER(SEARCH("fail",P13)),ISNUMBER(SEARCH("loss",P13)),ISNUMBER(SEARCH("beat",P13)),ISNUMBER(SEARCH("lost",P13))),"u",""))) | S13: =IF(A13=1,MAX(S$2:S12)+1,IF(OR(I13<>"",A13="x"),S12,"")) | T13: =IF(D13=1,MAX($T$2:$T12)+1,IF(S13=$S12,$S12,IF($D13="x",T12,IF($D12="x","","")))) | U13: =IF(B13=1,MAX($U$2:$U12)+1,IF(AND($T13<>"",$T13=$T12),$U12,IF(B13="x",U12,""))) | V13: =IF(C13=1,MAX($V$2:$V12)+1,IF(AND($T13<>"",$T13=$T12),$U12,IF(C13="x",V12,""))) | W13: {=IFERROR(_xlfn._xlws.FILTER(game_rosters!AB:AB,(game_rosters!J:J=events!X13)*(K13<>"")),"")} | X13: {=IF(S13="","",IF($I13<>"",$I13,INDEX($I$2:$I12,ROW()-COUNTIFS($T$2:$T12,"="&$T13,$S$2:$S12,"<>"&$S13)-1)))} | Y13: =IF(X13<>"",VLOOKUP(X13,game_rosters!$C$43:$E$64,3,FALSE)) -> FALSE | Z13: {=IFERROR(IF(_xlfn._xlws.FILTER(game_rosters!$J:$J,(game_rosters!$G:$G=events!$AN13)*(game_rosters!$J:$J=events!$X13))>0,1,""),"")} -> #VALUE! | AA13: =S13+1000 -> #VALUE! | AB13: =IF(T13<>"",9000+T13,"") | AC13: =IF(AB13<>"",AB13,S13+1000) -> #VALUE!
A14: =IF(K14<>"",1,IF(D14="x","x","")) | J14: =IF(OR(K14="Goal",K14="Shot",L14="Zone_Entry",M14="Stoppage-Goal",M13="Stoppage-Goal"),"o",IF(OR(K14="Save",K14="Rebound",L14="Zone_Exit",M14="Stoppage-GoalieStoppage",M13="Stoppage-GoalieStoppage"),"d",IF(OR(L14="Faceoff_AfterGoal",L14="Faceoff_PeriodStart",698="Faceoff_GameStart",M13="Stoppage-Goal"),"n",""))) | N14: =IF(K14="","",IF(K14="Goal","s",IF(AND(K14="Zone_Entry_Exit",OR(ISNUMBER(SEARCH("fail",L14)),ISNUMBER(SEARCH("FromExitClear",M14)),ISNUMBER(SEARCH("miss",M14)))),"u",IF(AND(K14="Zone_Entry_Exit",OR(NOT(ISNUMBER(SEARCH("fail",L14))),NOT(ISNUMBER(SEARCH("FromExitClear",M14))),NOT(ISNUMBER(SEARCH("miss",M14))))),"s",IF(AND(OR(K14="Shot",K14="Pass"),OR(ISNUMBER(SEARCH("complete",L14)),ISNUMBER(SEARCH("goal",L14)),ISNUMBER(SEARCH("OnNet",L14)))),"s",IF(L14="Turnover_Giveaway","u",IF(AND(OR(K14="Shot",K14="Pass"),OR(ISNUMBER(SEARCH("fail",L14)),NOT(ISNUMBER(SEARCH("complete",L14))),NOT(ISNUMBER(SEARCH("OnNet",L14))))),"u",""))))))) | Q14: =IF(O14="","",IF(AND(N14<>"",OR(O14<>"",P14<>"")),N14,IF(OR(ISNUMBER(SEARCH("attemp",O14)),ISNUMBER(SEARCH("beat",O14)),ISNUMBER(SEARCH("mis",O14)),ISNUMBER(SEARCH("fail",O14)),ISNUMBER(SEARCH("loss",O14)),ISNUMBER(SEARCH("lost",O14)),ISNUMBER(SEARCH("attemp",P14)),ISNUMBER(SEARCH("mis",P14)),ISNUMBER(SEARCH("fail",P14)),ISNUMBER(SEARCH("loss",P14)),ISNUMBER(SEARCH("beat",P14)),ISNUMBER(SEARCH("lost",P14))),"u",""))) | S14: =IF(A14=1,MAX(S$2:S13)+1,IF(OR(I14<>"",A14="x"),S13,"")) | T14: =IF(D14=1,MAX($T$2:$T13)+1,IF(S14=$S13,$S13,IF($D14="x",T13,IF($D13="x","","")))) | U14: =IF(B14=1,MAX($U$2:$U13)+1,IF(AND($T14<>"",$T14=$T13),$U13,IF(B14="x",U13,""))) | V14: =IF(C14=1,MAX($V$2:$V13)+1,IF(AND($T14<>"",$T14=$T13),$U13,IF(C14="x",V13,""))) | W14: {=IFERROR(_xlfn._xlws.FILTER(game_rosters!AB:AB,(game_rosters!J:J=events!X14)*(K14<>"")),"")} | X14: {=IF(S14="","",IF($I14<>"",$I14,INDEX($I$2:$I13,ROW()-COUNTIFS($T$2:$T13,"="&$T14,$S$2:$S13,"<>"&$S14)-1)))} | Y14: =IF(X14<>"",VLOOKUP(X14,game_rosters!$C$43:$E$64,3,FALSE)) -> FALSE | Z14: {=IFERROR(IF(_xlfn._xlws.FILTER(game_rosters!$J:$J,(game_rosters!$G:$G=events!$AN14)*(game_rosters!$J:$J=events!$X14))>0,1,""),"")} -> #VALUE! | AA14: =S14+1000 -> #VALUE! | AB14: =IF(T14<>"",9000+T14,"") | AC14: =IF(AB14<>"",AB14,S14+1000) -> #VALUE!
A15: =IF(K15<>"",1,IF(D15="x","x","")) | J15: =IF(OR(K15="Goal",K15="Shot",L15="Zone_Entry",M15="Stoppage-Goal",M14="Stoppage-Goal"),"o",IF(OR(K15="Save",K15="Rebound",L15="Zone_Exit",M15="Stoppage-GoalieStoppage",M14="Stoppage-GoalieStoppage"),"d",IF(OR(L15="Faceoff_AfterGoal",L15="Faceoff_PeriodStart",698="Faceoff_GameStart",M14="Stoppage-Goal"),"n",""))) | N15: =IF(K15="","",IF(K15="Goal","s",IF(AND(K15="Zone_Entry_Exit",OR(ISNUMBER(SEARCH("fail",L15)),ISNUMBER(SEARCH("FromExitClear",M15)),ISNUMBER(SEARCH("miss",M15)))),"u",IF(AND(K15="Zone_Entry_Exit",OR(NOT(ISNUMBER(SEARCH("fail",L15))),NOT(ISNUMBER(SEARCH("FromExitClear",M15))),NOT(ISNUMBER(SEARCH("miss",M15))))),"s",IF(AND(OR(K15="Shot",K15="Pass"),OR(ISNUMBER(SEARCH("complete",L15)),ISNUMBER(SEARCH("goal",L15)),ISNUMBER(SEARCH("OnNet",L15)))),"s",IF(L15="Turnover_Giveaway","u",IF(AND(OR(K15="Shot",K15="Pass"),OR(ISNUMBER(SEARCH("fail",L15)),NOT(ISNUMBER(SEARCH("complete",L15))),NOT(ISNUMBER(SEARCH("OnNet",L15))))),"u",""))))))) | Q15: =IF(O15="","",IF(AND(N15<>"",OR(O15<>"",P15<>"")),N15,IF(OR(ISNUMBER(SEARCH("attemp",O15)),ISNUMBER(SEARCH("beat",O15)),ISNUMBER(SEARCH("mis",O15)),ISNUMBER(SEARCH("fail",O15)),ISNUMBER(SEARCH("loss",O15)),ISNUMBER(SEARCH("lost",O15)),ISNUMBER(SEARCH("attemp",P15)),ISNUMBER(SEARCH("mis",P15)),ISNUMBER(SEARCH("fail",P15)),ISNUMBER(SEARCH("loss",P15)),ISNUMBER(SEARCH("beat",P15)),ISNUMBER(SEARCH("lost",P15))),"u",""))) | S15: =IF(A15=1,MAX(S$2:S14)+1,IF(OR(I15<>"",A15="x"),S14,"")) | T15: =IF(D15=1,MAX($T$2:$T14)+1,IF(S15=$S14,$S14,IF($D15="x",T14,IF($D14="x","","")))) | U15: =IF(B15=1,MAX($U$2:$U14)+1,IF(AND($T15<>"",$T15=$T14),$U14,IF(B15="x",U14,""))) | V15: =IF(C15=1,MAX($V$2:$V14)+1,IF(AND($T15<>"",$T15=$T14),$U14,IF(C15="x",V14,""))) | W15: {=IFERROR(_xlfn._xlws.FILTER(game_rosters!AB:AB,(game_rosters!J:J=events!X15)*(K15<>"")),"")} | X15: {=IF(S15="","",IF($I15<>"",$I15,INDEX($I$2:$I14,ROW()-COUNTIFS($T$2:$T14,"="&$T15,$S$2:$S14,"<>"&$S15)-1)))} | Y15: =IF(X15<>"",VLOOKUP(X15,game_rosters!$C$43:$E$64,3,FALSE)) -> FALSE | Z15: {=IFERROR(IF(_xlfn._xlws.FILTER(game_rosters!$J:$J,(game_rosters!$G:$G=events!$AN15)*(game_rosters!$J:$J=events!$X15))>0,1,""),"")} -> #VALUE! | AA15: =S15+1000 -> #VALUE! | AB15: =IF(T15<>"",9000+T15,"") | AC15: =IF(AB15<>"",AB15,S15+1000) -> #VALUE!
A16: =IF(K16<>"",1,IF(D16="x","x","")) | J16: =IF(OR(K16="Goal",K16="Shot",L16="Zone_Entry",M16="Stoppage-Goal",M15="Stoppage-Goal"),"o",IF(OR(K16="Save",K16="Rebound",L16="Zone_Exit",M16="Stoppage-GoalieStoppage",M15="Stoppage-GoalieStoppage"),"d",IF(OR(L16="Faceoff_AfterGoal",L16="Faceoff_PeriodStart",698="Faceoff_GameStart",M15="Stoppage-Goal"),"n",""))) | N16: =IF(K16="","",IF(K16="Goal","s",IF(AND(K16="Zone_Entry_Exit",OR(ISNUMBER(SEARCH("fail",L16)),ISNUMBER(SEARCH("FromExitClear",M16)),ISNUMBER(SEARCH("miss",M16)))),"u",IF(AND(K16="Zone_Entry_Exit",OR(NOT(ISNUMBER(SEARCH("fail",L16))),NOT(ISNUMBER(SEARCH("FromExitClear",M16))),NOT(ISNUMBER(SEARCH("miss",M16))))),"s",IF(AND(OR(K16="Shot",K16="Pass"),OR(ISNUMBER(SEARCH("complete",L16)),ISNUMBER(SEARCH("goal",L16)),ISNUMBER(SEARCH("OnNet",L16)))),"s",IF(L16="Turnover_Giveaway","u",IF(AND(OR(K16="Shot",K16="Pass"),OR(ISNUMBER(SEARCH("fail",L16)),NOT(ISNUMBER(SEARCH("complete",L16))),NOT(ISNUMBER(SEARCH("OnNet",L16))))),"u",""))))))) | Q16: =IF(O16="","",IF(AND(N16<>"",OR(O16<>"",P16<>"")),N16,IF(OR(ISNUMBER(SEARCH("attemp",O16)),ISNUMBER(SEARCH("beat",O16)),ISNUMBER(SEARCH("mis",O16)),ISNUMBER(SEARCH("fail",O16)),ISNUMBER(SEARCH("loss",O16)),ISNUMBER(SEARCH("lost",O16)),ISNUMBER(SEARCH("attemp",P16)),ISNUMBER(SEARCH("mis",P16)),ISNUMBER(SEARCH("fail",P16)),ISNUMBER(SEARCH("loss",P16)),ISNUMBER(SEARCH("beat",P16)),ISNUMBER(SEARCH("lost",P16))),"u",""))) | S16: =IF(A16=1,MAX(S$2:S15)+1,IF(OR(I16<>"",A16="x"),S15,"")) | T16: =IF(D16=1,MAX($T$2:$T15)+1,IF(S16=$S15,$S15,IF($D16="x",T15,IF($D15="x","","")))) | U16: =IF(B16=1,MAX($U$2:$U15)+1,IF(AND($T16<>"",$T16=$T15),$U15,IF(B16="x",U15,""))) | V16: =IF(C16=1,MAX($V$2:$V15)+1,IF(AND($T16<>"",$T16=$T15),$U15,IF(C16="x",V15,""))) | W16: {=IFERROR(_xlfn._xlws.FILTER(game_rosters!AB:AB,(game_rosters!J:J=events!X16)*(K16<>"")),"")} | X16: {=IF(S16="","",IF($I16<>"",$I16,INDEX($I$2:$I15,ROW()-COUNTIFS($T$2:$T15,"="&$T16,$S$2:$S15,"<>"&$S16)-1)))} | Y16: =IF(X16<>"",VLOOKUP(X16,game_rosters!$C$43:$E$64,3,FALSE)) -> FALSE | Z16: {=IFERROR(IF(_xlfn._xlws.FILTER(game_rosters!$J:$J,(game_rosters!$G:$G=events!$AN16)*(game_rosters!$J:$J=events!$X16))>0,1,""),"")} -> #VALUE! | AA16: =S16+1000 -> #VALUE! | AB16: =IF(T16<>"",9000+T16,"") | AC16: =IF(AB16<>"",AB16,S16+1000) -> #VALUE!
A17: =IF(K17<>"",1,IF(D17="x","x","")) | J17: =IF(OR(K17="Goal",K17="Shot",L17="Zone_Entry",M17="Stoppage-Goal",M16="Stoppage-Goal"),"o",IF(OR(K17="Save",K17="Rebound",L17="Zone_Exit",M17="Stoppage-GoalieStoppage",M16="Stoppage-GoalieStoppage"),"d",IF(OR(L17="Faceoff_AfterGoal",L17="Faceoff_PeriodStart",698="Faceoff_GameStart",M16="Stoppage-Goal"),"n",""))) | N17: =IF(K17="","",IF(K17="Goal","s",IF(AND(K17="Zone_Entry_Exit",OR(ISNUMBER(SEARCH("fail",L17)),ISNUMBER(SEARCH("FromExitClear",M17)),ISNUMBER(SEARCH("miss",M17)))),"u",IF(AND(K17="Zone_Entry_Exit",OR(NOT(ISNUMBER(SEARCH("fail",L17))),NOT(ISNUMBER(SEARCH("FromExitClear",M17))),NOT(ISNUMBER(SEARCH("miss",M17))))),"s",IF(AND(OR(K17="Shot",K17="Pass"),OR(ISNUMBER(SEARCH("complete",L17)),ISNUMBER(SEARCH("goal",L17)),ISNUMBER(SEARCH("OnNet",L17)))),"s",IF(L17="Turnover_Giveaway","u",IF(AND(OR(K17="Shot",K17="Pass"),OR(ISNUMBER(SEARCH("fail",L17)),NOT(ISNUMBER(SEARCH("complete",L17))),NOT(ISNUMBER(SEARCH("OnNet",L17))))),"u",""))))))) | Q17: =IF(O17="","",IF(AND(N17<>"",OR(O17<>"",P17<>"")),N17,IF(OR(ISNUMBER(SEARCH("attemp",O17)),ISNUMBER(SEARCH("beat",O17)),ISNUMBER(SEARCH("mis",O17)),ISNUMBER(SEARCH("fail",O17)),ISNUMBER(SEARCH("loss",O17)),ISNUMBER(SEARCH("lost",O17)),ISNUMBER(SEARCH("attemp",P17)),ISNUMBER(SEARCH("mis",P17)),ISNUMBER(SEARCH("fail",P17)),ISNUMBER(SEARCH("loss",P17)),ISNUMBER(SEARCH("beat",P17)),ISNUMBER(SEARCH("lost",P17))),"u",""))) | S17: =IF(A17=1,MAX(S$2:S16)+1,IF(OR(I17<>"",A17="x"),S16,"")) | T17: =IF(D17=1,MAX($T$2:$T16)+1,IF(S17=$S16,$S16,IF($D17="x",T16,IF($D16="x","","")))) | U17: =IF(B17=1,MAX($U$2:$U16)+1,IF(AND($T17<>"",$T17=$T16),$U16,IF(B17="x",U16,""))) | V17: =IF(C17=1,MAX($V$2:$V16)+1,IF(AND($T17<>"",$T17=$T16),$U16,IF(C17="x",V16,""))) | W17: {=IFERROR(_xlfn._xlws.FILTER(game_rosters!AB:AB,(game_rosters!J:J=events!X17)*(K17<>"")),"")} | X17: {=IF(S17="","",IF($I17<>"",$I17,INDEX($I$2:$I16,ROW()-COUNTIFS($T$2:$T16,"="&$T17,$S$2:$S16,"<>"&$S17)-1)))} | Y17: =IF(X17<>"",VLOOKUP(X17,game_rosters!$C$43:$E$64,3,FALSE)) -> FALSE | Z17: {=IFERROR(IF(_xlfn._xlws.FILTER(game_rosters!$J:$J,(game_rosters!$G:$G=events!$AN17)*(game_rosters!$J:$J=events!$X17))>0,1,""),"")} -> #VALUE! | AA17: =S17+1000 -> #VALUE! | AB17: =IF(T17<>"",9000+T17,"") | AC17: =IF(AB17<>"",AB17,S17+1000) -> #VALUE!
... A860: =IF(K860<>"",1,IF(D860="x","x","")) | J860: =IF(OR(K860="Goal",K860="Shot",L860="Zone_Entry",M860="Stoppage-Goal",M859="Stoppage-Goal"),"o",IF(OR(K860="Save",K860="Rebound",L860="Zone_Exit",M860="Stoppage-GoalieStoppage",M859="Stoppage-GoalieStoppage"),"d",IF(OR(L860="Faceoff_AfterGoal",L860="Faceoff_PeriodStart",698="Faceoff_GameStart",M859="Stoppage-Goal"),"n",""))) | N860: =IF(K860="","",IF(K860="Goal","s",IF(AND(K860="Zone_Entry_Exit",OR(ISNUMBER(SEARCH("fail",L860)),ISNUMBER(SEARCH("FromExitClear",M860)),ISNUMBER(SEARCH("miss",M860)))),"u",IF(AND(K860="Zone_Entry_Exit",OR(NOT(ISNUMBER(SEARCH("fail",L860))),NOT(ISNUMBER(SEARCH("FromExitClear",M860))),NOT(ISNUMBER(SEARCH("miss",M860))))),"s",IF(AND(OR(K860="Shot",K860="Pass"),OR(ISNUMBER(SEARCH("complete",L860)),ISNUMBER(SEARCH("goal",L860)),ISNUMBER(SEARCH("OnNet",L860)))),"s",IF(L860="Turnover_Giveaway","u",IF(AND(OR(K860="Shot",K860="Pass"),OR(ISNUMBER(SEARCH("fail",L860)),NOT(ISNUMBER(SEARCH("complete",L860))),NOT(ISNUMBER(SEARCH("OnNet",L860))))),"u",""))))))) | Q860: =IF(O860="","",IF(AND(N860<>"",OR(O860<>"",P860<>"")),N860,IF(OR(ISNUMBER(SEARCH("attemp",O860)),ISNUMBER(SEARCH("beat",O860)),ISNUMBER(SEARCH("mis",O860)),ISNUMBER(SEARCH("fail",O860)),ISNUMBER(SEARCH("loss",O860)),ISNUMBER(SEARCH("lost",O860)),ISNUMBER(SEARCH("attemp",P860)),ISNUMBER(SEARCH("mis",P860)),ISNUMBER(SEARCH("fail",P860)),ISNUMBER(SEARCH("loss",P860)),ISNUMBER(SEARCH("beat",P860)),ISNUMBER(SEARCH("lost",P860))),"u",""))) | S860: =IF(A860=1,MAX(S$2:S859)+1,IF(OR(I860<>"",A860="x"),S859,"")) | T860: =IF(D860=1,MAX($T$2:$T859)+1,IF(S860=$S859,$S859,IF($D860="x",T859,IF($D859="x","","")))) | U860: =IF(B860=1,MAX($U$2:$U859)+1,IF(AND($T860<>"",$T860=$T859),$U859,IF(B860="x",U859,""))) | V860: =IF(C860=1,MAX($V$2:$V859)+1,IF(AND($T860<>"",$T860=$T859),$U859,IF(C860="x",V859,""))) | W860: {=IFERROR(_xlfn._xlws.FILTER(game_rosters!AB:AB,(game_rosters!J:J=events!X860)*(K860<>"")),"")} | X860: {=IF(S860="","",IF($I860<>"",$I860,INDEX($I$2:$I859,ROW()-COUNTIFS($T$2:$T859,"="&$T860,$S$2:$S859,"<>"&$S860)-1)))} | Y860: =IF(X860<>"",VLOOKUP(X860,game_rosters!$C$43:$E$64,3,FALSE)) -> FALSE | Z860: {=IFERROR(IF(_xlfn._xlws.FILTER(game_rosters!$J:$J,(game_rosters!$G:$G=events!$AN860)*(game_rosters!$J:$J=events!$X860))>0,1,""),"")} -> #VALUE! | AA860: =S860+1000 -> #VALUE! | AB860: =IF(T860<>"",9000+T860,"") | AC860: =IF(AB860<>"",AB860,S860+1000) -> #VALUE!
A861: =IF(K861<>"",1,IF(D861="x","x","")) | X861: {=IF(S861="","",IF($I861<>"",$I861,INDEX($I$2:$I860,ROW()-COUNTIFS($T$2:$T860,"="&$T861,$S$2:$S860,"<>"&$S861)-1)))} | Y861: =IF(X861<>"",VLOOKUP(X861,game_rosters!$C$43:$E$64,3,FALSE)) -> FALSE | Z861: {=IFERROR(IF(_xlfn._xlws.FILTER(game_rosters!$J:$J,(game_rosters!$G:$G=events!$AN861)*(game_rosters!$J:$J=events!$X861))>0,1,""),"")} -> #VALUE! | AA861: =S861+1000 -> 1000 | AB861: =IF(T861<>"",9000+T861,"") | AC861: =IF(AB861<>"",AB861,S861+1000) -> 1000
A862: =IF(K862<>"",1,IF(D862="x","x","")) | X862: {=IF(S862="","",IF($I862<>"",$I862,INDEX($I$2:$I861,ROW()-COUNTIFS($T$2:$T861,"="&$T862,$S$2:$S861,"<>"&$S862)-1)))} | Y862: =IF(X862<>"",VLOOKUP(X862,game_rosters!$C$43:$E$64,3,FALSE)) -> FALSE | Z862: {=IFERROR(IF(_xlfn._xlws.FILTER(game_rosters!$J:$J,(game_rosters!$G:$G=events!$AN862)*(game_rosters!$J:$J=events!$X862))>0,1,""),"")} -> #VALUE! | AA862: =S862+1000 -> 1000 | AB862: =IF(T862<>"",9000+T862,"") | AC862: =IF(AB862<>"",AB862,S862+1000) -> 1000
A863: =IF(K863<>"",1,IF(D863="x","x","")) | X863: {=IF(S863="","",IF($I863<>"",$I863,INDEX($I$2:$I862,ROW()-COUNTIFS($T$2:$T862,"="&$T863,$S$2:$S862,"<>"&$S863)-1)))} | Y863: =IF(X863<>"",VLOOKUP(X863,game_rosters!$C$43:$E$64,3,FALSE)) -> FALSE | Z863: {=IFERROR(IF(_xlfn._xlws.FILTER(game_rosters!$J:$J,(game_rosters!$G:$G=events!$AN863)*(game_rosters!$J:$J=events!$X863))>0,1,""),"")} -> #VALUE! | AA863: =S863+1000 -> 1000 | AB863: =IF(T863<>"",9000+T863,"") | AC863: =IF(AB863<>"",AB863,S863+1000) -> 1000
A864: =IF(K864<>"",1,IF(D864="x","x","")) | X864: {=IF(S864="","",IF($I864<>"",$I864,INDEX($I$2:$I863,ROW()-COUNTIFS($T$2:$T863,"="&$T864,$S$2:$S863,"<>"&$S864)-1)))} | Y864: =IF(X864<>"",VLOOKUP(X864,game_rosters!$C$43:$E$64,3,FALSE)) -> FALSE | Z864: {=IFERROR(IF(_xlfn._xlws.FILTER(game_rosters!$J:$J,(game_rosters!$G:$G=events!$AN864)*(game_rosters!$J:$J=events!$X864))>0,1,""),"")} -> #VALUE! | AA864: =S864+1000 -> 1000 | AB864: =IF(T864<>"",9000+T864,"") | AC864: =IF(AB864<>"",AB864,S864+1000) -> 1000
A865: =IF(K865<>"",1,IF(D865="x","x","")) | X865: {=IF(S865="","",IF($I865<>"",$I865,INDEX($I$2:$I864,ROW()-COUNTIFS($T$2:$T864,"="&$T865,$S$2:$S864,"<>"&$S865)-1)))} | Y865: =IF(X865<>"",VLOOKUP(X865,game_rosters!$C$43:$E$64,3,FALSE)) -> FALSE | Z865: {=IFERROR(IF(_xlfn._xlws.FILTER(game_rosters!$J:$J,(game_rosters!$G:$G=events!$AN865)*(game_rosters!$J:$J=events!$X865))>0,1,""),"")} -> #VALUE! | AA865: =S865+1000 -> 1000 | AB865: =IF(T865<>"",9000+T865,"") | AC865: =IF(AB865<>"",AB865,S865+1000) -> 1000
A866: =IF(K866<>"",1,IF(D866="x","x","")) | X866: {=IF(S866="","",IF($I866<>"",$I866,INDEX($I$2:$I865,ROW()-COUNTIFS($T$2:$T865,"="&$T866,$S$2:$S865,"<>"&$S866)-1)))} | Y866: =IF(X866<>"",VLOOKUP(X866,game_rosters!$C$43:$E$64,3,FALSE)) -> FALSE | Z866: {=IFERROR(IF(_xlfn._xlws.FILTER(game_rosters!$J:$J,(game_rosters!$G:$G=events!$AN866)*(game_rosters!$J:$J=events!$X866))>0,1,""),"")} -> #VALUE! | AA866: =S866+1000 -> 1000 | AB866: =IF(T866<>"",9000+T866,"") | AC866: =IF(AB866<>"",AB866,S866+1000) -> 1000
A867: =IF(K867<>"",1,IF(D867="x","x","")) | X867: {=IF(S867="","",IF($I867<>"",$I867,INDEX($I$2:$I866,ROW()-COUNTIFS($T$2:$T866,"="&$T867,$S$2:$S866,"<>"&$S867)-1)))} | Y867: =IF(X867<>"",VLOOKUP(X867,game_rosters!$C$43:$E$64,3,FALSE)) -> FALSE | Z867: {=IFERROR(IF(_xlfn._xlws.FILTER(game_rosters!$J:$J,(game_rosters!$G:$G=events!$AN867)*(game_rosters!$J:$J=events!$X867))>0,1,""),"")} -> #VALUE! | AA867: =S867+1000 -> 1000 | AB867: =IF(T867<>"",9000+T867,"") | AC867: =IF(AB867<>"",AB867,S867+1000) -> 1000
A868: =IF(K868<>"",1,IF(D868="x","x","")) | X868: {=IF(S868="","",IF($I868<>"",$I868,INDEX($I$2:$I867,ROW()-COUNTIFS($T$2:$T867,"="&$T868,$S$2:$S867,"<>"&$S868)-1)))} | Y868: =IF(X868<>"",VLOOKUP(X868,game_rosters!$C$43:$E$64,3,FALSE)) -> FALSE | Z868: {=IFERROR(IF(_xlfn._xlws.FILTER(game_rosters!$J:$J,(game_rosters!$G:$G=events!$AN868)*(game_rosters!$J:$J=events!$X868))>0,1,""),"")} -> #VALUE! | AA868: =S868+1000 -> 1000 | AB868: =IF(T868<>"",9000+T868,"") | AC868: =IF(AB868<>"",AB868,S868+1000) -> 1000
A869: =IF(K869<>"",1,IF(D869="x","x","")) | X869: {=IF(S869="","",IF($I869<>"",$I869,INDEX($I$2:$I868,ROW()-COUNTIFS($T$2:$T868,"="&$T869,$S$2:$S868,"<>"&$S869)-1)))} | Y869: =IF(X869<>"",VLOOKUP(X869,game_rosters!$C$43:$E$64,3,FALSE)) -> FALSE | Z869: {=IFERROR(IF(_xlfn._xlws.FILTER(game_rosters!$J:$J,(game_rosters!$G:$G=events!$AN869)*(game_rosters!$J:$J=events!$X869))>0,1,""),"")} -> #VALUE! | AA869: =S869+1000 -> 1000 | AB869: =IF(T869<>"",9000+T869,"") | AC869: =IF(AB869<>"",AB869,S869+1000) -> 1000
A870: =IF(K870<>"",1,IF(D870="x","x","")) | X870: {=IF(S870="","",IF($I870<>"",$I870,INDEX($I$2:$I869,ROW()-COUNTIFS($T$2:$T869,"="&$T870,$S$2:$S869,"<>"&$S870)-1)))} | Y870: =IF(X870<>"",VLOOKUP(X870,game_rosters!$C$43:$E$64,3,FALSE)) -> FALSE | Z870: {=IFERROR(IF(_xlfn._xlws.FILTER(game_rosters!$J:$J,(game_rosters!$G:$G=events!$AN870)*(game_rosters!$J:$J=events!$X870))>0,1,""),"")} -> #VALUE! | AA870: =S870+1000 -> 1000 | AB870: =IF(T870<>"",9000+T870,"") | AC870: =IF(AB870<>"",AB870,S870+1000) -> 1000
A871: =IF(K871<>"",1,IF(D871="x","x","")) | X871: {=IF(S871="","",IF($I871<>"",$I871,INDEX($I$2:$I870,ROW()-COUNTIFS($T$2:$T870,"="&$T871,$S$2:$S870,"<>"&$S871)-1)))} | Y871: =IF(X871<>"",VLOOKUP(X871,game_rosters!$C$43:$E$64,3,FALSE)) -> FALSE | Z871: {=IFERROR(IF(_xlfn._xlws.FILTER(game_rosters!$J:$J,(game_rosters!$G:$G=events!$AN871)*(game_rosters!$J:$J=events!$X871))>0,1,""),"")} -> #VALUE! | AA871: =S871+1000 -> 1000 | AB871: =IF(T871<>"",9000+T871,"") | AC871: =IF(AB871<>"",AB871,S871+1000) -> 1000
A872: =IF(K872<>"",1,IF(D872="x","x","")) | X872: {=IF(S872="","",IF($I872<>"",$I872,INDEX($I$2:$I871,ROW()-COUNTIFS($T$2:$T871,"="&$T872,$S$2:$S871,"<>"&$S872)-1)))} | Y872: =IF(X872<>"",VLOOKUP(X872,game_rosters!$C$43:$E$64,3,FALSE)) -> FALSE | Z872: {=IFERROR(IF(_xlfn._xlws.FILTER(game_rosters!$J:$J,(game_rosters!$G:$G=events!$AN872)*(game_rosters!$J:$J=events!$X872))>0,1,""),"")} -> #VALUE! | AA872: =S872+1000 -> 1000 | AB872: =IF(T872<>"",9000+T872,"") | AC872: =IF(AB872<>"",AB872,S872+1000) -> 1000
... A4000: =IF(K4000<>"",1,IF(D4000="x","x","")) | X4000: {=IF(S4000="","",IF($I4000<>"",$I4000,INDEX($I$2:$I3999,ROW()-COUNTIFS($T$2:$T3999,"="&$T4000,$S$2:$S3999,"<>"&$S4000)-1)))} | Y4000: =IF(X4000<>"",VLOOKUP(X4000,game_rosters!$C$43:$E$64,3,FALSE)) -> FALSE | Z4000: {=IFERROR(IF(_xlfn._xlws.FILTER(game_rosters!$J:$J,(game_rosters!$G:$G=events!$AN4000)*(game_rosters!$J:$J=events!$X4000))>0,1,""),"")} -> #VALUE! | AA4000: =S4000+1000 -> 1000 | AB4000: =IF(T4000<>"",9000+T4000,"") | AC4000: =IF(AB4000<>"",AB4000,S4000+1000) -> 1000

Sheet shifts
A1: shift_index | B1: Period | C1: shift_start_min | D1: shift_start_sec | E1: shift_end_min | F1: shift_end_sec | G1: shift_start_type | H1: shift_stop_type | I1: home_forward_1 | J1: home_forward_2 | K1: home_forward_3 | L1: home_defense_1 | M1: home_defense_2 | N1: home_xtra | O1: home_goalie | P1: away_forward_1 | Q1: away_forward_2 | R1: away_forward_3 | S1: away_defense_1 | T1: away_defense_2 | U1: away_xtra | V1: away_goalie | W1: stoppage_time | X1: home_ozone_start | Y1: home_ozone_end | Z1: home_dzone_start | AA1: home_dzone_end | AB1: home_nzone_start | AC1: home_nzone_end | AD1: game_id | AE1: home_team | AF1: away_team | AG1: shift_start_total_seconds | AH1: shift_end_total_seconds | AI1: shift_duration | AJ1: home_team_strength | AK1: away_team_strength | AL1: home_team_en | AM1: away_team_en | AN1: home_team_pk | AO1: home_team_pp | AP1: away_team_pp | AQ1: away_team_pk | AR1: situation | AS1: strength | AT1: home_goals | AU1: away_goals | AV1: home_team_plus | AW1: home_team_minus | AX1: away_team_plus | AY1: away_team_minus | AZ1: period_start_total_running_seconds | BA1: running_video_time | BB1: shift_start_running_time | BC1: shift_end_running_time
A2: 1 | B2: 1 | C2: 18 | D2: 00 | E2: 16 | F2: 38 | G2: GameStart | W2: =SUMIFS(events!BJ:BJ,events!K:K,"=DeadIce",events!BK:BK,"<="&shifts!AG2,events!BL:BL,">"&shifts!AH2,events!AD:AD,"="&shifts!B3)+SUMIFS(events!BJ:BJ,events!K:K,"=Timeout",events!BK:BK,"<="&shifts!AG2,events!BL:BL,">"&shifts!AH2,events!AD:AD,"="&shifts!B3) -> 0 | AB2: 1 | AD2: =events!BB2 -> 18969 | AE2: =events!BC2 -> Platinum | AF2: =events!BD2 -> Velodrome | AG2: =((C2*60)+D2) -> 1080 | AH2: =((E2*60)+F2) -> 998 | AI2: =ROUND(AG2-AH2,0) -> 82 | AJ2: =COUNTIF(I2:N2,">0") -> 0 | AK2: =COUNTIF(P2:U2,">0") -> 0 | AL2: =IF(O2="",1,0) -> 1 | AM2: =IF(V2="",1,0) -> 1 | AN2: =IF(AND($AL2<>1,$AJ2<$AK2,AM2<>1),1,) -> 0 | AO2: =IF(AND($AL2<>1,$AJ2>$AK2),1,) -> 0 | AP2: =IF(AN2=1,1,0) -> 0 | AQ2: =IF(AO2=1,1,0) -> 0 | AR2: =IF(AND(AJ2=5,AK2=5,AL2=0,AM2=0),"Full Strength",IF(AP2=1,"Away PowerPlay",IF(AO2=1,"Home PowerPlay",IF(AL2=1,"Home EmptyNet",IF(AM2=1,"Away EmptyNet",""))))) -> Home EmptyNet | AS2: =IF(AND(AL2=0,AM2=0),AJ2&"v"&AK2,IF(AL2=1,AJ2&"v"&AK2&" Home EN",IF(AM2=1,AJ2&"v"&AK2&" Away EN",""))) -> 0v0 Home EN | AT2: 0 | AU2: 0 | AV2: =IF(AND($H2="Home Goal", AO2=0),1,0) -> 0 | AW2: =IF(AX2=1,-1,0) -> 0 | AX2: =IF(AND($H2="AwayGoal", AP2=0),1,0) -> 0 | AY2: =IF(AV2=1,-1,0) -> 0 | AZ2: =IFERROR(VLOOKUP(B2,events!AA:BN,40,FALSE),0) -> 0 | BA2: 0 | BB2: =IF(BA2<5,0,BA2-5) -> 0 | BC2: =BB2+AI2+3 -> 85
A3: 2 | I3: =IF($D3>0,I2,"") | J3: =IF($D3>0,J2,"") | K3: =IF($D3>0,K2,"") | L3: =IF($D3>0,L2,"") | M3: =IF($D3>0,M2,"") | O3: =IF(G3="Intermission",$O1,$O2) -> 0 | P3: =IF($D3>0,P2,"") | Q3: =IF($D3>0,Q2,"") | R3: =IF($D3>0,R2,"") | S3: =IF($D3>0,S2,"") | T3: =IF($D3>0,T2,"") | V3: =IF(N3="Intermission",$O1,$O2) -> 0 | X3: =IF(OR($H2="Home Goal",$H2="Away Goal",$H2="Period End"),"",IF(Y2=1,1,"")) | Z3: =IF(OR($H2="Home Goal",$H2="Away Goal",$H2="Period End"),"",IF(AA2=1,1,"")) | AB3: =IF(OR($H2="Home Goal",$H2="Away Goal",$H2="Period End"),1,IF(AC2=1,1,"")) | AD3: =AD2 -> 18969 | AE3: =AE2 -> Platinum | AF3: =AF2 -> Velodrome | AG3: =((C3*60)+D3) -> 0 | AH3: =((E3*60)+F3) -> 0 | AI3: =ROUND(AG3-AH3,0) -> 0 | AJ3: =COUNTIF(I3:N3,">0") -> 0 | AK3: =COUNTIF(P3:U3,">0") -> 0 | AL3: =IF(O3="",1,0) -> 0 | AM3: =IF(V3="",1,0) -> 0 | AN3: =IF(AND($AL3<>1,$AJ3<$AK3,AM3<>1),1,) -> 0 | AO3: =IF(AND($AL3<>1,$AJ3>$AK3),1,) -> 0 | AP3: =IF(AN3=1,1,0) -> 0 | AQ3: =IF(AO3=1,1,0) -> 0 | AR3: =IF(AND(AJ3=5,AK3=5,AL3=0,AM3=0),"Full Strength",IF(AP3=1,"Away PowerPlay",IF(AO3=1,"Home PowerPlay",IF(AL3=1,"Home EmptyNet",IF(AM3=1,"Away EmptyNet",""))))) | AS3: =IF(AND(AL3=0,AM3=0),AJ3&"v"&AK3,IF(AL3=1,AJ3&"v"&AK3&" Home EN",IF(AM3=1,AJ3&"v"&AK3&" Away EN",""))) -> 0v0 | AT3: =IF($H2="Home Goal",AT2+1,AT2) -> 0 | AU3: =IF($H2="Away Goal",AU2+1,AU2) -> 0 | AV3: =IF(AND($H3="Home Goal", AO3=0),1,0) -> 0 | AW3: =IF(AX3=1,-1,0) -> 0 | AX3: =IF(AND($H3="Away Goal", AP3=0),1,0) -> 0 | AY3: =IF(AV3=1,-1,0) -> 0 | AZ3: =IFERROR(VLOOKUP(B3,events!AA:BN,40,FALSE),0) -> 0 | BA3: =ROUND(IF(G3="Intermission",BA2,((1080)-((C3*60)+D3))+AZ3),0) -> 1080 | BB3: =IF(BA3<5,0,BA3-5) -> 1075 | BC3: =BB3+AI3+3 -> 1078
A4: 3 | I4: =IF($D4>0,I3,"") | J4: =IF($D4>0,J3,"") | K4: =IF($D4>0,K3,"") | L4: =IF($D4>0,L3,"") | M4: =IF($D4>0,M3,"") | N4: =IF($D4>0,N3,"") | O4: =IF(G4="Intermission",$O2,$O3) -> 0 | P4: =IF($D4>0,P3,"") | Q4: =IF($D4>0,Q3,"") | R4: =IF($D4>0,R3,"") | S4: =IF($D4>0,S3,"") | T4: =IF($D4>0,T3,"") | V4: =IF(N4="Intermission",$O2,$O3) -> 0 | AD4: =AD3 -> 18969 | AE4: =AE3 -> Platinum | AF4: =AF3 -> Velodrome | AG4: =((C4*60)+D4) -> 0 | AH4: =((E4*60)+F4) -> 0 | AI4: =ROUND(AG4-AH4,0) -> 0 | AJ4: =COUNTIF(I4:N4,">0") -> 0 | AK4: =COUNTIF(P4:U4,">0") -> 0 | AL4: =IF(O4="",1,0) -> 0 | AM4: =IF(V4="",1,0) -> 0 | AN4: =IF(AND($AL4<>1,$AJ4<$AK4,AM4<>1),1,) -> 0 | AO4: =IF(AND($AL4<>1,$AJ4>$AK4),1,) -> 0 | AP4: =IF(AN4=1,1,0) -> 0 | AQ4: =IF(AO4=1,1,0) -> 0 | AR4: =IF(AND(AJ4=5,AK4=5,AL4=0,AM4=0),"Full Strength",IF(AP4=1,"Away PowerPlay",IF(AO4=1,"Home PowerPlay",IF(AL4=1,"Home EmptyNet",IF(AM4=1,"Away EmptyNet",""))))) | AS4: =IF(AND(AL4=0,AM4=0),AJ4&"v"&AK4,IF(AL4=1,AJ4&"v"&AK4&" Home EN",IF(AM4=1,AJ4&"v"&AK4&" Away EN",""))) -> 0v0 | AT4: =IF($H3="Home Goal",AT3+1,AT3) -> 0 | AU4: =IF($H3="Away Goal",AU3+1,AU3) -> 0 | AV4: =IF(AND($H4="Home Goal", AO4=0),1,0) -> 0 | AW4: =IF(AX4=1,-1,0) -> 0 | AX4: =IF(AND($H4="Away Goal", AP4=0),1,0) -> 0 | AY4: =IF(AV4=1,-1,0) -> 0 | AZ4: =IFERROR(VLOOKUP(B4,events!AA:BN,40,FALSE),0) -> 0 | BA4: =ROUND(IF(G4="Intermission",BA3,((1080)-((C4*60)+D4))+AZ4),0) -> 1080 | BB4: =IF(BA4<5,0,BA4-5) -> 1075 | BC4: =BB4+AI4+3 -> 1078
A5: =A4+1 -> 4 | I5: =IF($D5>0,I4,"") | J5: =IF($D5>0,J4,"") | K5: =IF($D5>0,K4,"") | L5: =IF($D5>0,L4,"") | M5: =IF($D5>0,M4,"") | O5: =IF(G5="Intermission",$O3,$O4) -> 0 | P5: =IF($D5>0,P4,"") | Q5: =IF($D5>0,Q4,"") | R5: =IF($D5>0,R4,"") | S5: =IF($D5>0,S4,"") | T5: =IF($D5>0,T4,"") | V5: =IF(N5="Intermission",$O3,$O4) -> 0
A6: =A5+1 -> 5 | I6: =IF($D6>0,I5,"") | J6: =IF($D6>0,J5,"") | K6: =IF($D6>0,K5,"") | L6: =IF($D6>0,L5,"") | M6: =IF($D6>0,M5,"") | O6: =IF(G6="Intermission",$O4,$O5) -> 0 | P6: =IF($D6>0,P5,"") | Q6: =IF($D6>0,Q5,"") | R6: =IF($D6>0,R5,"") | S6: =IF($D6>0,S5,"") | T6: =IF($D6>0,T5,"") | V6: =IF(N6="Intermission",$O4,$O5) -> 0
A7: =A6+1 -> 6 | I7: =IF($D7>0,I6,"") | J7: =IF($D7>0,J6,"") | K7: =IF($D7>0,K6,"") | L7: =IF($D7>0,L6,"") | M7: =IF($D7>0,M6,"") | O7: =IF(G7="Intermission",$O5,$O6) -> 0 | P7: =IF($D7>0,P6,"") | Q7: =IF($D7>0,Q6,"") | R7: =IF($D7>0,R6,"") | S7: =IF($D7>0,S6,"") | T7: =IF($D7>0,T6,"") | V7: =IF(N7="Intermission",$O5,$O6) -> 0
A8: =A7+1 -> 7 | I8: =IF($D8>0,I7,"") | J8: =IF($D8>0,J7,"") | K8: =IF($D8>0,K7,"") | L8: =IF($D8>0,L7,"") | M8: =IF($D8>0,M7,"") | O8: =IF(G8="Intermission",$O6,$O7) -> 0 | P8: =IF($D8>0,P7,"") | Q8: =IF($D8>0,Q7,"") | R8: =IF($D8>0,R7,"") | S8: =IF($D8>0,S7,"") | T8: =IF($D8>0,T7,"") | V8: =IF(N8="Intermission",$O6,$O7) -> 0
A9: =A8+1 -> 8 | I9: =IF($D9>0,I8,"") | J9: =IF($D9>0,J8,"") | K9: =IF($D9>0,K8,"") | L9: =IF($D9>0,L8,"") | M9: =IF($D9>0,M8,"") | O9: =IF(G9="Intermission",$O7,$O8) -> 0 | P9: =IF($D9>0,P8,"") | Q9: =IF($D9>0,Q8,"") | R9: =IF($D9>0,R8,"") | S9: =IF($D9>0,S8,"") | T9: =IF($D9>0,T8,"") | V9: =IF(N9="Intermission",$O7,$O8) -> 0
A10: =A9+1 -> 9 | I10: =IF($D10>0,I9,"") | J10: =IF($D10>0,J9,"") | K10: =IF($D10>0,K9,"") | L10: =IF($D10>0,L9,"") | M10: =IF($D10>0,M9,"") | O10: =IF(G10="Intermission",$O8,$O9) -> 0 | P10: =IF($D10>0,P9,"") | Q10: =IF($D10>0,Q9,"") | R10: =IF($D10>0,R9,"") | S10: =IF($D10>0,S9,"") | T10: =IF($D10>0,T9,"") | V10: =IF(N10="Intermission",$O8,$O9) -> 0
A11: =A10+1 -> 10 | I11: =IF($D11>0,I10,"") | J11: =IF($D11>0,J10,"") | K11: =IF($D11>0,K10,"") | L11: =IF($D11>0,L10,"") | M11: =IF($D11>0,M10,"") | O11: =IF(G11="Intermission",$O9,$O10) -> 0 | P11: =IF($D11>0,P10,"") | Q11: =IF($D11>0,Q10,"") | R11: =IF($D11>0,R10,"") | S11: =IF($D11>0,S10,"") | T11: =IF($D11>0,T10,"") | V11: =IF(N11="Intermission",$O9,$O10) -> 0
A12: =A11+1 -> 11 | I12: =IF($D12>0,I11,"") | J12: =IF($D12>0,J11,"") | K12: =IF($D12>0,K11,"") | L12: =IF($D12>0,L11,"") | M12: =IF($D12>0,M11,"") | O12: =IF(G12="Intermission",$O10,$O11) -> 0 | P12: =IF($D12>0,P11,"") | Q12: =IF($D12>0,Q11,"") | R12: =IF($D12>0,R11,"") | S12: =IF($D12>0,S11,"") | T12: =IF($D12>0,T11,"") | V12: =IF(N12="Intermission",$O10,$O11) -> 0
A13: =A12+1 -> 12 | I13: =IF($D13>0,I12,"") | J13: =IF($D13>0,J12,"") | K13: =IF($D13>0,K12,"") | L13: =IF($D13>0,L12,"") | M13: =IF($D13>0,M12,"") | O13: =IF(G13="Intermission",$O11,$O12) -> 0 | P13: =IF($D13>0,P12,"") | Q13: =IF($D13>0,Q12,"") | R13: =IF($D13>0,R12,"") | S13: =IF($D13>0,S12,"") | T13: =IF($D13>0,T12,"") | V13: =IF(N13="Intermission",$O11,$O12) -> 0
A14: =A13+1 -> 13 | I14: =IF($D14>0,I13,"") | J14: =IF($D14>0,J13,"") | K14: =IF($D14>0,K13,"") | L14: =IF($D14>0,L13,"") | M14: =IF($D14>0,M13,"") | O14: =IF(G14="Intermission",$O12,$O13) -> 0 | P14: =IF($D14>0,P13,"") | Q14: =IF($D14>0,Q13,"") | R14: =IF($D14>0,R13,"") | S14: =IF($D14>0,S13,"") | T14: =IF($D14>0,T13,"") | V14: =IF(N14="Intermission",$O12,$O13) -> 0
A15: =A14+1 -> 14 | I15: =IF($D15>0,I14,"") | J15: =IF($D15>0,J14,"") | K15: =IF($D15>0,K14,"") | L15: =IF($D15>0,L14,"") | M15: =IF($D15>0,M14,"") | O15: =IF(G15="Intermission",$O13,$O14) -> 0 | P15: =IF($D15>0,P14,"") | Q15: =IF($D15>0,Q14,"") | R15: =IF($D15>0,R14,"") | S15: =IF($D15>0,S14,"") | T15: =IF($D15>0,T14,"") | V15: =IF(N15="Intermission",$O13,$O14) -> 0
A16: =A15+1 -> 15 | I16: =IF($D16>0,I15,"") | J16: =IF($D16>0,J15,"") | K16: =IF($D16>0,K15,"") | L16: =IF($D16>0,L15,"") | M16: =IF($D16>0,M15,"") | O16: =IF(G16="Intermission",$O14,$O15) -> 0 | P16: =IF($D16>0,P15,"") | Q16: =IF($D16>0,Q15,"") | R16: =IF($D16>0,R15,"") | S16: =IF($D16>0,S15,"") | T16: =IF($D16>0,T15,"") | V16: =IF(N16="Intermission",$O14,$O15) -> 0
... A99: =A98+1 -> 98 | I99: =IF($D99>0,I98,"") | J99: =IF($D99>0,J98,"") | K99: =IF($D99>0,K98,"") | L99: =IF($D99>0,L98,"") | M99: =IF($D99>0,M98,"") | O99: =IF(G99="Intermission",$O97,$O98) -> 0 | P99: =IF($D99>0,P98,"") | Q99: =IF($D99>0,Q98,"") | R99: =IF($D99>0,R98,"") | S99: =IF($D99>0,S98,"") | T99: =IF($D99>0,T98,"") | V99: =IF(N99="Intermission",$O97,$O98) -> 0

Sheet game_rosters
A1: In cell B3 | B1: =FILTER([BLB_Tables.xlsx]fact_gameroster!$A:$Z,[BLB_Tables.xlsx]fact_gameroster!$B:$B=events!$BB$2)'
B2: index | C2: game_id | D2: team_game_id | E2: opp_team_game_id | F2: player_game_id | G2: team_venue | H2: team_name | I2: opp_team_name | J2: player_game_number | K2: n_player_url | L2: player_position | M2: games_played | N2: goals | O2: assist | P2: goals_against | Q2: pim | R2: shutouts | S2: team_id | T2: opp_team_id | U2: key | V2: player_full_name | W2: player_id | X2: date | Y2: season | Z2: sub | AA2: skill_rating | AB2: venue | AC2: Goals | AD2: Penalties | AE2: AssistP | AF2: AssistS | AG2: Total Assists | AH2: Goal Diff | AI2: Penalty Diff | AJ2: Assist Diff | AO2: Home Team Goals | AP2: Home Team Assists | AQ2: Home Team Penalties | AR2: Away Team Goals | AS2: Away Team Assists | AT2: Away Team Penalties | AW2: Home Team Goals | AX2: Home Team Assists | AY2: Home Team Penalties | AZ2: Away Team Goals | BA2: Away Team Assists | BB2: Away Team Penalties
AB3: =IF(G3="home","h",IF(G3="away","a","")) | AC3: =COUNTIFS(events!$X:$X,"="&game_rosters!$J3,events!$AR:$AR,"="&game_rosters!$G3,events!$K:$K,"=Goal") -> 0 | AD3: =COUNTIFS(events!$X:$X,"="&game_rosters!$J3,events!$AR:$AR,"="&game_rosters!$G3,events!$K:$K,"=Penalty") -> 0 | AE3: =COUNTIFS(events!$X:$X,"="&game_rosters!$J3,events!$AR:$AR,"="&game_rosters!$G3,events!$O:$O,"=AssistPrimary") -> 0 | AF3: =COUNTIFS(events!$X:$X,"="&game_rosters!$J3,events!$AR:$AR,"="&game_rosters!$G3,events!$O:$O,"=AssistSecondary") -> 0 | AG3: =AE3+AF3 -> 0 | AH3: =AC3-N3 -> 0 | AI3: =(AD3*3)-Q3 -> 0 | AJ3: =AG3-O3 -> 0 | AO3: {=_xlfn._xlws.FILTER(events!$I:$I,(events!$K:$K="Goal")*(events!$AR:$AR="Home"))} -> #VALUE! | AP3: {=_xlfn._xlws.FILTER(events!$I:$I,((events!O:O="AssistPrimary")+(events!O:O="AssistSecondary"))*(events!$AR:$AR="Home"))} -> #VALUE! | AQ3: {=_xlfn._xlws.FILTER(events!$I:$I,(events!$K:$K="Penalty")*(events!$AR:$AR="Home"))} -> #VALUE! | AR3: {=_xlfn._xlws.FILTER(events!$I:$I,(events!$K:$K="Goal")*(events!$AR:$AR="Away"))} -> #VALUE! | AS3: {=_xlfn._xlws.FILTER(events!$I:$I,((events!O:O="AssistPrimary")+(events!O:O="AssistSecondary"))*(events!$AR:$AR="Away"))} -> #VALUE! | AT3: {=IFERROR(_xlfn._xlws.FILTER(events!$I:$I,(events!$K:$K="Penalty")*(events!$AR:$AR="Away")),"")} | AW3: {=_xlfn._xlws.FILTER($J:$J,($G:$G="Home")*($N:$N>=1))} -> #VALUE! | AX3: {=_xlfn._xlws.FILTER($J:$J,($G:$G="Home")*($O:$O>=1))} -> #VALUE! | AY3: {=_xlfn._xlws.FILTER($J:$J,($G:$G="Home")*($Q:$Q>=1))} -> #VALUE! | AZ3: {=_xlfn._xlws.FILTER($J:$J,($G:$G="Away")*($N:$N>=1))} -> #VALUE! | BA3: {=_xlfn._xlws.FILTER($J:$J,($G:$G="Away")*($O:$O>=1))} -> #VALUE! | BB3: {=IFERROR(_xlfn._xlws.FILTER($J:$J,($G:$G="Away")*($Q:$Q>=1)),"")}
AB4: =IF(G4="home","h",IF(G4="away","a","")) | AC4: =COUNTIFS(events!$X:$X,"="&game_rosters!$J4,events!$AR:$AR,"="&game_rosters!$G4,events!$K:$K,"=Goal") -> 0 | AD4: =COUNTIFS(events!$X:$X,"="&game_rosters!$J4,events!$AR:$AR,"="&game_rosters!$G4,events!$K:$K,"=Penalty") -> 0 | AE4: =COUNTIFS(events!$X:$X,"="&game_rosters!$J4,events!$AR:$AR,"="&game_rosters!$G4,events!$O:$O,"=AssistPrimary") -> 0 | AF4: =COUNTIFS(events!$X:$X,"="&game_rosters!$J4,events!$AR:$AR,"="&game_rosters!$G4,events!$O:$O,"=AssistSecondary") -> 0 | AG4: =AE4+AF4 -> 0 | AH4: =AC4-N4 -> 0 | AI4: =(AD4*3)-Q4 -> 0 | AJ4: =AG4-O4 -> 0
AB5: =IF(G5="home","h",IF(G5="away","a","")) | AC5: =COUNTIFS(events!$X:$X,"="&game_rosters!$J5,events!$AR:$AR,"="&game_rosters!$G5,events!$K:$K,"=Goal") -> 0 | AD5: =COUNTIFS(events!$X:$X,"="&game_rosters!$J5,events!$AR:$AR,"="&game_rosters!$G5,events!$K:$K,"=Penalty") -> 0 | AE5: =COUNTIFS(events!$X:$X,"="&game_rosters!$J5,events!$AR:$AR,"="&game_rosters!$G5,events!$O:$O,"=AssistPrimary") -> 0 | AF5: =COUNTIFS(events!$X:$X,"="&game_rosters!$J5,events!$AR:$AR,"="&game_rosters!$G5,events!$O:$O,"=AssistSecondary") -> 0 | AG5: =AE5+AF5 -> 0 | AH5: =AC5-N5 -> 0 | AI5: =(AD5*3)-Q5 -> 0 | AJ5: =AG5-O5 -> 0
AB6: =IF(G6="home","h",IF(G6="away","a","")) | AC6: =COUNTIFS(events!$X:$X,"="&game_rosters!$J6,events!$AR:$AR,"="&game_rosters!$G6,events!$K:$K,"=Goal") -> 0 | AD6: =COUNTIFS(events!$X:$X,"="&game_rosters!$J6,events!$AR:$AR,"="&game_rosters!$G6,events!$K:$K,"=Penalty") -> 0 | AE6: =COUNTIFS(events!$X:$X,"="&game_rosters!$J6,events!$AR:$AR,"="&game_rosters!$G6,events!$O:$O,"=AssistPrimary") -> 0 | AF6: =COUNTIFS(events!$X:$X,"="&game_rosters!$J6,events!$AR:$AR,"="&game_rosters!$G6,events!$O:$O,"=AssistSecondary") -> 0 | AG6: =AE6+AF6 -> 0 | AH6: =AC6-N6 -> 0 | AI6: =(AD6*3)-Q6 -> 0 | AJ6: =AG6-O6 -> 0
AB7: =IF(G7="home","h",IF(G7="away","a","")) | AC7: =COUNTIFS(events!$X:$X,"="&game_rosters!$J7,events!$AR:$AR,"="&game_rosters!$G7,events!$K:$K,"=Goal") -> 0 | AD7: =COUNTIFS(events!$X:$X,"="&game_rosters!$J7,events!$AR:$AR,"="&game_rosters!$G7,events!$K:$K,"=Penalty") -> 0 | AE7: =COUNTIFS(events!$X:$X,"="&game_rosters!$J7,events!$AR:$AR,"="&game_rosters!$G7,events!$O:$O,"=AssistPrimary") -> 0 | AF7: =COUNTIFS(events!$X:$X,"="&game_rosters!$J7,events!$AR:$AR,"="&game_rosters!$G7,events!$O:$O,"=AssistSecondary") -> 0 | AG7: =AE7+AF7 -> 0 | AH7: =AC7-N7 -> 0 | AI7: =(AD7*3)-Q7 -> 0 | AJ7: =AG7-O7 -> 0
AB8: =IF(G8="home","h",IF(G8="away","a","")) | AC8: =COUNTIFS(events!$X:$X,"="&game_rosters!$J8,events!$AR:$AR,"="&game_rosters!$G8,events!$K:$K,"=Goal") -> 0 | AD8: =COUNTIFS(events!$X:$X,"="&game_rosters!$J8,events!$AR:$AR,"="&game_rosters!$G8,events!$K:$K,"=Penalty") -> 0 | AE8: =COUNTIFS(events!$X:$X,"="&game_rosters!$J8,events!$AR:$AR,"="&game_rosters!$G8,events!$O:$O,"=AssistPrimary") -> 0 | AF8: =COUNTIFS(events!$X:$X,"="&game_rosters!$J8,events!$AR:$AR,"="&game_rosters!$G8,events!$O:$O,"=AssistSecondary") -> 0 | AG8: =AE8+AF8 -> 0 | AH8: =AC8-N8 -> 0 | AI8: =(AD8*3)-Q8 -> 0 | AJ8: =AG8-O8 -> 0
AB9: =IF(G9="home","h",IF(G9="away","a","")) | AC9: =COUNTIFS(events!$X:$X,"="&game_rosters!$J9,events!$AR:$AR,"="&game_rosters!$G9,events!$K:$K,"=Goal") -> 0 | AD9: =COUNTIFS(events!$X:$X,"="&game_rosters!$J9,events!$AR:$AR,"="&game_rosters!$G9,events!$K:$K,"=Penalty") -> 0 | AE9: =COUNTIFS(events!$X:$X,"="&game_rosters!$J9,events!$AR:$AR,"="&game_rosters!$G9,events!$O:$O,"=AssistPrimary") -> 0 | AF9: =COUNTIFS(events!$X:$X,"="&game_rosters!$J9,events!$AR:$AR,"="&game_rosters!$G9,events!$O:$O,"=AssistSecondary") -> 0 | AG9: =AE9+AF9 -> 0 | AH9: =AC9-N9 -> 0 | AI9: =(AD9*3)-Q9 -> 0 | AJ9: =AG9-O9 -> 0
AB10: =IF(G10="home","h",IF(G10="away","a","")) | AC10: =COUNTIFS(events!$X:$X,"="&game_rosters!$J10,events!$AR:$AR,"="&game_rosters!$G10,events!$K:$K,"=Goal") -> 0 | AD10: =COUNTIFS(events!$X:$X,"="&game_rosters!$J10,events!$AR:$AR,"="&game_rosters!$G10,events!$K:$K,"=Penalty") -> 0 | AE10: =COUNTIFS(events!$X:$X,"="&game_rosters!$J10,events!$AR:$AR,"="&game_rosters!$G10,events!$O:$O,"=AssistPrimary") -> 0 | AF10: =COUNTIFS(events!$X:$X,"="&game_rosters!$J10,events!$AR:$AR,"="&game_rosters!$G10,events!$O:$O,"=AssistSecondary") -> 0 | AG10: =AE10+AF10 -> 0 | AH10: =AC10-N10 -> 0 | AI10: =(AD10*3)-Q10 -> 0 | AJ10: =AG10-O10 -> 0
AB11: =IF(G11="home","h",IF(G11="away","a","")) | AC11: =COUNTIFS(events!$X:$X,"="&game_rosters!$J11,events!$AR:$AR,"="&game_rosters!$G11,events!$K:$K,"=Goal") -> 0 | AD11: =COUNTIFS(events!$X:$X,"="&game_rosters!$J11,events!$AR:$AR,"="&game_rosters!$G11,events!$K:$K,"=Penalty") -> 0 | AE11: =COUNTIFS(events!$X:$X,"="&game_rosters!$J11,events!$AR:$AR,"="&game_rosters!$G11,events!$O:$O,"=AssistPrimary") -> 0 | AF11: =COUNTIFS(events!$X:$X,"="&game_rosters!$J11,events!$AR:$AR,"="&game_rosters!$G11,events!$O:$O,"=AssistSecondary") -> 0 | AG11: =AE11+AF11 -> 0 | AH11: =AC11-N11 -> 0 | AI11: =(AD11*3)-Q11 -> 0 | AJ11: =AG11-O11 -> 0
AB12: =IF(G12="home","h",IF(G12="away","a","")) | AC12: =COUNTIFS(events!$X:$X,"="&game_rosters!$J12,events!$AR:$AR,"="&game_rosters!$G12,events!$K:$K,"=Goal") -> 0 | AD12: =COUNTIFS(events!$X:$X,"="&game_rosters!$J12,events!$AR:$AR,"="&game_rosters!$G12,events!$K:$K,"=Penalty") -> 0 | AE12: =COUNTIFS(events!$X:$X,"="&game_rosters!$J12,events!$AR:$AR,"="&game_rosters!$G12,events!$O:$O,"=AssistPrimary") -> 0 | AF12: =COUNTIFS(events!$X:$X,"="&game_rosters!$J12,events!$AR:$AR,"="&game_rosters!$G12,events!$O:$O,"=AssistSecondary") -> 0 | AG12: =AE12+AF12 -> 0 | AH12: =AC12-N12 -> 0 | AI12: =(AD12*3)-Q12 -> 0 | AJ12: =AG12-O12 -> 0
AB13: =IF(G13="home","h",IF(G13="away","a","")) | AC13: =COUNTIFS(events!$X:$X,"="&game_rosters!$J13,events!$AR:$AR,"="&game_rosters!$G13,events!$K:$K,"=Goal") -> 0 | AD13: =COUNTIFS(events!$X:$X,"="&game_rosters!$J13,events!$AR:$AR,"="&game_rosters!$G13,events!$K:$K,"=Penalty") -> 0 | AE13: =COUNTIFS(events!$X:$X,"="&game_rosters!$J13,events!$AR:$AR,"="&game_rosters!$G13,events!$O:$O,"=AssistPrimary") -> 0 | AF13: =COUNTIFS(events!$X:$X,"="&game_rosters!$J13,events!$AR:$AR,"="&game_rosters!$G13,events!$O:$O,"=AssistSecondary") -> 0 | AG13: =AE13+AF13 -> 0 | AH13: =AC13-N13 -> 0 | AI13: =(AD13*3)-Q13 -> 0 | AJ13: =AG13-O13 -> 0
AB14: =IF(G14="home","h",IF(G14="away","a","")) | AC14: =COUNTIFS(events!$X:$X,"="&game_rosters!$J14,events!$AR:$AR,"="&game_rosters!$G14,events!$K:$K,"=Goal") -> 0 | AD14: =COUNTIFS(events!$X:$X,"="&game_rosters!$J14,events!$AR:$AR,"="&game_rosters!$G14,events!$K:$K,"=Penalty") -> 0 | AE14: =COUNTIFS(events!$X:$X,"="&game_rosters!$J14,events!$AR:$AR,"="&game_rosters!$G14,events!$O:$O,"=AssistPrimary") -> 0 | AF14: =COUNTIFS(events!$X:$X,"="&game_rosters!$J14,events!$AR:$AR,"="&game_rosters!$G14,events!$O:$O,"=AssistSecondary") -> 0 | AG14: =AE14+AF14 -> 0 | AH14: =AC14-N14 -> 0 | AI14: =(AD14*3)-Q14 -> 0 | AJ14: =AG14-O14 -> 0
AB15: =IF(G15="home","h",IF(G15="away","a","")) | AC15: =COUNTIFS(events!$X:$X,"="&game_rosters!$J15,events!$AR:$AR,"="&game_rosters!$G15,events!$K:$K,"=Goal") -> 0 | AD15: =COUNTIFS(events!$X:$X,"="&game_rosters!$J15,events!$AR:$AR,"="&game_rosters!$G15,events!$K:$K,"=Penalty") -> 0 | AE15: =COUNTIFS(events!$X:$X,"="&game_rosters!$J15,events!$AR:$AR,"="&game_rosters!$G15,events!$O:$O,"=AssistPrimary") -> 0 | AF15: =COUNTIFS(events!$X:$X,"="&game_rosters!$J15,events!$AR:$AR,"="&game_rosters!$G15,events!$O:$O,"=AssistSecondary") -> 0 | AG15: =AE15+AF15 -> 0 | AH15: =AC15-N15 -> 0 | AI15: =(AD15*3)-Q15 -> 0 | AJ15: =AG15-O15 -> 0
... AB29: =IF(G29="home","h",IF(G29="away","a","")) | AC29: =COUNTIFS(events!$X:$X,"="&game_rosters!$J29,events!$AR:$AR,"="&game_rosters!$G29,events!$K:$K,"=Goal") -> 0 | AD29: =COUNTIFS(events!$X:$X,"="&game_rosters!$J29,events!$AR:$AR,"="&game_rosters!$G29,events!$K:$K,"=Penalty") -> 0 | AE29: =COUNTIFS(events!$X:$X,"="&game_rosters!$J29,events!$AR:$AR,"="&game_rosters!$G29,events!$O:$O,"=AssistPrimary") -> 0 | AF29: =COUNTIFS(events!$X:$X,"="&game_rosters!$J29,events!$AR:$AR,"="&game_rosters!$G29,events!$O:$O,"=AssistSecondary") -> 0 | AG29: =AE29+AF29 -> 0 | AH29: =AC29-N29 -> 0 | AI29: =(AD29*3)-Q29 -> 0 | AJ29: =AG29-O29 -> 0
C43: Home | D43: Away | E43: Dup
C44: {=_xlfn._xlws.FILTER(J:J,G:G="home")} -> #VALUE! | D44: {=_xlfn._xlws.FILTER(J:J,G:G="away")} -> #VALUE! | E44: =COUNTIF(C$44:D$65,C44)>1 -> TRUE
E45: =COUNTIF(C$44:D$65,C45)>1 -> FALSE
E46: =COUNTIF(C$44:D$65,C46)>1 -> FALSE
E47: =COUNTIF(C$44:D$65,C47)>1 -> FALSE
E48: =COUNTIF(C$44:D$65,C48)>1 -> FALSE
E49: =COUNTIF(C$44:D$65,C49)>1 -> FALSE
E50: =COUNTIF(C$44:D$65,C50)>1 -> FALSE
E51: =COUNTIF(C$44:D$65,C51)>1 -> FALSE
E52: =COUNTIF(C$44:D$65,C52)>1 -> FALSE
E53: =COUNTIF(C$44:D$65,C53)>1 -> FALSE
E54: =COUNTIF(C$44:D$65,C54)>1 -> FALSE
E55: =COUNTIF(C$44:D$65,C55)>1 -> FALSE
E56: =COUNTIF(C$44:D$65,C56)>1 -> FALSE
... E63: =COUNTIF(C$44:D$65,C63)>1 -> FALSE
