Workbook
Name DEfensive: Lists!$BL:$BL
Name EventType: Lists!$A$2:$A$16
Name Faceoff: Lists!$G$2:$G$1048576
Name Goal: Lists!$J$2:$J$1048576
Name Goal_PenaltyShot: Lists!$BA$2:$BA$1048576
Name Goal_Scored: Lists!$AY$2:$AY$1048576
Name Goal_Shootout: Lists!$AZ$2:$AZ$1048576
Name LoosePuck: Lists!$P$2:$P$1048576
Name Offensive: Lists!$BK:$BK
Name Pass: Lists!$I$2:$I$1048576
Name Pass_Completed: Lists!$R$2:$R$1048576
Name Pass_Deflected: Lists!$T$2:$T$1048576
Name Pass_Intercepted: Lists!$U$2:$U$1048576
Name Pass_Missed: Lists!$S$2:$S$1048576
Name Penalty: Lists!$M$2:$M$1048576
Name Penalty_Major: Lists!$AA$2:$AA$1048576
Name Penalty_Minor: Lists!$AB$2:$AB$1048576
Name Penalty_Offsetting: Lists!$AC$2:$AC$1048576
Name PenaltyShot_Missed: Lists!$AK$2:$AK$1048576
Name PenaltyShot_OnNet: Lists!$AJ$2:$AJ$1048576
Name PenaltyShot_Saved: Lists!$AL$2:$AL$1048576
Name PenaltyShot_Shootout: Lists!$N$2:$N$1048576
Name Play: Lists!$F:$F
Name Play_Defensive: Lists!$BE:$BE
Name Play_Offensive: Lists!$BD:$BD
Name Possession: Lists!$BF:$BF
Name Rebound: Lists!$BC$2:$BC$1048576
Name Save: Lists!$Q$2:$Q$1048576
Name Save_Freeze: Lists!$AN$2:$AN$1048576
Name Save_Played: Lists!$BB:$BB
Name Save_Rebound: Lists!$AM$2:$AM$1048576
Name Shootout_Missed: Lists!$AH$2:$AH$1048576
Name Shootout_OnNet: Lists!$AG$2:$AG$1048576
Name Shootout_Saved: Lists!$AI$2:$AI$1048576
Name Shot: Lists!$H$2:$H$1048576
Name Shot_Blocked: Lists!$AQ$2:$AQ$1048576
Name Shot_BlockedSameTeam: Lists!$AR$2:$AR$1048576
Name Shot_Deflected: Lists!$AS$2:$AS$1048576
Name Shot_DeflectedGoal: Lists!$AX$2:$AX$1048576
Name Shot_DeflectedOnNetSaved: Lists!$AT$2:$AT$1048576
Name Shot_Missed: Lists!$AP$2:$AP$1048576
Name Shot_MissedPost: Lists!$BH:$BH
Name Shot_OnNetGoal: Lists!$AV$2:$AV$1048576
Name Shot_OnNetSaved: Lists!$AO$2:$AO$1048576
Name Shot_TippedGoal: Lists!$AW$2:$AW$1048576
Name Shot_TippedOnNetSaved: Lists!$AU$2:$AU$1048576
Name Stoppage: Lists!$O$2:$O$1048576
Name Stoppage_Other: Lists!$AF$2:$AF$1048576
Name Stoppage_Period: Lists!$AE$2:$AE$1048576
Name Stoppage_Play: Lists!$AD$2:$AD$1048576
Name Turnover: Lists!$K$2:$K$1048576
Name Turnover_Giveaway: Lists!$V$2:$V$1048576
Name Turnover_Takeaway: Lists!$W$2:$W$1048576
Name Zone_Entry: Lists!$X$2:$X$1048576
Name Zone_Entry_Exit: Lists!$L$2:$L$1048576
Name Zone_EntryFailed: Lists!$BM:$BM
Name Zone_Exit: Lists!$Y$2:$Y$1048576
Name Zone_ExitFailed: Lists!$BN:$BN
Name Zone_Keepin: Lists!$Z$2:$Z$1048576

Sheet examples
A1: shift_index | B1: Period | C1: shift_start_min | D1: shift_start_sec | E1: shift_end_min | F1: shift_end_sec | G1: shift_start_type | H1: shift_stop_type | I1: home_forward_1 | J1: home_forward_2 | K1: home_forward_3 | L1: home_defense_1 | M1: home_defense_2 | N1: home_xtra | O1: home_goalie | P1: away_forward_1 | Q1: away_forward_2 | R1: away_forward_3 | S1: away_defense_1 | T1: away_defense_2 | U1: away_xtra | V1: away_goalie | W1: stoppage_time | X1: home_ozone_start | Y1: home_ozone_end | Z1: home_dzone_start | AA1: home_dzone_end | AB1: home_nzone_start | AC1: home_nzone_end | AD1: game_id | AE1: home_team | AF1: away_team | AG1: shift_start_total_seconds | AH1: shift_end_total_seconds | AI1: shift_duration | AJ1: home_team_strength | AK1: away_team_strength | AL1: home_team_en | AM1: away_team_en | AN1: home_team_pk | AO1: home_team_pp | AP1: away_team_pp | AQ1: away_team_pk | AR1: situation | AS1: strength | AT1: home_goals | AU1: away_goals | AV1: period_start_total_running_seconds | AW1: running_video_time | AX1: shift_start_running_time | AY1: shift_end_running_time
A2: 40 | B2: 1 | C2: 2 | D2: 07 | E2: 0 | F2: 35 | G2: OtherFaceoff | H2: Away Goalie Stopped (after Home SOG) | I2: 42 | J2: 14 | K2: 61 | L2: 22 | M2: 9 | O2: 39 | P2: 91 | Q2: 80 | R2: 89 | S2: 4 | T2: 25 | V2: 30 | Y2: 1
A3: 41 | B3: 1 | C3: 0 | D3: 35 | E3: 0 | F3: 0.01 | G3: OtherFaceoff | H3: Period End | I3: 42 | J3: 14 | K3: 61 | L3: 22 | M3: 9 | O3: 39 | P3: 77 | Q3: 13 | R3: 68 | S3: 4 | T3: 25 | V3: 30 | Y3: 1
A4: 42 | B4: 1 | G4: Intermission
A5: 43 | B5: 2 | C5: 18 | D5: 0 | E5: 17 | F5: 18 | G5: PeriodStart | H5: Away Goalie Stopped (after Home SOG) | I5: 70 | J5: 14 | K5: 55 | L5: 91 | M5: 84 | O5: 39 | P5: 77 | Q5: 13 | R5: 68 | S5: 44 | T5: 18 | V5: 30 | Y5: 1
A8: 105 | B8: 3 | C8: 1 | D8: 01 | E8: 0 | F8: 49 | I8: 42 | J8: 24 | K8: 61 | L8: 91 | M8: 84 | O8: 39 | P8: 77 | Q8: 12 | R8: 68 | S8: 44 | T8: 18 | V8: 30 | AA8: 1
A9: 106 | B9: 3 | C9: 0 | D9: 49 | E9: 0 | F9: 0.01 | H9: GameEnd | I9: 42 | J9: 24 | K9: 61 | L9: 91 | M9: 84 | O9: 39 | P9: 77 | Q9: 12 | R9: 56 | S9: 44 | T9: 18 | U9: 3 | AA9: 1
A10: 107 | B10: 3 | C10: 0 | D10: 0.01
A25: event_index | B25: linked_event_index_ | C25: linked_event_index | D25: tracking_event_index | E25: sequence_index | F25: play_index | G25: zone_change_index | H25: Period | I25: event_start_min_ | J25: event_start_sec_ | K25: event_end_min_ | L25: event_end_sec_ | M25: event_start_min | N25: event_start_sec | O25: event_end_min | P25: event_end_sec | Q25: Team_ | R25: Player | S25: role_abrev_binary | T25: role_abrev | U25: Type_ | V25: event_detail_ | W25: event_detail_2_ | X25: successful | Y25: play_detail1 | Z25: play_detail2 | AA25: play_detail_successful | AB25: context | AC25: play_tag1 | AD25: play_tag2 | AE25: high_danger | AF25: event_team_zone | AG25: home_team_zone | AH25: away_team_zone | AI25: forced_forcer | AJ25: pressured_pressurer
A27: 599 | H27: 1 | I27: 0 | J27: 01 | Q27: a | R27: 13 | S27: 1 | T27: e | U27: Shot | V27: Shot_Missed | W27: Shot-Backhand | X27: u | AF27: o | AJ27: 1 | AM27: Shot | AN27: Shot_Missed | AP27: Offensive
A28: 599 | H28: 1 | R28: 9 | T28: o | Y28: Defensive_PlayPossession-StickCheck | AA28: s | AJ28: 1 | AM28: Shot | AN28: Shot_Missed | AP28: Defensive
A29: 600 | H29: 1 | I29: 0 | J29: 00 | T29: o | U29: Stoppage | V29: Stoppage_Period | W29: Stoppage-PeriodEnd | AM29: Stoppage | AN29: Stoppage_Period
A30: 601 | H30: 2 | I30: 56 | J30: 46 | K30: 55 | L30: 39 | T30: o | U30: Intermission | AM30: Intermission
A31: 602 | H31: 2 | I31: 18 | J31: 00 | Q31: h | R31: 70 | S31: 1 | T31: e | U31: Faceoff | V31: Faceoff_PeriodStart | AF31: n | AM31: Faceoff | AN31: Faceoff_PeriodStart | AP31: Offensive
A34: 1438 | B34: 223 | H34: 3 | I34: 5 | J34: 55 | Q34: h | R34: 61 | S34: 1 | T34: e | U34: Shot | V34: Shot_Goal | AF34: o | AM34: Shot | AN34: Shot_Goal | AP34: Offensive
A35: 1438 | B35: 223 | H35: 3 | R35: 30 | T35: o | AM35: Shot | AN35: Shot_Goal | AP35: Defensive
A36: 1439 | B36: 223 | H36: 3 | I36: 5 | J36: 55 | Q36: h | R36: 61 | S36: 1 | T36: e | U36: Goal | V36: Goal_Scored | W36: Goal-Wrist | AF36: o | AM36: Goal | AN36: Goal_Scored | AP36: Offensive
A37: 1439 | B37: 223 | H37: 3 | R37: 30 | T37: o | AM37: Goal | AN37: Goal_Scored | AP37: Defensive
A38: 1440 | B38: 223 | H38: 3 | I38: 5 | J38: 55 | Q38: h | R38: 61 | S38: 1 | T38: e | U38: Stoppage | V38: Stoppage_Play | W38: Stoppage-Goal | AF38: o | AJ38: 1 | AM38: Stoppage | AN38: Stoppage_Play
A39: 1441 | B39: 223 | H39: 3 | I39: 5 | J39: 55 | K39: 5 | L39: 31 | Q39: h | R39: 61 | S39: 1 | T39: e | U39: DeadIce | AF39: o | AJ39: 1 | AM39: DeadIce
A43: 1590 | H43: 3 | I43: 0 | J43: 26 | Q43: h | R43: 84 | S43: 1 | T43: e | U43: Penalty_Delayed | AF43: d | AJ43: 1 | AM43: Penalty_Delayed | AP43: Offensive
A44: 1590 | H44: 3 | R44: 3 | T44: o | AJ44: 1 | AM44: Penalty_Delayed | AP44: Defensive
A45: 1591 | B45: 247 | H45: 3 | I45: 0 | J45: 25 | Q45: a | R45: 18 | S45: 1 | T45: e | U45: Shot | V45: Shot_OnNetSaved | W45: Shot-Wrist | X45: s | AF45: o | AM45: Shot | AN45: Shot_OnNetSaved | AP45: Offensive
A46: 1591 | B46: 247 | H46: 3 | R46: 77 | S46: 1 | T46: e | Y46: OffensivePlay_Shot-Screen | AM46: Shot | AN46: Shot_OnNetSaved | AP46: Offensive
A47: 1591 | B47: 247 | H47: 3 | R47: 39 | T47: o | AM47: Shot | AN47: Shot_OnNetSaved | AP47: Defensive
A48: 1592 | B48: 247 | H48: 3 | I48: 0 | J48: 25 | Q48: h | R48: 39 | S48: 1 | T48: e | U48: Save | V48: Save_Rebound | W48: Save-Blocker | AF48: d | AM48: Save | AN48: Save_Rebound | AP48: Defensive
A49: 1592 | B49: 247 | H49: 3 | R49: 18 | T49: o | AM49: Save | AN49: Save_Rebound | AP49: Offensive
A50: 1592 | B50: 247 | H50: 3 | R50: 77 | T50: o | Y50: OffensivePlay_Shot-Screen | AM50: Save | AN50: Save_Rebound | AP50: Offensive
A51: 1593 | B51: 247 | H51: 3 | I51: 0 | J51: 25 | Q51: h | R51: 39 | S51: 1 | T51: e | AF51: d | AP51: Offensive
A52: 1594 | H52: 3 | I52: 0 | J52: 21 | Q52: a | R52: 56 | S52: 1 | T52: e | U52: Possession | V52: PuckRecovery | X52: u | Y52: OffensivePlay_Zone-PuckRecoveryShot | AA52: u | AF52: o | AM52: Possession | AN52: PuckRecovery | AP52: Offensive
A53: 1595 | H53: 3 | I53: 0 | J53: 21 | Q53: a | R53: 56 | S53: 1 | T53: e | U53: Pass | V53: Pass_Missed | W53: Pass-Forehand | X53: u | Y53: OffensivePlay_Pass-SecondTouch | AA53: u | AF53: o | AJ53: 1 | AM53: Pass | AN53: Pass_Missed | AP53: Offensive
A54: 1595 | H54: 3 | R54: 3 | S54: 1 | T54: e | AM54: Pass | AN54: Pass_Missed | AP54: Offensive
A55: 1595 | H55: 3 | R55: 91 | T55: o | AJ55: 1 | AM55: Pass | AN55: Pass_Missed | AP55: Defensive
A56: 1596 | H56: 3 | I56: 0 | J56: 21 | Q56: h | S56: 1 | T56: e | U56: Zone_Entry_Exit | V56: Zone_Exit | W56: ZoneExit-OppTeam | AF56: d | AM56: Zone_Entry_Exit | AN56: Zone_Exit | AP56: Offensive
A57: 1597 | H57: 3 | I57: 0 | J57: 17 | K57: 0 | L57: 15 | Q57: a | R57: 44 | S57: 1 | T57: e | U57: Possession | V57: PuckRecovery | X57: s | Y57: OffensivePlay_Zone-PuckRecoveryTurnover | AA57: s | AF57: n | AM57: Possession | AN57: PuckRecovery | AP57: Offensive
A58: 1598 | H58: 3 | I58: 0 | J58: 15 | Q58: a | R58: 44 | S58: 1 | T58: e | U58: Pass | V58: Pass_Completed | W58: Pass-Forehand | X58: s | AF58: n | AM58: Pass | AN58: Pass_Completed | AP58: Offensive
A59: 1598 | H59: 3 | R59: 18 | S59: 1 | T59: e | AM59: Pass | AN59: Pass_Completed | AP59: Offensive
A60: 1599 | H60: 3 | I60: 0 | J60: 14 | Q60: a | R60: 18 | S60: 1 | T60: e | U60: Zone_Entry_Exit | V60: Zone_Entry | W60: ZoneEntry-Rush | X60: u | AF60: o | AJ60: 1 | AM60: Zone_Entry_Exit | AN60: Zone_Entry | AP60: Offensive
A61: 1599 | H61: 3 | R61: 24 | T61: o | AJ61: 1 | AM61: Zone_Entry_Exit | AN61: Zone_Entry | AP61: Defensive
A62: 1600 | H62: 3 | I62: 0 | J62: 12 | Q62: h | R62: 24 | S62: 1 | T62: e | U62: Turnover | V62: Turnover_Takeaway | W62: Takeaway-BattleWon | X62: s | Y62: Defensive_PlayPossession-SeperateFromPuck | AA62: s | AF62: d | AJ62: 1 | AM62: Turnover | AN62: Turnover_Takeaway | AP62: Defensive
A63: 1600 | H63: 3 | R63: 91 | S63: 1 | T63: e | Y63: Defensive_PlayPossession-StickCheck | AA63: s | AJ63: 1 | AM63: Turnover | AN63: Turnover_Takeaway | AP63: Defensive
A64: 1600 | H64: 3 | R64: 18 | T64: o | AJ64: 1 | AM64: Turnover | AN64: Turnover_Takeaway | AP64: Offensive
A65: 1601 | B65: 248 | H65: 3 | I65: 0 | J65: 11 | Q65: h | R65: 84 | S65: 1 | T65: e | U65: Penalty | V65: Penalty_Minor | W65: Penalty-Tripping | AF65: d | AM65: Penalty | AN65: Penalty_Minor | AP65: Offensive
A66: 1602 | B66: 248 | H66: 3 | I66: 0 | J66: 11 | K66: 0 | L66: 00 | Q66: h | R66: 84 | S66: 1 | T66: e | U66: Stoppage | V66: Stoppage_Period | W66: Stoppage-PeriodEnd | AF66: d | AM66: Stoppage | AN66: Stoppage_Period

Sheet Sheet1
A1: duration | C1: context
A2: time_start_total_seconds | C2: play_tag1
A3: time_end_total_seconds | C3: play_tag2
A4: shift_index | C4: high_danger
A5: player_role
A6: role_number
A7: running_intermission_duration
A8: period_start_total_running_seconds
A9: running_video_time
A10: event_running_start
A11: event_running_end
A12: event_id
A13: linked_event_id
A14: play_id
A15: sequence_id
A16: zone_change_id
... A72: possession_change

Sheet Rules
A1: EventType | B1: Definition | C1: Next Event | D1: Uses | E1: Linked Events | F1: Successful/Unsuccessful | G1: Successful Def | J1: EventTypeDetail | K1: Definition | L1: Next Event | M1: Uses | N1: Linked Events | O1: Successful/Unsuccessful | P1: Successful Def | S1: EventTypeDetail2 | T1: Definition | U1: Next Event | V1: Uses | W1: Linked Events | X1: Successful/Unsuccessful | Y1: Successful Def | AC1: Definition | AD1: Next Event | AE1: Uses | AF1: Linked Events | AG1: Successful/Unsuccessful | AH1: Successful Def | AL1: Definition | AM1: Next Event | AN1: Uses | AO1: Linked Events | AP1: Linked Events | AQ1: Successful/Unsuccessful | AR1: Successful Def | AT1: play_tag1 | AU1: Definition | AV1: Next Event | AW1: Uses | AX1: Linked Events | AZ1: play_tag2 | BA1: Definition | BB1: Next Event | BC1: Uses | BD1: Linked Events | BF1: Context | BG1: Definition | BH1: Next Event | BI1: Uses | BJ1: Linked Events | BM1: shift_start | BN1: Definition | BO1: Next Event | BP1: Linked Events | BR1: shift_end | BS1: Definition | BT1: Next Event | BU1: Linked Events
A2: Faceoff | J2: Faceoff | S2: PenaltyShot/Shootout | AB2: Offensive | AH2: sucessful if next play positive | AK2: Defensive | AR2: sucessful if next play positive | AT2: LowToHigh | AZ2: Rush | BF2: LeadToBreakout | BM2: PeriodStart | BR2: -
A3: Shot | E3: Save | J3: Faceoff-AfterPenalty | S3: PenaltyShot_OnNet | X3: s | AB3: OffensivePlay_Possession-DriveMiddle | AK3: Defensive_PlayPossession-PokeCheck | AT3: HighToLow | AZ3: Cycle | BF3: LeadToZoneEntry | BM3: FaceoffAfterGoal | BR3: Period Start
A4: Pass | J4: Faceoff-AfterGoal | S4: PenaltyShot_Missed | X4: u | AB4: OffensivePlay_Possession-DriveWide | AK4: Defensive_PlayPossession-SeperateFromPuck | AT4: CrossIce | AZ4: Forecheck | BF4: LeadToTurnover | BM4: GameStart | BR4: Period End
A5: Goal | E5: Shot | J5: Faceoff-PeriodStart | S5: PenaltyShot_Saved | X5: s | AB5: OffensivePlay_Possession-DriveCorner | AK5: Defensive_PlayPossession-Backcheck | AT5: Slot | AZ5: Dumpin | BF5: LeadToShot | BM5: FaceoffAfterPenalty | BR5: Puck Out of Play
A6: Turnover | E6: Pass, Shot, Play | J6: Shot-OnNet | S6: ShootoutShot_OnNet | X6: s | AB6: OffensivePlay_Possession-DriveNetMiddle | AK6: Defensive_PlayPossession-FroceWide | AZ6: Regroup | BF6: LeadToGoal | BM6: OtherFaceoff | BR6: Injury
A7: Zone_Entry_Exit | E7: Pass, Turnover, Attempted Failed, Keepins | J7: Shot-Missed | S7: ShootoutShot_Missed | X7: u | AB7: OffensivePlay_Possession-DriveNetWide | AK7: Defensive_PlayPossession-Contain | AZ7: Counter | BF7: LeadToPenalty | BM7: DeadIce/Stoppage | BR7: Home Penalty
A8: Penalty | J8: Shot-Blocked | S8: ShootoutShot_Saved | X8: s | AB8: OffensivePlay_Possession-CrashNet | AK8: Defensive_PlayPossession-BeatMiddle | AZ8: ZoneExit | BF8: LeadToFailedBreakout | BM8: Intermission | BR8: Away Penalty
A9: PenaltyShot_Shootout | J9: Shot-BlockedSameTeam | AB9: OffensivePlay_Possession-Delay | AK9: Defensive_PlayPossession-BeatWide | AZ9: ZoneEntry | BF9: LeadToFailedZoneEntry | BM9: DelayedPenalty | BR9: Home Goalie Stoppage
A10: Stoppage | E10: Save Freeze | J10: Shot-Deflected | S10: Stoppage_Period | AB10: OffensivePlay_Possession-Deke | AK10: Defensive_PlayPossession-BeatDeke | AZ10: Clear | BM10: GameStart | BR10: Away Goalie Stoppage
A11: Hit | J11: Shot-DeflectedOnNet | S11: Stoppage_Play | AB11: OffensivePlay_Possession-Chip | AK11: Defensive_PlayPossession-BeatSpeed | BR11: Home Offside
A12: Possession | J12: Shot-Tipped | S12: Stoppage_Other | AB12: OffensivePlay_Possession-Other | AK12: Defensive_PlayPossession-Pressure | BR12: Home Icing
A13: LoosePuck | J13: Pass-Completed | S13: Stoppage_GameEnd | AB13: OffensivePlay_Possession-Speed | AK13: Defensive_PlayPossession-Zone | BR13: Away Offside
A14: Save | E14: Shot, Stoppage, Deadice | J14: Pass-Missed | AB14: OffensivePlay_Possession-OpenIceDeke | AK14: Defensive_PlayPossession-ManOnMan | BR14: Away Icing
A15: TeamPossessionChange | J15: Pass-Deflected | S15: Save_Rebound | AB15: OffensivePlay_Possession-EndToEndRush | AK15: Defensive_PlayPossession-Tracker | BR15: Clock Problem
A16: Rebound | E16: Shot, Save | J16: Pass-Intercepted | S16: Save_Freeze | AB16: OffensivePlay_Possession-FrontofNet | AK16: Defensive_PlayPossession-Surf | BR16: Puck Frozen
A17: DeadIce | J17: Turnover-Giveaway | S17: Save_Played | AB17: OffensivePlay_Possession-CutBack | AK17: Defensive_PlayPossession-StickCheck | BR17: Puck in Crowd
A18: Play | J18: Turnover-Takeaway | AB18: OffensivePlay_Possession-Wheel | AK18: Defensive_PlayPass-PassIntercepted | BR18: Goalie Stopped (after SOG)
A19: Timeout | J19: Zone-Entry | S19: Pass-Stretch | X19: s/u | AB19: OffensivePlay_Possession-ForecedOutside | AK19: Defensive_PlayPass-InShotPassLane | BR19: Referee or Linesperson
A20: Intermission | J20: Zone-Exit | S20: Pass-Rim/Wrap | X20: s/u | AB20: OffensivePlay_Pass-AssistPrimary | AK20: Defensive_PlayShot-BoxOut | BR20: High Stick
A21: Clockstop | J21: Zone-Keepin | S21: Pass-Backhand | X21: s/u | AB21: OffensivePlay_Pass-AssistSecondary | AK21: Defensive_PlayShot-BlockedShot | BR21: Objects on Ice
A22: GameStart | J22: Zone_Entryfailed | S22: Pass-Forehand | X22: s/u | AB22: OffensivePlay_Pass-AssistTertiary | AK22: Defensive_PlayShot-FrontofNet | BR22: Hand Pass
A23: GameEnd | J23: Zone_ExitFailed | S23: Pass-Bank | X23: s/u | AB23: OffensivePlay_Pass-GiveAndGo | AK23: Defensive_PlayZone-ClearingAttempt | BR23: Premature Substitution
A24: Penalty_Delayed | J24: Zone_KeepinFailed | S24: Pass-Dump | X24: s/u | AB24: OffensivePlay_Pass-Reverse | AK24: Defensive_PlayZone-ZoneEntryDenial | BR24: Puck in Netting
A25: Zone_Change | J25: Penalty | S25: Pass-Tipped | X25: s/u | AB25: OffensivePlay_Pass-QuickUp | AK25: Defensive_PlayZone-ZoneExitDenial | BR25: Puck in Benches
J26: Penalty-Offsetting | S26: Pass-Lob | X26: s/u | AB26: OffensivePlay_Pass-SecondTouch | AK26: Defensive_PlayZone-PenaltyKillClear | BR26: Net Dislodged Offensive Skater
J27: Stoppage-Freeze | S27: Pass-Drop | X27: s/u | AB27: OffensivePlay_Pass-ReceiverMissed | AK27: Defensive_PlayZone-PuckRetrievalDumpIn | BR27: Puck Frzn-Goalie-Bynd Ctr
J28: Stoppage-OutfofPlay | S28: Pass-Deflected/TippedShot | X28: s/u | AB28: OffensivePlay_Shot-Screen | AK28: Defensive_PlayZone-PuckRetrievalShot | BR28: Skater Puck Frozen
J29: Stoppage-PeriodEnd | S29: Pass-ReceiverMissed | X29: s/u | AB29: OffensivePlay_Zone-Breakout | AK29: Defensive_PlayZone-PuckRetreivalTurnover | BR29: Valid stoppage type reasons (reason):
J30: Stoppage-Goal | S30: Pass-OneTouch | X30: s/u | AB30: OffensivePlay_Zone-DumpChase | AK30: Defensive_PlayZone-PuckRetreivalPass | BR30: TV timeout
J31: Stoppage-Penalty | S31: Pass-SecondTouch | X31: s/u | AB31: OffensivePlay_Zone-Forecheck | AK31: Defensive_PlayZone-PuckRetrievalRebound | BR31: Home Timeout
J32: Shootout-OnNet | S32: Pass-QuickUp | X32: s/u | AB32: OffensivePlay_Zone-Dump/RimInZone | AK32: Defensive_PlayZone-PuckRecoveryDumpIn | BR32: Visitor Timeout
J33: Shootout-Missed | S33: Pass-GiveAndGo | X33: s/u | AB33: OffensivePlay_Zone-DumpInAttempt | AK33: Defensive_PlayZone-PuckRecoveryShot | BR33: Player Injury
J34: Shootout-Saved | S34: Pass-Reverse | X34: s/u | AB34: OffensivePlay_Zone-Breakout | AK34: Defensive_PlayZone-PuckRecoveryTurnover | BR34: Official Injury
J35: PenaltyShot-OnNet | S35: Pass-Other | X35: s/u | AB35: OffensivePlay_Zone-Cycle | AK35: Defensive_PlayZone-PuckRecoveryPass | BR35: Rink Repair
J36: PenaltyShot-Missed | AB36: OffensivePlay_Zone-PuckRetrievalDumpIn | AK36: Defensive_PlayZone-PuckRecoveryRebound | BR36: Ice problem
J37: PenaltyShot-Saved | S37: Giveaway-Misplayed | AB37: OffensivePlay_Zone-PuckRetrievalShot | AK37: Defensive_PlayZone-ForcedDumpin/Clear | BR37: Player Equipment
J38: LoosePuck-Forecheck | S38: Giveaway-BattleLost | AB38: OffensivePlay_Zone-PuckRetreivalTurnover | AK38: Offensive_Zone-AttemptedKeepin | BR38: Video Review
J39: LoosePuck-Battle | S39: Giveaway-PassIntercepted | AB39: OffensivePlay_Zone-PuckRetreivalPass | AK39: Defensive_Zone-AttemptedBreakOutPass | BR39: Chlg Hm - off-side
J40: Save-Rebound | S40: Giveaway-PassMissed | AB40: OffensivePlay_Zone-PuckRetreivalRebound | AK40: Defensive_Zone-AttemptedBreakOutRush | BR40: Chlg Vis - off-side
J41: Save-Freeze | S41: Giveaway-PassBlocked | AB41: OffensivePlay_Zone-PuckRetreivalShot | AK41: Defensive_Zone-AttemptedBreakOutClear | BR41: Chlg Hm - goal interference
J42: Save | S42: Giveaway-PassReceiverMissed | AB42: OffensivePlay_Zone-PuckRecoveryDumpIn | AK42: Offensive_Zone-AttemptedEntryDumpIn | BR42: Chlg Vis - goal interference
J43: DeadIce | S43: Giveaway-ShotBlocked | AB43: OffensivePlay_Zone-PuckRecoveryShot | AK43: Offensive_Zone-AttemptedEntryPass | BR43: Chlg League - off-side
J44: Play | S44: Giveaway-ShotMissed | AB44: OffensivePlay_Zone-PuckRecoveryTurnover | AK44: Offensive_Zone-AttemptedEntryRush | BR44: Chlg League - goal interference
J45: Faceoff-GameStart | S45: Giveaway-ZoneClear/Dump | AB45: OffensivePlay_Zone-PuckRecoveryPass | BR45: Switch sides
J46: Breakaway | K46: Possession on zone entry when on breakaway | S46: Giveaway-AttemptedZoneClear/Dump | AB46: OffensivePlay_Zone-PuckRecoveryRebound | BR46: Chlg Hm - Missed stoppage
J47: PuckRetrieval | K47: Puck reterived after opp team touch/turnover' | O47: s/u | P47: successful if next play positive | S47: Giveaway-ZoneEntry/ExitMisplay | AB47: Offensive_Zone-AttemptedKeepin | BR47: Chlg Vis - Missed stoppage
J48: PuckRecovery | K48: Puck recovered after same team touch/turnover | O48: s/u | S48: Giveaway-DumpInZone | AB48: Defensive_Zone-AttemptedBreakOutPass | BR48: Chlg League - Missed stoppage
J49: Regroup | K49: Circle back in Nzone/Dzone | O49: s/u | S49: Giveaway-Other | AB49: Defensive_Zone-AttemptedBreakOutRush | BR49: Chlg Hm - puck over glass
O50: s/u | AB50: Defensive_Zone-AttemptedBreakOutClear | BR50: Chlg Vis - puck over glass
S51: Takeaway-BattleWon | AB51: Offensive_Zone-AttemptedEntryDumpIn | BR51: Chlg League - puck over glass
S52: Takeaway-PokeCheck | AB52: Offensive_Zone-AttemptedEntryPass | BR52: Home Goal
S53: Takeaway-PassIntercepted | AB53: Offensive_Zone-AttemptedEntryRush | BR53: Away Goal
S54: Takeaway-PassBlocked | BR54: Away Goalie Stopped (after Home SOG)
S55: Takeaway-ShotBlocked | BR55: Home Goalie Stopped (after Away SOG)
S56: Takeaway-ZoneClear/Dump | BR56: DeadIce/Stoppage
S57: Takeaway-AttemptedZoneClear/Dump | BR57: Offset Penalty
S58: Takeaway-Other | BR58: GameEnd
S60: Zone-EntryFailed | X60: s/u
S61: ZoneEntry-Rush | X61: s/u
S62: ZoneEntry-Pass | X62: s/u
S63: ZoneEntry-DumpIn | X63: s/u
S64: ZoneEntry-Chip | X64: s/u
S65: ZoneEntry-FromExitClear | X65: s/u
S66: ZoneEntry-PassMiss/Misplay | X66: s/u
S67: ZoneEntry-OppTeam | X67: s/u
S68: ZoneEntry-Lob | X68: s/u
S69: ZoneEntry-RushBreakaway | X69: s/u
S70: ZoneEntry-CausedTurnover | X70: s/u
S71: ZoneEntry-PenaltyKillClear | X71: s/u
... S89: Zone-Other | X89: s/u
S91: OffensivePlay | Y91: successful if positive play made next
S92: DriveMiddle | T92: Cut to middle of ice | X92: s/u
S93: DriveWide | T93: drive wide either foreced /unforced | X93: s/u
S94: DriveCorner | T94: drive to offensive corner forced/unforced | X94: s/u
S95: DriveNetMiddle | T95: drive to slot from middle | X95: s/u
S96: DriveNetWide | T96: drive to slot from wide | X96: s/u
S97: CrashNet | T97: crash net for rebound | X97: s/u
S98: Delay | X98: s/u
S99: Deke | X99: s/u
S100: Chip | X100: s/u
S101: Other | X101: s/u
S102: DumpChase | T102: dumped into ozone form ozone/nzone | X102: s/u
S103: Forecheck | T103: offensive players crashing puck after dumpin | X103: s/u
S104: Speed | X104: s/u
S106: DefensivePlay | Y106: successful if positive play made next
S107: PokeCheck | X107: s/u
S108: PokeCheckFailed | X108: s/u
S109: SeperateFromPuck | X109: s/u
S110: Backcheck | X110: s/u
S111: FroceWide | X111: s/u
S112: Contain | X112: s/u
S113: BeatMiddle | X113: s/u
S114: BeatWide | X114: s/u
S115: BeatDeke | X115: s/u
S116: BeatSpeed | X116: s/u
S117: BoxOut | X117: s/u
S118: Other | X118: s/u
... S130: Shot-Other | X130: s/u
S132: Save-Glove
...

Sheet Lists
A1: EventType | B1: EventTypeDetail | C1: EventTypeDetail2 | D1: OffensivePlay | E1: DefensivePlay | F1: Play | G1: Faceoff | H1: Shot | I1: Pass | J1: Goal | K1: Turnover | L1: Zone_Entry_Exit | M1: Penalty | N1: PenaltyShot/Shootout | O1: Stoppage | P1: LoosePuck | Q1: Save | R1: Pass_Completed | S1: Pass_Missed | T1: Pass_Deflected | U1: Pass_Intercepted | V1: Turnover_Giveaway | W1: Turnover_Takeaway | X1: Zone_Entry | Y1: Zone_Exit | Z1: Zone_Keepin | AA1: Penalty_Major | AB1: Penalty_Minor | AC1: Penalty_Offsetting | AD1: Stoppage_Play | AE1: Stoppage_Period | AF1: Stoppage_Other | AG1: Shootout_OnNet | AH1: Shootout_Missed | AI1: Shootout_Saved | AJ1: PenaltyShot_OnNet | AK1: PenaltyShot_Missed | AL1: PenaltyShot_Saved | AM1: Save_Rebound | AN1: Save_Freeze | AO1: Shot_OnNetSaved | AP1: Shot_Missed | AQ1: Shot_Blocked | AR1: Shot_BlockedSameTeam | AS1: Shot_Deflected | AT1: Shot_DeflectedOnNetSaved | AU1: Shot_TippedOnNetSaved | AV1: Shot_OnNetGoal | AW1: Shot_TippedGoal | AX1: Shot_DeflectedGoal | AY1: Goal_Scored | AZ1: Goal_Shootout | BA1: Goal_PenaltyShot | BB1: Save_Played | BC1: Rebound | BD1: Play_Offensive | BE1: Play_Defensive | BF1: Possession | BG1: Faceoff | BH1: Shot_MissedPost | BI1: shift_start | BJ1: shift_end | BK1: Offensive | BL1: Defensive | BM1: Zone_EntryFailed | BN1: Zone_ExitFailed | BO1: Zone_KeepinFailed | BQ1: play_details
F2: Play_Offensive | G2: Faceoff_AfterPenalty | H2: Shot_OnNetSaved | I2: Pass_Completed | J2: Goal_Scored | K2: Turnover_Giveaway | L2: Zone_Entry | M2: Penalty_Minor | N2: PenaltyShot_OnNet | O2: Stoppage_Period | P2: LoosePuck_Forecheck | Q2: Save_Rebound | R2: Pass-Stretch | S2: Pass-Stretch | T2: Pass-Stretch | U2: Pass-Stretch | V2: Giveaway-Misplayed | W2: Takeaway-BattleWon | X2: ZoneEntry-Rush | Y2: ZoneExit-Rush | Z2: Zone-KeepIn | AA2: Penalty-Bench Penalty | AB2: Penalty-Bench Penalty | AC2: Penalty-Bench Penalty | AD2: Stoppage-Icing | AE2: Stoppage-StartofShootout | AF2: Stoppage-ObjectsonIce | AG2: Shot-Wrist | AH2: Shot-Wrist | AI2: Shot-Wrist | AJ2: Shot-Wrist | AK2: Shot-Wrist | AL2: Shot-Wrist | AM2: Save-Glove | AN2: Save-Glove | AO2: Shot-Wrist | AP2: Shot-Wrist | AQ2: Shot-Wrist | AR2: Shot-Wrist | AS2: Shot-Deflection | AT2: Shot-Deflection | AU2: Shot-Tip | AV2: Shot-Wrist | AX2: Shot-Deflection | AY2: Goal-Wrist | AZ2: Goal-Wrist | BA2: Goal-Wrist | BB2: Save-Glove | BC2: Rebound_TeamRecovered | BE2: Play-PokeCheck | BF2: Breakaway | BG2: Shot | BH2: Shot-Wrist | BI2: PeriodStart | BJ2: - | BK2: AssistPrimary | BL2: AttemptedBlockedShot | BM2: ZoneEntry-Rush | BN2: ZoneExit-Rush | BO2: Zone-KeepIn | BQ2: {=_xlfn._xlws.SORT(_xlfn.UNIQUE(BK2:BK1000))} -> AssistPrimary
A3: Faceoff | B3: Faceoff | C3: Shot-Wrist | D3: DriveMiddle | E3: PokeCheck | F3: Play_Defensive | G3: Faceoff_AfterGoal | H3: Shot_Missed | I3: Pass_Missed | J3: Goal_Shootout | K3: Turnover_Takeaway | L3: Zone_Exit | M3: Penalty_Offsetting | N3: PenaltyShot_Missed | O3: Stoppage_Play | P3: LoosePuck_Battle | Q3: Save_Freeze | R3: Pass-Rim/Wrap | S3: Pass-Rim/Wrap | T3: Pass-Rim/Wrap | U3: Pass-Rim/Wrap | V3: Giveaway-BattleLost | W3: Takeaway-PokeCheck | X3: ZoneEntry-Pass | Y3: ZoneExit-Pass | Z3: Zone-Pinch | AA3: Penalty-Boarding | AB3: Penalty-Boarding | AC3: Penalty-Boarding | AD3: Stoppage-Offsides | AE3: Stoppage-PeriodStart | AF3: Stoppage-HomeTimeout | AG3: Shot-Slap | AH3: Shot-Slap | AI3: Shot-Slap | AJ3: Shot-Slap | AK3: Shot-Slap | AL3: Shot-Slap | AM3: Save-Blocker | AN3: Save-Blocker | AO3: Shot-Slap | AP3: Shot-Slap | AQ3: Shot-Slap | AR3: Shot-Slap | AS3: Shot-Wrist | AT3: Shot-Wrist | AU3: Shot-Wrist | AV3: Shot-Slap | AW3: Shot-Wrist | AX3: Shot-Wrist | AY3: Goal-Slap | AZ3: Goal-Slap | BA3: Goal-Slap | BB3: Save-Blocker | BC3: Rebound_OppTeamRecovered | BD3: Play-DriveMiddle | BE3: Play-PokeCheckFailed | BF3: PuckRetrieval | BG3: Pass | BH3: Shot-Slap | BI3: FaceoffAfterGoal | BJ3: Period Start | BK3: AssistSecondary | BL3: AttemptedBreakOutClear | BM3: ZoneEntry-Pass | BN3: ZoneExit-Pass | BO3: Zone-Pinch | BQ3: AssistSecondary
A4: Shot | B4: Faceoff-AfterPenalty | C4: Shot-Slap | D4: DriveWide | E4: PokeCheckFailed | G4: Faceoff_PeriodStart | H4: Shot_Blocked | I4: Pass_Deflected | J4: Goal_PenaltyShot | L4: Zone_Keepin | M4: Penalty_Major | N4: PenaltyShot_Saved | O4: Stoppage_Other | Q4: Save_Played | R4: Pass-Backhand | S4: Pass-Backhand | T4: Pass-Backhand | U4: Pass-Backhand | V4: Giveaway-PassIntercepted | W4: Takeaway-PassIntercepted | X4: ZoneEntry-DumpIn | Y4: ZoneExit-Clear | Z4: Zone-Other | AA4: Penalty-Charging | AB4: Penalty-Charging | AC4: Penalty-Charging | AD4: Stoppage-ClockProblem | AE4: Stoppage-PeriodEnd | AF4: Stoppage-VisitorTimeout | AG4: Shot-Backhand | AH4: Shot-Backhand | AI4: Shot-Backhand | AJ4: Shot-Backhand | AK4: Shot-Backhand | AL4: Shot-Backhand | AM4: Save-LeftPad | AN4: Save-LeftPad | AO4: Shot-Backhand | AP4: Shot-Backhand | AQ4: Shot-Backhand | AR4: Shot-Backhand | AS4: Shot-Slap | AT4: Shot-Slap | AU4: Shot-Slap | AV4: Shot-Backhand | AW4: Shot-Slap | AX4: Shot-Slap | AY4: Goal-Backhand | AZ4: Goal-Backhand | BA4: Goal-Backhand | BB4: Save-LeftPad | BC4: Rebound_ShotGenerated | BD4: Play-DriveWide | BE4: Play-SeperateFromPuck | BF4: PuckRecovery | BG4: Goal | BH4: Shot-Backhand | BI4: GameStart | BJ4: Period End | BK4: AssistTertiary | BL4: AttemptedBreakOutPass | BM4: ZoneEntry-DumpIn | BN4: ZoneExit-Clear | BO4: Zone-Other | BQ4: AssistTertiary
A5: Pass | B5: Faceoff-AfterGoal | C5: Shot-Backhand | D5: DriveCorner | E5: SeperateFromPuck | G5: Faceoff_AfterStoppage | H5: Shot_BlockedSameTeam | I5: Pass_Intercepted | L5: Zone_Entryfailed | N5: ShootoutShot_OnNet | O5: Stoppage_GameEnd | R5: Pass-Forehand | S5: Pass-Forehand | T5: Pass-Forehand | U5: Pass-Forehand | V5: Giveaway-PassMissed | W5: Takeaway-PassBlocked | X5: ZoneEntry-Chip | Y5: ZoneExit-Chip | AA5: Penalty-CrossChecking | AB5: Penalty-CrossChecking | AC5: Penalty-CrossChecking | AD5: Stoppage-HighStick | AF5: Stoppage-RinkRepair | AG5: Shot-Snap | AH5: Shot-Snap | AI5: Shot-Snap | AJ5: Shot-Snap | AK5: Shot-Snap | AL5: Shot-Snap | AM5: Save-RightPad | AN5: Save-RightPad | AO5: Shot-Snap | AP5: Shot-Snap | AQ5: Shot-Snap | AR5: Shot-Snap | AS5: Shot-Backhand | AT5: Shot-Backhand | AU5: Shot-Backhand | AV5: Shot-Snap | AW5: Shot-Backhand | AX5: Shot-Backhand | AY5: Goal-Tip | AZ5: Goal-Snap | BA5: Goal-Snap | BB5: Save-RightPad | BC5: Rebound_FlurryGenerated | BD5: Play-DriveCorner | BE5: Play-Backcheck | BF5: Regroup | BG5: Turnover | BH5: Shot-Snap | BI5: FaceoffAfterPenalty | BJ5: Puck Out of Play | BK5: AttemptedBreakOutClear | BL5: AttemptedBreakOutRush | BM5: ZoneEntry-Chip | BN5: ZoneExit-Chip | BQ5: AttemptedBlockedShot
A6: Goal | B6: Faceoff-PeriodStart | C6: Shot-Tip | D6: DriveNetMiddle | E6: Backcheck | G6: Faceoff_GameStart | H6: Shot_Deflected | L6: Zone_ExitFailed | N6: ShootoutShot_Missed | R6: Pass-Bank | S6: Pass-Bank | T6: Pass-Bank | U6: Pass-Bank | V6: Giveaway-PassBlocked | W6: Takeaway-ShotBlocked | X6: ZoneEntry-FromExitClear | Y6: ZoneExit-PassMiss/Misplay | AA6: Penalty-DelayofGame | AB6: Penalty-DelayofGame | AC6: Penalty-DelayofGame | AD6: Stoppage-HandPass | AF6: Stoppage-PlayerEquipment | AG6: Shot-WrapAround | AH6: Shot-WrapAround | AI6: Shot-WrapAround | AJ6: Shot-WrapAround | AK6: Shot-WrapAround | AL6: Shot-WrapAround | AM6: Save-Stick | AN6: Save-Stick | AO6: Shot-WrapAround | AP6: Shot-WrapAround | AQ6: Shot-WrapAround | AR6: Shot-WrapAround | AS6: Shot-Snap | AT6: Shot-Snap | AU6: Shot-Snap | AV6: Shot-WrapAround | AW6: Shot-Snap | AX6: Shot-Snap | AY6: Goal-Snap | AZ6: Goal-WrapAround | BA6: Goal-WrapAround | BB6: Save-Stick | BD6: Play-DriveNetMiddle | BE6: Play-FroceWide | BG6: Zone_Entry_Exit | BH6: Shot-WrapAround | BI6: OtherFaceoff | BJ6: Injury | BK6: AttemptedBreakOutPass | BL6: AttemptedEntryDumpIn | BM6: ZoneEntry-FromExitClear | BN6: ZoneExit-PassMiss/Misplay | BQ6: AttemptedBreakOutClear
A7: Turnover | B7: Shot-OnNet | C7: Shot-Snap | D7: DriveNetWide | E7: FroceWide | H7: Shot_DeflectedOnNetSaved | L7: Zone_KeepinFailed | N7: ShootoutShot_Saved | R7: Pass-Dump | S7: Pass-Dump | T7: Pass-Dump | U7: Pass-Dump | V7: Giveaway-PassReceiverMissed | W7: Takeaway-ZoneClear/Dump | X7: ZoneEntry-PassMiss/Misplay | Y7: ZoneExit-OppTeam | AA7: Penalty-Diving | AB7: Penalty-Diving | AC7: Penalty-Diving | AD7: Stoppage-NetDislodged | AF7: Stoppage-Challenge | AG7: Shot-Bat | AH7: Shot-Bat | AI7: Shot-Bat | AJ7: Shot-Bat | AK7: Shot-Bat | AL7: Shot-Bat | AM7: Save-Scramble | AN7: Save-Scramble | AO7: Shot-Bat | AP7: Shot-Bat | AQ7: Shot-Bat | AR7: Shot-Bat | AS7: Shot-WrapAround | AT7: Shot-WrapAround | AU7: Shot-WrapAround | AV7: Shot-Bat | AW7: Shot-WrapAround | AX7: Shot-WrapAround | AY7: Goal-WrapAround | AZ7: Goal-Bat | BA7: Goal-Bat | BB7: Save-Scramble | BD7: Play-DriveNetWide | BE7: Play-Contain | BG7: Penalty | BH7: Shot-Bat | BI7: DeadIce/Stoppage | BJ7: Home Penalty | BK7: AttemptedBreakOutRush | BL7: AttemptedEntryPass | BM7: ZoneEntry-PassMiss/Misplay | BN7: ZoneExit-OppTeam | BQ7: AttemptedBreakOutPass
A8: Zone_Entry_Exit | B8: Shot-Missed | C8: Shot-WrapAround | D8: CrashNet | E8: Contain | H8: Shot_Tipped | R8: Pass-Tipped | S8: Pass-Tipped | T8: Pass-Tipped | U8: Pass-Tipped | V8: Giveaway-ShotBlocked | W8: Takeaway-AttemptedZoneClear/Dump | X8: ZoneEntry-OppTeam | Y8: ZoneExit-Lob | AA8: Penalty-Elbowing | AB8: Penalty-Elbowing | AC8: Penalty-Elbowing | AD8: Stoppage-Injury | AF8: Stoppage-Other | AG8: Shot-Cradle | AH8: Shot-Cradle | AI8: Shot-Cradle | AJ8: Shot-Cradle | AK8: Shot-Cradle | AL8: Shot-Cradle | AM8: Save-Butterfly | AN8: Save-Butterfly | AO8: Shot-Cradle | AP8: Shot-Cradle | AQ8: Shot-Cradle | AR8: Shot-Cradle | AS8: Shot-Bat | AT8: Shot-Bat | AU8: Shot-Bat | AV8: Shot-Cradle | AW8: Shot-Bat | AX8: Shot-Bat | AY8: Goal-Bat | AZ8: Goal-Cradle | BA8: Goal-Cradle | BB8: Save-Butterfly | BD8: Play-CrashNet | BE8: Play-BeatMiddle | BG8: PenaltyShot_Shootout | BH8: Shot-Cradle | BI8: Intermission | BJ8: Away Penalty | BK8: AttemptedEntryDumpIn | BL8: AttemptedEntryRush | BM8: ZoneEntry-OppTeam | BN8: ZoneExit-Lob | BQ8: AttemptedBreakOutRush
A9: Penalty | B9: Shot-Blocked | C9: Shot-Bat | D9: Delay | E9: BeatMiddle | H9: Shot_TippedOnNetSaved | R9: Pass-Lob | S9: Pass-Lob | T9: Pass-Lob | U9: Pass-Lob | V9: Giveaway-ShotMissed | W9: Takeaway-Other | X9: ZoneEntry-Lob | Y9: ZoneExit-CausedTurnover | AA9: Penalty-GoalieInterference | AB9: Penalty-GoalieInterference | AC9: Penalty-GoalieInterference | AD9: Stoppage-GoalieStoppage | AG9: Shot-Poke | AH9: Shot-Poke | AI9: Shot-Poke | AJ9: Shot-Poke | AK9: Shot-Poke | AL9: Shot-Poke | AM9: Save-Chest | AN9: Save-Chest | AO9: Shot-Poke | AP9: Shot-Poke | AQ9: Shot-Poke | AR9: Shot-Poke | AS9: Shot-Cradle | AT9: Shot-Cradle | AU9: Shot-Cradle | AV9: Shot-Poke | AW9: Shot-Cradle | AX9: Shot-Cradle | AY9: Goal-Cradle | AZ9: Goal-Poke | BA9: Goal-Poke | BB9: Save-Chest | BD9: Play-Delay | BE9: Play-BeatWide | BG9: Stoppage | BH9: Shot-Poke | BI9: DelayedPenalty | BJ9: Home Goalie Stoppage | BK9: AttemptedEntryPass | BL9: AttemptedKeepin | BM9: ZoneEntry-Lob | BN9: ZoneExit-CausedTurnover | BQ9: AttemptedEntryDumpIn
A10: PenaltyShot_Shootout | B10: Shot-BlockedSameTeam | C10: Shot-Cradle | D10: Deke | E10: BeatWide | H10: Shot_OnNetGoal | R10: Pass-Drop | S10: Pass-Drop | T10: Pass-Drop | U10: Pass-Drop | V10: Giveaway-ZoneClear/Dump | X10: ZoneEntry-RushBreakaway | Y10: ZoneExit-PenaltyKillClear | AA10: Penalty-HighSticking | AB10: Penalty-HighSticking | AC10: Penalty-HighSticking | AD10: Stoppage-PuckOutofPlay | AG10: Shot-BetweenLegs | AH10: Shot-BetweenLegs | AI10: Shot-BetweenLegs | AJ10: Shot-BetweenLegs | AK10: Shot-BetweenLegs | AL10: Shot-BetweenLegs | AM10: Save-Shoulder | AN10: Save-Shoulder | AO10: Shot-BetweenLegs | AP10: Shot-BetweenLegs | AQ10: Shot-BetweenLegs | AR10: Shot-BetweenLegs | AS10: Shot-Poke | AT10: Shot-Poke | AU10: Shot-Poke | AV10: Shot-BetweenLegs | AW10: Shot-Poke | AX10: Shot-Poke | AY10: Goal-Poke | AZ10: Goal-BetweenLegs | BA10: Goal-BetweenLegs | BB10: Save-Other | BD10: Play-Deke | BE10: Play-BeatDeke | BG10: Hit | BH10: Shot-BetweenLegs | BI10: GameStart | BJ10: Away Goalie Stoppage | BK10: AttemptedEntryRush | BL10: Backcheck | BM10: ZoneEntry-RushBreakaway | BN10: ZoneExit-PenaltyKillClear | BQ10: AttemptedEntryPass
A11: Stoppage | B11: Shot-Deflected | C11: Shot-Poke | D11: Chip | E11: BeatDeke | H11: Shot_OnNetTippedGoal | R11: Pass-Deflected/TippedShot | S11: Pass-Deflected/TippedShot | T11: Pass-Deflected/TippedShot | U11: Pass-Deflected/TippedShot | V11: Giveaway-AttemptedZoneClear/Dump | X11: ZoneEntry-CausedTurnover | Y11: ZoneExit-Shot | AA11: Penalty-Holding | AB11: Penalty-Holding | AC11: Penalty-Holding | AD11: Stoppage-Penalty | AG11: Shot-Tip | AH11: Shot-Tip | AI11: Shot-Other | AJ11: Shot-Other | AK11: Shot-Other | AL11: Shot-Other | AM11: Save-Skate | AN11: Save-Skate | AO11: Shot-Dumpin | AP11: Shot-Dumpin | AQ11: Shot-Dumpin | AR11: Shot-Dumpin | AS11: Shot-BetweenLegs | AT11: Shot-BetweenLegs | AU11: Shot-BetweenLegs | AV11: Shot-Dumpin | AW11: Shot-BetweenLegs | AX11: Shot-BetweenLegs | AY11: Goal-BetweenLegs | AZ11: Goal-Other | BA11: Goal-Other | BD11: Play-Chip | BE11: Play-BeatSpeed | BG11: Possession | BH11: Shot-Dumpin | BJ11: Home Offside | BK11: AttemptedKeepin | BL11: BeatDeke | BM11: ZoneEntry-CausedTurnover | BN11: ZoneExit-Other | BQ11: AttemptedEntryRush
A12: Hit | B12: Shot-DeflectedOnNet | C12: Shot-BetweenLegs | D12: Other | E12: BeatSpeed | H12: Shot_OnNetDeflectedGoal | R12: Pass-ReceiverMissed | S12: Pass-ReceiverMissed | T12: Pass-ReceiverMissed | U12: Pass-ReceiverMissed | V12: Giveaway-ZoneEntry/ExitMisplay | X12: ZoneEntry-PenaltyKillClear | Y12: ZoneExit-Other | AA12: Penalty-Interference | AB12: Penalty-Interference | AC12: Penalty-Interference | AD12: Stoppage-Goal | AG12: Shot-Other | AH12: Shot-Other | AM12: Save-Other | AN12: Save-Other | AO12: Shot-OneTime | AP12: Shot-OneTime | AQ12: Shot-OneTime | AR12: Shot-OneTime | AS12: Shot-Dumpin | AT12: Shot-Dumpin | AU12: Shot-Dumpin | AV12: Shot-OneTime | AW12: Shot-Dumpin | AX12: Shot-Dumpin | AY12: Goal-Dumpin | BD12: Play-Other | BE12: Play-BoxOut | BG12: LoosePuck | BH12: Shot-OneTime | BJ12: Home Icing | BK12: Breakout | BL12: BeatFake | BM12: ZoneEntry-PenaltyKillClear | BQ12: AttemptedKeepin
A13: Possession | B13: Shot-Tipped | C13: Shot-Dumpin | D13: DumpChase | E13: BoxOut | H13: Shot_Goal | R13: Pass-OneTouch | S13: Pass-Other | T13: Pass-Other | U13: Pass-Other | V13: Giveaway-DumpInZone | X13: ZoneEntry-Shot | AA13: Penalty-Hooking | AB13: Penalty-Fighting | AC13: Penalty-Fighting | AO13: Shot-Tip | AP13: Shot_Tipped | AQ13: Shot_Tipped | AR13: Shot_Tipped | AS13: Shot-OneTime | AT13: Shot-OneTime | AU13: Shot-OneTime | AV13: Shot-Other | AW13: Shot-OneTime | AX13: Shot-OneTime | AY13: Goal-Deflection | BD13: Play-DumpChase | BE13: Play-AttemptedClear | BG13: Save | BH13: Shot_Tipped | BJ13: Away Offside | BK13: Breakout | BL13: BeatMiddle | BM13: ZoneEntry-Other | BQ13: AttemptedPass
A14: LoosePuck | B14: Pass-Completed | C14: Shot-Deflection | D14: Forecheck | E14: Other | H14: Shot_MissedPost | R14: Pass-SecondTouch | S14: Pass-SecondTouch | T14: Pass-SecondTouch | U14: Pass-SecondTouch | V14: Giveaway-Other | X14: ZoneEntry-Other | AA14: Penalty-Roughing | AB14: Penalty-Hooking | AC14: Penalty-Hooking | AO14: Shot-Other | AP14: Shot-Other | AQ14: Shot-Other | AR14: Shot-Other | AS14: Shot-Other | AT14: Shot-Other | AU14: Shot-Other | AV14: Shot-Deflection | AW14: Shot-Other | AX14: Shot-Other | AY14: Goal-OneTime | BD14: Play-Forecheck | BE14: Play-Other | BG14: TeamPossessionChange | BH14: Shot-Other | BJ14: Away Icing | BK14: CededZoneEntry | BL14: BeatSpeed | BQ14: AttemptedShot
A15: Save | B15: Pass-Missed | C15: Shot-OneTime | D15: Speed | R15: Pass-QuickUp | S15: Pass-QuickUp | T15: Pass-QuickUp | U15: Pass-QuickUp | AA15: Penalty-Slashing | AB15: Penalty-Roughing | AC15: Penalty-Roughing | AV15: Shot-Tip | AY15: Goal-Other | BD15: Play-Speed | BG15: Rebound | BJ15: Clock Problem | BK15: CededZoneExit | BL15: BeatWide | BQ15: AttemptedTip/Deflection
A16: TeamPossessionChange | B16: Pass-Deflected | C16: Shot-Other | R16: Pass-GiveAndGo | S16: Pass-GiveAndGo | T16: Pass-GiveAndGo | U16: Pass-GiveAndGo | AA16: Penalty-TooManyMenontheIce | AB16: Penalty-Slashing | AC16: Penalty-Slashing | BD16: Play-Dump/RimInZone | BJ16: Puck Frozen | BK16: Chip | BL16: BlockedShot | BQ16: Backcheck
A17: Rebound | B17: Pass-Intercepted | C17: Pass-Stretch | R17: Pass-Reverse | S17: Pass-Reverse | T17: Pass-Reverse | U17: Pass-Reverse | AA17: Penalty-Tripping | AB17: Penalty-Misconduct | AC17: Penalty-Misconduct | BJ17: Puck in Crowd | BK17: CrashNet | BL17: BoxOut | BQ17: BeatDeke
A18: DeadIce | B18: Turnover-Giveaway | C18: Pass-Rim/Wrap | R18: Pass-Other | S18: Pass-Other | T18: Pass-Other | U18: Pass-Other | AA18: Penalty-Other | AB18: Penalty-TooManyMenontheIce | AC18: Penalty-TooManyMenontheIce | BJ18: Goalie Stopped (after SOG) | BK18: CutBack | BL18: CededZoneEntry | BQ18: BeatFake
A19: Play | B19: Turnover-Takeaway | C19: Pass-Backhand | AB19: Penalty-Tripping | AC19: Penalty-Tripping | BJ19: Referee or Linesperson | BK19: Cycle | BL19: CededZoneExit | BQ19: BeatMiddle
A20: Timeout | B20: Zone-Entry | C20: Pass-Forehand | AB20: Penalty-UnsportsmanlikeConduct | AC20: Penalty-UnsportsmanlikeConduct | BJ20: High Stick | BK20: Deke | BL20: ClearingAttempt | BQ20: BeatSpeed
A21: Intermission | B21: Zone-Exit | C21: Pass-Bank | AB21: Penalty-Other | AC21: Penalty-Other | BJ21: Objects on Ice | BK21: Delay | BL21: Contain | BQ21: BeatWide
A22: Clockstop | B22: Zone-Keepin | C22: Pass-Other | BJ22: Hand Pass | BK22: DriveCorner | BL22: ForcedDumpin/Clear | BQ22: BlockedShot
A23: GameStart | B23: Penalty | C23: Giveaway-Misplayed | BJ23: Premature Substitution | BK23: DriveMiddle | BL23: ForcedLostPossession | BQ23: BoxOut
A24: GameEnd | B24: Penalty-Offsetting | C24: Giveaway-BattleLost | BJ24: Puck in Netting | BK24: DriveNetMiddle | BL24: ForcedMissedPass | BQ24: Breakout
A25: Penalty_Delayed | B25: Stoppage-Freeze | C25: Giveaway-PassIntercepted | BJ25: Puck in Benches | BK25: DriveNetWide | BL25: ForcedMissedShot | BQ25: CededZoneEntry
A26: Zone_Change | B26: Stoppage-OutfofPlay | C26: Giveaway-PassMissed | BJ26: Net Dislodged Offensive Skater | BK26: DriveWide | BL26: ForcedTurnover | BQ26: CededZoneExit
B27: Stoppage-PeriodEnd | C27: Giveaway-PassBlocked | BJ27: Puck Frzn-Goalie-Bynd Ctr | BK27: Dump/RimInZone | BL27: ForceWide | BQ27: Chip
B28: Stoppage-Goal | C28: Giveaway-ShotBlocked | BJ28: Skater Puck Frozen | BK28: DumpChase | BL28: Forecheck | BQ28: ClearingAttempt
B29: Stoppage-Penalty | C29: Giveaway-ShotMissed | BJ29: Valid stoppage type reasons (reason): | BK29: DumpInAttempt | BL29: FrontofNet | BQ29: Contain
B30: Shootout-OnNet | C30: Giveaway-Other | BJ30: TV timeout | BK30: EndToEndRush | BL30: GapControl | BQ30: CrashNet
B31: Shootout-Missed | C31: Takeaway-BattleWon | BJ31: Home Timeout | BK31: FakeShot | BL31: InShotPassLane | BQ31: CutBack
B32: Shootout-Saved | C32: Takeaway-PokeCheck | BJ32: Visitor Timeout | BK32: ForecedOutside | BL32: LoosePuckBattleLost | BQ32: Cycle
B33: PenaltyShot-OnNet | C33: Takeaway-PassIntercepted | BJ33: Player Injury | BK33: Forecheck | BL33: LoosePuckBattleWon | BQ33: DeflectedShot
B34: PenaltyShot-Missed | C34: Takeaway-PassBlocked | BJ34: Official Injury | BK34: FrontofNet | BL34: ManOnMan | BQ34: Deke
B35: PenaltyShot-Saved | C35: Takeaway-ShotBlocked | BJ35: Rink Repair | BK35: GiveAndGo | BL35: PassDeflected | BQ35: Delay
B36: LoosePuck-Forecheck | C36: Takeaway-Other | BJ36: Ice problem | BK36: LoosePuckBattleLost | BL36: PassIntercepted | BQ36: DelayedOffside
B37: LoosePuck-Battle | C37: ZoneEntry-Rush | BJ37: Player Equipment | BK37: LoosePuckBattleWon | BL37: PenaltyKillClear | BQ37: DriveCorner
B38: Save-Rebound | C38: ZoneEntry-Pass | BJ38: Video Review | BK38: LostPuck | BL38: PokeCheck | BQ38: DriveMiddle
... B43: Faceoff-GameStart | C43: Zone-KeepIn | BJ43: Chlg League - off-side | BK43: RecoveryRetreivalFaceoff | BL43: PuckRecoveryPass | BQ43: DumpChase
C44: Zone-Pinch | BJ44: Chlg League - goal interference | BK44: RecoveryRetreivalOther | BL44: PuckRecoveryRebound | BQ44: DumpInAttempt
C45: Zone-Other | BJ45: Switch sides | BK45: RecoveryRetreivalPass | BL45: PuckRecoveryShot | BQ45: EndToEndRush
C46: Save-Glove | BJ46: Chlg Hm - Missed stoppage | BK46: RecoveryRetreivalRebound | BL46: PuckRecoveryTurnover | BQ46: FakeShot
C47: Save-Blocker | BJ47: Chlg Vis - Missed stoppage | BK47: RecoveryRetreivalShot | BL47: PuckRetreivalFaceoff | BQ47: ForcedDumpin/Clear
C48: Save-LeftPad | BJ48: Chlg League - Missed stoppage | BK48: RecoveryRetreivalTurnover | BL48: PuckRetreivalOther | BQ48: ForcedLostPossession
C49: Save-RightPad | BJ49: Chlg Hm - puck over glass | BK49: RecoveryRetreivalFaceoff | BL49: PuckRetreivalPass | BQ49: ForcedMissedPass
C50: Save-Stick | BJ50: Chlg Vis - puck over glass | BK50: RecoveryRetreivalOther | BL50: PuckRetreivalTurnover | BQ50: ForcedMissedShot
C51: Save-Scramble | BJ51: Chlg League - puck over glass | BK51: RecoveryRetreivalPass | BL51: PuckRetrievalDumpIn | BQ51: ForcedTurnover
C52: Save-Butterfly | BJ52: Home Goal | BK52: RecoveryRetreivalRebound | BL52: PuckRetrievalRebound | BQ52: ForceWide
C53: Save-Chest | BJ53: Away Goal | BK53: RecoveryRetreivalShot | BL53: PuckRetrievalShot | BQ53: ForecedOutside
C54: Save-Other | BJ54: Away Goalie Stopped (after Home SOG) | BK54: RecoveryRetreivalTurnover | BL54: RegroupClear | BQ54: Forecheck
C55: Stoppage-StartofShootout | BJ55: Home Goalie Stopped (after Away SOG) | BK55: RecoveryRetrievalDumpIn | BL55: SeperateFromPuck | BQ55: FrontofNet
... C58: Stoppage-PuckOutofPlay | BJ58: GameEnd | BK58: ReceiverMissed | BL58: Surf | BQ58: InShotPassLane
C59: Stoppage-Penalty | BK59: Regroup | BL59: Tracker | BQ59: LoosePuckBattleLost
C60: Stoppage-Icing | BK60: RegroupDumpin | BL60: Zone | BQ60: LoosePuckBattleWon
C61: Stoppage-Offsides | BK61: Reverse | BL61: ZoneEntryDenial | BQ61: LostPuck
C62: Stoppage-GoalieStoppage | BK62: Screen | BL62: ZoneExitDenial | BQ62: ManOnMan
C63: Stoppage-ClockProblem | BK63: SecondTouch | BQ63: MisplayedPuck
C64: Stoppage-HighStick | BK64: Speed | BQ64: OpenIceDeke
C65: Stoppage-ObjectsonIce | BK65: Wheel | BQ65: Other
C66: Stoppage-HandPass | BK66: ZoneKeepin | BQ66: PassDeflected
C67: Stoppage-NetDislodged | BK67: AttemptedBlockedShot | BQ67: PassForTip
C68: Stoppage-HomeTimeout | BK68: AttemptedBreakOutClear | BQ68: PassIntercepted
C69: Stoppage-VisitorTimeout | BK69: AttemptedBreakOutPass | BQ69: PenaltyKillClear
C70: Stoppage-Injury | BK70: AttemptedBreakOutRush | BQ70: PokeCheck
C71: Stoppage-OfficialInjury | BK71: AttemptedEntryDumpIn | BQ71: Pressure
C72: Stoppage-RinkRepair | BK72: AttemptedEntryPass | BQ72: PuckRecoveryRetreivalAttemptedClear
C73: Stoppage-PlayerEquipment | BK73: AttemptedEntryRush | BQ73: PuckRecoveryRetreivalClear
C74: Stoppage-Challenge | BK74: AttemptedKeepin | BQ74: PuckRecoveryRetreivalDumpIn
... C98: Play-Defensive | BK98: LoosePuckBattleWon | BQ98: RegroupDumpin
BK99: ManOnMan | BQ99: Reverse
BK100: PassDeflected | BQ100: Screen
BK101: PassIntercepted | BQ101: SecondTouch
BK102: PenaltyKillClear | BQ102: SeperateFromPuck
BK103: PokeCheck | BQ103: Speed
BK104: Pressure | BQ104: StickCheck
BK105: PuckRecoveryRetreivalDumpIn | BQ105: StoppedDeke
BK106: PuckRecoveryRetreivalFaceoff | BQ106: Surf
BK107: PuckRecoveryRetreivalOther | BQ107: Tracker
BK108: PuckRecoveryRetreivalPass | BQ108: Wheel
BK109: PuckRecoveryRetreivalRebound | BQ109: Zone
BK110: PuckRecoveryRetreivalShot | BQ110: ZoneEntryDenial
... BK112: PuckRecoveryRetreivalFaceoff | BQ112: ZoneKeepin
BK113: PuckRecoveryRetreivalOther | BQ113: 0
BK114: PuckRecoveryRetreivalPass
BK115: PuckRecoveryRetreivalTurnover
BK116: PuckRetrievalDumpIn
BK117: PuckRetrievalRebound
BK118: PuckRetrievalShot
BK119: RegroupClear
BK120: SeperateFromPuck
BK121: StickCheck
BK122: StoppedDeke
BK123: Surf
BK124: Tracker
BK125: Zone
... BK139: PassForTip

Sheet events
A1: event_index_flag_ | B1: sequence_index_flag_ | C1: play_index_flag_ | D1: linked_event_index_flag_ | E1: event_start_min_ | F1: event_start_sec_ | G1: event_end_min_ | H1: event_end_sec_ | I1: player_game_number_ | J1: event_team_zone_ | K1: event_type_ | L1: event_detail_ | M1: event_detail_2_ | N1: event_successful_ | O1: play_detail1_ | P1: play_detail2_ | Q1: play_detail_successful_ | R1: pressured_pressurer_ | S1: event_index_ | T1: linked_event_index_ | U1: sequence_index_ | V1: play_index_ | W1: team_ | X1: player_game_number | Y1: role_abrev_binary_ | Z1: period | AA1: event_index | AB1: linked_event_index | AC1: tracking_event_index | AD1: event_start_min | AE1: event_start_sec | AF1: event_end_min | AG1: event_end_sec | AH1: role_abrev | AI1: event_team_zone2_ | AJ1: event_team_zone | AK1: home_team_zone_ | AL1: away_team_zone_ | AM1: team_venue_ | AN1: team_venue_abv_ | AO1: home_team_zone | AP1: away_team_zone | AQ1: team_venue | AR1: team_venue_abv | AS1: side_of_puck | AT1: sequence_index | AU1: play_index | AV1: play_detail1 | AW1: play_detail_2 | AX1: play_detail_successful | AY1: pressured_pressurer | AZ1: zone_change_index | BA1: game_id | BB1: home_team | BC1: away_team | BD1: Type | BE1: event_detail | BF1: event_detail_2 | BG1: event_successful | BH1: shift_index | BI1: duration | BJ1: time_start_total_seconds | BK1: time_end_total_seconds | BL1: running_intermission_duration | BM1: period_start_total_running_seconds | BN1: running_video_time | BO1: event_running_start | BP1: event_running_end | BQ1: player_role | BR1: role_number | BS1: player_id | BT1: player_team
K2: GameStart | S2: 0 | Y2: x | Z2: 1 | AA2: =S2+1000 -> 1000 | AB2: =IF(T2<>"",9000+T2,"") | AC2: =IF(AB2<>"",AB2,S2+1000) -> 1000 | AF2: =IF(G2<>"",G2,IF($S2=$S1,AF1,"")) | AG2: =IF(H2<>"",H2,IF($S2=$S1,AG1,"")) | AH2: =IF(Y2="x","",IF(Y2=1,"e","o")) | AI2: =IF($J2<>"",$J2,IF($AC2=$AC1,AI1,"")) | AJ2: =IF($J2<>"",$J2,IF($AC2=$AC1,AJ1,"")) | AK2: =IF($W2="","",IF($AI2="","",IF($W2="h",$AI2,IF($AI2="n","n",IF(AND($W2="a",$AI2="d"),"o",IF(AND($W2="a",$AI2="o"),"d")))))) | AL2: =IF($W2="","",IF(J2="","",IF(AK2="n","n",IF(AK2="d","o",IF(AK2="o","d",""))))) | AM2: =IF(AN2="H","Home",IF(AN2="A","Away","")) | AN2: =IF($W2<>"",$W2,IF($AC2=$AC1,AN1,"")) | AO2: =IF(AK2<>"",AK2,IF($AC2=$AC1,AO1,"")) | AP2: =IF(AL2<>"",AL2,IF($AC2=$AC1,AP1,"")) | AQ2: =IF(AM2<>"",AM2,IF($AC2=$AC1,AQ1,"")) | AR2: =IF(AN2<>"",AN2,IF($AC2=$AC1,AR1,"")) | AS2: =IF(AND(AH2="e",OR(BD2="Save",BE2="Turnover_Takeaway",BE2="Play_Defensive")),"Defensive",IF(AND(AH2="o",OR(BD2="Save",BE2="Turnover_Takeaway",BE2="Play_Defensive")),"Offensive",IF(OR(BD2="Deadice",BD2="Stoppage",BD2="Intermission"),"",IF(AH2="e","Offensive",IF(AH2="o","Defensive",""))))) | AT2: =IF(U2<>"",U2+5000,"") | AU2: =IF(V2<>"",V2+6000,"") | AV2: {=IFERROR(IF(O2<>"",O2,IF(OR($S2="",$T2=""),"",IF(O2<>"",O2,IF($T2<>"",_xlfn._xlws.FILTER(O:O,($BT:$BT=$BT2)*($I:$I=$I2)*($T:$T=$T2)*($S:$S=_xlfn.MINIFS($S:$S,$T:$T,"="&$T2)),"")))))&"",IF(O2="","",""))&""} | AW2: {=IFERROR(IF(P2<>"",P2,IF(OR($S2="",$T2=""),"",IF($T2<>"",_xlfn._xlws.FILTER(P:P,($BT:$BT=$BT2)*($I:$I=$I2)*($T:$T=$T2)*($S:$S=_xlfn.MINIFS($S:$S,$T:$T,"="&$T2)),""))))&"",IF(P2="","",""))&""} | AX2: {=IFERROR(IF(Q2<>"",Q2,IF(OR($S2="",$T2=""),"",IF($T2<>"",_xlfn._xlws.FILTER(Q:Q,($BT:$BT=$BT2)*($I:$I=$I2)*($T:$T=$T2)*($S:$S=_xlfn.MINIFS($S:$S,$T:$T,"="&$T2)),""))))&"",IF(Q2="","",""))&""} | AY2: {=IFERROR(IF(R2<>"",R2,IF(OR($S2="",$T2=""),"",IF($T2<>"",_xlfn._xlws.FILTER(R:R,($BT:$BT=$BT2)*($I:$I=$I2)*($T:$T=$T2)*($S:$S=_xlfn.MINIFS($S:$S,$T:$T,"="&$T2)),""))))&"",IF(R2="","",""))&""} | AZ2: 1 | BA2: 18969 | BB2: Platinum | BC2: Velodrome | BD2: =IF(K2<>"",K2,IF(S2=S1,K2,"")) -> GameStart | BM2: 0 | BN2: 0 | BO2: =IF(BN2<5,0,BN2-5) -> 0 | BP2: =BO2+BI2+5 -> 5 | BS2: =IFERROR(VLOOKUP(BA2&BT2&I2,game_rosters!U:W,3,FALSE),"") | BT2: =IF(AQ2="","",IF(AND(AQ2="Away",AH2="e"),BC2,IF(AND(AQ2="Home",AH2="e"),BB2,IF(AND(AQ2="Away",AH2="o"),BB2,IF(AND(AQ2="Home",AH2="o"),BC2)))))
A3: 1 | E3: 18 | F3: 00 | I3: 53 | J3: n | K3: Faceoff | L3: Faceoff_GameStart | N3: =IF(K3="","",IF(K3="Goal","s",IF(AND(K3="Zone_Entry_Exit",OR(ISNUMBER(SEARCH("fail",L3)),ISNUMBER(SEARCH("FromExitClear",M3)),ISNUMBER(SEARCH("miss",M3)))),"u",IF(AND(K3="Zone_Entry_Exit",OR(NOT(ISNUMBER(SEARCH("fail",L3))),NOT(ISNUMBER(SEARCH("FromExitClear",M3))),NOT(ISNUMBER(SEARCH("miss",M3))))),"s",IF(AND(OR(K3="Shot",K3="Pass"),OR(ISNUMBER(SEARCH("complete",L3)),ISNUMBER(SEARCH("goal",L3)),ISNUMBER(SEARCH("OnNet",L3)))),"s",IF(L3="Turnover_Giveaway","u",IF(AND(OR(K3="Shot",K3="Pass"),OR(ISNUMBER(SEARCH("fail",L3)),NOT(ISNUMBER(SEARCH("complete",L3))),NOT(ISNUMBER(SEARCH("OnNet",L3))))),"u",""))))))) | Q3: =IF(O3="","",IF(AND(N3<>"",OR(O3<>"",P3<>"")),N3,IF(OR(ISNUMBER(SEARCH("attemp",O3)),ISNUMBER(SEARCH("mis",O3)),ISNUMBER(SEARCH("fail",O3)),ISNUMBER(SEARCH("loss",O3)),ISNUMBER(SEARCH("lost",O3)),ISNUMBER(SEARCH("attemp",P3)),ISNUMBER(SEARCH("mis",P3)),ISNUMBER(SEARCH("fail",P3)),ISNUMBER(SEARCH("loss",P3)),ISNUMBER(SEARCH("lost",P3))),"u",""))) | S3: =IF(A3=1,MAX($S$2:$S2)+1,IF($I3<>"",$S2,"")) -> 1 | T3: =IF(D3=1,MAX($T$2:$T2)+1,IF(S3=S2,$T2,IF(D3="x",T2,IF(D2="x","","")))) | U3: =IF(B3=1,MAX($U$2:$U2)+1,IF(AND($T3<>"",$T3=$T2),$U2,IF(B3="x",U2,""))) | V3: =IF(C3=1,MAX($V$2:$V2)+1,IF(AND($T3<>"",$T3=$T2),$U2,IF(C3="x",V2,""))) | W3: {=_xlfn._xlws.FILTER(game_rosters!AB:AB,(game_rosters!J:J=events!X3)*(K3<>""))} -> h | X3: {=IF($I3<>"",$I3,INDEX($I$1:$I3,ROW()-COUNTIFS($T$1:$T3,"="&$T3,$S$1:$S3,"<"&$S3)))} -> 53 | Y3: {=IFERROR(IF(_xlfn._xlws.FILTER(game_rosters!$J:$J,(game_rosters!$G:$G=events!$AM3)*(game_rosters!$J:$J=events!$X3))>0,1,""),"")} -> 1 | Z3: =IF(K3="Intermission",Z2+1,Z2) -> 1 | AA3: =S3+1000 -> 1001 | AB3: =IF(T3<>"",9000+T3,"") | AC3: =IF(AB3<>"",AB3,S3+1000) -> 1001 | AD3: =IF(E3<>"",E3,IF($AC3=$AC2,AD2,IF(AF2<>"",AF2,IF(AD2<>"",AD2,"")))) -> 18 | AE3: =IF(F3<>"",F3,IF($AC3=$AC2,AE2,IF(AG2<>"",AG2,IF(AE2<>"",AE2,"")))) -> 00 | AF3: =IF(G3<>"",G3,IF($AC3=$AC2,AF2,IF(H3="","",AD3))) | AH3: =IF(Y3="x","",IF(Y3=1,"e","o")) -> e | AI3: =IF($J3<>"",$J3,IF($AC3=$AC2,AI2,"")) -> n | AJ3: =IF($J3<>"",$J3,IF($AC3=$AC2,AJ2,"")) -> n | AK3: =IF($W3="","",IF($AI3="","",IF($W3="h",$AI3,IF($AI3="n","n",IF(AND($W3="a",$AI3="d"),"o",IF(AND($W3="a",$AI3="o"),"d")))))) -> n | AL3: =IF($W3="","",IF(J3="","",IF(AK3="n","n",IF(AK3="d","o",IF(AK3="o","d",""))))) -> n | AM3: =IF(AN3="H","Home",IF(AN3="A","Away","")) -> Home | AN3: =IF($W3<>"",$W3,IF($AC3=$AC2,AN2,"")) -> h | AO3: =IF(AK3<>"",AK3,IF($AC3=$AC2,AO2,"")) -> n | AP3: =IF(AL3<>"",AL3,IF($AC3=$AC2,AP2,"")) -> n | AQ3: =IF(AM3<>"",AM3,IF($AC3=$AC2,AQ2,"")) -> Home | AR3: =IF(AN3<>"",AN3,IF($AC3=$AC2,AR2,"")) -> h | AS3: =IF(AND(AH3="e",OR(BD3="Save",BE3="Turnover_Takeaway",BE3="Play_Defensive")),"Defensive",IF(AND(AH3="o",OR(BD3="Save",BE3="Turnover_Takeaway",BE3="Play_Defensive")),"Offensive",IF(OR(BD3="Deadice",BD3="Stoppage",BD3="Intermission"),"",IF(AH3="e","Offensive",IF(AH3="o","Defensive",""))))) -> Offensive | AT3: =IF(U3<>"",U3+5000,"") | AU3: =IF(V3<>"",V3+6000,"") | AV3: {=IFERROR(IF(O3<>"",O3,IF(OR($S3="",$T3=""),"",IF(O3<>"",O3,IF($T3<>"",_xlfn._xlws.FILTER(O:O,($BT:$BT=$BT3)*($I:$I=$I3)*($T:$T=$T3)*($S:$S=_xlfn.MINIFS($S:$S,$T:$T,"="&$T3)),"")))))&"",IF(O3="","",""))&""} | AW3: {=IFERROR(IF(P3<>"",P3,IF(OR($S3="",$T3=""),"",IF($T3<>"",_xlfn._xlws.FILTER(P:P,($BT:$BT=$BT3)*($I:$I=$I3)*($T:$T=$T3)*($S:$S=_xlfn.MINIFS($S:$S,$T:$T,"="&$T3)),""))))&"",IF(P3="","",""))&""} | AX3: {=IFERROR(IF(Q3<>"",Q3,IF(OR($S3="",$T3=""),"",IF($T3<>"",_xlfn._xlws.FILTER(Q:Q,($BT:$BT=$BT3)*($I:$I=$I3)*($T:$T=$T3)*($S:$S=_xlfn.MINIFS($S:$S,$T:$T,"="&$T3)),""))))&"",IF(Q3="","",""))&""} | AY3: {=IFERROR(IF(R3<>"",R3,IF(OR($S3="",$T3=""),"",IF($T3<>"",_xlfn._xlws.FILTER(R:R,($BT:$BT=$BT3)*($I:$I=$I3)*($T:$T=$T3)*($S:$S=_xlfn.MINIFS($S:$S,$T:$T,"="&$T3)),""))))&"",IF(R3="","",""))&""} | AZ3: =IF(OR(L3="Zone_Entry",L3="Zone_Exit"),AZ2+1,AZ2) -> 1 | BA3: =BA2 -> 18969 | BB3: =BB2 -> Platinum | BC3: =BC2 -> Velodrome | BD3: =IF($K3<>"",$K3,IF($S3=$S2,BD2,"")) -> Faceoff | BE3: =IF(L3<>"",L3,IF($S3=$S2,BE2,"")) -> Faceoff_GameStart | BF3: =IF(M3<>"",M3,IF($S3=$S2,BF2,"")) | BG3: =IF($N3<>"",$N3,IF($S3=$S2,BG2,"")) | BH3: {=IFERROR(_xlfn._xlws.FILTER(shifts!A:A,(shifts!B:B=events!Z3)*(shifts!AG:AG>=events!BJ3)*(shifts!AH:AH<=events!BK3)),BH2)} -> 1 | BI3: =IF(AND(AF3="",AG3=""),0,((AD3*60)+AE3)-((AF3*60)+AG3)) -> 0 | BJ3: =(AD3*60)+AE3 -> 1080 | BK3: =IF(AND(AF3="",AG3=""),BJ3,((AF3*60)+AG3)) -> 1080 | BL3: =SUMIFS(BI$2:BI3,K$2:K3,"=Intermission")+SUMIFS(BI$2:BI3,K$2:K3,"=Timeout") -> 0 | BM3: =IF(Z3=1,0,IF(Z3=2,1080+BL3,IF(Z3=3,(1080*2)+BL3,0))) -> 0 | BN3: =IF(K3="Intermission",BN2,((1080)-((AD3*60)+AE3))+BM3) -> 0 | BO3: =IF(BN3<5,0,BN3-5) -> 0 | BP3: =BO3+BI3+5 -> 5 | BQ3: =IF(AH3="e","event_team_player_"&BR3,IF(AH3="o","opp_team_player_"&BR3,"")) -> event_team_player_1 | BR3: =COUNTIFS(S$3:S3,"="&S3,AH$3:AH3,"="&AH3) -> 1 | BS3: =IFERROR(VLOOKUP(BA3&BT3&X3,game_rosters!U:W,3,FALSE),"") -> P100192 | BT3: =IF(AQ3="","",IF(AND(AQ3="Away",AH3="e"),BC3,IF(AND(AQ3="Home",AH3="e"),BB3,IF(AND(AQ3="Away",AH3="o"),BB3,IF(AND(AQ3="Home",AH3="o"),BC3))))) -> Platinum
I4: 21 | N4: =IF(K4="","",IF(K4="Goal","s",IF(AND(K4="Zone_Entry_Exit",OR(ISNUMBER(SEARCH("fail",L4)),ISNUMBER(SEARCH("FromExitClear",M4)),ISNUMBER(SEARCH("miss",M4)))),"u",IF(AND(K4="Zone_Entry_Exit",OR(NOT(ISNUMBER(SEARCH("fail",L4))),NOT(ISNUMBER(SEARCH("FromExitClear",M4))),NOT(ISNUMBER(SEARCH("miss",M4))))),"s",IF(AND(OR(K4="Shot",K4="Pass"),OR(ISNUMBER(SEARCH("complete",L4)),ISNUMBER(SEARCH("goal",L4)),ISNUMBER(SEARCH("OnNet",L4)))),"s",IF(L4="Turnover_Giveaway","u",IF(AND(OR(K4="Shot",K4="Pass"),OR(ISNUMBER(SEARCH("fail",L4)),NOT(ISNUMBER(SEARCH("complete",L4))),NOT(ISNUMBER(SEARCH("OnNet",L4))))),"u",""))))))) | Q4: =IF(O4="","",IF(AND(N4<>"",OR(O4<>"",P4<>"")),N4,IF(OR(ISNUMBER(SEARCH("attemp",O4)),ISNUMBER(SEARCH("mis",O4)),ISNUMBER(SEARCH("fail",O4)),ISNUMBER(SEARCH("loss",O4)),ISNUMBER(SEARCH("lost",O4)),ISNUMBER(SEARCH("attemp",P4)),ISNUMBER(SEARCH("mis",P4)),ISNUMBER(SEARCH("fail",P4)),ISNUMBER(SEARCH("loss",P4)),ISNUMBER(SEARCH("lost",P4))),"u",""))) | S4: =IF(A4=1,MAX($S$2:$S3)+1,IF($I4<>"",$S3,"")) -> 1 | T4: =IF(D4=1,MAX($T$2:$T3)+1,IF(S4=S3,$T3,IF(D4="x",T3,IF(D3="x","","")))) | U4: =IF(B4=1,MAX($U$2:$U3)+1,IF(AND($T4<>"",$T4=$T3),$U3,IF(B4="x",U3,""))) | V4: =IF(C4=1,MAX($V$2:$V3)+1,IF(AND($T4<>"",$T4=$T3),$U3,IF(C4="x",V3,""))) | W4: {=IFERROR(_xlfn._xlws.FILTER(game_rosters!AB:AB,(game_rosters!J:J=events!X4)*(K4<>"")),"")} | X4: {=IF($I4<>"",$I4,INDEX($I:$I,ROW()-COUNTIFS($T:$T,"="&$T4,$S:$S,"<>"&$S4)))} -> 21 | Y4: {=IFERROR(IF(_xlfn._xlws.FILTER(game_rosters!$J:$J,(game_rosters!$G:$G=events!$AM4)*(game_rosters!$J:$J=events!$X4))>0,1,""),"")} -> 1 | Z4: =IF(K4="Intermission",Z3+1,Z3) -> 1 | AA4: =S4+1000 -> 1001 | AB4: =IF(T4<>"",9000+T4,"") | AC4: =IF(AB4<>"",AB4,S4+1000) -> 1001 | AD4: =IF(E4<>"",E4,IF($AC4=$AC3,AD3,IF(AF3<>"",AF3,IF(AD3<>"",AD3,"")))) -> 18 | AE4: =IF(F4<>"",F4,IF($AC4=$AC3,AE3,IF(AG3<>"",AG3,IF(AE3<>"",AE3,"")))) -> 00 | AF4: =IF(G4<>"",G4,IF($AC4=$AC3,AF3,IF(H4="","",AD4))) | AH4: =IF(Y4="x","",IF(Y4=1,"e","o")) -> e | AI4: =IF($J4<>"",$J4,IF($AC4=$AC3,AI3,"")) -> n | AJ4: =IF($J4<>"",$J4,IF($AC4=$AC3,AJ3,"")) -> n | AK4: =IF($W4="","",IF($AI4="","",IF($W4="h",$AI4,IF($AI4="n","n",IF(AND($W4="a",$AI4="d"),"o",IF(AND($W4="a",$AI4="o"),"d")))))) | AL4: =IF($W4="","",IF(J4="","",IF(AK4="n","n",IF(AK4="d","o",IF(AK4="o","d",""))))) | AM4: =IF(AN4="H","Home",IF(AN4="A","Away","")) -> Home | AN4: =IF($W4<>"",$W4,IF($AC4=AC3,AN3,"")) -> h | AO4: =IF(AK4<>"",AK4,IF($AC4=AC3,AO3,"")) -> n | AP4: =IF(AL4<>"",AL4,IF($AC4=AC3,AP3,"")) -> n | AQ4: =IF(AM4<>"",AM4,IF($AC4=#REF!,#REF!,"")) -> Home | AR4: =IF(AN4<>"",AN4,IF($AC4=AC3,AQ3,"")) -> h | AS4: =IF(AND(AH4="e",OR(BD4="Save",BE4="Turnover_Takeaway",BE4="Play_Defensive")),"Defensive",IF(AND(AH4="o",OR(BD4="Save",BE4="Turnover_Takeaway",BE4="Play_Defensive")),"Offensive",IF(OR(BD4="Deadice",BD4="Stoppage",BD4="Intermission"),"",IF(AH4="e","Offensive",IF(AH4="o","Defensive",""))))) -> Offensive | AT4: =IF(U4<>"",U4+5000,"") | AU4: =IF(V4<>"",V4+6000,"") | AV4: {=IFERROR(IF(O4<>"",O4,IF(OR($S4="",$T4=""),"",IF(O4<>"",O4,IF($T4<>"",_xlfn._xlws.FILTER(O:O,($BT:$BT=$BT4)*($I:$I=$I4)*($T:$T=$T4)*($S:$S=_xlfn.MINIFS($S:$S,$T:$T,"="&$T4)),"")))))&"",IF(O4="","",""))&""} | AW4: {=IFERROR(IF(P4<>"",P4,IF(OR($S4="",$T4=""),"",IF($T4<>"",_xlfn._xlws.FILTER(P:P,($BT:$BT=$BT4)*($I:$I=$I4)*($T:$T=$T4)*($S:$S=_xlfn.MINIFS($S:$S,$T:$T,"="&$T4)),""))))&"",IF(P4="","",""))&""} | AX4: {=IFERROR(IF(Q4<>"",Q4,IF(OR($S4="",$T4=""),"",IF($T4<>"",_xlfn._xlws.FILTER(Q:Q,($BT:$BT=$BT4)*($I:$I=$I4)*($T:$T=$T4)*($S:$S=_xlfn.MINIFS($S:$S,$T:$T,"="&$T4)),""))))&"",IF(Q4="","",""))&""} | AY4: {=IFERROR(IF(R4<>"",R4,IF(OR($S4="",$T4=""),"",IF($T4<>"",_xlfn._xlws.FILTER(R:R,($BT:$BT=$BT4)*($I:$I=$I4)*($T:$T=$T4)*($S:$S=_xlfn.MINIFS($S:$S,$T:$T,"="&$T4)),""))))&"",IF(R4="","",""))&""} | BF4: =IF(M4<>"",M4,IF($S4=$S3,BF3,"")) | BG4: =IF($N4<>"",$N4,IF($S4=$S3,BG3,"")) | BH4: {=IFERROR(_xlfn._xlws.FILTER(shifts!A:A,(shifts!B:B=events!Z4)*(shifts!AG:AG>=events!BJ4)*(shifts!AH:AH<=events!BK4)),BH3)} -> 1 | BI4: =IF(AND(AF4="",AG4=""),0,((AD4*60)+AE4)-((AF4*60)+AG4)) -> 0 | BJ4: =(AD4*60)+AE4 -> 1080 | BK4: =IF(AND(AF4="",AG4=""),BJ4,((AF4*60)+AG4)) -> 1080 | BL4: =SUMIFS(BI$2:BI4,K$2:K4,"=Intermission")+SUMIFS(BI$2:BI4,K$2:K4,"=Timeout") -> 0 | BM4: =IF(Z4=1,0,IF(Z4=2,1080+BL4,IF(Z4=3,(1080*2)+BL4,0))) -> 0 | BN4: =IF(K4="Intermission",BN3,((1080)-((AD4*60)+AE4))+BM4) -> 0 | BO4: =IF(BN4<5,0,BN4-5) -> 0 | BP4: =BO4+BI4+5 -> 5 | BQ4: =IF(AH4="e","event_team_player_"&BR4,IF(AH4="o","opp_team_player_"&BR4,"")) -> event_team_player_2 | BR4: =COUNTIFS(S$3:S4,"="&S4,AH$3:AH4,"="&AH4) -> 2 | BS4: =IFERROR(VLOOKUP(BA4&BT4&X4,game_rosters!U:W,3,FALSE),"") | BT4: =IF(AQ4="","",IF(AND(AQ4="Away",AH4="e"),BC4,IF(AND(AQ4="Home",AH4="e"),BB4,IF(AND(AQ4="Away",AH4="o"),BB4,IF(AND(AQ4="Home",AH4="o"),BC4))))) -> 0
A5: =IF(K5<>"",1,IF(D5="x","x","")) | J5: =IF(OR(K5="Goal",K5="Shot",L5="Zone_Entry",M5="Stoppage-Goal",M4="Stoppage-Goal"),"o",IF(OR(K5="Save",K5="Rebound",L5="Zone_Exit",M5="Stoppage-GoalieStoppage",M4="Stoppage-GoalieStoppage"),"d",IF(OR(L5="Faceoff_AfterGoal",L5="Faceoff_PeriodStart",698="Faceoff_GameStart",M4="Stoppage-Goal"),"n",""))) | N5: =IF(K5="","",IF(K5="Goal","s",IF(AND(K5="Zone_Entry_Exit",OR(ISNUMBER(SEARCH("fail",L5)),ISNUMBER(SEARCH("FromExitClear",M5)),ISNUMBER(SEARCH("miss",M5)))),"u",IF(AND(K5="Zone_Entry_Exit",OR(NOT(ISNUMBER(SEARCH("fail",L5))),NOT(ISNUMBER(SEARCH("FromExitClear",M5))),NOT(ISNUMBER(SEARCH("miss",M5))))),"s",IF(AND(OR(K5="Shot",K5="Pass"),OR(ISNUMBER(SEARCH("complete",L5)),ISNUMBER(SEARCH("goal",L5)),ISNUMBER(SEARCH("OnNet",L5)))),"s",IF(L5="Turnover_Giveaway","u",IF(AND(OR(K5="Shot",K5="Pass"),OR(ISNUMBER(SEARCH("fail",L5)),NOT(ISNUMBER(SEARCH("complete",L5))),NOT(ISNUMBER(SEARCH("OnNet",L5))))),"u",""))))))) | Q5: =IF(O5="","",IF(AND(N5<>"",OR(O5<>"",P5<>"")),N5,IF(OR(ISNUMBER(SEARCH("attemp",O5)),ISNUMBER(SEARCH("beat",O5)),ISNUMBER(SEARCH("mis",O5)),ISNUMBER(SEARCH("fail",O5)),ISNUMBER(SEARCH("loss",O5)),ISNUMBER(SEARCH("lost",O5)),ISNUMBER(SEARCH("attemp",P5)),ISNUMBER(SEARCH("mis",P5)),ISNUMBER(SEARCH("fail",P5)),ISNUMBER(SEARCH("loss",P5)),ISNUMBER(SEARCH("beat",P5)),ISNUMBER(SEARCH("lost",P5))),"u",""))) | S5: =IF(A5=1,MAX(S$2:S4)+1,IF(OR(I5<>"",A5="x"),#REF!,"")) | T5: =IF(D5=1,MAX($T$2:$T4)+1,IF(S5=$S4,$S4,IF($D5="x",T4,IF($D4="x","","")))) | U5: =IF(B5=1,MAX($U$2:$U4)+1,IF(AND($T5<>"",$T5=$T4),$U4,IF(B5="x",U4,""))) | V5: =IF(C5=1,MAX($V$2:$V4)+1,IF(AND($T5<>"",$T5=$T4),$U4,IF(C5="x",V4,""))) | W5: {=IFERROR(_xlfn._xlws.FILTER(game_rosters!AB:AB,(game_rosters!J:J=events!X5)*(K5<>"")),"")} | X5: {=IF(S5="","",IF($I5<>"",$I5,INDEX($I$2:$I4,ROW()-COUNTIFS($T$2:$T4,"="&$T5,$S$2:$S4,"<>"&$S5)-1)))} | AH5: =IF(Y5="x","",IF(Y5=1,"e","o")) -> o | AI5: =IF($J5<>"",$J5,IF($AC5=$AC4,AI4,"")) | AJ5: =IF($J5<>"",$J5,IF($AC5=AC4,AJ4,"")) | AK5: =IF($W5="","",IF($AI5="","",IF($W5="h",$AI5,IF($AI5="n","n",IF(AND($W5="a",$AI5="d"),"o",IF(AND($W5="a",$AI5="o"),"d")))))) | AL5: =IF($W5="","",IF(J5="","",IF(AK5="n","n",IF(AK5="d","o",IF(AK5="o","d",""))))) | AM5: =IF(AN5="H","Home",IF(AN5="A","Away","")) | AN5: =IF($W5<>"",$W5,IF($AC5=AC4,AN4,"")) | AO5: =IF(AK5<>"",AK5,IF($AC5=AC4,AO4,"")) | AP5: =IF(AL5<>"",AL5,IF($AC5=AC4,AP4,"")) | AQ5: =IF(AM5<>"",AM5,IF($AC5=AC4,AQ4,"")) | AR5: =IF(AN5<>"",AN5,IF($AC5=AC4,AQ4,"")) | AS5: =IF(AND(AH5="e",OR(BD5="Save",BE5="Turnover_Takeaway",BE5="Play_Defensive")),"Defensive",IF(AND(AH5="o",OR(BD5="Save",BE5="Turnover_Takeaway",BE5="Play_Defensive")),"Offensive",IF(OR(BD5="Deadice",BD5="Stoppage",BD5="Intermission"),"",IF(AH5="e","Offensive",IF(AH5="o","Defensive",""))))) -> Defensive
A6: =IF(K6<>"",1,IF(D6="x","x","")) | J6: =IF(OR(K6="Goal",K6="Shot",L6="Zone_Entry",M6="Stoppage-Goal",M5="Stoppage-Goal"),"o",IF(OR(K6="Save",K6="Rebound",L6="Zone_Exit",M6="Stoppage-GoalieStoppage",M5="Stoppage-GoalieStoppage"),"d",IF(OR(L6="Faceoff_AfterGoal",L6="Faceoff_PeriodStart",698="Faceoff_GameStart",M5="Stoppage-Goal"),"n",""))) | N6: =IF(K6="","",IF(K6="Goal","s",IF(AND(K6="Zone_Entry_Exit",OR(ISNUMBER(SEARCH("fail",L6)),ISNUMBER(SEARCH("FromExitClear",M6)),ISNUMBER(SEARCH("miss",M6)))),"u",IF(AND(K6="Zone_Entry_Exit",OR(NOT(ISNUMBER(SEARCH("fail",L6))),NOT(ISNUMBER(SEARCH("FromExitClear",M6))),NOT(ISNUMBER(SEARCH("miss",M6))))),"s",IF(AND(OR(K6="Shot",K6="Pass"),OR(ISNUMBER(SEARCH("complete",L6)),ISNUMBER(SEARCH("goal",L6)),ISNUMBER(SEARCH("OnNet",L6)))),"s",IF(L6="Turnover_Giveaway","u",IF(AND(OR(K6="Shot",K6="Pass"),OR(ISNUMBER(SEARCH("fail",L6)),NOT(ISNUMBER(SEARCH("complete",L6))),NOT(ISNUMBER(SEARCH("OnNet",L6))))),"u",""))))))) | Q6: =IF(O6="","",IF(AND(N6<>"",OR(O6<>"",P6<>"")),N6,IF(OR(ISNUMBER(SEARCH("attemp",O6)),ISNUMBER(SEARCH("beat",O6)),ISNUMBER(SEARCH("mis",O6)),ISNUMBER(SEARCH("fail",O6)),ISNUMBER(SEARCH("loss",O6)),ISNUMBER(SEARCH("lost",O6)),ISNUMBER(SEARCH("attemp",P6)),ISNUMBER(SEARCH("mis",P6)),ISNUMBER(SEARCH("fail",P6)),ISNUMBER(SEARCH("loss",P6)),ISNUMBER(SEARCH("beat",P6)),ISNUMBER(SEARCH("lost",P6))),"u",""))) | S6: =IF(A6=1,MAX(S$2:S5)+1,IF(OR(I6<>"",A6="x"),S5,"")) | T6: =IF(D6=1,MAX($T$2:$T5)+1,IF(S6=$S5,$S5,IF($D6="x",T5,IF($D5="x","","")))) | U6: =IF(B6=1,MAX($U$2:$U5)+1,IF(AND($T6<>"",$T6=$T5),$U5,IF(B6="x",U5,""))) | V6: =IF(C6=1,MAX($V$2:$V5)+1,IF(AND($T6<>"",$T6=$T5),$U5,IF(C6="x",V5,""))) | W6: {=IFERROR(_xlfn._xlws.FILTER(game_rosters!AB:AB,(game_rosters!J:J=events!X6)*(K6<>"")),"")} | X6: {=IF(S6="","",IF($I6<>"",$I6,INDEX($I$2:$I5,ROW()-COUNTIFS($T$2:$T5,"="&$T6,$S$2:$S5,"<>"&$S6)-1)))} | AH6: =IF(Y6="x","",IF(Y6=1,"e","o")) -> o | AI6: =IF($J6<>"",$J6,IF($AC6=$AC5,AI5,"")) | AJ6: =IF($J6<>"",$J6,IF($AC6=AC5,AJ5,"")) | AK6: =IF($W6="","",IF($AI6="","",IF($W6="h",$AI6,IF($AI6="n","n",IF(AND($W6="a",$AI6="d"),"o",IF(AND($W6="a",$AI6="o"),"d")))))) | AL6: =IF($W6="","",IF(J6="","",IF(AK6="n","n",IF(AK6="d","o",IF(AK6="o","d",""))))) | AM6: =IF(AN6="H","Home",IF(AN6="A","Away","")) | AN6: =IF($W6<>"",$W6,IF($AC6=AC5,AN5,"")) | AO6: =IF(AK6<>"",AK6,IF($AC6=AC5,AO5,"")) | AP6: =IF(AL6<>"",AL6,IF($AC6=AC5,AP5,"")) | AQ6: =IF(AM6<>"",AM6,IF($AC6=AC5,AQ5,"")) | AR6: =IF(AN6<>"",AN6,IF($AC6=AC5,AQ5,"")) | AS6: =IF(AND(AH6="e",OR(BD6="Save",BE6="Turnover_Takeaway",BE6="Play_Defensive")),"Defensive",IF(AND(AH6="o",OR(BD6="Save",BE6="Turnover_Takeaway",BE6="Play_Defensive")),"Offensive",IF(OR(BD6="Deadice",BD6="Stoppage",BD6="Intermission"),"",IF(AH6="e","Offensive",IF(AH6="o","Defensive",""))))) -> Defensive
A7: =IF(K7<>"",1,IF(D7="x","x","")) | J7: =IF(OR(K7="Goal",K7="Shot",L7="Zone_Entry",M7="Stoppage-Goal",M6="Stoppage-Goal"),"o",IF(OR(K7="Save",K7="Rebound",L7="Zone_Exit",M7="Stoppage-GoalieStoppage",M6="Stoppage-GoalieStoppage"),"d",IF(OR(L7="Faceoff_AfterGoal",L7="Faceoff_PeriodStart",698="Faceoff_GameStart",M6="Stoppage-Goal"),"n",""))) | N7: =IF(K7="","",IF(K7="Goal","s",IF(AND(K7="Zone_Entry_Exit",OR(ISNUMBER(SEARCH("fail",L7)),ISNUMBER(SEARCH("FromExitClear",M7)),ISNUMBER(SEARCH("miss",M7)))),"u",IF(AND(K7="Zone_Entry_Exit",OR(NOT(ISNUMBER(SEARCH("fail",L7))),NOT(ISNUMBER(SEARCH("FromExitClear",M7))),NOT(ISNUMBER(SEARCH("miss",M7))))),"s",IF(AND(OR(K7="Shot",K7="Pass"),OR(ISNUMBER(SEARCH("complete",L7)),ISNUMBER(SEARCH("goal",L7)),ISNUMBER(SEARCH("OnNet",L7)))),"s",IF(L7="Turnover_Giveaway","u",IF(AND(OR(K7="Shot",K7="Pass"),OR(ISNUMBER(SEARCH("fail",L7)),NOT(ISNUMBER(SEARCH("complete",L7))),NOT(ISNUMBER(SEARCH("OnNet",L7))))),"u",""))))))) | Q7: =IF(O7="","",IF(AND(N7<>"",OR(O7<>"",P7<>"")),N7,IF(OR(ISNUMBER(SEARCH("attemp",O7)),ISNUMBER(SEARCH("beat",O7)),ISNUMBER(SEARCH("mis",O7)),ISNUMBER(SEARCH("fail",O7)),ISNUMBER(SEARCH("loss",O7)),ISNUMBER(SEARCH("lost",O7)),ISNUMBER(SEARCH("attemp",P7)),ISNUMBER(SEARCH("mis",P7)),ISNUMBER(SEARCH("fail",P7)),ISNUMBER(SEARCH("loss",P7)),ISNUMBER(SEARCH("beat",P7)),ISNUMBER(SEARCH("lost",P7))),"u",""))) | S7: =IF(A7=1,MAX(S$2:S6)+1,IF(OR(I7<>"",A7="x"),S6,"")) | T7: =IF(D7=1,MAX($T$2:$T6)+1,IF(S7=$S6,$S6,IF($D7="x",T6,IF($D6="x","","")))) | U7: =IF(B7=1,MAX($U$2:$U6)+1,IF(AND($T7<>"",$T7=$T6),$U6,IF(B7="x",U6,""))) | V7: =IF(C7=1,MAX($V$2:$V6)+1,IF(AND($T7<>"",$T7=$T6),$U6,IF(C7="x",V6,""))) | W7: {=IFERROR(_xlfn._xlws.FILTER(game_rosters!AB:AB,(game_rosters!J:J=events!X7)*(K7<>"")),"")} | X7: {=IF(S7="","",IF($I7<>"",$I7,INDEX($I$2:$I6,ROW()-COUNTIFS($T$2:$T6,"="&$T7,$S$2:$S6,"<>"&$S7)-1)))} | AH7: =IF(Y7="x","",IF(Y7=1,"e","o")) -> o | AI7: =IF($J7<>"",$J7,IF($AC7=$AC6,AI6,"")) | AJ7: =IF($J7<>"",$J7,IF($AC7=AC6,AJ6,"")) | AK7: =IF($W7="","",IF($AI7="","",IF($W7="h",$AI7,IF($AI7="n","n",IF(AND($W7="a",$AI7="d"),"o",IF(AND($W7="a",$AI7="o"),"d")))))) | AL7: =IF($W7="","",IF(J7="","",IF(AK7="n","n",IF(AK7="d","o",IF(AK7="o","d",""))))) | AM7: =IF(AN7="H","Home",IF(AN7="A","Away","")) | AN7: =IF($W7<>"",$W7,IF($AC7=AC6,AN6,"")) | AO7: =IF(AK7<>"",AK7,IF($AC7=AC6,AO6,"")) | AP7: =IF(AL7<>"",AL7,IF($AC7=AC6,AP6,"")) | AQ7: =IF(AM7<>"",AM7,IF($AC7=AC6,AQ6,"")) | AR7: =IF(AN7<>"",AN7,IF($AC7=AC6,AQ6,"")) | AS7: =IF(AND(AH7="e",OR(BD7="Save",BE7="Turnover_Takeaway",BE7="Play_Defensive")),"Defensive",IF(AND(AH7="o",OR(BD7="Save",BE7="Turnover_Takeaway",BE7="Play_Defensive")),"Offensive",IF(OR(BD7="Deadice",BD7="Stoppage",BD7="Intermission"),"",IF(AH7="e","Offensive",IF(AH7="o","Defensive",""))))) -> Defensive
A8: =IF(K8<>"",1,IF(D8="x","x","")) | J8: =IF(OR(K8="Goal",K8="Shot",L8="Zone_Entry",M8="Stoppage-Goal",M7="Stoppage-Goal"),"o",IF(OR(K8="Save",K8="Rebound",L8="Zone_Exit",M8="Stoppage-GoalieStoppage",M7="Stoppage-GoalieStoppage"),"d",IF(OR(L8="Faceoff_AfterGoal",L8="Faceoff_PeriodStart",698="Faceoff_GameStart",M7="Stoppage-Goal"),"n",""))) | N8: =IF(K8="","",IF(K8="Goal","s",IF(AND(K8="Zone_Entry_Exit",OR(ISNUMBER(SEARCH("fail",L8)),ISNUMBER(SEARCH("FromExitClear",M8)),ISNUMBER(SEARCH("miss",M8)))),"u",IF(AND(K8="Zone_Entry_Exit",OR(NOT(ISNUMBER(SEARCH("fail",L8))),NOT(ISNUMBER(SEARCH("FromExitClear",M8))),NOT(ISNUMBER(SEARCH("miss",M8))))),"s",IF(AND(OR(K8="Shot",K8="Pass"),OR(ISNUMBER(SEARCH("complete",L8)),ISNUMBER(SEARCH("goal",L8)),ISNUMBER(SEARCH("OnNet",L8)))),"s",IF(L8="Turnover_Giveaway","u",IF(AND(OR(K8="Shot",K8="Pass"),OR(ISNUMBER(SEARCH("fail",L8)),NOT(ISNUMBER(SEARCH("complete",L8))),NOT(ISNUMBER(SEARCH("OnNet",L8))))),"u",""))))))) | Q8: =IF(O8="","",IF(AND(N8<>"",OR(O8<>"",P8<>"")),N8,IF(OR(ISNUMBER(SEARCH("attemp",O8)),ISNUMBER(SEARCH("beat",O8)),ISNUMBER(SEARCH("mis",O8)),ISNUMBER(SEARCH("fail",O8)),ISNUMBER(SEARCH("loss",O8)),ISNUMBER(SEARCH("lost",O8)),ISNUMBER(SEARCH("attemp",P8)),ISNUMBER(SEARCH("mis",P8)),ISNUMBER(SEARCH("fail",P8)),ISNUMBER(SEARCH("loss",P8)),ISNUMBER(SEARCH("beat",P8)),ISNUMBER(SEARCH("lost",P8))),"u",""))) | S8: =IF(A8=1,MAX(S$2:S7)+1,IF(OR(I8<>"",A8="x"),S7,"")) | T8: =IF(D8=1,MAX($T$2:$T7)+1,IF(S8=$S7,$S7,IF($D8="x",T7,IF($D7="x","","")))) | U8: =IF(B8=1,MAX($U$2:$U7)+1,IF(AND($T8<>"",$T8=$T7),$U7,IF(B8="x",U7,""))) | V8: =IF(C8=1,MAX($V$2:$V7)+1,IF(AND($T8<>"",$T8=$T7),$U7,IF(C8="x",V7,""))) | W8: {=IFERROR(_xlfn._xlws.FILTER(game_rosters!AB:AB,(game_rosters!J:J=events!X8)*(K8<>"")),"")} | X8: {=IF(S8="","",IF($I8<>"",$I8,INDEX($I$2:$I7,ROW()-COUNTIFS($T$2:$T7,"="&$T8,$S$2:$S7,"<>"&$S8)-1)))} | AH8: =IF(Y8="x","",IF(Y8=1,"e","o")) -> o | AI8: =IF($J8<>"",$J8,IF($AC8=$AC7,AI7,"")) | AJ8: =IF($J8<>"",$J8,IF($AC8=AC7,AJ7,"")) | AK8: =IF($W8="","",IF($AI8="","",IF($W8="h",$AI8,IF($AI8="n","n",IF(AND($W8="a",$AI8="d"),"o",IF(AND($W8="a",$AI8="o"),"d")))))) | AL8: =IF($W8="","",IF(J8="","",IF(AK8="n","n",IF(AK8="d","o",IF(AK8="o","d",""))))) | AM8: =IF(AN8="H","Home",IF(AN8="A","Away","")) | AN8: =IF($W8<>"",$W8,IF($AC8=AC7,AN7,"")) | AO8: =IF(AK8<>"",AK8,IF($AC8=AC7,AO7,"")) | AP8: =IF(AL8<>"",AL8,IF($AC8=AC7,AP7,"")) | AQ8: =IF(AM8<>"",AM8,IF($AC8=AC7,AQ7,"")) | AR8: =IF(AN8<>"",AN8,IF($AC8=AC7,AQ7,"")) | AS8: =IF(AND(AH8="e",OR(BD8="Save",BE8="Turnover_Takeaway",BE8="Play_Defensive")),"Defensive",IF(AND(AH8="o",OR(BD8="Save",BE8="Turnover_Takeaway",BE8="Play_Defensive")),"Offensive",IF(OR(BD8="Deadice",BD8="Stoppage",BD8="Intermission"),"",IF(AH8="e","Offensive",IF(AH8="o","Defensive",""))))) -> Defensive
A9: =IF(K9<>"",1,IF(D9="x","x","")) | J9: =IF(OR(K9="Goal",K9="Shot",L9="Zone_Entry",M9="Stoppage-Goal",M8="Stoppage-Goal"),"o",IF(OR(K9="Save",K9="Rebound",L9="Zone_Exit",M9="Stoppage-GoalieStoppage",M8="Stoppage-GoalieStoppage"),"d",IF(OR(L9="Faceoff_AfterGoal",L9="Faceoff_PeriodStart",698="Faceoff_GameStart",M8="Stoppage-Goal"),"n",""))) | N9: =IF(K9="","",IF(K9="Goal","s",IF(AND(K9="Zone_Entry_Exit",OR(ISNUMBER(SEARCH("fail",L9)),ISNUMBER(SEARCH("FromExitClear",M9)),ISNUMBER(SEARCH("miss",M9)))),"u",IF(AND(K9="Zone_Entry_Exit",OR(NOT(ISNUMBER(SEARCH("fail",L9))),NOT(ISNUMBER(SEARCH("FromExitClear",M9))),NOT(ISNUMBER(SEARCH("miss",M9))))),"s",IF(AND(OR(K9="Shot",K9="Pass"),OR(ISNUMBER(SEARCH("complete",L9)),ISNUMBER(SEARCH("goal",L9)),ISNUMBER(SEARCH("OnNet",L9)))),"s",IF(L9="Turnover_Giveaway","u",IF(AND(OR(K9="Shot",K9="Pass"),OR(ISNUMBER(SEARCH("fail",L9)),NOT(ISNUMBER(SEARCH("complete",L9))),NOT(ISNUMBER(SEARCH("OnNet",L9))))),"u",""))))))) | Q9: =IF(O9="","",IF(AND(N9<>"",OR(O9<>"",P9<>"")),N9,IF(OR(ISNUMBER(SEARCH("attemp",O9)),ISNUMBER(SEARCH("beat",O9)),ISNUMBER(SEARCH("mis",O9)),ISNUMBER(SEARCH("fail",O9)),ISNUMBER(SEARCH("loss",O9)),ISNUMBER(SEARCH("lost",O9)),ISNUMBER(SEARCH("attemp",P9)),ISNUMBER(SEARCH("mis",P9)),ISNUMBER(SEARCH("fail",P9)),ISNUMBER(SEARCH("loss",P9)),ISNUMBER(SEARCH("beat",P9)),ISNUMBER(SEARCH("lost",P9))),"u",""))) | S9: =IF(A9=1,MAX(S$2:S8)+1,IF(OR(I9<>"",A9="x"),S8,"")) | T9: =IF(D9=1,MAX($T$2:$T8)+1,IF(S9=$S8,$S8,IF($D9="x",T8,IF($D8="x","","")))) | U9: =IF(B9=1,MAX($U$2:$U8)+1,IF(AND($T9<>"",$T9=$T8),$U8,IF(B9="x",U8,""))) | V9: =IF(C9=1,MAX($V$2:$V8)+1,IF(AND($T9<>"",$T9=$T8),$U8,IF(C9="x",V8,""))) | W9: {=IFERROR(_xlfn._xlws.FILTER(game_rosters!AB:AB,(game_rosters!J:J=events!X9)*(K9<>"")),"")} | X9: {=IF(S9="","",IF($I9<>"",$I9,INDEX($I$2:$I8,ROW()-COUNTIFS($T$2:$T8,"="&$T9,$S$2:$S8,"<>"&$S9)-1)))} | AH9: =IF(Y9="x","",IF(Y9=1,"e","o")) -> o | AI9: =IF($J9<>"",$J9,IF($AC9=$AC8,AI8,"")) | AJ9: =IF($J9<>"",$J9,IF($AC9=AC8,AJ8,"")) | AK9: =IF($W9="","",IF($AI9="","",IF($W9="h",$AI9,IF($AI9="n","n",IF(AND($W9="a",$AI9="d"),"o",IF(AND($W9="a",$AI9="o"),"d")))))) | AL9: =IF($W9="","",IF(J9="","",IF(AK9="n","n",IF(AK9="d","o",IF(AK9="o","d",""))))) | AM9: =IF(AN9="H","Home",IF(AN9="A","Away","")) | AN9: =IF($W9<>"",$W9,IF($AC9=AC8,AN8,"")) | AO9: =IF(AK9<>"",AK9,IF($AC9=AC8,AO8,"")) | AP9: =IF(AL9<>"",AL9,IF($AC9=AC8,AP8,"")) | AQ9: =IF(AM9<>"",AM9,IF($AC9=AC8,AQ8,"")) | AR9: =IF(AN9<>"",AN9,IF($AC9=AC8,AQ8,"")) | AS9: =IF(AND(AH9="e",OR(BD9="Save",BE9="Turnover_Takeaway",BE9="Play_Defensive")),"Defensive",IF(AND(AH9="o",OR(BD9="Save",BE9="Turnover_Takeaway",BE9="Play_Defensive")),"Offensive",IF(OR(BD9="Deadice",BD9="Stoppage",BD9="Intermission"),"",IF(AH9="e","Offensive",IF(AH9="o","Defensive",""))))) -> Defensive
A10: =IF(K10<>"",1,IF(D10="x","x","")) | J10: =IF(OR(K10="Goal",K10="Shot",L10="Zone_Entry",M10="Stoppage-Goal",M9="Stoppage-Goal"),"o",IF(OR(K10="Save",K10="Rebound",L10="Zone_Exit",M10="Stoppage-GoalieStoppage",M9="Stoppage-GoalieStoppage"),"d",IF(OR(L10="Faceoff_AfterGoal",L10="Faceoff_PeriodStart",698="Faceoff_GameStart",M9="Stoppage-Goal"),"n",""))) | N10: =IF(K10="","",IF(K10="Goal","s",IF(AND(K10="Zone_Entry_Exit",OR(ISNUMBER(SEARCH("fail",L10)),ISNUMBER(SEARCH("FromExitClear",M10)),ISNUMBER(SEARCH("miss",M10)))),"u",IF(AND(K10="Zone_Entry_Exit",OR(NOT(ISNUMBER(SEARCH("fail",L10))),NOT(ISNUMBER(SEARCH("FromExitClear",M10))),NOT(ISNUMBER(SEARCH("miss",M10))))),"s",IF(AND(OR(K10="Shot",K10="Pass"),OR(ISNUMBER(SEARCH("complete",L10)),ISNUMBER(SEARCH("goal",L10)),ISNUMBER(SEARCH("OnNet",L10)))),"s",IF(L10="Turnover_Giveaway","u",IF(AND(OR(K10="Shot",K10="Pass"),OR(ISNUMBER(SEARCH("fail",L10)),NOT(ISNUMBER(SEARCH("complete",L10))),NOT(ISNUMBER(SEARCH("OnNet",L10))))),"u",""))))))) | Q10: =IF(O10="","",IF(AND(N10<>"",OR(O10<>"",P10<>"")),N10,IF(OR(ISNUMBER(SEARCH("attemp",O10)),ISNUMBER(SEARCH("beat",O10)),ISNUMBER(SEARCH("mis",O10)),ISNUMBER(SEARCH("fail",O10)),ISNUMBER(SEARCH("loss",O10)),ISNUMBER(SEARCH("lost",O10)),ISNUMBER(SEARCH("attemp",P10)),ISNUMBER(SEARCH("mis",P10)),ISNUMBER(SEARCH("fail",P10)),ISNUMBER(SEARCH("loss",P10)),ISNUMBER(SEARCH("beat",P10)),ISNUMBER(SEARCH("lost",P10))),"u",""))) | S10: =IF(A10=1,MAX(S$2:S9)+1,IF(OR(I10<>"",A10="x"),S9,"")) | T10: =IF(D10=1,MAX($T$2:$T9)+1,IF(S10=$S9,$S9,IF($D10="x",T9,IF($D9="x","","")))) | U10: =IF(B10=1,MAX($U$2:$U9)+1,IF(AND($T10<>"",$T10=$T9),$U9,IF(B10="x",U9,""))) | V10: =IF(C10=1,MAX($V$2:$V9)+1,IF(AND($T10<>"",$T10=$T9),$U9,IF(C10="x",V9,""))) | W10: {=IFERROR(_xlfn._xlws.FILTER(game_rosters!AB:AB,(game_rosters!J:J=events!X10)*(K10<>"")),"")} | X10: {=IF(S10="","",IF($I10<>"",$I10,INDEX($I$2:$I9,ROW()-COUNTIFS($T$2:$T9,"="&$T10,$S$2:$S9,"<>"&$S10)-1)))} | AH10: =IF(Y10="x","",IF(Y10=1,"e","o")) -> o | AI10: =IF($J10<>"",$J10,IF($AC10=$AC9,AI9,"")) | AJ10: =IF($J10<>"",$J10,IF($AC10=AC9,AJ9,"")) | AK10: =IF($W10="","",IF($AI10="","",IF($W10="h",$AI10,IF($AI10="n","n",IF(AND($W10="a",$AI10="d"),"o",IF(AND($W10="a",$AI10="o"),"d")))))) | AL10: =IF($W10="","",IF(J10="","",IF(AK10="n","n",IF(AK10="d","o",IF(AK10="o","d",""))))) | AM10: =IF(AN10="H","Home",IF(AN10="A","Away","")) | AN10: =IF($W10<>"",$W10,IF($AC10=AC9,AN9,"")) | AO10: =IF(AK10<>"",AK10,IF($AC10=AC9,AO9,"")) | AP10: =IF(AL10<>"",AL10,IF($AC10=AC9,AP9,"")) | AQ10: =IF(AM10<>"",AM10,IF($AC10=AC9,AQ9,"")) | AR10: =IF(AN10<>"",AN10,IF($AC10=AC9,AQ9,"")) | AS10: =IF(AND(AH10="e",OR(BD10="Save",BE10="Turnover_Takeaway",BE10="Play_Defensive")),"Defensive",IF(AND(AH10="o",OR(BD10="Save",BE10="Turnover_Takeaway",BE10="Play_Defensive")),"Offensive",IF(OR(BD10="Deadice",BD10="Stoppage",BD10="Intermission"),"",IF(AH10="e","Offensive",IF(AH10="o","Defensive",""))))) -> Defensive
A11: =IF(K11<>"",1,IF(D11="x","x","")) | J11: =IF(OR(K11="Goal",K11="Shot",L11="Zone_Entry",M11="Stoppage-Goal",M10="Stoppage-Goal"),"o",IF(OR(K11="Save",K11="Rebound",L11="Zone_Exit",M11="Stoppage-GoalieStoppage",M10="Stoppage-GoalieStoppage"),"d",IF(OR(L11="Faceoff_AfterGoal",L11="Faceoff_PeriodStart",698="Faceoff_GameStart",M10="Stoppage-Goal"),"n",""))) | N11: =IF(K11="","",IF(K11="Goal","s",IF(AND(K11="Zone_Entry_Exit",OR(ISNUMBER(SEARCH("fail",L11)),ISNUMBER(SEARCH("FromExitClear",M11)),ISNUMBER(SEARCH("miss",M11)))),"u",IF(AND(K11="Zone_Entry_Exit",OR(NOT(ISNUMBER(SEARCH("fail",L11))),NOT(ISNUMBER(SEARCH("FromExitClear",M11))),NOT(ISNUMBER(SEARCH("miss",M11))))),"s",IF(AND(OR(K11="Shot",K11="Pass"),OR(ISNUMBER(SEARCH("complete",L11)),ISNUMBER(SEARCH("goal",L11)),ISNUMBER(SEARCH("OnNet",L11)))),"s",IF(L11="Turnover_Giveaway","u",IF(AND(OR(K11="Shot",K11="Pass"),OR(ISNUMBER(SEARCH("fail",L11)),NOT(ISNUMBER(SEARCH("complete",L11))),NOT(ISNUMBER(SEARCH("OnNet",L11))))),"u",""))))))) | Q11: =IF(O11="","",IF(AND(N11<>"",OR(O11<>"",P11<>"")),N11,IF(OR(ISNUMBER(SEARCH("attemp",O11)),ISNUMBER(SEARCH("beat",O11)),ISNUMBER(SEARCH("mis",O11)),ISNUMBER(SEARCH("fail",O11)),ISNUMBER(SEARCH("loss",O11)),ISNUMBER(SEARCH("lost",O11)),ISNUMBER(SEARCH("attemp",P11)),ISNUMBER(SEARCH("mis",P11)),ISNUMBER(SEARCH("fail",P11)),ISNUMBER(SEARCH("loss",P11)),ISNUMBER(SEARCH("beat",P11)),ISNUMBER(SEARCH("lost",P11))),"u",""))) | S11: =IF(A11=1,MAX(S$2:S10)+1,IF(OR(I11<>"",A11="x"),S10,"")) | T11: =IF(D11=1,MAX($T$2:$T10)+1,IF(S11=$S10,$S10,IF($D11="x",T10,IF($D10="x","","")))) | U11: =IF(B11=1,MAX($U$2:$U10)+1,IF(AND($T11<>"",$T11=$T10),$U10,IF(B11="x",U10,""))) | V11: =IF(C11=1,MAX($V$2:$V10)+1,IF(AND($T11<>"",$T11=$T10),$U10,IF(C11="x",V10,""))) | W11: {=IFERROR(_xlfn._xlws.FILTER(game_rosters!AB:AB,(game_rosters!J:J=events!X11)*(K11<>"")),"")} | X11: {=IF(S11="","",IF($I11<>"",$I11,INDEX($I$2:$I10,ROW()-COUNTIFS($T$2:$T10,"="&$T11,$S$2:$S10,"<>"&$S11)-1)))} | AH11: =IF(Y11="x","",IF(Y11=1,"e","o")) -> o | AI11: =IF($J11<>"",$J11,IF($AC11=$AC10,AI10,"")) | AJ11: =IF($J11<>"",$J11,IF($AC11=AC10,AJ10,"")) | AK11: =IF($W11="","",IF($AI11="","",IF($W11="h",$AI11,IF($AI11="n","n",IF(AND($W11="a",$AI11="d"),"o",IF(AND($W11="a",$AI11="o"),"d")))))) | AL11: =IF($W11="","",IF(J11="","",IF(AK11="n","n",IF(AK11="d","o",IF(AK11="o","d",""))))) | AM11: =IF(AN11="H","Home",IF(AN11="A","Away","")) | AN11: =IF($W11<>"",$W11,IF($AC11=AC10,AN10,"")) | AO11: =IF(AK11<>"",AK11,IF($AC11=AC10,AO10,"")) | AP11: =IF(AL11<>"",AL11,IF($AC11=AC10,AP10,"")) | AQ11: =IF(AM11<>"",AM11,IF($AC11=AC10,AQ10,"")) | AR11: =IF(AN11<>"",AN11,IF($AC11=AC10,AQ10,"")) | AS11: =IF(AND(AH11="e",OR(BD11="Save",BE11="Turnover_Takeaway",BE11="Play_Defensive")),"Defensive",IF(AND(AH11="o",OR(BD11="Save",BE11="Turnover_Takeaway",BE11="Play_Defensive")),"Offensive",IF(OR(BD11="Deadice",BD11="Stoppage",BD11="Intermission"),"",IF(AH11="e","Offensive",IF(AH11="o","Defensive",""))))) -> Defensive
A12: =IF(K12<>"",1,IF(D12="x","x","")) | J12: =IF(OR(K12="Goal",K12="Shot",L12="Zone_Entry",M12="Stoppage-Goal",M11="Stoppage-Goal"),"o",IF(OR(K12="Save",K12="Rebound",L12="Zone_Exit",M12="Stoppage-GoalieStoppage",M11="Stoppage-GoalieStoppage"),"d",IF(OR(L12="Faceoff_AfterGoal",L12="Faceoff_PeriodStart",698="Faceoff_GameStart",M11="Stoppage-Goal"),"n",""))) | N12: =IF(K12="","",IF(K12="Goal","s",IF(AND(K12="Zone_Entry_Exit",OR(ISNUMBER(SEARCH("fail",L12)),ISNUMBER(SEARCH("FromExitClear",M12)),ISNUMBER(SEARCH("miss",M12)))),"u",IF(AND(K12="Zone_Entry_Exit",OR(NOT(ISNUMBER(SEARCH("fail",L12))),NOT(ISNUMBER(SEARCH("FromExitClear",M12))),NOT(ISNUMBER(SEARCH("miss",M12))))),"s",IF(AND(OR(K12="Shot",K12="Pass"),OR(ISNUMBER(SEARCH("complete",L12)),ISNUMBER(SEARCH("goal",L12)),ISNUMBER(SEARCH("OnNet",L12)))),"s",IF(L12="Turnover_Giveaway","u",IF(AND(OR(K12="Shot",K12="Pass"),OR(ISNUMBER(SEARCH("fail",L12)),NOT(ISNUMBER(SEARCH("complete",L12))),NOT(ISNUMBER(SEARCH("OnNet",L12))))),"u",""))))))) | Q12: =IF(O12="","",IF(AND(N12<>"",OR(O12<>"",P12<>"")),N12,IF(OR(ISNUMBER(SEARCH("attemp",O12)),ISNUMBER(SEARCH("beat",O12)),ISNUMBER(SEARCH("mis",O12)),ISNUMBER(SEARCH("fail",O12)),ISNUMBER(SEARCH("loss",O12)),ISNUMBER(SEARCH("lost",O12)),ISNUMBER(SEARCH("attemp",P12)),ISNUMBER(SEARCH("mis",P12)),ISNUMBER(SEARCH("fail",P12)),ISNUMBER(SEARCH("loss",P12)),ISNUMBER(SEARCH("beat",P12)),ISNUMBER(SEARCH("lost",P12))),"u",""))) | S12: =IF(A12=1,MAX(S$2:S11)+1,IF(OR(I12<>"",A12="x"),S11,"")) | T12: =IF(D12=1,MAX($T$2:$T11)+1,IF(S12=$S11,$S11,IF($D12="x",T11,IF($D11="x","","")))) | U12: =IF(B12=1,MAX($U$2:$U11)+1,IF(AND($T12<>"",$T12=$T11),$U11,IF(B12="x",U11,""))) | V12: =IF(C12=1,MAX($V$2:$V11)+1,IF(AND($T12<>"",$T12=$T11),$U11,IF(C12="x",V11,""))) | W12: {=IFERROR(_xlfn._xlws.FILTER(game_rosters!AB:AB,(game_rosters!J:J=events!X12)*(K12<>"")),"")} | X12: {=IF(S12="","",IF($I12<>"",$I12,INDEX($I$2:$I11,ROW()-COUNTIFS($T$2:$T11,"="&$T12,$S$2:$S11,"<>"&$S12)-1)))} | AH12: =IF(Y12="x","",IF(Y12=1,"e","o")) -> o | AI12: =IF($J12<>"",$J12,IF($AC12=$AC11,AI11,"")) | AJ12: =IF($J12<>"",$J12,IF($AC12=AC11,AJ11,"")) | AK12: =IF($W12="","",IF($AI12="","",IF($W12="h",$AI12,IF($AI12="n","n",IF(AND($W12="a",$AI12="d"),"o",IF(AND($W12="a",$AI12="o"),"d")))))) | AL12: =IF($W12="","",IF(J12="","",IF(AK12="n","n",IF(AK12="d","o",IF(AK12="o","d",""))))) | AM12: =IF(AN12="H","Home",IF(AN12="A","Away","")) | AN12: =IF($W12<>"",$W12,IF($AC12=AC11,AN11,"")) | AO12: =IF(AK12<>"",AK12,IF($AC12=AC11,AO11,"")) | AP12: =IF(AL12<>"",AL12,IF($AC12=AC11,AP11,"")) | AQ12: =IF(AM12<>"",AM12,IF($AC12=AC11,AQ11,"")) | AR12: =IF(AN12<>"",AN12,IF($AC12=AC11,AQ11,"")) | AS12: =IF(AND(AH12="e",OR(BD12="Save",BE12="Turnover_Takeaway",BE12="Play_Defensive")),"Defensive",IF(AND(AH12="o",OR(BD12="Save",BE12="Turnover_Takeaway",BE12="Play_Defensive")),"Offensive",IF(OR(BD12="Deadice",BD12="Stoppage",BD12="Intermission"),"",IF(AH12="e","Offensive",IF(AH12="o","Defensive",""))))) -> Defensive
A13: =IF(K13<>"",1,IF(D13="x","x","")) | J13: =IF(OR(K13="Goal",K13="Shot",L13="Zone_Entry",M13="Stoppage-Goal",M12="Stoppage-Goal"),"o",IF(OR(K13="Save",K13="Rebound",L13="Zone_Exit",M13="Stoppage-GoalieStoppage",M12="Stoppage-GoalieStoppage"),"d",IF(OR(L13="Faceoff_AfterGoal",L13="Faceoff_PeriodStart",698="Faceoff_GameStart",M12="Stoppage-Goal"),"n",""))) | N13: =IF(K13="","",IF(K13="Goal","s",IF(AND(K13="Zone_Entry_Exit",OR(ISNUMBER(SEARCH("fail",L13)),ISNUMBER(SEARCH("FromExitClear",M13)),ISNUMBER(SEARCH("miss",M13)))),"u",IF(AND(K13="Zone_Entry_Exit",OR(NOT(ISNUMBER(SEARCH("fail",L13))),NOT(ISNUMBER(SEARCH("FromExitClear",M13))),NOT(ISNUMBER(SEARCH("miss",M13))))),"s",IF(AND(OR(K13="Shot",K13="Pass"),OR(ISNUMBER(SEARCH("complete",L13)),ISNUMBER(SEARCH("goal",L13)),ISNUMBER(SEARCH("OnNet",L13)))),"s",IF(L13="Turnover_Giveaway","u",IF(AND(OR(K13="Shot",K13="Pass"),OR(ISNUMBER(SEARCH("fail",L13)),NOT(ISNUMBER(SEARCH("complete",L13))),NOT(ISNUMBER(SEARCH("OnNet",L13))))),"u",""))))))) | Q13: =IF(O13="","",IF(AND(N13<>"",OR(O13<>"",P13<>"")),N13,IF(OR(ISNUMBER(SEARCH("attemp",O13)),ISNUMBER(SEARCH("beat",O13)),ISNUMBER(SEARCH("mis",O13)),ISNUMBER(SEARCH("fail",O13)),ISNUMBER(SEARCH("loss",O13)),ISNUMBER(SEARCH("lost",O13)),ISNUMBER(SEARCH("attemp",P13)),ISNUMBER(SEARCH("mis",P13)),ISNUMBER(SEARCH("fail",P13)),ISNUMBER(SEARCH("loss",P13)),ISNUMBER(SEARCH("beat",P13)),ISNUMBER(SEARCH("lost",P13))),"u",""))) | S13: =IF(A13=1,MAX(S$2:S12)+1,IF(OR(I13<>"",A13="x"),S12,"")) | T13: =IF(D13=1,MAX($T$2:$T12)+1,IF(S13=$S12,$S12,IF($D13="x",T12,IF($D12="x","","")))) | U13: =IF(B13=1,MAX($U$2:$U12)+1,IF(AND($T13<>"",$T13=$T12),$U12,IF(B13="x",U12,""))) | V13: =IF(C13=1,MAX($V$2:$V12)+1,IF(AND($T13<>"",$T13=$T12),$U12,IF(C13="x",V12,""))) | W13: {=IFERROR(_xlfn._xlws.FILTER(game_rosters!AB:AB,(game_rosters!J:J=events!X13)*(K13<>"")),"")} | X13: {=IF(S13="","",IF($I13<>"",$I13,INDEX($I$2:$I12,ROW()-COUNTIFS($T$2:$T12,"="&$T13,$S$2:$S12,"<>"&$S13)-1)))} | AH13: =IF(Y13="x","",IF(Y13=1,"e","o")) -> o | AI13: =IF($J13<>"",$J13,IF($AC13=$AC12,AI12,"")) | AJ13: =IF($J13<>"",$J13,IF($AC13=AC12,AJ12,"")) | AK13: =IF($W13="","",IF($AI13="","",IF($W13="h",$AI13,IF($AI13="n","n",IF(AND($W13="a",$AI13="d"),"o",IF(AND($W13="a",$AI13="o"),"d")))))) | AL13: =IF($W13="","",IF(J13="","",IF(AK13="n","n",IF(AK13="d","o",IF(AK13="o","d",""))))) | AM13: =IF(AN13="H","Home",IF(AN13="A","Away","")) | AN13: =IF($W13<>"",$W13,IF($AC13=AC12,AN12,"")) | AO13: =IF(AK13<>"",AK13,IF($AC13=AC12,AO12,"")) | AP13: =IF(AL13<>"",AL13,IF($AC13=AC12,AP12,"")) | AQ13: =IF(AM13<>"",AM13,IF($AC13=AC12,AQ12,"")) | AR13: =IF(AN13<>"",AN13,IF($AC13=AC12,AQ12,"")) | AS13: =IF(AND(AH13="e",OR(BD13="Save",BE13="Turnover_Takeaway",BE13="Play_Defensive")),"Defensive",IF(AND(AH13="o",OR(BD13="Save",BE13="Turnover_Takeaway",BE13="Play_Defensive")),"Offensive",IF(OR(BD13="Deadice",BD13="Stoppage",BD13="Intermission"),"",IF(AH13="e","Offensive",IF(AH13="o","Defensive",""))))) -> Defensive
A14: =IF(K14<>"",1,IF(D14="x","x","")) | J14: =IF(OR(K14="Goal",K14="Shot",L14="Zone_Entry",M14="Stoppage-Goal",M13="Stoppage-Goal"),"o",IF(OR(K14="Save",K14="Rebound",L14="Zone_Exit",M14="Stoppage-GoalieStoppage",M13="Stoppage-GoalieStoppage"),"d",IF(OR(L14="Faceoff_AfterGoal",L14="Faceoff_PeriodStart",698="Faceoff_GameStart",M13="Stoppage-Goal"),"n",""))) | N14: =IF(K14="","",IF(K14="Goal","s",IF(AND(K14="Zone_Entry_Exit",OR(ISNUMBER(SEARCH("fail",L14)),ISNUMBER(SEARCH("FromExitClear",M14)),ISNUMBER(SEARCH("miss",M14)))),"u",IF(AND(K14="Zone_Entry_Exit",OR(NOT(ISNUMBER(SEARCH("fail",L14))),NOT(ISNUMBER(SEARCH("FromExitClear",M14))),NOT(ISNUMBER(SEARCH("miss",M14))))),"s",IF(AND(OR(K14="Shot",K14="Pass"),OR(ISNUMBER(SEARCH("complete",L14)),ISNUMBER(SEARCH("goal",L14)),ISNUMBER(SEARCH("OnNet",L14)))),"s",IF(L14="Turnover_Giveaway","u",IF(AND(OR(K14="Shot",K14="Pass"),OR(ISNUMBER(SEARCH("fail",L14)),NOT(ISNUMBER(SEARCH("complete",L14))),NOT(ISNUMBER(SEARCH("OnNet",L14))))),"u",""))))))) | Q14: =IF(O14="","",IF(AND(N14<>"",OR(O14<>"",P14<>"")),N14,IF(OR(ISNUMBER(SEARCH("attemp",O14)),ISNUMBER(SEARCH("beat",O14)),ISNUMBER(SEARCH("mis",O14)),ISNUMBER(SEARCH("fail",O14)),ISNUMBER(SEARCH("loss",O14)),ISNUMBER(SEARCH("lost",O14)),ISNUMBER(SEARCH("attemp",P14)),ISNUMBER(SEARCH("mis",P14)),ISNUMBER(SEARCH("fail",P14)),ISNUMBER(SEARCH("loss",P14)),ISNUMBER(SEARCH("beat",P14)),ISNUMBER(SEARCH("lost",P14))),"u",""))) | S14: =IF(A14=1,MAX(S$2:S13)+1,IF(OR(I14<>"",A14="x"),S13,"")) | T14: =IF(D14=1,MAX($T$2:$T13)+1,IF(S14=$S13,$S13,IF($D14="x",T13,IF($D13="x","","")))) | U14: =IF(B14=1,MAX($U$2:$U13)+1,IF(AND($T14<>"",$T14=$T13),$U13,IF(B14="x",U13,""))) | V14: =IF(C14=1,MAX($V$2:$V13)+1,IF(AND($T14<>"",$T14=$T13),$U13,IF(C14="x",V13,""))) | W14: {=IFERROR(_xlfn._xlws.FILTER(game_rosters!AB:AB,(game_rosters!J:J=events!X14)*(K14<>"")),"")} | X14: {=IF(S14="","",IF($I14<>"",$I14,INDEX($I$2:$I13,ROW()-COUNTIFS($T$2:$T13,"="&$T14,$S$2:$S13,"<>"&$S14)-1)))} | AH14: =IF(Y14="x","",IF(Y14=1,"e","o")) -> o | AI14: =IF($J14<>"",$J14,IF($AC14=$AC13,AI13,"")) | AJ14: =IF($J14<>"",$J14,IF($AC14=AC13,AJ13,"")) | AK14: =IF($W14="","",IF($AI14="","",IF($W14="h",$AI14,IF($AI14="n","n",IF(AND($W14="a",$AI14="d"),"o",IF(AND($W14="a",$AI14="o"),"d")))))) | AL14: =IF($W14="","",IF(J14="","",IF(AK14="n","n",IF(AK14="d","o",IF(AK14="o","d",""))))) | AM14: =IF(AN14="H","Home",IF(AN14="A","Away","")) | AN14: =IF($W14<>"",$W14,IF($AC14=AC13,AN13,"")) | AO14: =IF(AK14<>"",AK14,IF($AC14=AC13,AO13,"")) | AP14: =IF(AL14<>"",AL14,IF($AC14=AC13,AP13,"")) | AQ14: =IF(AM14<>"",AM14,IF($AC14=AC13,AQ13,"")) | AR14: =IF(AN14<>"",AN14,IF($AC14=AC13,AQ13,"")) | AS14: =IF(AND(AH14="e",OR(BD14="Save",BE14="Turnover_Takeaway",BE14="Play_Defensive")),"Defensive",IF(AND(AH14="o",OR(BD14="Save",BE14="Turnover_Takeaway",BE14="Play_Defensive")),"Offensive",IF(OR(BD14="Deadice",BD14="Stoppage",BD14="Intermission"),"",IF(AH14="e","Offensive",IF(AH14="o","Defensive",""))))) -> Defensive
A15: =IF(K15<>"",1,IF(D15="x","x","")) | J15: =IF(OR(K15="Goal",K15="Shot",L15="Zone_Entry",M15="Stoppage-Goal",M14="Stoppage-Goal"),"o",IF(OR(K15="Save",K15="Rebound",L15="Zone_Exit",M15="Stoppage-GoalieStoppage",M14="Stoppage-GoalieStoppage"),"d",IF(OR(L15="Faceoff_AfterGoal",L15="Faceoff_PeriodStart",698="Faceoff_GameStart",M14="Stoppage-Goal"),"n",""))) | N15: =IF(K15="","",IF(K15="Goal","s",IF(AND(K15="Zone_Entry_Exit",OR(ISNUMBER(SEARCH("fail",L15)),ISNUMBER(SEARCH("FromExitClear",M15)),ISNUMBER(SEARCH("miss",M15)))),"u",IF(AND(K15="Zone_Entry_Exit",OR(NOT(ISNUMBER(SEARCH("fail",L15))),NOT(ISNUMBER(SEARCH("FromExitClear",M15))),NOT(ISNUMBER(SEARCH("miss",M15))))),"s",IF(AND(OR(K15="Shot",K15="Pass"),OR(ISNUMBER(SEARCH("complete",L15)),ISNUMBER(SEARCH("goal",L15)),ISNUMBER(SEARCH("OnNet",L15)))),"s",IF(L15="Turnover_Giveaway","u",IF(AND(OR(K15="Shot",K15="Pass"),OR(ISNUMBER(SEARCH("fail",L15)),NOT(ISNUMBER(SEARCH("complete",L15))),NOT(ISNUMBER(SEARCH("OnNet",L15))))),"u",""))))))) | Q15: =IF(O15="","",IF(AND(N15<>"",OR(O15<>"",P15<>"")),N15,IF(OR(ISNUMBER(SEARCH("attemp",O15)),ISNUMBER(SEARCH("beat",O15)),ISNUMBER(SEARCH("mis",O15)),ISNUMBER(SEARCH("fail",O15)),ISNUMBER(SEARCH("loss",O15)),ISNUMBER(SEARCH("lost",O15)),ISNUMBER(SEARCH("attemp",P15)),ISNUMBER(SEARCH("mis",P15)),ISNUMBER(SEARCH("fail",P15)),ISNUMBER(SEARCH("loss",P15)),ISNUMBER(SEARCH("beat",P15)),ISNUMBER(SEARCH("lost",P15))),"u",""))) | S15: =IF(A15=1,MAX(S$2:S14)+1,IF(OR(I15<>"",A15="x"),S14,"")) | T15: =IF(D15=1,MAX($T$2:$T14)+1,IF(S15=$S14,$S14,IF($D15="x",T14,IF($D14="x","","")))) | U15: =IF(B15=1,MAX($U$2:$U14)+1,IF(AND($T15<>"",$T15=$T14),$U14,IF(B15="x",U14,""))) | V15: =IF(C15=1,MAX($V$2:$V14)+1,IF(AND($T15<>"",$T15=$T14),$U14,IF(C15="x",V14,""))) | W15: {=IFERROR(_xlfn._xlws.FILTER(game_rosters!AB:AB,(game_rosters!J:J=events!X15)*(K15<>"")),"")} | X15: {=IF(S15="","",IF($I15<>"",$I15,INDEX($I$2:$I14,ROW()-COUNTIFS($T$2:$T14,"="&$T15,$S$2:$S14,"<>"&$S15)-1)))} | AH15: =IF(Y15="x","",IF(Y15=1,"e","o")) -> o | AI15: =IF($J15<>"",$J15,IF($AC15=$AC14,AI14,"")) | AJ15: =IF($J15<>"",$J15,IF($AC15=AC14,AJ14,"")) | AK15: =IF($W15="","",IF($AI15="","",IF($W15="h",$AI15,IF($AI15="n","n",IF(AND($W15="a",$AI15="d"),"o",IF(AND($W15="a",$AI15="o"),"d")))))) | AL15: =IF($W15="","",IF(J15="","",IF(AK15="n","n",IF(AK15="d","o",IF(AK15="o","d",""))))) | AM15: =IF(AN15="H","Home",IF(AN15="A","Away","")) | AN15: =IF($W15<>"",$W15,IF($AC15=AC14,AN14,"")) | AO15: =IF(AK15<>"",AK15,IF($AC15=AC14,AO14,"")) | AP15: =IF(AL15<>"",AL15,IF($AC15=AC14,AP14,"")) | AQ15: =IF(AM15<>"",AM15,IF($AC15=AC14,AQ14,"")) | AR15: =IF(AN15<>"",AN15,IF($AC15=AC14,AQ14,"")) | AS15: =IF(AND(AH15="e",OR(BD15="Save",BE15="Turnover_Takeaway",BE15="Play_Defensive")),"Defensive",IF(AND(AH15="o",OR(BD15="Save",BE15="Turnover_Takeaway",BE15="Play_Defensive")),"Offensive",IF(OR(BD15="Deadice",BD15="Stoppage",BD15="Intermission"),"",IF(AH15="e","Offensive",IF(AH15="o","Defensive",""))))) -> Defensive
A16: =IF(K16<>"",1,IF(D16="x","x","")) | J16: =IF(OR(K16="Goal",K16="Shot",L16="Zone_Entry",M16="Stoppage-Goal",M15="Stoppage-Goal"),"o",IF(OR(K16="Save",K16="Rebound",L16="Zone_Exit",M16="Stoppage-GoalieStoppage",M15="Stoppage-GoalieStoppage"),"d",IF(OR(L16="Faceoff_AfterGoal",L16="Faceoff_PeriodStart",698="Faceoff_GameStart",M15="Stoppage-Goal"),"n",""))) | N16: =IF(K16="","",IF(K16="Goal","s",IF(AND(K16="Zone_Entry_Exit",OR(ISNUMBER(SEARCH("fail",L16)),ISNUMBER(SEARCH("FromExitClear",M16)),ISNUMBER(SEARCH("miss",M16)))),"u",IF(AND(K16="Zone_Entry_Exit",OR(NOT(ISNUMBER(SEARCH("fail",L16))),NOT(ISNUMBER(SEARCH("FromExitClear",M16))),NOT(ISNUMBER(SEARCH("miss",M16))))),"s",IF(AND(OR(K16="Shot",K16="Pass"),OR(ISNUMBER(SEARCH("complete",L16)),ISNUMBER(SEARCH("goal",L16)),ISNUMBER(SEARCH("OnNet",L16)))),"s",IF(L16="Turnover_Giveaway","u",IF(AND(OR(K16="Shot",K16="Pass"),OR(ISNUMBER(SEARCH("fail",L16)),NOT(ISNUMBER(SEARCH("complete",L16))),NOT(ISNUMBER(SEARCH("OnNet",L16))))),"u",""))))))) | Q16: =IF(O16="","",IF(AND(N16<>"",OR(O16<>"",P16<>"")),N16,IF(OR(ISNUMBER(SEARCH("attemp",O16)),ISNUMBER(SEARCH("beat",O16)),ISNUMBER(SEARCH("mis",O16)),ISNUMBER(SEARCH("fail",O16)),ISNUMBER(SEARCH("loss",O16)),ISNUMBER(SEARCH("lost",O16)),ISNUMBER(SEARCH("attemp",P16)),ISNUMBER(SEARCH("mis",P16)),ISNUMBER(SEARCH("fail",P16)),ISNUMBER(SEARCH("loss",P16)),ISNUMBER(SEARCH("beat",P16)),ISNUMBER(SEARCH("lost",P16))),"u",""))) | S16: =IF(A16=1,MAX(S$2:S15)+1,IF(OR(I16<>"",A16="x"),S15,"")) | T16: =IF(D16=1,MAX($T$2:$T15)+1,IF(S16=$S15,$S15,IF($D16="x",T15,IF($D15="x","","")))) | U16: =IF(B16=1,MAX($U$2:$U15)+1,IF(AND($T16<>"",$T16=$T15),$U15,IF(B16="x",U15,""))) | V16: =IF(C16=1,MAX($V$2:$V15)+1,IF(AND($T16<>"",$T16=$T15),$U15,IF(C16="x",V15,""))) | W16: {=IFERROR(_xlfn._xlws.FILTER(game_rosters!AB:AB,(game_rosters!J:J=events!X16)*(K16<>"")),"")} | X16: {=IF(S16="","",IF($I16<>"",$I16,INDEX($I$2:$I15,ROW()-COUNTIFS($T$2:$T15,"="&$T16,$S$2:$S15,"<>"&$S16)-1)))} | AH16: =IF(Y16="x","",IF(Y16=1,"e","o")) -> o | AI16: =IF($J16<>"",$J16,IF($AC16=$AC15,AI15,"")) | AJ16: =IF($J16<>"",$J16,IF($AC16=AC15,AJ15,"")) | AK16: =IF($W16="","",IF($AI16="","",IF($W16="h",$AI16,IF($AI16="n","n",IF(AND($W16="a",$AI16="d"),"o",IF(AND($W16="a",$AI16="o"),"d")))))) | AL16: =IF($W16="","",IF(J16="","",IF(AK16="n","n",IF(AK16="d","o",IF(AK16="o","d",""))))) | AM16: =IF(AN16="H","Home",IF(AN16="A","Away","")) | AN16: =IF($W16<>"",$W16,IF($AC16=AC15,AN15,"")) | AO16: =IF(AK16<>"",AK16,IF($AC16=AC15,AO15,"")) | AP16: =IF(AL16<>"",AL16,IF($AC16=AC15,AP15,"")) | AQ16: =IF(AM16<>"",AM16,IF($AC16=AC15,AQ15,"")) | AR16: =IF(AN16<>"",AN16,IF($AC16=AC15,AQ15,"")) | AS16: =IF(AND(AH16="e",OR(BD16="Save",BE16="Turnover_Takeaway",BE16="Play_Defensive")),"Defensive",IF(AND(AH16="o",OR(BD16="Save",BE16="Turnover_Takeaway",BE16="Play_Defensive")),"Offensive",IF(OR(BD16="Deadice",BD16="Stoppage",BD16="Intermission"),"",IF(AH16="e","Offensive",IF(AH16="o","Defensive",""))))) -> Defensive
A17: =IF(K17<>"",1,IF(D17="x","x","")) | J17: =IF(OR(K17="Goal",K17="Shot",L17="Zone_Entry",M17="Stoppage-Goal",M16="Stoppage-Goal"),"o",IF(OR(K17="Save",K17="Rebound",L17="Zone_Exit",M17="Stoppage-GoalieStoppage",M16="Stoppage-GoalieStoppage"),"d",IF(OR(L17="Faceoff_AfterGoal",L17="Faceoff_PeriodStart",698="Faceoff_GameStart",M16="Stoppage-Goal"),"n",""))) | N17: =IF(K17="","",IF(K17="Goal","s",IF(AND(K17="Zone_Entry_Exit",OR(ISNUMBER(SEARCH("fail",L17)),ISNUMBER(SEARCH("FromExitClear",M17)),ISNUMBER(SEARCH("miss",M17)))),"u",IF(AND(K17="Zone_Entry_Exit",OR(NOT(ISNUMBER(SEARCH("fail",L17))),NOT(ISNUMBER(SEARCH("FromExitClear",M17))),NOT(ISNUMBER(SEARCH("miss",M17))))),"s",IF(AND(OR(K17="Shot",K17="Pass"),OR(ISNUMBER(SEARCH("complete",L17)),ISNUMBER(SEARCH("goal",L17)),ISNUMBER(SEARCH("OnNet",L17)))),"s",IF(L17="Turnover_Giveaway","u",IF(AND(OR(K17="Shot",K17="Pass"),OR(ISNUMBER(SEARCH("fail",L17)),NOT(ISNUMBER(SEARCH("complete",L17))),NOT(ISNUMBER(SEARCH("OnNet",L17))))),"u",""))))))) | Q17: =IF(O17="","",IF(AND(N17<>"",OR(O17<>"",P17<>"")),N17,IF(OR(ISNUMBER(SEARCH("attemp",O17)),ISNUMBER(SEARCH("beat",O17)),ISNUMBER(SEARCH("mis",O17)),ISNUMBER(SEARCH("fail",O17)),ISNUMBER(SEARCH("loss",O17)),ISNUMBER(SEARCH("lost",O17)),ISNUMBER(SEARCH("attemp",P17)),ISNUMBER(SEARCH("mis",P17)),ISNUMBER(SEARCH("fail",P17)),ISNUMBER(SEARCH("loss",P17)),ISNUMBER(SEARCH("beat",P17)),ISNUMBER(SEARCH("lost",P17))),"u",""))) | S17: =IF(A17=1,MAX(S$2:S16)+1,IF(OR(I17<>"",A17="x"),S16,"")) | T17: =IF(D17=1,MAX($T$2:$T16)+1,IF(S17=$S16,$S16,IF($D17="x",T16,IF($D16="x","","")))) | U17: =IF(B17=1,MAX($U$2:$U16)+1,IF(AND($T17<>"",$T17=$T16),$U16,IF(B17="x",U16,""))) | V17: =IF(C17=1,MAX($V$2:$V16)+1,IF(AND($T17<>"",$T17=$T16),$U16,IF(C17="x",V16,""))) | W17: {=IFERROR(_xlfn._xlws.FILTER(game_rosters!AB:AB,(game_rosters!J:J=events!X17)*(K17<>"")),"")} | X17: {=IF(S17="","",IF($I17<>"",$I17,INDEX($I$2:$I16,ROW()-COUNTIFS($T$2:$T16,"="&$T17,$S$2:$S16,"<>"&$S17)-1)))} | AH17: =IF(Y17="x","",IF(Y17=1,"e","o")) -> o | AI17: =IF($J17<>"",$J17,IF($AC17=$AC16,AI16,"")) | AJ17: =IF($J17<>"",$J17,IF($AC17=AC16,AJ16,"")) | AK17: =IF($W17="","",IF($AI17="","",IF($W17="h",$AI17,IF($AI17="n","n",IF(AND($W17="a",$AI17="d"),"o",IF(AND($W17="a",$AI17="o"),"d")))))) | AL17: =IF($W17="","",IF(J17="","",IF(AK17="n","n",IF(AK17="d","o",IF(AK17="o","d",""))))) | AM17: =IF(AN17="H","Home",IF(AN17="A","Away","")) | AN17: =IF($W17<>"",$W17,IF($AC17=AC16,AN16,"")) | AO17: =IF(AK17<>"",AK17,IF($AC17=AC16,AO16,"")) | AP17: =IF(AL17<>"",AL17,IF($AC17=AC16,AP16,"")) | AQ17: =IF(AM17<>"",AM17,IF($AC17=AC16,AQ16,"")) | AR17: =IF(AN17<>"",AN17,IF($AC17=AC16,AQ16,"")) | AS17: =IF(AND(AH17="e",OR(BD17="Save",BE17="Turnover_Takeaway",BE17="Play_Defensive")),"Defensive",IF(AND(AH17="o",OR(BD17="Save",BE17="Turnover_Takeaway",BE17="Play_Defensive")),"Offensive",IF(OR(BD17="Deadice",BD17="Stoppage",BD17="Intermission"),"",IF(AH17="e","Offensive",IF(AH17="o","Defensive",""))))) -> Defensive
... A457: =IF(K457<>"",1,IF(D457="x","x","")) | J457: =IF(OR(K457="Goal",K457="Shot",L457="Zone_Entry",M457="Stoppage-Goal",M456="Stoppage-Goal"),"o",IF(OR(K457="Save",K457="Rebound",L457="Zone_Exit",M457="Stoppage-GoalieStoppage",M456="Stoppage-GoalieStoppage"),"d",IF(OR(L457="Faceoff_AfterGoal",L457="Faceoff_PeriodStart",698="Faceoff_GameStart",M456="Stoppage-Goal"),"n",""))) | N457: =IF(K457="","",IF(K457="Goal","s",IF(AND(K457="Zone_Entry_Exit",OR(ISNUMBER(SEARCH("fail",L457)),ISNUMBER(SEARCH("FromExitClear",M457)),ISNUMBER(SEARCH("miss",M457)))),"u",IF(AND(K457="Zone_Entry_Exit",OR(NOT(ISNUMBER(SEARCH("fail",L457))),NOT(ISNUMBER(SEARCH("FromExitClear",M457))),NOT(ISNUMBER(SEARCH("miss",M457))))),"s",IF(AND(OR(K457="Shot",K457="Pass"),OR(ISNUMBER(SEARCH("complete",L457)),ISNUMBER(SEARCH("goal",L457)),ISNUMBER(SEARCH("OnNet",L457)))),"s",IF(L457="Turnover_Giveaway","u",IF(AND(OR(K457="Shot",K457="Pass"),OR(ISNUMBER(SEARCH("fail",L457)),NOT(ISNUMBER(SEARCH("complete",L457))),NOT(ISNUMBER(SEARCH("OnNet",L457))))),"u",""))))))) | Q457: =IF(O457="","",IF(AND(N457<>"",OR(O457<>"",P457<>"")),N457,IF(OR(ISNUMBER(SEARCH("attemp",O457)),ISNUMBER(SEARCH("beat",O457)),ISNUMBER(SEARCH("mis",O457)),ISNUMBER(SEARCH("fail",O457)),ISNUMBER(SEARCH("loss",O457)),ISNUMBER(SEARCH("lost",O457)),ISNUMBER(SEARCH("attemp",P457)),ISNUMBER(SEARCH("mis",P457)),ISNUMBER(SEARCH("fail",P457)),ISNUMBER(SEARCH("loss",P457)),ISNUMBER(SEARCH("beat",P457)),ISNUMBER(SEARCH("lost",P457))),"u",""))) | S457: =IF(A457=1,MAX(S$2:S456)+1,IF(OR(I457<>"",A457="x"),S456,"")) | T457: =IF(D457=1,MAX($T$2:$T456)+1,IF(S457=$S456,$S456,IF($D457="x",T456,IF($D456="x","","")))) | U457: =IF(B457=1,MAX($U$2:$U456)+1,IF(AND($T457<>"",$T457=$T456),$U456,IF(B457="x",U456,""))) | V457: =IF(C457=1,MAX($V$2:$V456)+1,IF(AND($T457<>"",$T457=$T456),$U456,IF(C457="x",V456,""))) | W457: {=IFERROR(_xlfn._xlws.FILTER(game_rosters!AB:AB,(game_rosters!J:J=events!X457)*(K457<>"")),"")} | X457: {=IF(S457="","",IF($I457<>"",$I457,INDEX($I$2:$I456,ROW()-COUNTIFS($T$2:$T456,"="&$T457,$S$2:$S456,"<>"&$S457)-1)))} | AH457: =IF(Y457="x","",IF(Y457=1,"e","o")) -> o | AI457: =IF($J457<>"",$J457,IF($AC457=$AC456,AI456,"")) | AJ457: =IF($J457<>"",$J457,IF($AC457=AC456,AJ456,"")) | AK457: =IF($W457="","",IF($AI457="","",IF($W457="h",$AI457,IF($AI457="n","n",IF(AND($W457="a",$AI457="d"),"o",IF(AND($W457="a",$AI457="o"),"d")))))) | AL457: =IF($W457="","",IF(J457="","",IF(AK457="n","n",IF(AK457="d","o",IF(AK457="o","d",""))))) | AM457: =IF(AN457="H","Home",IF(AN457="A","Away","")) | AN457: =IF($W457<>"",$W457,IF($AC457=AC456,AN456,"")) | AO457: =IF(AK457<>"",AK457,IF($AC457=AC456,AO456,"")) | AP457: =IF(AL457<>"",AL457,IF($AC457=AC456,AP456,"")) | AQ457: =IF(AM457<>"",AM457,IF($AC457=AC456,AQ456,"")) | AR457: =IF(AN457<>"",AN457,IF($AC457=AC456,AQ456,"")) | AS457: =IF(AND(AH457="e",OR(BD457="Save",BE457="Turnover_Takeaway",BE457="Play_Defensive")),"Defensive",IF(AND(AH457="o",OR(BD457="Save",BE457="Turnover_Takeaway",BE457="Play_Defensive")),"Offensive",IF(OR(BD457="Deadice",BD457="Stoppage",BD457="Intermission"),"",IF(AH457="e","Offensive",IF(AH457="o","Defensive",""))))) -> Defensive
A458: =IF(K458<>"",1,IF(D458="x","x","")) | J458: =IF(OR(K458="Goal",K458="Shot",L458="Zone_Entry",M458="Stoppage-Goal",M457="Stoppage-Goal"),"o",IF(OR(K458="Save",K458="Rebound",L458="Zone_Exit",M458="Stoppage-GoalieStoppage",M457="Stoppage-GoalieStoppage"),"d",IF(OR(L458="Faceoff_AfterGoal",L458="Faceoff_PeriodStart",698="Faceoff_GameStart",M457="Stoppage-Goal"),"n",""))) | N458: =IF(K458="","",IF(K458="Goal","s",IF(AND(K458="Zone_Entry_Exit",OR(ISNUMBER(SEARCH("fail",L458)),ISNUMBER(SEARCH("FromExitClear",M458)),ISNUMBER(SEARCH("miss",M458)))),"u",IF(AND(K458="Zone_Entry_Exit",OR(NOT(ISNUMBER(SEARCH("fail",L458))),NOT(ISNUMBER(SEARCH("FromExitClear",M458))),NOT(ISNUMBER(SEARCH("miss",M458))))),"s",IF(AND(OR(K458="Shot",K458="Pass"),OR(ISNUMBER(SEARCH("complete",L458)),ISNUMBER(SEARCH("goal",L458)),ISNUMBER(SEARCH("OnNet",L458)))),"s",IF(L458="Turnover_Giveaway","u",IF(AND(OR(K458="Shot",K458="Pass"),OR(ISNUMBER(SEARCH("fail",L458)),NOT(ISNUMBER(SEARCH("complete",L458))),NOT(ISNUMBER(SEARCH("OnNet",L458))))),"u",""))))))) | Q458: =IF(O458="","",IF(AND(N458<>"",OR(O458<>"",P458<>"")),N458,IF(OR(ISNUMBER(SEARCH("attemp",O458)),ISNUMBER(SEARCH("beat",O458)),ISNUMBER(SEARCH("mis",O458)),ISNUMBER(SEARCH("fail",O458)),ISNUMBER(SEARCH("loss",O458)),ISNUMBER(SEARCH("lost",O458)),ISNUMBER(SEARCH("attemp",P458)),ISNUMBER(SEARCH("mis",P458)),ISNUMBER(SEARCH("fail",P458)),ISNUMBER(SEARCH("loss",P458)),ISNUMBER(SEARCH("beat",P458)),ISNUMBER(SEARCH("lost",P458))),"u",""))) | S458: =IF(A458=1,MAX(S$2:S457)+1,IF(OR(I458<>"",A458="x"),S457,"")) | T458: =IF(D458=1,MAX($T$2:$T457)+1,IF(S458=$S457,$S457,IF($D458="x",T457,IF($D457="x","","")))) | U458: =IF(B458=1,MAX($U$2:$U457)+1,IF(AND($T458<>"",$T458=$T457),$U457,IF(B458="x",U457,""))) | V458: =IF(C458=1,MAX($V$2:$V457)+1,IF(AND($T458<>"",$T458=$T457),$U457,IF(C458="x",V457,""))) | W458: {=IFERROR(_xlfn._xlws.FILTER(game_rosters!AB:AB,(game_rosters!J:J=events!X458)*(K458<>"")),"")} | X458: {=IF(S458="","",IF($I458<>"",$I458,INDEX($I$2:$I457,ROW()-COUNTIFS($T$2:$T457,"="&$T458,$S$2:$S457,"<>"&$S458)-1)))} | AI458: =IF($J458<>"",$J458,IF($AC458=$AC457,AI457,""))
A459: =IF(K459<>"",1,IF(D459="x","x","")) | J459: =IF(OR(K459="Goal",K459="Shot",L459="Zone_Entry",M459="Stoppage-Goal",M458="Stoppage-Goal"),"o",IF(OR(K459="Save",K459="Rebound",L459="Zone_Exit",M459="Stoppage-GoalieStoppage",M458="Stoppage-GoalieStoppage"),"d",IF(OR(L459="Faceoff_AfterGoal",L459="Faceoff_PeriodStart",698="Faceoff_GameStart",M458="Stoppage-Goal"),"n",""))) | N459: =IF(K459="","",IF(K459="Goal","s",IF(AND(K459="Zone_Entry_Exit",OR(ISNUMBER(SEARCH("fail",L459)),ISNUMBER(SEARCH("FromExitClear",M459)),ISNUMBER(SEARCH("miss",M459)))),"u",IF(AND(K459="Zone_Entry_Exit",OR(NOT(ISNUMBER(SEARCH("fail",L459))),NOT(ISNUMBER(SEARCH("FromExitClear",M459))),NOT(ISNUMBER(SEARCH("miss",M459))))),"s",IF(AND(OR(K459="Shot",K459="Pass"),OR(ISNUMBER(SEARCH("complete",L459)),ISNUMBER(SEARCH("goal",L459)),ISNUMBER(SEARCH("OnNet",L459)))),"s",IF(L459="Turnover_Giveaway","u",IF(AND(OR(K459="Shot",K459="Pass"),OR(ISNUMBER(SEARCH("fail",L459)),NOT(ISNUMBER(SEARCH("complete",L459))),NOT(ISNUMBER(SEARCH("OnNet",L459))))),"u",""))))))) | Q459: =IF(O459="","",IF(AND(N459<>"",OR(O459<>"",P459<>"")),N459,IF(OR(ISNUMBER(SEARCH("attemp",O459)),ISNUMBER(SEARCH("beat",O459)),ISNUMBER(SEARCH("mis",O459)),ISNUMBER(SEARCH("fail",O459)),ISNUMBER(SEARCH("loss",O459)),ISNUMBER(SEARCH("lost",O459)),ISNUMBER(SEARCH("attemp",P459)),ISNUMBER(SEARCH("mis",P459)),ISNUMBER(SEARCH("fail",P459)),ISNUMBER(SEARCH("loss",P459)),ISNUMBER(SEARCH("beat",P459)),ISNUMBER(SEARCH("lost",P459))),"u",""))) | S459: =IF(A459=1,MAX(S$2:S458)+1,IF(OR(I459<>"",A459="x"),S458,"")) | T459: =IF(D459=1,MAX($T$2:$T458)+1,IF(S459=$S458,$S458,IF($D459="x",T458,IF($D458="x","","")))) | U459: =IF(B459=1,MAX($U$2:$U458)+1,IF(AND($T459<>"",$T459=$T458),$U458,IF(B459="x",U458,""))) | V459: =IF(C459=1,MAX($V$2:$V458)+1,IF(AND($T459<>"",$T459=$T458),$U458,IF(C459="x",V458,""))) | W459: {=IFERROR(_xlfn._xlws.FILTER(game_rosters!AB:AB,(game_rosters!J:J=events!X459)*(K459<>"")),"")} | X459: {=IF(S459="","",IF($I459<>"",$I459,INDEX($I$2:$I458,ROW()-COUNTIFS($T$2:$T458,"="&$T459,$S$2:$S458,"<>"&$S459)-1)))} | AI459: =IF($J459<>"",$J459,IF($AC459=$AC458,AI458,""))
A460: =IF(K460<>"",1,IF(D460="x","x","")) | J460: =IF(OR(K460="Goal",K460="Shot",L460="Zone_Entry",M460="Stoppage-Goal",M459="Stoppage-Goal"),"o",IF(OR(K460="Save",K460="Rebound",L460="Zone_Exit",M460="Stoppage-GoalieStoppage",M459="Stoppage-GoalieStoppage"),"d",IF(OR(L460="Faceoff_AfterGoal",L460="Faceoff_PeriodStart",698="Faceoff_GameStart",M459="Stoppage-Goal"),"n",""))) | N460: =IF(K460="","",IF(K460="Goal","s",IF(AND(K460="Zone_Entry_Exit",OR(ISNUMBER(SEARCH("fail",L460)),ISNUMBER(SEARCH("FromExitClear",M460)),ISNUMBER(SEARCH("miss",M460)))),"u",IF(AND(K460="Zone_Entry_Exit",OR(NOT(ISNUMBER(SEARCH("fail",L460))),NOT(ISNUMBER(SEARCH("FromExitClear",M460))),NOT(ISNUMBER(SEARCH("miss",M460))))),"s",IF(AND(OR(K460="Shot",K460="Pass"),OR(ISNUMBER(SEARCH("complete",L460)),ISNUMBER(SEARCH("goal",L460)),ISNUMBER(SEARCH("OnNet",L460)))),"s",IF(L460="Turnover_Giveaway","u",IF(AND(OR(K460="Shot",K460="Pass"),OR(ISNUMBER(SEARCH("fail",L460)),NOT(ISNUMBER(SEARCH("complete",L460))),NOT(ISNUMBER(SEARCH("OnNet",L460))))),"u",""))))))) | Q460: =IF(O460="","",IF(AND(N460<>"",OR(O460<>"",P460<>"")),N460,IF(OR(ISNUMBER(SEARCH("attemp",O460)),ISNUMBER(SEARCH("beat",O460)),ISNUMBER(SEARCH("mis",O460)),ISNUMBER(SEARCH("fail",O460)),ISNUMBER(SEARCH("loss",O460)),ISNUMBER(SEARCH("lost",O460)),ISNUMBER(SEARCH("attemp",P460)),ISNUMBER(SEARCH("mis",P460)),ISNUMBER(SEARCH("fail",P460)),ISNUMBER(SEARCH("loss",P460)),ISNUMBER(SEARCH("beat",P460)),ISNUMBER(SEARCH("lost",P460))),"u",""))) | S460: =IF(A460=1,MAX(S$2:S459)+1,IF(OR(I460<>"",A460="x"),S459,"")) | T460: =IF(D460=1,MAX($T$2:$T459)+1,IF(S460=$S459,$S459,IF($D460="x",T459,IF($D459="x","","")))) | U460: =IF(B460=1,MAX($U$2:$U459)+1,IF(AND($T460<>"",$T460=$T459),$U459,IF(B460="x",U459,""))) | V460: =IF(C460=1,MAX($V$2:$V459)+1,IF(AND($T460<>"",$T460=$T459),$U459,IF(C460="x",V459,""))) | W460: {=IFERROR(_xlfn._xlws.FILTER(game_rosters!AB:AB,(game_rosters!J:J=events!X460)*(K460<>"")),"")} | X460: {=IF(S460="","",IF($I460<>"",$I460,INDEX($I$2:$I459,ROW()-COUNTIFS($T$2:$T459,"="&$T460,$S$2:$S459,"<>"&$S460)-1)))} | AI460: =IF($J460<>"",$J460,IF($AC460=$AC459,AI459,""))
A461: =IF(K461<>"",1,IF(D461="x","x","")) | J461: =IF(OR(K461="Goal",K461="Shot",L461="Zone_Entry",M461="Stoppage-Goal",M460="Stoppage-Goal"),"o",IF(OR(K461="Save",K461="Rebound",L461="Zone_Exit",M461="Stoppage-GoalieStoppage",M460="Stoppage-GoalieStoppage"),"d",IF(OR(L461="Faceoff_AfterGoal",L461="Faceoff_PeriodStart",698="Faceoff_GameStart",M460="Stoppage-Goal"),"n",""))) | N461: =IF(K461="","",IF(K461="Goal","s",IF(AND(K461="Zone_Entry_Exit",OR(ISNUMBER(SEARCH("fail",L461)),ISNUMBER(SEARCH("FromExitClear",M461)),ISNUMBER(SEARCH("miss",M461)))),"u",IF(AND(K461="Zone_Entry_Exit",OR(NOT(ISNUMBER(SEARCH("fail",L461))),NOT(ISNUMBER(SEARCH("FromExitClear",M461))),NOT(ISNUMBER(SEARCH("miss",M461))))),"s",IF(AND(OR(K461="Shot",K461="Pass"),OR(ISNUMBER(SEARCH("complete",L461)),ISNUMBER(SEARCH("goal",L461)),ISNUMBER(SEARCH("OnNet",L461)))),"s",IF(L461="Turnover_Giveaway","u",IF(AND(OR(K461="Shot",K461="Pass"),OR(ISNUMBER(SEARCH("fail",L461)),NOT(ISNUMBER(SEARCH("complete",L461))),NOT(ISNUMBER(SEARCH("OnNet",L461))))),"u",""))))))) | Q461: =IF(O461="","",IF(AND(N461<>"",OR(O461<>"",P461<>"")),N461,IF(OR(ISNUMBER(SEARCH("attemp",O461)),ISNUMBER(SEARCH("beat",O461)),ISNUMBER(SEARCH("mis",O461)),ISNUMBER(SEARCH("fail",O461)),ISNUMBER(SEARCH("loss",O461)),ISNUMBER(SEARCH("lost",O461)),ISNUMBER(SEARCH("attemp",P461)),ISNUMBER(SEARCH("mis",P461)),ISNUMBER(SEARCH("fail",P461)),ISNUMBER(SEARCH("loss",P461)),ISNUMBER(SEARCH("beat",P461)),ISNUMBER(SEARCH("lost",P461))),"u",""))) | S461: =IF(A461=1,MAX(S$2:S460)+1,IF(OR(I461<>"",A461="x"),S460,"")) | T461: =IF(D461=1,MAX($T$2:$T460)+1,IF(S461=$S460,$S460,IF($D461="x",T460,IF($D460="x","","")))) | U461: =IF(B461=1,MAX($U$2:$U460)+1,IF(AND($T461<>"",$T461=$T460),$U460,IF(B461="x",U460,""))) | V461: =IF(C461=1,MAX($V$2:$V460)+1,IF(AND($T461<>"",$T461=$T460),$U460,IF(C461="x",V460,""))) | W461: {=IFERROR(_xlfn._xlws.FILTER(game_rosters!AB:AB,(game_rosters!J:J=events!X461)*(K461<>"")),"")} | X461: {=IF(S461="","",IF($I461<>"",$I461,INDEX($I$2:$I460,ROW()-COUNTIFS($T$2:$T460,"="&$T461,$S$2:$S460,"<>"&$S461)-1)))} | AI461: =IF($J461<>"",$J461,IF($AC461=$AC460,AI460,""))
A462: =IF(K462<>"",1,IF(D462="x","x","")) | J462: =IF(OR(K462="Goal",K462="Shot",L462="Zone_Entry",M462="Stoppage-Goal",M461="Stoppage-Goal"),"o",IF(OR(K462="Save",K462="Rebound",L462="Zone_Exit",M462="Stoppage-GoalieStoppage",M461="Stoppage-GoalieStoppage"),"d",IF(OR(L462="Faceoff_AfterGoal",L462="Faceoff_PeriodStart",698="Faceoff_GameStart",M461="Stoppage-Goal"),"n",""))) | N462: =IF(K462="","",IF(K462="Goal","s",IF(AND(K462="Zone_Entry_Exit",OR(ISNUMBER(SEARCH("fail",L462)),ISNUMBER(SEARCH("FromExitClear",M462)),ISNUMBER(SEARCH("miss",M462)))),"u",IF(AND(K462="Zone_Entry_Exit",OR(NOT(ISNUMBER(SEARCH("fail",L462))),NOT(ISNUMBER(SEARCH("FromExitClear",M462))),NOT(ISNUMBER(SEARCH("miss",M462))))),"s",IF(AND(OR(K462="Shot",K462="Pass"),OR(ISNUMBER(SEARCH("complete",L462)),ISNUMBER(SEARCH("goal",L462)),ISNUMBER(SEARCH("OnNet",L462)))),"s",IF(L462="Turnover_Giveaway","u",IF(AND(OR(K462="Shot",K462="Pass"),OR(ISNUMBER(SEARCH("fail",L462)),NOT(ISNUMBER(SEARCH("complete",L462))),NOT(ISNUMBER(SEARCH("OnNet",L462))))),"u",""))))))) | Q462: =IF(O462="","",IF(AND(N462<>"",OR(O462<>"",P462<>"")),N462,IF(OR(ISNUMBER(SEARCH("attemp",O462)),ISNUMBER(SEARCH("beat",O462)),ISNUMBER(SEARCH("mis",O462)),ISNUMBER(SEARCH("fail",O462)),ISNUMBER(SEARCH("loss",O462)),ISNUMBER(SEARCH("lost",O462)),ISNUMBER(SEARCH("attemp",P462)),ISNUMBER(SEARCH("mis",P462)),ISNUMBER(SEARCH("fail",P462)),ISNUMBER(SEARCH("loss",P462)),ISNUMBER(SEARCH("beat",P462)),ISNUMBER(SEARCH("lost",P462))),"u",""))) | S462: =IF(A462=1,MAX(S$2:S461)+1,IF(OR(I462<>"",A462="x"),S461,"")) | T462: =IF(D462=1,MAX($T$2:$T461)+1,IF(S462=$S461,$S461,IF($D462="x",T461,IF($D461="x","","")))) | U462: =IF(B462=1,MAX($U$2:$U461)+1,IF(AND($T462<>"",$T462=$T461),$U461,IF(B462="x",U461,""))) | V462: =IF(C462=1,MAX($V$2:$V461)+1,IF(AND($T462<>"",$T462=$T461),$U461,IF(C462="x",V461,""))) | W462: {=IFERROR(_xlfn._xlws.FILTER(game_rosters!AB:AB,(game_rosters!J:J=events!X462)*(K462<>"")),"")} | X462: {=IF(S462="","",IF($I462<>"",$I462,INDEX($I$2:$I461,ROW()-COUNTIFS($T$2:$T461,"="&$T462,$S$2:$S461,"<>"&$S462)-1)))} | AI462: =IF($J462<>"",$J462,IF($AC462=$AC461,AI461,""))
A463: =IF(K463<>"",1,IF(D463="x","x","")) | J463: =IF(OR(K463="Goal",K463="Shot",L463="Zone_Entry",M463="Stoppage-Goal",M462="Stoppage-Goal"),"o",IF(OR(K463="Save",K463="Rebound",L463="Zone_Exit",M463="Stoppage-GoalieStoppage",M462="Stoppage-GoalieStoppage"),"d",IF(OR(L463="Faceoff_AfterGoal",L463="Faceoff_PeriodStart",698="Faceoff_GameStart",M462="Stoppage-Goal"),"n",""))) | N463: =IF(K463="","",IF(K463="Goal","s",IF(AND(K463="Zone_Entry_Exit",OR(ISNUMBER(SEARCH("fail",L463)),ISNUMBER(SEARCH("FromExitClear",M463)),ISNUMBER(SEARCH("miss",M463)))),"u",IF(AND(K463="Zone_Entry_Exit",OR(NOT(ISNUMBER(SEARCH("fail",L463))),NOT(ISNUMBER(SEARCH("FromExitClear",M463))),NOT(ISNUMBER(SEARCH("miss",M463))))),"s",IF(AND(OR(K463="Shot",K463="Pass"),OR(ISNUMBER(SEARCH("complete",L463)),ISNUMBER(SEARCH("goal",L463)),ISNUMBER(SEARCH("OnNet",L463)))),"s",IF(L463="Turnover_Giveaway","u",IF(AND(OR(K463="Shot",K463="Pass"),OR(ISNUMBER(SEARCH("fail",L463)),NOT(ISNUMBER(SEARCH("complete",L463))),NOT(ISNUMBER(SEARCH("OnNet",L463))))),"u",""))))))) | Q463: =IF(O463="","",IF(AND(N463<>"",OR(O463<>"",P463<>"")),N463,IF(OR(ISNUMBER(SEARCH("attemp",O463)),ISNUMBER(SEARCH("beat",O463)),ISNUMBER(SEARCH("mis",O463)),ISNUMBER(SEARCH("fail",O463)),ISNUMBER(SEARCH("loss",O463)),ISNUMBER(SEARCH("lost",O463)),ISNUMBER(SEARCH("attemp",P463)),ISNUMBER(SEARCH("mis",P463)),ISNUMBER(SEARCH("fail",P463)),ISNUMBER(SEARCH("loss",P463)),ISNUMBER(SEARCH("beat",P463)),ISNUMBER(SEARCH("lost",P463))),"u",""))) | S463: =IF(A463=1,MAX(S$2:S462)+1,IF(OR(I463<>"",A463="x"),S462,"")) | T463: =IF(D463=1,MAX($T$2:$T462)+1,IF(S463=$S462,$S462,IF($D463="x",T462,IF($D462="x","","")))) | U463: =IF(B463=1,MAX($U$2:$U462)+1,IF(AND($T463<>"",$T463=$T462),$U462,IF(B463="x",U462,""))) | V463: =IF(C463=1,MAX($V$2:$V462)+1,IF(AND($T463<>"",$T463=$T462),$U462,IF(C463="x",V462,""))) | W463: {=IFERROR(_xlfn._xlws.FILTER(game_rosters!AB:AB,(game_rosters!J:J=events!X463)*(K463<>"")),"")} | X463: {=IF(S463="","",IF($I463<>"",$I463,INDEX($I$2:$I462,ROW()-COUNTIFS($T$2:$T462,"="&$T463,$S$2:$S462,"<>"&$S463)-1)))} | AI463: =IF($J463<>"",$J463,IF($AC463=$AC462,AI462,""))
A464: =IF(K464<>"",1,IF(D464="x","x","")) | J464: =IF(OR(K464="Goal",K464="Shot",L464="Zone_Entry",M464="Stoppage-Goal",M463="Stoppage-Goal"),"o",IF(OR(K464="Save",K464="Rebound",L464="Zone_Exit",M464="Stoppage-GoalieStoppage",M463="Stoppage-GoalieStoppage"),"d",IF(OR(L464="Faceoff_AfterGoal",L464="Faceoff_PeriodStart",698="Faceoff_GameStart",M463="Stoppage-Goal"),"n",""))) | N464: =IF(K464="","",IF(K464="Goal","s",IF(AND(K464="Zone_Entry_Exit",OR(ISNUMBER(SEARCH("fail",L464)),ISNUMBER(SEARCH("FromExitClear",M464)),ISNUMBER(SEARCH("miss",M464)))),"u",IF(AND(K464="Zone_Entry_Exit",OR(NOT(ISNUMBER(SEARCH("fail",L464))),NOT(ISNUMBER(SEARCH("FromExitClear",M464))),NOT(ISNUMBER(SEARCH("miss",M464))))),"s",IF(AND(OR(K464="Shot",K464="Pass"),OR(ISNUMBER(SEARCH("complete",L464)),ISNUMBER(SEARCH("goal",L464)),ISNUMBER(SEARCH("OnNet",L464)))),"s",IF(L464="Turnover_Giveaway","u",IF(AND(OR(K464="Shot",K464="Pass"),OR(ISNUMBER(SEARCH("fail",L464)),NOT(ISNUMBER(SEARCH("complete",L464))),NOT(ISNUMBER(SEARCH("OnNet",L464))))),"u",""))))))) | Q464: =IF(O464="","",IF(AND(N464<>"",OR(O464<>"",P464<>"")),N464,IF(OR(ISNUMBER(SEARCH("attemp",O464)),ISNUMBER(SEARCH("beat",O464)),ISNUMBER(SEARCH("mis",O464)),ISNUMBER(SEARCH("fail",O464)),ISNUMBER(SEARCH("loss",O464)),ISNUMBER(SEARCH("lost",O464)),ISNUMBER(SEARCH("attemp",P464)),ISNUMBER(SEARCH("mis",P464)),ISNUMBER(SEARCH("fail",P464)),ISNUMBER(SEARCH("loss",P464)),ISNUMBER(SEARCH("beat",P464)),ISNUMBER(SEARCH("lost",P464))),"u",""))) | S464: =IF(A464=1,MAX(S$2:S463)+1,IF(OR(I464<>"",A464="x"),S463,"")) | T464: =IF(D464=1,MAX($T$2:$T463)+1,IF(S464=$S463,$S463,IF($D464="x",T463,IF($D463="x","","")))) | U464: =IF(B464=1,MAX($U$2:$U463)+1,IF(AND($T464<>"",$T464=$T463),$U463,IF(B464="x",U463,""))) | V464: =IF(C464=1,MAX($V$2:$V463)+1,IF(AND($T464<>"",$T464=$T463),$U463,IF(C464="x",V463,""))) | W464: {=IFERROR(_xlfn._xlws.FILTER(game_rosters!AB:AB,(game_rosters!J:J=events!X464)*(K464<>"")),"")} | X464: {=IF(S464="","",IF($I464<>"",$I464,INDEX($I$2:$I463,ROW()-COUNTIFS($T$2:$T463,"="&$T464,$S$2:$S463,"<>"&$S464)-1)))} | AI464: =IF($J464<>"",$J464,IF($AC464=$AC463,AI463,""))
A465: =IF(K465<>"",1,IF(D465="x","x","")) | J465: =IF(OR(K465="Goal",K465="Shot",L465="Zone_Entry",M465="Stoppage-Goal",M464="Stoppage-Goal"),"o",IF(OR(K465="Save",K465="Rebound",L465="Zone_Exit",M465="Stoppage-GoalieStoppage",M464="Stoppage-GoalieStoppage"),"d",IF(OR(L465="Faceoff_AfterGoal",L465="Faceoff_PeriodStart",698="Faceoff_GameStart",M464="Stoppage-Goal"),"n",""))) | N465: =IF(K465="","",IF(K465="Goal","s",IF(AND(K465="Zone_Entry_Exit",OR(ISNUMBER(SEARCH("fail",L465)),ISNUMBER(SEARCH("FromExitClear",M465)),ISNUMBER(SEARCH("miss",M465)))),"u",IF(AND(K465="Zone_Entry_Exit",OR(NOT(ISNUMBER(SEARCH("fail",L465))),NOT(ISNUMBER(SEARCH("FromExitClear",M465))),NOT(ISNUMBER(SEARCH("miss",M465))))),"s",IF(AND(OR(K465="Shot",K465="Pass"),OR(ISNUMBER(SEARCH("complete",L465)),ISNUMBER(SEARCH("goal",L465)),ISNUMBER(SEARCH("OnNet",L465)))),"s",IF(L465="Turnover_Giveaway","u",IF(AND(OR(K465="Shot",K465="Pass"),OR(ISNUMBER(SEARCH("fail",L465)),NOT(ISNUMBER(SEARCH("complete",L465))),NOT(ISNUMBER(SEARCH("OnNet",L465))))),"u",""))))))) | Q465: =IF(O465="","",IF(AND(N465<>"",OR(O465<>"",P465<>"")),N465,IF(OR(ISNUMBER(SEARCH("attemp",O465)),ISNUMBER(SEARCH("beat",O465)),ISNUMBER(SEARCH("mis",O465)),ISNUMBER(SEARCH("fail",O465)),ISNUMBER(SEARCH("loss",O465)),ISNUMBER(SEARCH("lost",O465)),ISNUMBER(SEARCH("attemp",P465)),ISNUMBER(SEARCH("mis",P465)),ISNUMBER(SEARCH("fail",P465)),ISNUMBER(SEARCH("loss",P465)),ISNUMBER(SEARCH("beat",P465)),ISNUMBER(SEARCH("lost",P465))),"u",""))) | S465: =IF(A465=1,MAX(S$2:S464)+1,IF(OR(I465<>"",A465="x"),S464,"")) | T465: =IF(D465=1,MAX($T$2:$T464)+1,IF(S465=$S464,$S464,IF($D465="x",T464,IF($D464="x","","")))) | U465: =IF(B465=1,MAX($U$2:$U464)+1,IF(AND($T465<>"",$T465=$T464),$U464,IF(B465="x",U464,""))) | V465: =IF(C465=1,MAX($V$2:$V464)+1,IF(AND($T465<>"",$T465=$T464),$U464,IF(C465="x",V464,""))) | W465: {=IFERROR(_xlfn._xlws.FILTER(game_rosters!AB:AB,(game_rosters!J:J=events!X465)*(K465<>"")),"")} | X465: {=IF(S465="","",IF($I465<>"",$I465,INDEX($I$2:$I464,ROW()-COUNTIFS($T$2:$T464,"="&$T465,$S$2:$S464,"<>"&$S465)-1)))} | AI465: =IF($J465<>"",$J465,IF($AC465=$AC464,AI464,""))
A466: =IF(K466<>"",1,IF(D466="x","x","")) | J466: =IF(OR(K466="Goal",K466="Shot",L466="Zone_Entry",M466="Stoppage-Goal",M465="Stoppage-Goal"),"o",IF(OR(K466="Save",K466="Rebound",L466="Zone_Exit",M466="Stoppage-GoalieStoppage",M465="Stoppage-GoalieStoppage"),"d",IF(OR(L466="Faceoff_AfterGoal",L466="Faceoff_PeriodStart",698="Faceoff_GameStart",M465="Stoppage-Goal"),"n",""))) | N466: =IF(K466="","",IF(K466="Goal","s",IF(AND(K466="Zone_Entry_Exit",OR(ISNUMBER(SEARCH("fail",L466)),ISNUMBER(SEARCH("FromExitClear",M466)),ISNUMBER(SEARCH("miss",M466)))),"u",IF(AND(K466="Zone_Entry_Exit",OR(NOT(ISNUMBER(SEARCH("fail",L466))),NOT(ISNUMBER(SEARCH("FromExitClear",M466))),NOT(ISNUMBER(SEARCH("miss",M466))))),"s",IF(AND(OR(K466="Shot",K466="Pass"),OR(ISNUMBER(SEARCH("complete",L466)),ISNUMBER(SEARCH("goal",L466)),ISNUMBER(SEARCH("OnNet",L466)))),"s",IF(L466="Turnover_Giveaway","u",IF(AND(OR(K466="Shot",K466="Pass"),OR(ISNUMBER(SEARCH("fail",L466)),NOT(ISNUMBER(SEARCH("complete",L466))),NOT(ISNUMBER(SEARCH("OnNet",L466))))),"u",""))))))) | Q466: =IF(O466="","",IF(AND(N466<>"",OR(O466<>"",P466<>"")),N466,IF(OR(ISNUMBER(SEARCH("attemp",O466)),ISNUMBER(SEARCH("beat",O466)),ISNUMBER(SEARCH("mis",O466)),ISNUMBER(SEARCH("fail",O466)),ISNUMBER(SEARCH("loss",O466)),ISNUMBER(SEARCH("lost",O466)),ISNUMBER(SEARCH("attemp",P466)),ISNUMBER(SEARCH("mis",P466)),ISNUMBER(SEARCH("fail",P466)),ISNUMBER(SEARCH("loss",P466)),ISNUMBER(SEARCH("beat",P466)),ISNUMBER(SEARCH("lost",P466))),"u",""))) | S466: =IF(A466=1,MAX(S$2:S465)+1,IF(OR(I466<>"",A466="x"),S465,"")) | T466: =IF(D466=1,MAX($T$2:$T465)+1,IF(S466=$S465,$S465,IF($D466="x",T465,IF($D465="x","","")))) | U466: =IF(B466=1,MAX($U$2:$U465)+1,IF(AND($T466<>"",$T466=$T465),$U465,IF(B466="x",U465,""))) | V466: =IF(C466=1,MAX($V$2:$V465)+1,IF(AND($T466<>"",$T466=$T465),$U465,IF(C466="x",V465,""))) | W466: {=IFERROR(_xlfn._xlws.FILTER(game_rosters!AB:AB,(game_rosters!J:J=events!X466)*(K466<>"")),"")} | X466: {=IF(S466="","",IF($I466<>"",$I466,INDEX($I$2:$I465,ROW()-COUNTIFS($T$2:$T465,"="&$T466,$S$2:$S465,"<>"&$S466)-1)))} | AI466: =IF($J466<>"",$J466,IF($AC466=$AC465,AI465,""))
A467: =IF(K467<>"",1,IF(D467="x","x","")) | J467: =IF(OR(K467="Goal",K467="Shot",L467="Zone_Entry",M467="Stoppage-Goal",M466="Stoppage-Goal"),"o",IF(OR(K467="Save",K467="Rebound",L467="Zone_Exit",M467="Stoppage-GoalieStoppage",M466="Stoppage-GoalieStoppage"),"d",IF(OR(L467="Faceoff_AfterGoal",L467="Faceoff_PeriodStart",698="Faceoff_GameStart",M466="Stoppage-Goal"),"n",""))) | N467: =IF(K467="","",IF(K467="Goal","s",IF(AND(K467="Zone_Entry_Exit",OR(ISNUMBER(SEARCH("fail",L467)),ISNUMBER(SEARCH("FromExitClear",M467)),ISNUMBER(SEARCH("miss",M467)))),"u",IF(AND(K467="Zone_Entry_Exit",OR(NOT(ISNUMBER(SEARCH("fail",L467))),NOT(ISNUMBER(SEARCH("FromExitClear",M467))),NOT(ISNUMBER(SEARCH("miss",M467))))),"s",IF(AND(OR(K467="Shot",K467="Pass"),OR(ISNUMBER(SEARCH("complete",L467)),ISNUMBER(SEARCH("goal",L467)),ISNUMBER(SEARCH("OnNet",L467)))),"s",IF(L467="Turnover_Giveaway","u",IF(AND(OR(K467="Shot",K467="Pass"),OR(ISNUMBER(SEARCH("fail",L467)),NOT(ISNUMBER(SEARCH("complete",L467))),NOT(ISNUMBER(SEARCH("OnNet",L467))))),"u",""))))))) | Q467: =IF(O467="","",IF(AND(N467<>"",OR(O467<>"",P467<>"")),N467,IF(OR(ISNUMBER(SEARCH("attemp",O467)),ISNUMBER(SEARCH("beat",O467)),ISNUMBER(SEARCH("mis",O467)),ISNUMBER(SEARCH("fail",O467)),ISNUMBER(SEARCH("loss",O467)),ISNUMBER(SEARCH("lost",O467)),ISNUMBER(SEARCH("attemp",P467)),ISNUMBER(SEARCH("mis",P467)),ISNUMBER(SEARCH("fail",P467)),ISNUMBER(SEARCH("loss",P467)),ISNUMBER(SEARCH("beat",P467)),ISNUMBER(SEARCH("lost",P467))),"u",""))) | S467: =IF(A467=1,MAX(S$2:S466)+1,IF(OR(I467<>"",A467="x"),S466,"")) | T467: =IF(D467=1,MAX($T$2:$T466)+1,IF(S467=$S466,$S466,IF($D467="x",T466,IF($D466="x","","")))) | U467: =IF(B467=1,MAX($U$2:$U466)+1,IF(AND($T467<>"",$T467=$T466),$U466,IF(B467="x",U466,""))) | V467: =IF(C467=1,MAX($V$2:$V466)+1,IF(AND($T467<>"",$T467=$T466),$U466,IF(C467="x",V466,""))) | W467: {=IFERROR(_xlfn._xlws.FILTER(game_rosters!AB:AB,(game_rosters!J:J=events!X467)*(K467<>"")),"")} | X467: {=IF(S467="","",IF($I467<>"",$I467,INDEX($I$2:$I466,ROW()-COUNTIFS($T$2:$T466,"="&$T467,$S$2:$S466,"<>"&$S467)-1)))} | AI467: =IF($J467<>"",$J467,IF($AC467=$AC466,AI466,""))
A468: =IF(K468<>"",1,IF(D468="x","x","")) | J468: =IF(OR(K468="Goal",K468="Shot",L468="Zone_Entry",M468="Stoppage-Goal",M467="Stoppage-Goal"),"o",IF(OR(K468="Save",K468="Rebound",L468="Zone_Exit",M468="Stoppage-GoalieStoppage",M467="Stoppage-GoalieStoppage"),"d",IF(OR(L468="Faceoff_AfterGoal",L468="Faceoff_PeriodStart",698="Faceoff_GameStart",M467="Stoppage-Goal"),"n",""))) | N468: =IF(K468="","",IF(K468="Goal","s",IF(AND(K468="Zone_Entry_Exit",OR(ISNUMBER(SEARCH("fail",L468)),ISNUMBER(SEARCH("FromExitClear",M468)),ISNUMBER(SEARCH("miss",M468)))),"u",IF(AND(K468="Zone_Entry_Exit",OR(NOT(ISNUMBER(SEARCH("fail",L468))),NOT(ISNUMBER(SEARCH("FromExitClear",M468))),NOT(ISNUMBER(SEARCH("miss",M468))))),"s",IF(AND(OR(K468="Shot",K468="Pass"),OR(ISNUMBER(SEARCH("complete",L468)),ISNUMBER(SEARCH("goal",L468)),ISNUMBER(SEARCH("OnNet",L468)))),"s",IF(L468="Turnover_Giveaway","u",IF(AND(OR(K468="Shot",K468="Pass"),OR(ISNUMBER(SEARCH("fail",L468)),NOT(ISNUMBER(SEARCH("complete",L468))),NOT(ISNUMBER(SEARCH("OnNet",L468))))),"u",""))))))) | Q468: =IF(O468="","",IF(AND(N468<>"",OR(O468<>"",P468<>"")),N468,IF(OR(ISNUMBER(SEARCH("attemp",O468)),ISNUMBER(SEARCH("beat",O468)),ISNUMBER(SEARCH("mis",O468)),ISNUMBER(SEARCH("fail",O468)),ISNUMBER(SEARCH("loss",O468)),ISNUMBER(SEARCH("lost",O468)),ISNUMBER(SEARCH("attemp",P468)),ISNUMBER(SEARCH("mis",P468)),ISNUMBER(SEARCH("fail",P468)),ISNUMBER(SEARCH("loss",P468)),ISNUMBER(SEARCH("beat",P468)),ISNUMBER(SEARCH("lost",P468))),"u",""))) | S468: =IF(A468=1,MAX(S$2:S467)+1,IF(OR(I468<>"",A468="x"),S467,"")) | T468: =IF(D468=1,MAX($T$2:$T467)+1,IF(S468=$S467,$S467,IF($D468="x",T467,IF($D467="x","","")))) | U468: =IF(B468=1,MAX($U$2:$U467)+1,IF(AND($T468<>"",$T468=$T467),$U467,IF(B468="x",U467,""))) | V468: =IF(C468=1,MAX($V$2:$V467)+1,IF(AND($T468<>"",$T468=$T467),$U467,IF(C468="x",V467,""))) | W468: {=IFERROR(_xlfn._xlws.FILTER(game_rosters!AB:AB,(game_rosters!J:J=events!X468)*(K468<>"")),"")} | X468: {=IF(S468="","",IF($I468<>"",$I468,INDEX($I$2:$I467,ROW()-COUNTIFS($T$2:$T467,"="&$T468,$S$2:$S467,"<>"&$S468)-1)))} | AI468: =IF($J468<>"",$J468,IF($AC468=$AC467,AI467,""))
A469: =IF(K469<>"",1,IF(D469="x","x","")) | J469: =IF(OR(K469="Goal",K469="Shot",L469="Zone_Entry",M469="Stoppage-Goal",M468="Stoppage-Goal"),"o",IF(OR(K469="Save",K469="Rebound",L469="Zone_Exit",M469="Stoppage-GoalieStoppage",M468="Stoppage-GoalieStoppage"),"d",IF(OR(L469="Faceoff_AfterGoal",L469="Faceoff_PeriodStart",698="Faceoff_GameStart",M468="Stoppage-Goal"),"n",""))) | N469: =IF(K469="","",IF(K469="Goal","s",IF(AND(K469="Zone_Entry_Exit",OR(ISNUMBER(SEARCH("fail",L469)),ISNUMBER(SEARCH("FromExitClear",M469)),ISNUMBER(SEARCH("miss",M469)))),"u",IF(AND(K469="Zone_Entry_Exit",OR(NOT(ISNUMBER(SEARCH("fail",L469))),NOT(ISNUMBER(SEARCH("FromExitClear",M469))),NOT(ISNUMBER(SEARCH("miss",M469))))),"s",IF(AND(OR(K469="Shot",K469="Pass"),OR(ISNUMBER(SEARCH("complete",L469)),ISNUMBER(SEARCH("goal",L469)),ISNUMBER(SEARCH("OnNet",L469)))),"s",IF(L469="Turnover_Giveaway","u",IF(AND(OR(K469="Shot",K469="Pass"),OR(ISNUMBER(SEARCH("fail",L469)),NOT(ISNUMBER(SEARCH("complete",L469))),NOT(ISNUMBER(SEARCH("OnNet",L469))))),"u",""))))))) | Q469: =IF(O469="","",IF(AND(N469<>"",OR(O469<>"",P469<>"")),N469,IF(OR(ISNUMBER(SEARCH("attemp",O469)),ISNUMBER(SEARCH("beat",O469)),ISNUMBER(SEARCH("mis",O469)),ISNUMBER(SEARCH("fail",O469)),ISNUMBER(SEARCH("loss",O469)),ISNUMBER(SEARCH("lost",O469)),ISNUMBER(SEARCH("attemp",P469)),ISNUMBER(SEARCH("mis",P469)),ISNUMBER(SEARCH("fail",P469)),ISNUMBER(SEARCH("loss",P469)),ISNUMBER(SEARCH("beat",P469)),ISNUMBER(SEARCH("lost",P469))),"u",""))) | S469: =IF(A469=1,MAX(S$2:S468)+1,IF(OR(I469<>"",A469="x"),S468,"")) | T469: =IF(D469=1,MAX($T$2:$T468)+1,IF(S469=$S468,$S468,IF($D469="x",T468,IF($D468="x","","")))) | U469: =IF(B469=1,MAX($U$2:$U468)+1,IF(AND($T469<>"",$T469=$T468),$U468,IF(B469="x",U468,""))) | V469: =IF(C469=1,MAX($V$2:$V468)+1,IF(AND($T469<>"",$T469=$T468),$U468,IF(C469="x",V468,""))) | W469: {=IFERROR(_xlfn._xlws.FILTER(game_rosters!AB:AB,(game_rosters!J:J=events!X469)*(K469<>"")),"")} | X469: {=IF(S469="","",IF($I469<>"",$I469,INDEX($I$2:$I468,ROW()-COUNTIFS($T$2:$T468,"="&$T469,$S$2:$S468,"<>"&$S469)-1)))} | AI469: =IF($J469<>"",$J469,IF($AC469=$AC468,AI468,""))
... A850: =IF(K850<>"",1,IF(D850="x","x","")) | J850: =IF(OR(K850="Goal",K850="Shot",L850="Zone_Entry",M850="Stoppage-Goal",M849="Stoppage-Goal"),"o",IF(OR(K850="Save",K850="Rebound",L850="Zone_Exit",M850="Stoppage-GoalieStoppage",M849="Stoppage-GoalieStoppage"),"d",IF(OR(L850="Faceoff_AfterGoal",L850="Faceoff_PeriodStart",698="Faceoff_GameStart",M849="Stoppage-Goal"),"n",""))) | N850: =IF(K850="","",IF(K850="Goal","s",IF(AND(K850="Zone_Entry_Exit",OR(ISNUMBER(SEARCH("fail",L850)),ISNUMBER(SEARCH("FromExitClear",M850)),ISNUMBER(SEARCH("miss",M850)))),"u",IF(AND(K850="Zone_Entry_Exit",OR(NOT(ISNUMBER(SEARCH("fail",L850))),NOT(ISNUMBER(SEARCH("FromExitClear",M850))),NOT(ISNUMBER(SEARCH("miss",M850))))),"s",IF(AND(OR(K850="Shot",K850="Pass"),OR(ISNUMBER(SEARCH("complete",L850)),ISNUMBER(SEARCH("goal",L850)),ISNUMBER(SEARCH("OnNet",L850)))),"s",IF(L850="Turnover_Giveaway","u",IF(AND(OR(K850="Shot",K850="Pass"),OR(ISNUMBER(SEARCH("fail",L850)),NOT(ISNUMBER(SEARCH("complete",L850))),NOT(ISNUMBER(SEARCH("OnNet",L850))))),"u",""))))))) | Q850: =IF(O850="","",IF(AND(N850<>"",OR(O850<>"",P850<>"")),N850,IF(OR(ISNUMBER(SEARCH("attemp",O850)),ISNUMBER(SEARCH("beat",O850)),ISNUMBER(SEARCH("mis",O850)),ISNUMBER(SEARCH("fail",O850)),ISNUMBER(SEARCH("loss",O850)),ISNUMBER(SEARCH("lost",O850)),ISNUMBER(SEARCH("attemp",P850)),ISNUMBER(SEARCH("mis",P850)),ISNUMBER(SEARCH("fail",P850)),ISNUMBER(SEARCH("loss",P850)),ISNUMBER(SEARCH("beat",P850)),ISNUMBER(SEARCH("lost",P850))),"u",""))) | S850: =IF(A850=1,MAX(S$2:S849)+1,IF(OR(I850<>"",A850="x"),S849,"")) | T850: =IF(D850=1,MAX($T$2:$T849)+1,IF(S850=$S849,$S849,IF($D850="x",T849,IF($D849="x","","")))) | U850: =IF(B850=1,MAX($U$2:$U849)+1,IF(AND($T850<>"",$T850=$T849),$U849,IF(B850="x",U849,""))) | V850: =IF(C850=1,MAX($V$2:$V849)+1,IF(AND($T850<>"",$T850=$T849),$U849,IF(C850="x",V849,""))) | W850: {=IFERROR(_xlfn._xlws.FILTER(game_rosters!AB:AB,(game_rosters!J:J=events!X850)*(K850<>"")),"")} | X850: {=IF(S850="","",IF($I850<>"",$I850,INDEX($I$2:$I849,ROW()-COUNTIFS($T$2:$T849,"="&$T850,$S$2:$S849,"<>"&$S850)-1)))} | AI850: =IF($J850<>"",$J850,IF($AC850=$AC849,AI849,""))
J851: =IF(OR(K851="Goal",K851="Shot",L851="Zone_Entry",M851="Stoppage-Goal",M850="Stoppage-Goal"),"o",IF(OR(K851="Save",K851="Rebound",L851="Zone_Exit",M851="Stoppage-GoalieStoppage",M850="Stoppage-GoalieStoppage"),"d",IF(OR(L851="Faceoff_AfterGoal",L851="Faceoff_PeriodStart",698="Faceoff_GameStart",M850="Stoppage-Goal"),"n",""))) | N851: =IF(K851="","",IF(K851="Goal","s",IF(AND(K851="Zone_Entry_Exit",OR(ISNUMBER(SEARCH("fail",L851)),ISNUMBER(SEARCH("FromExitClear",M851)),ISNUMBER(SEARCH("miss",M851)))),"u",IF(AND(K851="Zone_Entry_Exit",OR(NOT(ISNUMBER(SEARCH("fail",L851))),NOT(ISNUMBER(SEARCH("FromExitClear",M851))),NOT(ISNUMBER(SEARCH("miss",M851))))),"s",IF(AND(OR(K851="Shot",K851="Pass"),OR(ISNUMBER(SEARCH("complete",L851)),ISNUMBER(SEARCH("goal",L851)),ISNUMBER(SEARCH("OnNet",L851)))),"s",IF(L851="Turnover_Giveaway","u",IF(AND(OR(K851="Shot",K851="Pass"),OR(ISNUMBER(SEARCH("fail",L851)),NOT(ISNUMBER(SEARCH("complete",L851))),NOT(ISNUMBER(SEARCH("OnNet",L851))))),"u",""))))))) | Q851: =IF(O851="","",IF(AND(N851<>"",OR(O851<>"",P851<>"")),N851,IF(OR(ISNUMBER(SEARCH("attemp",O851)),ISNUMBER(SEARCH("beat",O851)),ISNUMBER(SEARCH("mis",O851)),ISNUMBER(SEARCH("fail",O851)),ISNUMBER(SEARCH("loss",O851)),ISNUMBER(SEARCH("lost",O851)),ISNUMBER(SEARCH("attemp",P851)),ISNUMBER(SEARCH("mis",P851)),ISNUMBER(SEARCH("fail",P851)),ISNUMBER(SEARCH("loss",P851)),ISNUMBER(SEARCH("beat",P851)),ISNUMBER(SEARCH("lost",P851))),"u",""))) | S851: =IF(A851=1,MAX(S$2:S850)+1,IF(OR(I851<>"",A851="x"),S850,"")) | T851: =IF(D851=1,MAX($T$2:$T850)+1,IF(S851=$S850,$S850,IF($D851="x",T850,IF($D850="x","","")))) | U851: =IF(B851=1,MAX($U$2:$U850)+1,IF(AND($T851<>"",$T851=$T850),$U850,IF(B851="x",U850,""))) | V851: =IF(C851=1,MAX($V$2:$V850)+1,IF(AND($T851<>"",$T851=$T850),$U850,IF(C851="x",V850,""))) | W851: {=IFERROR(_xlfn._xlws.FILTER(game_rosters!AB:AB,(game_rosters!J:J=events!X851)*(K851<>"")),"")} | X851: {=IF(S851="","",IF($I851<>"",$I851,INDEX($I$2:$I850,ROW()-COUNTIFS($T$2:$T850,"="&$T851,$S$2:$S850,"<>"&$S851)-1)))} | AI851: =IF($J851<>"",$J851,IF($AC851=$AC850,AI850,""))
J852: =IF(OR(K852="Goal",K852="Shot",L852="Zone_Entry",M852="Stoppage-Goal",M851="Stoppage-Goal"),"o",IF(OR(K852="Save",K852="Rebound",L852="Zone_Exit",M852="Stoppage-GoalieStoppage",M851="Stoppage-GoalieStoppage"),"d",IF(OR(L852="Faceoff_AfterGoal",L852="Faceoff_PeriodStart",698="Faceoff_GameStart",M851="Stoppage-Goal"),"n",""))) | N852: =IF(K852="","",IF(K852="Goal","s",IF(AND(K852="Zone_Entry_Exit",OR(ISNUMBER(SEARCH("fail",L852)),ISNUMBER(SEARCH("FromExitClear",M852)),ISNUMBER(SEARCH("miss",M852)))),"u",IF(AND(K852="Zone_Entry_Exit",OR(NOT(ISNUMBER(SEARCH("fail",L852))),NOT(ISNUMBER(SEARCH("FromExitClear",M852))),NOT(ISNUMBER(SEARCH("miss",M852))))),"s",IF(AND(OR(K852="Shot",K852="Pass"),OR(ISNUMBER(SEARCH("complete",L852)),ISNUMBER(SEARCH("goal",L852)),ISNUMBER(SEARCH("OnNet",L852)))),"s",IF(L852="Turnover_Giveaway","u",IF(AND(OR(K852="Shot",K852="Pass"),OR(ISNUMBER(SEARCH("fail",L852)),NOT(ISNUMBER(SEARCH("complete",L852))),NOT(ISNUMBER(SEARCH("OnNet",L852))))),"u",""))))))) | Q852: =IF(O852="","",IF(AND(N852<>"",OR(O852<>"",P852<>"")),N852,IF(OR(ISNUMBER(SEARCH("attemp",O852)),ISNUMBER(SEARCH("beat",O852)),ISNUMBER(SEARCH("mis",O852)),ISNUMBER(SEARCH("fail",O852)),ISNUMBER(SEARCH("loss",O852)),ISNUMBER(SEARCH("lost",O852)),ISNUMBER(SEARCH("attemp",P852)),ISNUMBER(SEARCH("mis",P852)),ISNUMBER(SEARCH("fail",P852)),ISNUMBER(SEARCH("loss",P852)),ISNUMBER(SEARCH("beat",P852)),ISNUMBER(SEARCH("lost",P852))),"u",""))) | S852: =IF(A852=1,MAX(S$2:S851)+1,IF(OR(I852<>"",A852="x"),S851,"")) | T852: =IF(D852=1,MAX($T$2:$T851)+1,IF(S852=$S851,$S851,IF($D852="x",T851,IF($D851="x","","")))) | U852: =IF(B852=1,MAX($U$2:$U851)+1,IF(AND($T852<>"",$T852=$T851),$U851,IF(B852="x",U851,""))) | V852: =IF(C852=1,MAX($V$2:$V851)+1,IF(AND($T852<>"",$T852=$T851),$U851,IF(C852="x",V851,""))) | W852: {=IFERROR(_xlfn._xlws.FILTER(game_rosters!AB:AB,(game_rosters!J:J=events!X852)*(K852<>"")),"")} | X852: {=IF(S852="","",IF($I852<>"",$I852,INDEX($I$2:$I851,ROW()-COUNTIFS($T$2:$T851,"="&$T852,$S$2:$S851,"<>"&$S852)-1)))} | AI852: =IF($J852<>"",$J852,IF($AC852=$AC851,AI851,""))
J853: =IF(OR(K853="Goal",K853="Shot",L853="Zone_Entry",M853="Stoppage-Goal",M852="Stoppage-Goal"),"o",IF(OR(K853="Save",K853="Rebound",L853="Zone_Exit",M853="Stoppage-GoalieStoppage",M852="Stoppage-GoalieStoppage"),"d",IF(OR(L853="Faceoff_AfterGoal",L853="Faceoff_PeriodStart",698="Faceoff_GameStart",M852="Stoppage-Goal"),"n",""))) | N853: =IF(K853="","",IF(K853="Goal","s",IF(AND(K853="Zone_Entry_Exit",OR(ISNUMBER(SEARCH("fail",L853)),ISNUMBER(SEARCH("FromExitClear",M853)),ISNUMBER(SEARCH("miss",M853)))),"u",IF(AND(K853="Zone_Entry_Exit",OR(NOT(ISNUMBER(SEARCH("fail",L853))),NOT(ISNUMBER(SEARCH("FromExitClear",M853))),NOT(ISNUMBER(SEARCH("miss",M853))))),"s",IF(AND(OR(K853="Shot",K853="Pass"),OR(ISNUMBER(SEARCH("complete",L853)),ISNUMBER(SEARCH("goal",L853)),ISNUMBER(SEARCH("OnNet",L853)))),"s",IF(L853="Turnover_Giveaway","u",IF(AND(OR(K853="Shot",K853="Pass"),OR(ISNUMBER(SEARCH("fail",L853)),NOT(ISNUMBER(SEARCH("complete",L853))),NOT(ISNUMBER(SEARCH("OnNet",L853))))),"u",""))))))) | Q853: =IF(O853="","",IF(AND(N853<>"",OR(O853<>"",P853<>"")),N853,IF(OR(ISNUMBER(SEARCH("attemp",O853)),ISNUMBER(SEARCH("beat",O853)),ISNUMBER(SEARCH("mis",O853)),ISNUMBER(SEARCH("fail",O853)),ISNUMBER(SEARCH("loss",O853)),ISNUMBER(SEARCH("lost",O853)),ISNUMBER(SEARCH("attemp",P853)),ISNUMBER(SEARCH("mis",P853)),ISNUMBER(SEARCH("fail",P853)),ISNUMBER(SEARCH("loss",P853)),ISNUMBER(SEARCH("beat",P853)),ISNUMBER(SEARCH("lost",P853))),"u",""))) | S853: =IF(A853=1,MAX(S$2:S852)+1,IF(OR(I853<>"",A853="x"),S852,"")) | T853: =IF(D853=1,MAX($T$2:$T852)+1,IF(S853=$S852,$S852,IF($D853="x",T852,IF($D852="x","","")))) | U853: =IF(B853=1,MAX($U$2:$U852)+1,IF(AND($T853<>"",$T853=$T852),$U852,IF(B853="x",U852,""))) | V853: =IF(C853=1,MAX($V$2:$V852)+1,IF(AND($T853<>"",$T853=$T852),$U852,IF(C853="x",V852,""))) | W853: {=IFERROR(_xlfn._xlws.FILTER(game_rosters!AB:AB,(game_rosters!J:J=events!X853)*(K853<>"")),"")} | X853: {=IF(S853="","",IF($I853<>"",$I853,INDEX($I$2:$I852,ROW()-COUNTIFS($T$2:$T852,"="&$T853,$S$2:$S852,"<>"&$S853)-1)))} | AI853: =IF($J853<>"",$J853,IF($AC853=$AC852,AI852,""))
J854: =IF(OR(K854="Goal",K854="Shot",L854="Zone_Entry",M854="Stoppage-Goal",M853="Stoppage-Goal"),"o",IF(OR(K854="Save",K854="Rebound",L854="Zone_Exit",M854="Stoppage-GoalieStoppage",M853="Stoppage-GoalieStoppage"),"d",IF(OR(L854="Faceoff_AfterGoal",L854="Faceoff_PeriodStart",698="Faceoff_GameStart",M853="Stoppage-Goal"),"n",""))) | N854: =IF(K854="","",IF(K854="Goal","s",IF(AND(K854="Zone_Entry_Exit",OR(ISNUMBER(SEARCH("fail",L854)),ISNUMBER(SEARCH("FromExitClear",M854)),ISNUMBER(SEARCH("miss",M854)))),"u",IF(AND(K854="Zone_Entry_Exit",OR(NOT(ISNUMBER(SEARCH("fail",L854))),NOT(ISNUMBER(SEARCH("FromExitClear",M854))),NOT(ISNUMBER(SEARCH("miss",M854))))),"s",IF(AND(OR(K854="Shot",K854="Pass"),OR(ISNUMBER(SEARCH("complete",L854)),ISNUMBER(SEARCH("goal",L854)),ISNUMBER(SEARCH("OnNet",L854)))),"s",IF(L854="Turnover_Giveaway","u",IF(AND(OR(K854="Shot",K854="Pass"),OR(ISNUMBER(SEARCH("fail",L854)),NOT(ISNUMBER(SEARCH("complete",L854))),NOT(ISNUMBER(SEARCH("OnNet",L854))))),"u",""))))))) | Q854: =IF(O854="","",IF(AND(N854<>"",OR(O854<>"",P854<>"")),N854,IF(OR(ISNUMBER(SEARCH("attemp",O854)),ISNUMBER(SEARCH("beat",O854)),ISNUMBER(SEARCH("mis",O854)),ISNUMBER(SEARCH("fail",O854)),ISNUMBER(SEARCH("loss",O854)),ISNUMBER(SEARCH("lost",O854)),ISNUMBER(SEARCH("attemp",P854)),ISNUMBER(SEARCH("mis",P854)),ISNUMBER(SEARCH("fail",P854)),ISNUMBER(SEARCH("loss",P854)),ISNUMBER(SEARCH("beat",P854)),ISNUMBER(SEARCH("lost",P854))),"u",""))) | S854: =IF(A854=1,MAX(S$2:S853)+1,IF(OR(I854<>"",A854="x"),S853,"")) | T854: =IF(D854=1,MAX($T$2:$T853)+1,IF(S854=$S853,$S853,IF($D854="x",T853,IF($D853="x","","")))) | U854: =IF(B854=1,MAX($U$2:$U853)+1,IF(AND($T854<>"",$T854=$T853),$U853,IF(B854="x",U853,""))) | V854: =IF(C854=1,MAX($V$2:$V853)+1,IF(AND($T854<>"",$T854=$T853),$U853,IF(C854="x",V853,""))) | W854: {=IFERROR(_xlfn._xlws.FILTER(game_rosters!AB:AB,(game_rosters!J:J=events!X854)*(K854<>"")),"")} | X854: {=IF(S854="","",IF($I854<>"",$I854,INDEX($I$2:$I853,ROW()-COUNTIFS($T$2:$T853,"="&$T854,$S$2:$S853,"<>"&$S854)-1)))} | AI854: =IF($J854<>"",$J854,IF($AC854=$AC853,AI853,""))
J855: =IF(OR(K855="Goal",K855="Shot",L855="Zone_Entry",M855="Stoppage-Goal",M854="Stoppage-Goal"),"o",IF(OR(K855="Save",K855="Rebound",L855="Zone_Exit",M855="Stoppage-GoalieStoppage",M854="Stoppage-GoalieStoppage"),"d",IF(OR(L855="Faceoff_AfterGoal",L855="Faceoff_PeriodStart",698="Faceoff_GameStart",M854="Stoppage-Goal"),"n",""))) | N855: =IF(K855="","",IF(K855="Goal","s",IF(AND(K855="Zone_Entry_Exit",OR(ISNUMBER(SEARCH("fail",L855)),ISNUMBER(SEARCH("FromExitClear",M855)),ISNUMBER(SEARCH("miss",M855)))),"u",IF(AND(K855="Zone_Entry_Exit",OR(NOT(ISNUMBER(SEARCH("fail",L855))),NOT(ISNUMBER(SEARCH("FromExitClear",M855))),NOT(ISNUMBER(SEARCH("miss",M855))))),"s",IF(AND(OR(K855="Shot",K855="Pass"),OR(ISNUMBER(SEARCH("complete",L855)),ISNUMBER(SEARCH("goal",L855)),ISNUMBER(SEARCH("OnNet",L855)))),"s",IF(L855="Turnover_Giveaway","u",IF(AND(OR(K855="Shot",K855="Pass"),OR(ISNUMBER(SEARCH("fail",L855)),NOT(ISNUMBER(SEARCH("complete",L855))),NOT(ISNUMBER(SEARCH("OnNet",L855))))),"u",""))))))) | Q855: =IF(O855="","",IF(AND(N855<>"",OR(O855<>"",P855<>"")),N855,IF(OR(ISNUMBER(SEARCH("attemp",O855)),ISNUMBER(SEARCH("beat",O855)),ISNUMBER(SEARCH("mis",O855)),ISNUMBER(SEARCH("fail",O855)),ISNUMBER(SEARCH("loss",O855)),ISNUMBER(SEARCH("lost",O855)),ISNUMBER(SEARCH("attemp",P855)),ISNUMBER(SEARCH("mis",P855)),ISNUMBER(SEARCH("fail",P855)),ISNUMBER(SEARCH("loss",P855)),ISNUMBER(SEARCH("beat",P855)),ISNUMBER(SEARCH("lost",P855))),"u",""))) | S855: =IF(A855=1,MAX(S$2:S854)+1,IF(OR(I855<>"",A855="x"),S854,"")) | T855: =IF(D855=1,MAX($T$2:$T854)+1,IF(S855=$S854,$S854,IF($D855="x",T854,IF($D854="x","","")))) | U855: =IF(B855=1,MAX($U$2:$U854)+1,IF(AND($T855<>"",$T855=$T854),$U854,IF(B855="x",U854,""))) | V855: =IF(C855=1,MAX($V$2:$V854)+1,IF(AND($T855<>"",$T855=$T854),$U854,IF(C855="x",V854,""))) | W855: {=IFERROR(_xlfn._xlws.FILTER(game_rosters!AB:AB,(game_rosters!J:J=events!X855)*(K855<>"")),"")} | X855: {=IF(S855="","",IF($I855<>"",$I855,INDEX($I$2:$I854,ROW()-COUNTIFS($T$2:$T854,"="&$T855,$S$2:$S854,"<>"&$S855)-1)))} | AI855: =IF($J855<>"",$J855,IF($AC855=$AC854,AI854,""))
J856: =IF(OR(K856="Goal",K856="Shot",L856="Zone_Entry",M856="Stoppage-Goal",M855="Stoppage-Goal"),"o",IF(OR(K856="Save",K856="Rebound",L856="Zone_Exit",M856="Stoppage-GoalieStoppage",M855="Stoppage-GoalieStoppage"),"d",IF(OR(L856="Faceoff_AfterGoal",L856="Faceoff_PeriodStart",698="Faceoff_GameStart",M855="Stoppage-Goal"),"n",""))) | N856: =IF(K856="","",IF(K856="Goal","s",IF(AND(K856="Zone_Entry_Exit",OR(ISNUMBER(SEARCH("fail",L856)),ISNUMBER(SEARCH("FromExitClear",M856)),ISNUMBER(SEARCH("miss",M856)))),"u",IF(AND(K856="Zone_Entry_Exit",OR(NOT(ISNUMBER(SEARCH("fail",L856))),NOT(ISNUMBER(SEARCH("FromExitClear",M856))),NOT(ISNUMBER(SEARCH("miss",M856))))),"s",IF(AND(OR(K856="Shot",K856="Pass"),OR(ISNUMBER(SEARCH("complete",L856)),ISNUMBER(SEARCH("goal",L856)),ISNUMBER(SEARCH("OnNet",L856)))),"s",IF(L856="Turnover_Giveaway","u",IF(AND(OR(K856="Shot",K856="Pass"),OR(ISNUMBER(SEARCH("fail",L856)),NOT(ISNUMBER(SEARCH("complete",L856))),NOT(ISNUMBER(SEARCH("OnNet",L856))))),"u",""))))))) | Q856: =IF(O856="","",IF(AND(N856<>"",OR(O856<>"",P856<>"")),N856,IF(OR(ISNUMBER(SEARCH("attemp",O856)),ISNUMBER(SEARCH("beat",O856)),ISNUMBER(SEARCH("mis",O856)),ISNUMBER(SEARCH("fail",O856)),ISNUMBER(SEARCH("loss",O856)),ISNUMBER(SEARCH("lost",O856)),ISNUMBER(SEARCH("attemp",P856)),ISNUMBER(SEARCH("mis",P856)),ISNUMBER(SEARCH("fail",P856)),ISNUMBER(SEARCH("loss",P856)),ISNUMBER(SEARCH("beat",P856)),ISNUMBER(SEARCH("lost",P856))),"u",""))) | S856: =IF(A856=1,MAX(S$2:S855)+1,IF(OR(I856<>"",A856="x"),S855,"")) | T856: =IF(D856=1,MAX($T$2:$T855)+1,IF(S856=$S855,$S855,IF($D856="x",T855,IF($D855="x","","")))) | U856: =IF(B856=1,MAX($U$2:$U855)+1,IF(AND($T856<>"",$T856=$T855),$U855,IF(B856="x",U855,""))) | V856: =IF(C856=1,MAX($V$2:$V855)+1,IF(AND($T856<>"",$T856=$T855),$U855,IF(C856="x",V855,""))) | W856: {=IFERROR(_xlfn._xlws.FILTER(game_rosters!AB:AB,(game_rosters!J:J=events!X856)*(K856<>"")),"")} | X856: {=IF(S856="","",IF($I856<>"",$I856,INDEX($I$2:$I855,ROW()-COUNTIFS($T$2:$T855,"="&$T856,$S$2:$S855,"<>"&$S856)-1)))} | AI856: =IF($J856<>"",$J856,IF($AC856=$AC855,AI855,""))
J857: =IF(OR(K857="Goal",K857="Shot",L857="Zone_Entry",M857="Stoppage-Goal",M856="Stoppage-Goal"),"o",IF(OR(K857="Save",K857="Rebound",L857="Zone_Exit",M857="Stoppage-GoalieStoppage",M856="Stoppage-GoalieStoppage"),"d",IF(OR(L857="Faceoff_AfterGoal",L857="Faceoff_PeriodStart",698="Faceoff_GameStart",M856="Stoppage-Goal"),"n",""))) | N857: =IF(K857="","",IF(K857="Goal","s",IF(AND(K857="Zone_Entry_Exit",OR(ISNUMBER(SEARCH("fail",L857)),ISNUMBER(SEARCH("FromExitClear",M857)),ISNUMBER(SEARCH("miss",M857)))),"u",IF(AND(K857="Zone_Entry_Exit",OR(NOT(ISNUMBER(SEARCH("fail",L857))),NOT(ISNUMBER(SEARCH("FromExitClear",M857))),NOT(ISNUMBER(SEARCH("miss",M857))))),"s",IF(AND(OR(K857="Shot",K857="Pass"),OR(ISNUMBER(SEARCH("complete",L857)),ISNUMBER(SEARCH("goal",L857)),ISNUMBER(SEARCH("OnNet",L857)))),"s",IF(L857="Turnover_Giveaway","u",IF(AND(OR(K857="Shot",K857="Pass"),OR(ISNUMBER(SEARCH("fail",L857)),NOT(ISNUMBER(SEARCH("complete",L857))),NOT(ISNUMBER(SEARCH("OnNet",L857))))),"u",""))))))) | Q857: =IF(O857="","",IF(AND(N857<>"",OR(O857<>"",P857<>"")),N857,IF(OR(ISNUMBER(SEARCH("attemp",O857)),ISNUMBER(SEARCH("beat",O857)),ISNUMBER(SEARCH("mis",O857)),ISNUMBER(SEARCH("fail",O857)),ISNUMBER(SEARCH("loss",O857)),ISNUMBER(SEARCH("lost",O857)),ISNUMBER(SEARCH("attemp",P857)),ISNUMBER(SEARCH("mis",P857)),ISNUMBER(SEARCH("fail",P857)),ISNUMBER(SEARCH("loss",P857)),ISNUMBER(SEARCH("beat",P857)),ISNUMBER(SEARCH("lost",P857))),"u",""))) | S857: =IF(A857=1,MAX(S$2:S856)+1,IF(OR(I857<>"",A857="x"),S856,"")) | T857: =IF(D857=1,MAX($T$2:$T856)+1,IF(S857=$S856,$S856,IF($D857="x",T856,IF($D856="x","","")))) | U857: =IF(B857=1,MAX($U$2:$U856)+1,IF(AND($T857<>"",$T857=$T856),$U856,IF(B857="x",U856,""))) | V857: =IF(C857=1,MAX($V$2:$V856)+1,IF(AND($T857<>"",$T857=$T856),$U856,IF(C857="x",V856,""))) | W857: {=IFERROR(_xlfn._xlws.FILTER(game_rosters!AB:AB,(game_rosters!J:J=events!X857)*(K857<>"")),"")} | X857: {=IF(S857="","",IF($I857<>"",$I857,INDEX($I$2:$I856,ROW()-COUNTIFS($T$2:$T856,"="&$T857,$S$2:$S856,"<>"&$S857)-1)))} | AI857: =IF($J857<>"",$J857,IF($AC857=$AC856,AI856,""))
J858: =IF(OR(K858="Goal",K858="Shot",L858="Zone_Entry",M858="Stoppage-Goal",M857="Stoppage-Goal"),"o",IF(OR(K858="Save",K858="Rebound",L858="Zone_Exit",M858="Stoppage-GoalieStoppage",M857="Stoppage-GoalieStoppage"),"d",IF(OR(L858="Faceoff_AfterGoal",L858="Faceoff_PeriodStart",698="Faceoff_GameStart",M857="Stoppage-Goal"),"n",""))) | N858: =IF(K858="","",IF(K858="Goal","s",IF(AND(K858="Zone_Entry_Exit",OR(ISNUMBER(SEARCH("fail",L858)),ISNUMBER(SEARCH("FromExitClear",M858)),ISNUMBER(SEARCH("miss",M858)))),"u",IF(AND(K858="Zone_Entry_Exit",OR(NOT(ISNUMBER(SEARCH("fail",L858))),NOT(ISNUMBER(SEARCH("FromExitClear",M858))),NOT(ISNUMBER(SEARCH("miss",M858))))),"s",IF(AND(OR(K858="Shot",K858="Pass"),OR(ISNUMBER(SEARCH("complete",L858)),ISNUMBER(SEARCH("goal",L858)),ISNUMBER(SEARCH("OnNet",L858)))),"s",IF(L858="Turnover_Giveaway","u",IF(AND(OR(K858="Shot",K858="Pass"),OR(ISNUMBER(SEARCH("fail",L858)),NOT(ISNUMBER(SEARCH("complete",L858))),NOT(ISNUMBER(SEARCH("OnNet",L858))))),"u",""))))))) | Q858: =IF(O858="","",IF(AND(N858<>"",OR(O858<>"",P858<>"")),N858,IF(OR(ISNUMBER(SEARCH("attemp",O858)),ISNUMBER(SEARCH("beat",O858)),ISNUMBER(SEARCH("mis",O858)),ISNUMBER(SEARCH("fail",O858)),ISNUMBER(SEARCH("loss",O858)),ISNUMBER(SEARCH("lost",O858)),ISNUMBER(SEARCH("attemp",P858)),ISNUMBER(SEARCH("mis",P858)),ISNUMBER(SEARCH("fail",P858)),ISNUMBER(SEARCH("loss",P858)),ISNUMBER(SEARCH("beat",P858)),ISNUMBER(SEARCH("lost",P858))),"u",""))) | S858: =IF(A858=1,MAX(S$2:S857)+1,IF(OR(I858<>"",A858="x"),S857,"")) | T858: =IF(D858=1,MAX($T$2:$T857)+1,IF(S858=$S857,$S857,IF($D858="x",T857,IF($D857="x","","")))) | U858: =IF(B858=1,MAX($U$2:$U857)+1,IF(AND($T858<>"",$T858=$T857),$U857,IF(B858="x",U857,""))) | V858: =IF(C858=1,MAX($V$2:$V857)+1,IF(AND($T858<>"",$T858=$T857),$U857,IF(C858="x",V857,""))) | W858: {=IFERROR(_xlfn._xlws.FILTER(game_rosters!AB:AB,(game_rosters!J:J=events!X858)*(K858<>"")),"")} | X858: {=IF(S858="","",IF($I858<>"",$I858,INDEX($I$2:$I857,ROW()-COUNTIFS($T$2:$T857,"="&$T858,$S$2:$S857,"<>"&$S858)-1)))} | AI858: =IF($J858<>"",$J858,IF($AC858=$AC857,AI857,""))
J859: =IF(OR(K859="Goal",K859="Shot",L859="Zone_Entry",M859="Stoppage-Goal",M858="Stoppage-Goal"),"o",IF(OR(K859="Save",K859="Rebound",L859="Zone_Exit",M859="Stoppage-GoalieStoppage",M858="Stoppage-GoalieStoppage"),"d",IF(OR(L859="Faceoff_AfterGoal",L859="Faceoff_PeriodStart",698="Faceoff_GameStart",M858="Stoppage-Goal"),"n",""))) | N859: =IF(K859="","",IF(K859="Goal","s",IF(AND(K859="Zone_Entry_Exit",OR(ISNUMBER(SEARCH("fail",L859)),ISNUMBER(SEARCH("FromExitClear",M859)),ISNUMBER(SEARCH("miss",M859)))),"u",IF(AND(K859="Zone_Entry_Exit",OR(NOT(ISNUMBER(SEARCH("fail",L859))),NOT(ISNUMBER(SEARCH("FromExitClear",M859))),NOT(ISNUMBER(SEARCH("miss",M859))))),"s",IF(AND(OR(K859="Shot",K859="Pass"),OR(ISNUMBER(SEARCH("complete",L859)),ISNUMBER(SEARCH("goal",L859)),ISNUMBER(SEARCH("OnNet",L859)))),"s",IF(L859="Turnover_Giveaway","u",IF(AND(OR(K859="Shot",K859="Pass"),OR(ISNUMBER(SEARCH("fail",L859)),NOT(ISNUMBER(SEARCH("complete",L859))),NOT(ISNUMBER(SEARCH("OnNet",L859))))),"u",""))))))) | Q859: =IF(O859="","",IF(AND(N859<>"",OR(O859<>"",P859<>"")),N859,IF(OR(ISNUMBER(SEARCH("attemp",O859)),ISNUMBER(SEARCH("beat",O859)),ISNUMBER(SEARCH("mis",O859)),ISNUMBER(SEARCH("fail",O859)),ISNUMBER(SEARCH("loss",O859)),ISNUMBER(SEARCH("lost",O859)),ISNUMBER(SEARCH("attemp",P859)),ISNUMBER(SEARCH("mis",P859)),ISNUMBER(SEARCH("fail",P859)),ISNUMBER(SEARCH("loss",P859)),ISNUMBER(SEARCH("beat",P859)),ISNUMBER(SEARCH("lost",P859))),"u",""))) | S859: =IF(A859=1,MAX(S$2:S858)+1,IF(OR(I859<>"",A859="x"),S858,"")) | T859: =IF(D859=1,MAX($T$2:$T858)+1,IF(S859=$S858,$S858,IF($D859="x",T858,IF($D858="x","","")))) | U859: =IF(B859=1,MAX($U$2:$U858)+1,IF(AND($T859<>"",$T859=$T858),$U858,IF(B859="x",U858,""))) | V859: =IF(C859=1,MAX($V$2:$V858)+1,IF(AND($T859<>"",$T859=$T858),$U858,IF(C859="x",V858,""))) | W859: {=IFERROR(_xlfn._xlws.FILTER(game_rosters!AB:AB,(game_rosters!J:J=events!X859)*(K859<>"")),"")} | X859: {=IF(S859="","",IF($I859<>"",$I859,INDEX($I$2:$I858,ROW()-COUNTIFS($T$2:$T858,"="&$T859,$S$2:$S858,"<>"&$S859)-1)))} | AI859: =IF($J859<>"",$J859,IF($AC859=$AC858,AI858,""))
J860: =IF(OR(K860="Goal",K860="Shot",L860="Zone_Entry",M860="Stoppage-Goal",M859="Stoppage-Goal"),"o",IF(OR(K860="Save",K860="Rebound",L860="Zone_Exit",M860="Stoppage-GoalieStoppage",M859="Stoppage-GoalieStoppage"),"d",IF(OR(L860="Faceoff_AfterGoal",L860="Faceoff_PeriodStart",698="Faceoff_GameStart",M859="Stoppage-Goal"),"n",""))) | N860: =IF(K860="","",IF(K860="Goal","s",IF(AND(K860="Zone_Entry_Exit",OR(ISNUMBER(SEARCH("fail",L860)),ISNUMBER(SEARCH("FromExitClear",M860)),ISNUMBER(SEARCH("miss",M860)))),"u",IF(AND(K860="Zone_Entry_Exit",OR(NOT(ISNUMBER(SEARCH("fail",L860))),NOT(ISNUMBER(SEARCH("FromExitClear",M860))),NOT(ISNUMBER(SEARCH("miss",M860))))),"s",IF(AND(OR(K860="Shot",K860="Pass"),OR(ISNUMBER(SEARCH("complete",L860)),ISNUMBER(SEARCH("goal",L860)),ISNUMBER(SEARCH("OnNet",L860)))),"s",IF(L860="Turnover_Giveaway","u",IF(AND(OR(K860="Shot",K860="Pass"),OR(ISNUMBER(SEARCH("fail",L860)),NOT(ISNUMBER(SEARCH("complete",L860))),NOT(ISNUMBER(SEARCH("OnNet",L860))))),"u",""))))))) | Q860: =IF(O860="","",IF(AND(N860<>"",OR(O860<>"",P860<>"")),N860,IF(OR(ISNUMBER(SEARCH("attemp",O860)),ISNUMBER(SEARCH("beat",O860)),ISNUMBER(SEARCH("mis",O860)),ISNUMBER(SEARCH("fail",O860)),ISNUMBER(SEARCH("loss",O860)),ISNUMBER(SEARCH("lost",O860)),ISNUMBER(SEARCH("attemp",P860)),ISNUMBER(SEARCH("mis",P860)),ISNUMBER(SEARCH("fail",P860)),ISNUMBER(SEARCH("loss",P860)),ISNUMBER(SEARCH("beat",P860)),ISNUMBER(SEARCH("lost",P860))),"u",""))) | S860: =IF(A860=1,MAX(S$2:S859)+1,IF(OR(I860<>"",A860="x"),S859,"")) | T860: =IF(D860=1,MAX($T$2:$T859)+1,IF(S860=$S859,$S859,IF($D860="x",T859,IF($D859="x","","")))) | U860: =IF(B860=1,MAX($U$2:$U859)+1,IF(AND($T860<>"",$T860=$T859),$U859,IF(B860="x",U859,""))) | V860: =IF(C860=1,MAX($V$2:$V859)+1,IF(AND($T860<>"",$T860=$T859),$U859,IF(C860="x",V859,""))) | W860: {=IFERROR(_xlfn._xlws.FILTER(game_rosters!AB:AB,(game_rosters!J:J=events!X860)*(K860<>"")),"")} | X860: {=IF(S860="","",IF($I860<>"",$I860,INDEX($I$2:$I859,ROW()-COUNTIFS($T$2:$T859,"="&$T860,$S$2:$S859,"<>"&$S860)-1)))} | AI860: =IF($J860<>"",$J860,IF($AC860=$AC859,AI859,""))

Sheet shifts
A1: shift_index | B1: Period | C1: shift_start_min | D1: shift_start_sec | E1: shift_end_min | F1: shift_end_sec | G1: shift_start_type | H1: shift_stop_type | I1: home_forward_1 | J1: home_forward_2 | K1: home_forward_3 | L1: home_defense_1 | M1: home_defense_2 | N1: home_xtra | O1: home_goalie | P1: away_forward_1 | Q1: away_forward_2 | R1: away_forward_3 | S1: away_defense_1 | T1: away_defense_2 | U1: away_xtra | V1: away_goalie | W1: stoppage_time | X1: home_ozone_start | Y1: home_ozone_end | Z1: home_dzone_start | AA1: home_dzone_end | AB1: home_nzone_start | AC1: home_nzone_end | AD1: game_id | AE1: home_team | AF1: away_team | AG1: shift_start_total_seconds | AH1: shift_end_total_seconds | AI1: shift_duration | AJ1: home_team_strength | AK1: away_team_strength | AL1: home_team_en | AM1: away_team_en | AN1: home_team_pk | AO1: home_team_pp | AP1: away_team_pp | AQ1: away_team_pk | AR1: situation | AS1: strength | AT1: home_goals | AU1: away_goals | AV1: home_team_plus | AW1: home_team_minus | AX1: away_team_plus | AY1: away_team_minus | AZ1: period_start_total_running_seconds | BA1: running_video_time | BB1: shift_start_running_time | BC1: shift_end_running_time
A2: 1 | B2: 1 | C2: 18 | D2: 00 | E2: 16 | F2: 38 | G2: GameStart | I2: 53 | J2: 20 | K2: 12 | L2: 8 | M2: 21 | O2: 99 | P2: 70 | Q2: 75 | R2: 49 | S2: 52 | T2: 22 | V2: 39 | W2: =SUMIFS(events!BI:BI,events!K:K,"=DeadIce",events!BJ:BJ,"<="&shifts!AG2,events!BK:BK,">"&shifts!AH2,events!Z:Z,"="&shifts!B3)+SUMIFS(events!BI:BI,events!K:K,"=Timeout",events!BJ:BJ,"<="&shifts!AG2,events!BK:BK,">"&shifts!AH2,events!Z:Z,"="&shifts!B3) -> 0 | AB2: 1 | AD2: =events!BA2 -> 18969 | AE2: =events!BB2 -> Platinum | AF2: =events!BC2 -> Velodrome | AG2: =((C2*60)+D2) -> 1080 | AH2: =((E2*60)+F2) -> 998 | AI2: =ROUND(AG2-AH2,0) -> 82 | AJ2: =COUNTIF(I2:N2,">0") -> 5 | AK2: =COUNTIF(P2:U2,">0") -> 5 | AL2: =IF(O2="",1,0) -> 0 | AM2: =IF(V2="",1,0) -> 0 | AN2: =IF(AND($AL2<>1,$AJ2<$AK2,AM2<>1),1,) -> 0 | AO2: =IF(AND($AL2<>1,$AJ2>$AK2),1,) -> 0 | AP2: =IF(AN2=1,1,0) -> 0 | AQ2: =IF(AO2=1,1,0) -> 0 | AR2: =IF(AND(AJ2=5,AK2=5,AL2=0,AM2=0),"Full Strength",IF(AP2=1,"Away PowerPlay",IF(AO2=1,"Home PowerPlay",IF(AL2=1,"Home EmptyNet",IF(AM2=1,"Away EmptyNet",""))))) -> Full Strength | AS2: =IF(AND(AL2=0,AM2=0),AJ2&"v"&AK2,IF(AL2=1,AJ2&"v"&AK2&" Home EN",IF(AM2=1,AJ2&"v"&AK2&" Away EN",""))) -> 5v5 | AT2: 0 | AU2: 0 | AV2: =IF(AND($H2="Home Goal", AO2=0),1,0) -> 0 | AW2: =IF(AX2=1,-1,0) -> 0 | AX2: =IF(AND($H2="AwayGoal", AP2=0),1,0) -> 0 | AY2: =IF(AV2=1,-1,0) -> 0 | AZ2: =IFERROR(VLOOKUP(B2,events!Z:BM,40,FALSE),0) -> 0 | BA2: 0 | BB2: =IF(BA2<5,0,BA2-5) -> 0 | BC2: =BB2+AI2+3 -> 85
A3: 2 | I3: =IF($D3>0,I2,"") | J3: =IF($D3>0,J2,"") | K3: =IF($D3>0,K2,"") | L3: =IF($D3>0,L2,"") | M3: =IF($D3>0,M2,"") | O3: =O2 -> 99 | P3: =IF($D3>0,P2,"") | Q3: =IF($D3>0,Q2,"") | R3: =IF($D3>0,R2,"") | S3: =IF($D3>0,S2,"") | T3: =IF($D3>0,T2,"") | V3: =V2 -> 39 | X3: =IF(OR($H2="Home Goal",$H2="Away Goal",$H2="Period End"),"",IF(Y2=1,1,"")) | Z3: =IF(OR($H2="Home Goal",$H2="Away Goal",$H2="Period End"),"",IF(AA2=1,1,"")) | AB3: =IF(OR($H2="Home Goal",$H2="Away Goal",$H2="Period End"),1,IF(AC2=1,1,"")) | AD3: =AD2 -> 18969 | AE3: =AE2 -> Platinum | AF3: =AF2 -> Velodrome | AG3: =((C3*60)+D3) -> 0 | AH3: =((E3*60)+F3) -> 0 | AI3: =ROUND(AG3-AH3,0) -> 0 | AJ3: =COUNTIF(I3:N3,">0") -> 0 | AK3: =COUNTIF(P3:U3,">0") -> 0 | AL3: =IF(O3="",1,0) -> 0 | AM3: =IF(V3="",1,0) -> 0 | AN3: =IF(AND($AL3<>1,$AJ3<$AK3,AM3<>1),1,) -> 0 | AO3: =IF(AND($AL3<>1,$AJ3>$AK3),1,) -> 0 | AP3: =IF(AN3=1,1,0) -> 0 | AQ3: =IF(AO3=1,1,0) -> 0 | AR3: =IF(AND(AJ3=5,AK3=5,AL3=0,AM3=0),"Full Strength",IF(AP3=1,"Away PowerPlay",IF(AO3=1,"Home PowerPlay",IF(AL3=1,"Home EmptyNet",IF(AM3=1,"Away EmptyNet",""))))) | AS3: =IF(AND(AL3=0,AM3=0),AJ3&"v"&AK3,IF(AL3=1,AJ3&"v"&AK3&" Home EN",IF(AM3=1,AJ3&"v"&AK3&" Away EN",""))) -> 0v0 | AT3: =IF($H2="Home Goal",AT2+1,AT2) -> 0 | AU3: =IF($H2="Away Goal",AU2+1,AU2) -> 0 | AV3: =IF(AND($H3="Home Goal", AO3=0),1,0) -> 0 | AW3: =IF(AX3=1,-1,0) -> 0 | AX3: =IF(AND($H3="Away Goal", AP3=0),1,0) -> 0 | AY3: =IF(AV3=1,-1,0) -> 0 | AZ3: =IFERROR(VLOOKUP(B3,events!Z:BM,40,FALSE),0) -> 0 | BA3: =ROUND(IF(G3="Intermission",BA2,((1080)-((C3*60)+D3))+AZ3),0) -> 1080 | BB3: =IF(BA3<5,0,BA3-5) -> 1075 | BC3: =BB3+AI3+3 -> 1078
A4: 3 | I4: =IF($D4>0,I3,"") | J4: =IF($D4>0,J3,"") | K4: =IF($D4>0,K3,"") | L4: =IF($D4>0,L3,"") | M4: =IF($D4>0,M3,"") | N4: =IF($D4>0,N3,"") | O4: =O3 -> 99 | P4: =IF($D4>0,P3,"") | Q4: =IF($D4>0,Q3,"") | R4: =IF($D4>0,R3,"") | S4: =IF($D4>0,S3,"") | T4: =IF($D4>0,T3,"") | V4: =V3 -> 39 | AD4: =AD3 -> 18969 | AE4: =AE3 -> Platinum | AF4: =AF3 -> Velodrome | AG4: =((C4*60)+D4) -> 0 | AH4: =((E4*60)+F4) -> 0 | AI4: =ROUND(AG4-AH4,0) -> 0 | AJ4: =COUNTIF(I4:N4,">0") -> 0 | AK4: =COUNTIF(P4:U4,">0") -> 0 | AL4: =IF(O4="",1,0) -> 0 | AM4: =IF(V4="",1,0) -> 0 | AN4: =IF(AND($AL4<>1,$AJ4<$AK4,AM4<>1),1,) -> 0 | AO4: =IF(AND($AL4<>1,$AJ4>$AK4),1,) -> 0 | AP4: =IF(AN4=1,1,0) -> 0 | AQ4: =IF(AO4=1,1,0) -> 0 | AR4: =IF(AND(AJ4=5,AK4=5,AL4=0,AM4=0),"Full Strength",IF(AP4=1,"Away PowerPlay",IF(AO4=1,"Home PowerPlay",IF(AL4=1,"Home EmptyNet",IF(AM4=1,"Away EmptyNet",""))))) | AS4: =IF(AND(AL4=0,AM4=0),AJ4&"v"&AK4,IF(AL4=1,AJ4&"v"&AK4&" Home EN",IF(AM4=1,AJ4&"v"&AK4&" Away EN",""))) -> 0v0 | AT4: =IF($H3="Home Goal",AT3+1,AT3) -> 0 | AU4: =IF($H3="Away Goal",AU3+1,AU3) -> 0 | AV4: =IF(AND($H4="Home Goal", AO4=0),1,0) -> 0 | AW4: =IF(AX4=1,-1,0) -> 0 | AX4: =IF(AND($H4="Away Goal", AP4=0),1,0) -> 0 | AY4: =IF(AV4=1,-1,0) -> 0 | AZ4: =IFERROR(VLOOKUP(B4,events!Z:BM,40,FALSE),0) -> 0 | BA4: =ROUND(IF(G4="Intermission",BA3,((1080)-((C4*60)+D4))+AZ4),0) -> 1080 | BB4: =IF(BA4<5,0,BA4-5) -> 1075 | BC4: =BB4+AI4+3 -> 1078
A5: =A4+1 -> 4 | I5: =IF($D5>0,I4,"") | J5: =IF($D5>0,J4,"") | K5: =IF($D5>0,K4,"") | L5: =IF($D5>0,L4,"") | M5: =IF($D5>0,M4,"") | O5: =O4 -> 99 | P5: =IF($D5>0,P4,"") | Q5: =IF($D5>0,Q4,"") | R5: =IF($D5>0,R4,"") | S5: =IF($D5>0,S4,"") | T5: =IF($D5>0,T4,"") | V5: =V4 -> 39
A6: =A5+1 -> 5 | I6: =IF($D6>0,I5,"") | J6: =IF($D6>0,J5,"") | K6: =IF($D6>0,K5,"") | L6: =IF($D6>0,L5,"") | M6: =IF($D6>0,M5,"") | O6: =O5 -> 99 | P6: =IF($D6>0,P5,"") | Q6: =IF($D6>0,Q5,"") | R6: =IF($D6>0,R5,"") | S6: =IF($D6>0,S5,"") | T6: =IF($D6>0,T5,"") | V6: =V5 -> 39
A7: =A6+1 -> 6 | I7: =IF($D7>0,I6,"") | J7: =IF($D7>0,J6,"") | K7: =IF($D7>0,K6,"") | L7: =IF($D7>0,L6,"") | M7: =IF($D7>0,M6,"") | O7: =O6 -> 99 | P7: =IF($D7>0,P6,"") | Q7: =IF($D7>0,Q6,"") | R7: =IF($D7>0,R6,"") | S7: =IF($D7>0,S6,"") | T7: =IF($D7>0,T6,"") | V7: =V6 -> 39
A8: =A7+1 -> 7 | I8: =IF($D8>0,I7,"") | J8: =IF($D8>0,J7,"") | K8: =IF($D8>0,K7,"") | L8: =IF($D8>0,L7,"") | M8: =IF($D8>0,M7,"") | O8: =O7 -> 99 | P8: =IF($D8>0,P7,"") | Q8: =IF($D8>0,Q7,"") | R8: =IF($D8>0,R7,"") | S8: =IF($D8>0,S7,"") | T8: =IF($D8>0,T7,"") | V8: =V7 -> 39
A9: =A8+1 -> 8 | I9: =IF($D9>0,I8,"") | J9: =IF($D9>0,J8,"") | K9: =IF($D9>0,K8,"") | L9: =IF($D9>0,L8,"") | M9: =IF($D9>0,M8,"") | O9: =O8 -> 99 | P9: =IF($D9>0,P8,"") | Q9: =IF($D9>0,Q8,"") | R9: =IF($D9>0,R8,"") | S9: =IF($D9>0,S8,"") | T9: =IF($D9>0,T8,"") | V9: =V8 -> 39
A10: =A9+1 -> 9 | I10: =IF($D10>0,I9,"") | J10: =IF($D10>0,J9,"") | K10: =IF($D10>0,K9,"") | L10: =IF($D10>0,L9,"") | M10: =IF($D10>0,M9,"") | O10: =O9 -> 99 | P10: =IF($D10>0,P9,"") | Q10: =IF($D10>0,Q9,"") | R10: =IF($D10>0,R9,"") | S10: =IF($D10>0,S9,"") | T10: =IF($D10>0,T9,"") | V10: =V9 -> 39
A11: =A10+1 -> 10 | I11: =IF($D11>0,I10,"") | J11: =IF($D11>0,J10,"") | K11: =IF($D11>0,K10,"") | L11: =IF($D11>0,L10,"") | M11: =IF($D11>0,M10,"") | O11: =O10 -> 99 | P11: =IF($D11>0,P10,"") | Q11: =IF($D11>0,Q10,"") | R11: =IF($D11>0,R10,"") | S11: =IF($D11>0,S10,"") | T11: =IF($D11>0,T10,"") | V11: =V10 -> 39
A12: =A11+1 -> 11 | I12: =IF($D12>0,I11,"") | J12: =IF($D12>0,J11,"") | K12: =IF($D12>0,K11,"") | L12: =IF($D12>0,L11,"") | M12: =IF($D12>0,M11,"") | O12: =O11 -> 99 | P12: =IF($D12>0,P11,"") | Q12: =IF($D12>0,Q11,"") | R12: =IF($D12>0,R11,"") | S12: =IF($D12>0,S11,"") | T12: =IF($D12>0,T11,"") | V12: =V11 -> 39
A13: =A12+1 -> 12 | I13: =IF($D13>0,I12,"") | J13: =IF($D13>0,J12,"") | K13: =IF($D13>0,K12,"") | L13: =IF($D13>0,L12,"") | M13: =IF($D13>0,M12,"") | O13: =O12 -> 99 | P13: =IF($D13>0,P12,"") | Q13: =IF($D13>0,Q12,"") | R13: =IF($D13>0,R12,"") | S13: =IF($D13>0,S12,"") | T13: =IF($D13>0,T12,"") | V13: =V12 -> 39
A14: =A13+1 -> 13 | I14: =IF($D14>0,I13,"") | J14: =IF($D14>0,J13,"") | K14: =IF($D14>0,K13,"") | L14: =IF($D14>0,L13,"") | M14: =IF($D14>0,M13,"") | O14: =O13 -> 99 | P14: =IF($D14>0,P13,"") | Q14: =IF($D14>0,Q13,"") | R14: =IF($D14>0,R13,"") | S14: =IF($D14>0,S13,"") | T14: =IF($D14>0,T13,"") | V14: =V13 -> 39
A15: =A14+1 -> 14 | I15: =IF($D15>0,I14,"") | J15: =IF($D15>0,J14,"") | K15: =IF($D15>0,K14,"") | L15: =IF($D15>0,L14,"") | M15: =IF($D15>0,M14,"") | O15: =O14 -> 99 | P15: =IF($D15>0,P14,"") | Q15: =IF($D15>0,Q14,"") | R15: =IF($D15>0,R14,"") | S15: =IF($D15>0,S14,"") | T15: =IF($D15>0,T14,"") | V15: =V14 -> 39
A16: =A15+1 -> 15 | I16: =IF($D16>0,I15,"") | J16: =IF($D16>0,J15,"") | K16: =IF($D16>0,K15,"") | L16: =IF($D16>0,L15,"") | M16: =IF($D16>0,M15,"") | O16: =O15 -> 99 | P16: =IF($D16>0,P15,"") | Q16: =IF($D16>0,Q15,"") | R16: =IF($D16>0,R15,"") | S16: =IF($D16>0,S15,"") | T16: =IF($D16>0,T15,"") | V16: =V15 -> 39
... A99: =A98+1 -> 98 | I99: =IF($D99>0,I98,"") | J99: =IF($D99>0,J98,"") | K99: =IF($D99>0,K98,"") | L99: =IF($D99>0,L98,"") | M99: =IF($D99>0,M98,"") | O99: =O98 -> 99 | P99: =IF($D99>0,P98,"") | Q99: =IF($D99>0,Q98,"") | R99: =IF($D99>0,R98,"") | S99: =IF($D99>0,S98,"") | T99: =IF($D99>0,T98,"") | V99: =V98 -> 39

Sheet game_rosters
A1: In cell B3 | B1: =FILTER([BLB_Tables.xlsx]fact_gameroster!$A:$Z,[BLB_Tables.xlsx]fact_gameroster!$B:$B=events!$AS$2)'
B2: index | C2: game_id | D2: team_game_id | E2: opp_team_game_id | F2: player_game_id | G2: team_venue | H2: team_name | I2: opp_team_name | J2: player_game_number | K2: n_player_url | L2: player_position | M2: games_played | N2: goals | O2: assist | P2: goals_against | Q2: pim | R2: shutouts | S2: team_id | T2: opp_team_id | U2: key | V2: player_full_name | W2: player_id | X2: date | Y2: season | Z2: sub | AA2: skill_rating | AB2: venue | AC2: Goals | AD2: Penalties | AE2: AssistP | AF2: AssistS | AG2: Total Assists | AH2: Goal Diff | AI2: Penalty Diff | AJ2: Assist Diff | AO2: Home Team Goals | AP2: Home Team Assists | AQ2: Home Team Penalties | AR2: Away Team Goals | AS2: Away Team Assists | AT2: Away Team Penalties | AW2: Home Team Goals | AX2: Home Team Assists | AY2: Home Team Penalties | AZ2: Away Team Goals | BA2: Away Team Assists | BB2: Away Team Penalties
B3: 12898 | C3: 18969 | D3: 18969N10008 | E3: 18969N10010 | F3: 18969N10008P100023 | G3: home | H3: Platinum | I3: Velodrome | J3: 3 | K3: Alex Considine – 4 | L3: Defense | M3: 1 | N3: 1 | O3: 0 | P3: 0 | Q3: 0 | R3: 0 | S3: N10008 | T3: N10010 | U3: 18969Platinum3 | V3: Alex Considine | W3: P100023 | X3: 45907 | Y3: 20252026 | AA3: 4 | AB3: =IF(G3="home","h",IF(G3="away","a","")) -> h | AC3: =COUNTIFS(events!$X:$X,"="&game_rosters!$J3,events!$AQ:$AQ,"="&game_rosters!$G3,events!$K:$K,"=Goal") -> 0 | AD3: =COUNTIFS(events!$X:$X,"="&game_rosters!$J3,events!$AQ:$AQ,"="&game_rosters!$G3,events!$K:$K,"=Penalty") -> 0 | AE3: =COUNTIFS(events!$X:$X,"="&game_rosters!$J3,events!$AQ:$AQ,"="&game_rosters!$G3,events!$O:$O,"=AssistPrimary") -> 0 | AF3: =COUNTIFS(events!$X:$X,"="&game_rosters!$J3,events!$AQ:$AQ,"="&game_rosters!$G3,events!$O:$O,"=AssistSecondary") -> 0 | AG3: =AE3+AF3 -> 0 | AH3: =AC3-N3 -> -1 | AI3: =(AD3*3)-Q3 -> 0 | AJ3: =AG3-O3 -> 0 | AO3: {=_xlfn._xlws.FILTER(events!$I:$I,(events!$K:$K="Goal")*(events!$AQ:$AQ="Home"))} -> #VALUE! | AP3: {=_xlfn._xlws.FILTER(events!$I:$I,((events!O:O="AssistPrimary")+(events!O:O="AssistSecondary"))*(events!$AQ:$AQ="Home"))} -> #VALUE! | AQ3: {=_xlfn._xlws.FILTER(events!$I:$I,(events!$K:$K="Penalty")*(events!$AQ:$AQ="Home"))} -> #VALUE! | AR3: {=_xlfn._xlws.FILTER(events!$I:$I,(events!$K:$K="Goal")*(events!$AQ:$AQ="Away"))} -> #VALUE! | AS3: {=_xlfn._xlws.FILTER(events!$I:$I,((events!O:O="AssistPrimary")+(events!O:O="AssistSecondary"))*(events!$AQ:$AQ="Away"))} -> #VALUE! | AT3: {=IFERROR(_xlfn._xlws.FILTER(events!$I:$I,(events!$K:$K="Penalty")*(events!$AQ:$AQ="Away")),"")} | AW3: {=_xlfn._xlws.FILTER($J:$J,($G:$G="Home")*($N:$N>=1))} -> 3 | AX3: {=_xlfn._xlws.FILTER($J:$J,($G:$G="Home")*($O:$O>=1))} -> 45 | AY3: {=_xlfn._xlws.FILTER($J:$J,($G:$G="Home")*($Q:$Q>=1))} -> 8 | AZ3: {=_xlfn._xlws.FILTER($J:$J,($G:$G="Away")*($N:$N>=1))} -> 14 | BA3: {=_xlfn._xlws.FILTER($J:$J,($G:$G="Away")*($O:$O>=1))} -> 22 | BB3: {=IFERROR(_xlfn._xlws.FILTER($J:$J,($G:$G="Away")*($Q:$Q>=1)),"")}
B4: 12899 | C4: 18969 | D4: 18969N10008 | E4: 18969N10010 | F4: 18969N10008P100030 | G4: home | H4: Platinum | I4: Velodrome | J4: 8 | K4: Jesse Chambless (S) – 5 | L4: Defense | M4: 1 | N4: 0 | O4: 0 | P4: 0 | Q4: 3 | R4: 0 | S4: N10008 | T4: N10010 | U4: 18969Platinum8 | V4: Jesse Chambless | W4: P100030 | X4: 45907 | Y4: 20252026 | AA4: 5 | AB4: =IF(G4="home","h",IF(G4="away","a","")) -> h | AC4: =COUNTIFS(events!$X:$X,"="&game_rosters!$J4,events!$AQ:$AQ,"="&game_rosters!$G4,events!$K:$K,"=Goal") -> 0 | AD4: =COUNTIFS(events!$X:$X,"="&game_rosters!$J4,events!$AQ:$AQ,"="&game_rosters!$G4,events!$K:$K,"=Penalty") -> 0 | AE4: =COUNTIFS(events!$X:$X,"="&game_rosters!$J4,events!$AQ:$AQ,"="&game_rosters!$G4,events!$O:$O,"=AssistPrimary") -> 0 | AF4: =COUNTIFS(events!$X:$X,"="&game_rosters!$J4,events!$AQ:$AQ,"="&game_rosters!$G4,events!$O:$O,"=AssistSecondary") -> 0 | AG4: =AE4+AF4 -> 0 | AH4: =AC4-N4 -> 0 | AI4: =(AD4*3)-Q4 -> -3 | AJ4: =AG4-O4 -> 0 | AW4: 45 | AX4: 53 | AZ4: 42 | BA4: 49
B5: 12900 | C5: 18969 | D5: 18969N10008 | E5: 18969N10010 | F5: 18969N10008P100027 | G5: home | H5: Platinum | I5: Velodrome | J5: 12 | K5: Karen Zietlow (A) – 2 | L5: Forward | M5: 1 | N5: 0 | O5: 0 | P5: 0 | Q5: 0 | R5: 0 | S5: N10008 | T5: N10010 | U5: 18969Platinum12 | V5: Karen Zietlow | W5: P100027 | X5: 45907 | Y5: 20252026 | AA5: 2 | AB5: =IF(G5="home","h",IF(G5="away","a","")) -> h | AC5: =COUNTIFS(events!$X:$X,"="&game_rosters!$J5,events!$AQ:$AQ,"="&game_rosters!$G5,events!$K:$K,"=Goal") -> 0 | AD5: =COUNTIFS(events!$X:$X,"="&game_rosters!$J5,events!$AQ:$AQ,"="&game_rosters!$G5,events!$K:$K,"=Penalty") -> 0 | AE5: =COUNTIFS(events!$X:$X,"="&game_rosters!$J5,events!$AQ:$AQ,"="&game_rosters!$G5,events!$O:$O,"=AssistPrimary") -> 0 | AF5: =COUNTIFS(events!$X:$X,"="&game_rosters!$J5,events!$AQ:$AQ,"="&game_rosters!$G5,events!$O:$O,"=AssistSecondary") -> 0 | AG5: =AE5+AF5 -> 0 | AH5: =AC5-N5 -> 0 | AI5: =(AD5*3)-Q5 -> 0 | AJ5: =AG5-O5 -> 0 | AW5: 47 | AX5: 78 | BA5: 55
B6: 12901 | C6: 18969 | D6: 18969N10008 | E6: 18969N10010 | F6: 18969N10008P100025 | G6: home | H6: Platinum | I6: Velodrome | J6: 21 | K6: Andrew Marshall – 4 | L6: Forward | M6: 1 | N6: 0 | O6: 0 | P6: 0 | Q6: 0 | R6: 0 | S6: N10008 | T6: N10010 | U6: 18969Platinum21 | V6: Andrew Marshall | W6: P100025 | X6: 45907 | Y6: 20252026 | AA6: 4 | AB6: =IF(G6="home","h",IF(G6="away","a","")) -> h | AC6: =COUNTIFS(events!$X:$X,"="&game_rosters!$J6,events!$AQ:$AQ,"="&game_rosters!$G6,events!$K:$K,"=Goal") -> 0 | AD6: =COUNTIFS(events!$X:$X,"="&game_rosters!$J6,events!$AQ:$AQ,"="&game_rosters!$G6,events!$K:$K,"=Penalty") -> 0 | AE6: =COUNTIFS(events!$X:$X,"="&game_rosters!$J6,events!$AQ:$AQ,"="&game_rosters!$G6,events!$O:$O,"=AssistPrimary") -> 0 | AF6: =COUNTIFS(events!$X:$X,"="&game_rosters!$J6,events!$AQ:$AQ,"="&game_rosters!$G6,events!$O:$O,"=AssistSecondary") -> 0 | AG6: =AE6+AF6 -> 0 | AH6: =AC6-N6 -> 0 | AI6: =(AD6*3)-Q6 -> 0 | AJ6: =AG6-O6 -> 0
B7: 12902 | C7: 18969 | D7: 18969N10008 | E7: 18969N10010 | F7: 18969N10008P100022 | G7: home | H7: Platinum | I7: Velodrome | J7: 34 | K7: Chris Dube – 4 | L7: Forward | M7: 1 | N7: 0 | O7: 0 | P7: 0 | Q7: 0 | R7: 0 | S7: N10008 | T7: N10010 | U7: 18969Platinum34 | V7: Chris Dube | W7: P100022 | X7: 45907 | Y7: 20252026 | AA7: 4 | AB7: =IF(G7="home","h",IF(G7="away","a","")) -> h | AC7: =COUNTIFS(events!$X:$X,"="&game_rosters!$J7,events!$AQ:$AQ,"="&game_rosters!$G7,events!$K:$K,"=Goal") -> 0 | AD7: =COUNTIFS(events!$X:$X,"="&game_rosters!$J7,events!$AQ:$AQ,"="&game_rosters!$G7,events!$K:$K,"=Penalty") -> 0 | AE7: =COUNTIFS(events!$X:$X,"="&game_rosters!$J7,events!$AQ:$AQ,"="&game_rosters!$G7,events!$O:$O,"=AssistPrimary") -> 0 | AF7: =COUNTIFS(events!$X:$X,"="&game_rosters!$J7,events!$AQ:$AQ,"="&game_rosters!$G7,events!$O:$O,"=AssistSecondary") -> 0 | AG7: =AE7+AF7 -> 0 | AH7: =AC7-N7 -> 0 | AI7: =(AD7*3)-Q7 -> 0 | AJ7: =AG7-O7 -> 0
B8: 12903 | C8: 18969 | D8: 18969N10008 | E8: 18969N10010 | F8: 18969N10008P100117 | G8: home | H8: Platinum | I8: Velodrome | J8: 45 | K8: Keegan Mantaro – 6 | L8: Defense | M8: 1 | N8: 2 | O8: 1 | P8: 0 | Q8: 0 | R8: 0 | S8: N10008 | T8: N10010 | U8: 18969Platinum45 | V8: Keegan Mantaro | W8: P100117 | X8: 45907 | Y8: 20252026 | AA8: 6 | AB8: =IF(G8="home","h",IF(G8="away","a","")) -> h | AC8: =COUNTIFS(events!$X:$X,"="&game_rosters!$J8,events!$AQ:$AQ,"="&game_rosters!$G8,events!$K:$K,"=Goal") -> 0 | AD8: =COUNTIFS(events!$X:$X,"="&game_rosters!$J8,events!$AQ:$AQ,"="&game_rosters!$G8,events!$K:$K,"=Penalty") -> 0 | AE8: =COUNTIFS(events!$X:$X,"="&game_rosters!$J8,events!$AQ:$AQ,"="&game_rosters!$G8,events!$O:$O,"=AssistPrimary") -> 0 | AF8: =COUNTIFS(events!$X:$X,"="&game_rosters!$J8,events!$AQ:$AQ,"="&game_rosters!$G8,events!$O:$O,"=AssistSecondary") -> 0 | AG8: =AE8+AF8 -> 0 | AH8: =AC8-N8 -> -2 | AI8: =(AD8*3)-Q8 -> 0 | AJ8: =AG8-O8 -> -1
B9: 12904 | C9: 18969 | D9: 18969N10008 | E9: 18969N10010 | F9: 18969N10008P100210 | G9: home | H9: Platinum | I9: Velodrome | J9: 47 | K9: Josh Simonds – 4 | L9: Forward | M9: 1 | N9: 1 | O9: 0 | P9: 0 | Q9: 0 | R9: 0 | S9: N10008 | T9: N10010 | U9: 18969Platinum47 | V9: Josh Simonds | W9: P100210 | X9: 45907 | Y9: 20252026 | AA9: 4 | AB9: =IF(G9="home","h",IF(G9="away","a","")) -> h | AC9: =COUNTIFS(events!$X:$X,"="&game_rosters!$J9,events!$AQ:$AQ,"="&game_rosters!$G9,events!$K:$K,"=Goal") -> 0 | AD9: =COUNTIFS(events!$X:$X,"="&game_rosters!$J9,events!$AQ:$AQ,"="&game_rosters!$G9,events!$K:$K,"=Penalty") -> 0 | AE9: =COUNTIFS(events!$X:$X,"="&game_rosters!$J9,events!$AQ:$AQ,"="&game_rosters!$G9,events!$O:$O,"=AssistPrimary") -> 0 | AF9: =COUNTIFS(events!$X:$X,"="&game_rosters!$J9,events!$AQ:$AQ,"="&game_rosters!$G9,events!$O:$O,"=AssistSecondary") -> 0 | AG9: =AE9+AF9 -> 0 | AH9: =AC9-N9 -> -1 | AI9: =(AD9*3)-Q9 -> 0 | AJ9: =AG9-O9 -> 0
B10: 12905 | C10: 18969 | D10: 18969N10008 | E10: 18969N10010 | F10: 18969N10008P100192 | G10: home | H10: Platinum | I10: Velodrome | J10: 53 | K10: Chris Premo – 5 | L10: Forward | M10: 1 | N10: 0 | O10: 2 | P10: 0 | Q10: 0 | R10: 0 | S10: N10008 | T10: N10010 | U10: 18969Platinum53 | V10: Chris Premo | W10: P100192 | X10: 45907 | Y10: 20252026 | AA10: 5 | AB10: =IF(G10="home","h",IF(G10="away","a","")) -> h | AC10: =COUNTIFS(events!$X:$X,"="&game_rosters!$J10,events!$AQ:$AQ,"="&game_rosters!$G10,events!$K:$K,"=Goal") -> 0 | AD10: =COUNTIFS(events!$X:$X,"="&game_rosters!$J10,events!$AQ:$AQ,"="&game_rosters!$G10,events!$K:$K,"=Penalty") -> 0 | AE10: =COUNTIFS(events!$X:$X,"="&game_rosters!$J10,events!$AQ:$AQ,"="&game_rosters!$G10,events!$O:$O,"=AssistPrimary") -> 0 | AF10: =COUNTIFS(events!$X:$X,"="&game_rosters!$J10,events!$AQ:$AQ,"="&game_rosters!$G10,events!$O:$O,"=AssistSecondary") -> 0 | AG10: =AE10+AF10 -> 0 | AH10: =AC10-N10 -> 0 | AI10: =(AD10*3)-Q10 -> 0 | AJ10: =AG10-O10 -> -2
B11: 12906 | C11: 18969 | D11: 18969N10008 | E11: 18969N10010 | F11: 18969N10008P100107 | G11: home | H11: Platinum | I11: Velodrome | J11: 78 | K11: Matt Quinn – 3 | L11: Defense | M11: 1 | N11: 0 | O11: 1 | P11: 0 | Q11: 0 | R11: 0 | S11: N10008 | T11: N10010 | U11: 18969Platinum78 | V11: Matt Quinn | W11: P100107 | X11: 45907 | Y11: 20252026 | AA11: 3 | AB11: =IF(G11="home","h",IF(G11="away","a","")) -> h | AC11: =COUNTIFS(events!$X:$X,"="&game_rosters!$J11,events!$AQ:$AQ,"="&game_rosters!$G11,events!$K:$K,"=Goal") -> 0 | AD11: =COUNTIFS(events!$X:$X,"="&game_rosters!$J11,events!$AQ:$AQ,"="&game_rosters!$G11,events!$K:$K,"=Penalty") -> 0 | AE11: =COUNTIFS(events!$X:$X,"="&game_rosters!$J11,events!$AQ:$AQ,"="&game_rosters!$G11,events!$O:$O,"=AssistPrimary") -> 0 | AF11: =COUNTIFS(events!$X:$X,"="&game_rosters!$J11,events!$AQ:$AQ,"="&game_rosters!$G11,events!$O:$O,"=AssistSecondary") -> 0 | AG11: =AE11+AF11 -> 0 | AH11: =AC11-N11 -> 0 | AI11: =(AD11*3)-Q11 -> 0 | AJ11: =AG11-O11 -> -1
B12: 12907 | C12: 18969 | D12: 18969N10008 | E12: 18969N10010 | F12: 18969N10008P100110 | G12: home | H12: Platinum | I12: Velodrome | J12: 82 | K12: JoLyn Maly – 2 | L12: Forward | M12: 1 | N12: 0 | O12: 0 | P12: 0 | Q12: 0 | R12: 0 | S12: N10008 | T12: N10010 | U12: 18969Platinum82 | V12: JoLyn Maly | W12: P100110 | X12: 45907 | Y12: 20252026 | AA12: 2 | AB12: =IF(G12="home","h",IF(G12="away","a","")) -> h | AC12: =COUNTIFS(events!$X:$X,"="&game_rosters!$J12,events!$AQ:$AQ,"="&game_rosters!$G12,events!$K:$K,"=Goal") -> 0 | AD12: =COUNTIFS(events!$X:$X,"="&game_rosters!$J12,events!$AQ:$AQ,"="&game_rosters!$G12,events!$K:$K,"=Penalty") -> 0 | AE12: =COUNTIFS(events!$X:$X,"="&game_rosters!$J12,events!$AQ:$AQ,"="&game_rosters!$G12,events!$O:$O,"=AssistPrimary") -> 0 | AF12: =COUNTIFS(events!$X:$X,"="&game_rosters!$J12,events!$AQ:$AQ,"="&game_rosters!$G12,events!$O:$O,"=AssistSecondary") -> 0 | AG12: =AE12+AF12 -> 0 | AH12: =AC12-N12 -> 0 | AI12: =(AD12*3)-Q12 -> 0 | AJ12: =AG12-O12 -> 0
B13: 12908 | C13: 18969 | D13: 18969N10008 | E13: 18969N10010 | F13: 18969N10008P100222 | G13: home | H13: Platinum | I13: Velodrome | J13: 86 | K13: Joshua Blumberg – 3 | L13: Forward | M13: 1 | N13: 0 | O13: 0 | P13: 0 | Q13: 0 | R13: 0 | S13: N10008 | T13: N10010 | U13: 18969Platinum86 | V13: Joshua Blumberg | W13: P100222 | X13: 45907 | Y13: 20252026 | AA13: 3 | AB13: =IF(G13="home","h",IF(G13="away","a","")) -> h | AC13: =COUNTIFS(events!$X:$X,"="&game_rosters!$J13,events!$AQ:$AQ,"="&game_rosters!$G13,events!$K:$K,"=Goal") -> 0 | AD13: =COUNTIFS(events!$X:$X,"="&game_rosters!$J13,events!$AQ:$AQ,"="&game_rosters!$G13,events!$K:$K,"=Penalty") -> 0 | AE13: =COUNTIFS(events!$X:$X,"="&game_rosters!$J13,events!$AQ:$AQ,"="&game_rosters!$G13,events!$O:$O,"=AssistPrimary") -> 0 | AF13: =COUNTIFS(events!$X:$X,"="&game_rosters!$J13,events!$AQ:$AQ,"="&game_rosters!$G13,events!$O:$O,"=AssistSecondary") -> 0 | AG13: =AE13+AF13 -> 0 | AH13: =AC13-N13 -> 0 | AI13: =(AD13*3)-Q13 -> 0 | AJ13: =AG13-O13 -> 0
B14: 12909 | C14: 18969 | D14: 18969N10008 | E14: 18969N10010 | F14: 18969N10008P100024 | G14: home | H14: Platinum | I14: Velodrome | J14: 20 | K14: John Thien – 3 | L14: Forward | M14: 1 | N14: 0 | O14: 0 | P14: 0 | Q14: 0 | R14: 0 | S14: N10008 | T14: N10010 | U14: 18969Platinum20 | V14: John Thien | W14: P100024 | X14: 45907 | Y14: 20252026 | AA14: 3 | AB14: =IF(G14="home","h",IF(G14="away","a","")) -> h | AC14: =COUNTIFS(events!$X:$X,"="&game_rosters!$J14,events!$AQ:$AQ,"="&game_rosters!$G14,events!$K:$K,"=Goal") -> 0 | AD14: =COUNTIFS(events!$X:$X,"="&game_rosters!$J14,events!$AQ:$AQ,"="&game_rosters!$G14,events!$K:$K,"=Penalty") -> 0 | AE14: =COUNTIFS(events!$X:$X,"="&game_rosters!$J14,events!$AQ:$AQ,"="&game_rosters!$G14,events!$O:$O,"=AssistPrimary") -> 0 | AF14: =COUNTIFS(events!$X:$X,"="&game_rosters!$J14,events!$AQ:$AQ,"="&game_rosters!$G14,events!$O:$O,"=AssistSecondary") -> 0 | AG14: =AE14+AF14 -> 0 | AH14: =AC14-N14 -> 0 | AI14: =(AD14*3)-Q14 -> 0 | AJ14: =AG14-O14 -> 0
B15: 12910 | C15: 18969 | D15: 18969N10008 | E15: 18969N10010 | F15: 18969N10008P100202 | G15: home | H15: Platinum | I15: Velodrome | J15: 99 | K15: 5 – Francis Forte (G) | L15: Goalie | M15: 1 | N15: 0 | O15: 0 | P15: 3 | Q15: 0 | R15: 0 | S15: N10008 | T15: N10010 | U15: 18969Platinum99 | V15: Francis Forte | W15: P100202 | X15: 45907 | Y15: 20252026 | AA15: 5 | AB15: =IF(G15="home","h",IF(G15="away","a","")) -> h | AC15: =COUNTIFS(events!$X:$X,"="&game_rosters!$J15,events!$AQ:$AQ,"="&game_rosters!$G15,events!$K:$K,"=Goal") -> 0 | AD15: =COUNTIFS(events!$X:$X,"="&game_rosters!$J15,events!$AQ:$AQ,"="&game_rosters!$G15,events!$K:$K,"=Penalty") -> 0 | AE15: =COUNTIFS(events!$X:$X,"="&game_rosters!$J15,events!$AQ:$AQ,"="&game_rosters!$G15,events!$O:$O,"=AssistPrimary") -> 0 | AF15: =COUNTIFS(events!$X:$X,"="&game_rosters!$J15,events!$AQ:$AQ,"="&game_rosters!$G15,events!$O:$O,"=AssistSecondary") -> 0 | AG15: =AE15+AF15 -> 0 | AH15: =AC15-N15 -> 0 | AI15: =(AD15*3)-Q15 -> 0 | AJ15: =AG15-O15 -> 0
B16: 12911 | C16: 18969 | D16: 18969N10010 | E16: 18969N10008 | F16: 18969N10010P100105 | G16: away | H16: Velodrome | I16: Platinum | J16: 9 | K16: Ronnie Pinnell (C) – 4 | L16: Defense | M16: 1 | N16: 0 | O16: 0 | P16: 0 | Q16: 0 | R16: 0 | S16: N10010 | T16: N10008 | U16: 18969Velodrome9 | V16: Ronnie Pinnell | W16: P100105 | X16: 45907 | Y16: 20252026 | AA16: 4 | AB16: =IF(G16="home","h",IF(G16="away","a","")) -> a | AC16: =COUNTIFS(events!$X:$X,"="&game_rosters!$J16,events!$AQ:$AQ,"="&game_rosters!$G16,events!$K:$K,"=Goal") -> 0 | AD16: =COUNTIFS(events!$X:$X,"="&game_rosters!$J16,events!$AQ:$AQ,"="&game_rosters!$G16,events!$K:$K,"=Penalty") -> 0 | AE16: =COUNTIFS(events!$X:$X,"="&game_rosters!$J16,events!$AQ:$AQ,"="&game_rosters!$G16,events!$O:$O,"=AssistPrimary") -> 0 | AF16: =COUNTIFS(events!$X:$X,"="&game_rosters!$J16,events!$AQ:$AQ,"="&game_rosters!$G16,events!$O:$O,"=AssistSecondary") -> 0 | AG16: =AE16+AF16 -> 0 | AH16: =AC16-N16 -> 0 | AI16: =(AD16*3)-Q16 -> 0 | AJ16: =AG16-O16 -> 0
B17: 12912 | C17: 18969 | D17: 18969N10010 | E17: 18969N10008 | F17: 18969N10010P100132 | G17: away | H17: Velodrome | I17: Platinum | J17: 14 | K17: Nick Ciampoli – 4 | L17: Forward | M17: 1 | N17: 2 | O17: 0 | P17: 0 | Q17: 0 | R17: 0 | S17: N10010 | T17: N10008 | U17: 18969Velodrome14 | V17: Nick Ciampoli | W17: P100132 | X17: 45907 | Y17: 20252026 | AA17: 4 | AB17: =IF(G17="home","h",IF(G17="away","a","")) -> a | AC17: =COUNTIFS(events!$X:$X,"="&game_rosters!$J17,events!$AQ:$AQ,"="&game_rosters!$G17,events!$K:$K,"=Goal") -> 0 | AD17: =COUNTIFS(events!$X:$X,"="&game_rosters!$J17,events!$AQ:$AQ,"="&game_rosters!$G17,events!$K:$K,"=Penalty") -> 0 | AE17: =COUNTIFS(events!$X:$X,"="&game_rosters!$J17,events!$AQ:$AQ,"="&game_rosters!$G17,events!$O:$O,"=AssistPrimary") -> 0 | AF17: =COUNTIFS(events!$X:$X,"="&game_rosters!$J17,events!$AQ:$AQ,"="&game_rosters!$G17,events!$O:$O,"=AssistSecondary") -> 0 | AG17: =AE17+AF17 -> 0 | AH17: =AC17-N17 -> -2 | AI17: =(AD17*3)-Q17 -> 0 | AJ17: =AG17-O17 -> 0
... B29: 12924 | C29: 18969 | D29: 18969N10010 | E29: 18969N10008 | F29: 18969N10010P100093 | G29: away | H29: Velodrome | I29: Platinum | J29: 93 | K29: Pat Major – 3 | L29: Defense | M29: 1 | N29: 0 | O29: 0 | P29: 0 | Q29: 0 | R29: 0 | S29: N10010 | T29: N10008 | U29: 18969Velodrome93 | V29: Pat Major | W29: P100093 | X29: 45907 | Y29: 20252026 | AA29: 3 | AB29: =IF(G29="home","h",IF(G29="away","a","")) -> a | AC29: =COUNTIFS(events!$X:$X,"="&game_rosters!$J29,events!$AQ:$AQ,"="&game_rosters!$G29,events!$K:$K,"=Goal") -> 0 | AD29: =COUNTIFS(events!$X:$X,"="&game_rosters!$J29,events!$AQ:$AQ,"="&game_rosters!$G29,events!$K:$K,"=Penalty") -> 0 | AE29: =COUNTIFS(events!$X:$X,"="&game_rosters!$J29,events!$AQ:$AQ,"="&game_rosters!$G29,events!$O:$O,"=AssistPrimary") -> 0 | AF29: =COUNTIFS(events!$X:$X,"="&game_rosters!$J29,events!$AQ:$AQ,"="&game_rosters!$G29,events!$O:$O,"=AssistSecondary") -> 0 | AG29: =AE29+AF29 -> 0 | AH29: =AC29-N29 -> 0 | AI29: =(AD29*3)-Q29 -> 0 | AJ29: =AG29-O29 -> 0
C43: Home | D43: Away
C44: {=_xlfn._xlws.FILTER(J:J,G:G="home")} -> 3 | D44: {=_xlfn._xlws.FILTER(J:J,G:G="away")} -> 9
C45: 8 | D45: 14
C46: 12 | D46: 22
C47: 21 | D47: 39
C48: 34 | D48: 42
C49: 45 | D49: 49
C50: 47 | D50: 52
C51: 53 | D51: 55
C52: 78 | D52: 61
C53: 82 | D53: 70
C54: 86 | D54: 75
C55: 20 | D55: 84
C56: 99 | D56: 91
D57: 93
