Workbook
Name EventType: Lists!$A$2:$A$16
Name Faceoff: Lists!$U$2:$U$1048576
Name Goal: Lists!$X$2:$X$1048576
Name Goal_PenaltyShot: Lists!$BO$2:$BO$1048576
Name Goal_Scored: Lists!$BM$2:$BM$1048576
Name Goal_Shootout: Lists!$BN$2:$BN$1048576
Name LoosePuck: Lists!$AD$2:$AD$1048576
Name Pass: Lists!$W$2:$W$1048576
Name Pass_Completed: Lists!$AF$2:$AF$1048576
Name Pass_Deflected: Lists!$AH$2:$AH$1048576
Name Pass_Intercepted: Lists!$AI$2:$AI$1048576
Name Pass_Missed: Lists!$AG$2:$AG$1048576
Name Penalty: Lists!$AA$2:$AA$1048576
Name Penalty_Major: Lists!$AO$2:$AO$1048576
Name Penalty_Minor: Lists!$AP$2:$AP$1048576
Name Penalty_Offsetting: Lists!$AQ$2:$AQ$1048576
Name PenaltyShot_Missed: Lists!$AY$2:$AY$1048576
Name PenaltyShot_OnNet: Lists!$AX$2:$AX$1048576
Name PenaltyShot_Saved: Lists!$AZ$2:$AZ$1048576
Name PenaltyShot_Shootout: Lists!$AB$2:$AB$1048576
Name Play: Lists!$T:$T
Name Play_Defensive: Lists!$BS:$BS
Name Play_Offensive: Lists!$BR:$BR
Name Rebound: Lists!$BQ$2:$BQ$1048576
Name Save: Lists!$AE$2:$AE$1048576
Name Save_Freeze: Lists!$BB$2:$BB$1048576
Name Save_Played: Lists!$BP:$BP
Name Save_Rebound: Lists!$BA$2:$BA$1048576
Name Shootout_Missed: Lists!$AV$2:$AV$1048576
Name Shootout_OnNet: Lists!$AU$2:$AU$1048576
Name Shootout_Saved: Lists!$AW$2:$AW$1048576
Name Shot: Lists!$V$2:$V$1048576
Name Shot_Blocked: Lists!$BE$2:$BE$1048576
Name Shot_BlockedSameTeam: Lists!$BF$2:$BF$1048576
Name Shot_Deflected: Lists!$BG$2:$BG$1048576
Name Shot_DeflectedGoal: Lists!$BL$2:$BL$1048576
Name Shot_DeflectedOnNetSaved: Lists!$BH$2:$BH$1048576
Name Shot_Missed: Lists!$BD$2:$BD$1048576
Name Shot_OnNetGoal: Lists!$BJ$2:$BJ$1048576
Name Shot_OnNetSaved: Lists!$BC$2:$BC$1048576
Name Shot_TippedGoal: Lists!$BK$2:$BK$1048576
Name Shot_TippedOnNetSaved: Lists!$BI$2:$BI$1048576
Name Stoppage: Lists!$AC$2:$AC$1048576
Name Stoppage_Other: Lists!$AT$2:$AT$1048576
Name Stoppage_Period: Lists!$AS$2:$AS$1048576
Name Stoppage_Play: Lists!$AR$2:$AR$1048576
Name Turnover: Lists!$Y$2:$Y$1048576
Name Turnover_Giveaway: Lists!$AJ$2:$AJ$1048576
Name Turnover_Takeaway: Lists!$AK$2:$AK$1048576
Name Zone_Entry: Lists!$AL$2:$AL$1048576
Name Zone_Entry_Exit: Lists!$Z$2:$Z$1048576
Name Zone_Exit: Lists!$AM$2:$AM$1048576
Name Zone_Keepin: Lists!$AN$2:$AN$1048576

Sheet Rules
A1: Play | B1: NextPlay | C1: EventPlayers | D1: OppPlayers | E1: OnIcePlayers | I1: SequecnceDefinition | J1: Loose puck to loose puck
A2: Goal | B2: Stoppage | C2: Scorer | D2: Goalie, Defenders in Front | E2: All
A3: Stoppage | B3: Faceoff | C3: Winner, Next Player to Touch | D3: Loser | E3: None | I3: PlayDefinition | J3: Series of possession, passes that lead to shot or zone entry/exit
A4: Pass_Intercepted, Pass/ShotMissed Other Team Possession | B4: Turnover | C4: Passer/Shooter, Intended Recipient | D4: Intercepteor/Blocker | E4: In Play
A5: Turnover | B5: ChangePossession | C5: Player who turned over | D5: Player who received turnover | E5: In Play
A6: ShotSaved | B6: Save
A9: Zone breakout pass also add pass
A10: Turnover (any kind) also add pass/shot/etc
A11: Zone dumoin/clear that results in turnover list both

Sheet Lists
A1: EventType | C1: EventTypeDetail | E1: EventTypeDetail2 | G1: OffensivePlay | I1: DefensivePlay | K1: Team | N1: NHL Net | O1: Max | P1: Min | Q1: Total Max | R1: Total Min | T1: Play | U1: Faceoff | V1: Shot | W1: Pass | X1: Goal | Y1: Turnover | Z1: Zone Entry/Exit | AA1: Penalty | AB1: PenaltyShot/Shootout | AC1: Stoppage | AD1: LoosePuck | AE1: Save | AF1: Pass-Completed | AG1: Pass-Missed | AH1: Pass-Deflected | AI1: Pass-Intercepted | AJ1: Turnover-Giveaway | AK1: Turnover-Takeaway | AL1: Zone-Entry | AM1: Zone-Exit | AN1: Zone-Keepin | AO1: Penalty-Major | AP1: Penalty-Minor | AQ1: Penalty-Offsetting | AR1: Stoppage-Play | AS1: Stoppage-Period | AT1: Stoppage-Other | AU1: Shootout-OnNet | AV1: Shootout-Missed | AW1: Shootout-Saved | AX1: PenaltyShot-OnNet | AY1: PenaltyShot-Missed | AZ1: PenaltyShot-Saved | BA1: Save-Rebound | BB1: Save-Freeze | BC1: Shot_OnNetSaved | BD1: Shot_Missed | BE1: Shot_Blocked | BF1: Shot_BlockedSameTeam | BG1: Shot_Deflected | BH1: Shot_DeflectedOnNetSaved | BI1: Shot_TippedOnNetSaved | BJ1: Shot_OnNetGoal | BK1: Shot_TippedGoal | BL1: Shot_DeflectedGoal | BM1: Goal_Scored | BN1: Goal_Shootout | BO1: Goal_PenaltyShot | BP1: Save_Played | BQ1: Rebound | BR1: Play_Offensive | BS1: Play_Defensive | BU1: Faceoff | BV1: None | CA1: shift_start | CC1: shift_end
K2: Home | L2: =K3 -> Away | N2: X | O2: 36 | P2: -36 | Q2: =O2+O4 -> 38.375 | R2: =P2-O4 -> -38.375 | T2: Play_Offensive | U2: Faceoff_AfterPenalty | V2: Shot_OnNetSaved | W2: Pass_Completed | X2: Goal_Scored | Y2: Turnover_Giveaway | Z2: Zone_Entry | AA2: Penalty_Minor | AB2: PenaltyShot_OnNet | AC2: Stoppage_Period | AD2: LoosePuck_Forecheck | AE2: Save_Rebound | AF2: Pass-Stretch | AG2: Pass-Stretch | AH2: Pass-Stretch | AI2: Pass-Stretch | AJ2: Giveaway-Misplayed | AK2: Takeaway-BattleWon | AL2: ZoneEntry-Rush | AM2: ZoneExit-Rush | AN2: Zone-KeepIn | AO2: Penalty-Bench Penalty | AP2: Penalty-Bench Penalty | AQ2: Penalty-Bench Penalty | AR2: Stoppage-Icing | AS2: Stoppage-StartofShootout | AT2: Stoppage-ObjectsonIce | AU2: Shot-Wrist | AV2: Shot-Wrist | AW2: Shot-Wrist | AX2: Shot-Wrist | AY2: Shot-Wrist | AZ2: Shot-Wrist | BA2: Save-Glove | BB2: Save-Glove | BC2: Shot-Wrist | BD2: Shot-Wrist | BE2: Shot-Wrist | BF2: Shot-Wrist | BG2: Shot-Deflection | BH2: Shot-Deflection | BI2: Shot-Tip | BJ2: Shot-Wrist | BL2: Shot-Deflection | BM2: Goal-Wrist | BN2: Goal-Wrist | BO2: Goal-Wrist | BP2: Save-Glove | BQ2: Rebound_TeamRecovered | BU2: Shot | BV2: All | BX2: event_team_player_1 | BY2: e | CA2: PeriodStart | CC2: -
A3: Faceoff | B3: None | C3: Faceoff | E3: Shot-Wrist | G3: DriveMiddle | I3: PokeCheck | K3: Away | L3: =K2 -> Home | N3: Y | O3: 24 | P3: -24 | Q3: =O3+O5 -> 26.375 | R3: -24 | T3: Play_Defensive | U3: Faceoff_AfterGoal | V3: Shot_Missed | W3: Pass_Missed | X3: Goal_Shootout | Y3: Turnover_Takeaway | Z3: Zone_Exit | AA3: Penalty_Offsetting | AB3: PenaltyShot_Missed | AC3: Stoppage_Play | AD3: LoosePuck_Battle | AE3: Save_Freeze | AF3: Pass-Rim/Wrap | AG3: Pass-Rim/Wrap | AH3: Pass-Rim/Wrap | AI3: Pass-Rim/Wrap | AJ3: Giveaway-BattleLost | AK3: Takeaway-PokeCheck | AL3: ZoneEntry-Pass | AM3: ZoneExit-Pass | AN3: Zone-Pinch | AO3: Penalty-Boarding | AP3: Penalty-Boarding | AQ3: Penalty-Boarding | AR3: Stoppage-Offsides | AS3: Stoppage-PeriodStart | AT3: Stoppage-HomeTimeout | AU3: Shot-Slap | AV3: Shot-Slap | AW3: Shot-Slap | AX3: Shot-Slap | AY3: Shot-Slap | AZ3: Shot-Slap | BA3: Save-Blocker | BB3: Save-Blocker | BC3: Shot-Slap | BD3: Shot-Slap | BE3: Shot-Slap | BF3: Shot-Slap | BG3: Shot-Wrist | BH3: Shot-Wrist | BI3: Shot-Wrist | BJ3: Shot-Slap | BK3: Shot-Wrist | BL3: Shot-Wrist | BM3: Goal-Slap | BN3: Goal-Slap | BO3: Goal-Slap | BP3: Save-Blocker | BQ3: Rebound_OppTeamRecovered | BR3: DriveMiddle | BS3: PokeCheck | BU3: Pass | BV3: Involved | BX3: event_team_player_2 | BY3: o | CA3: FaceoffAfterGoal | CC3: Period Start
A4: Shot | C4: Faceoff-AfterPenalty | E4: Shot-Slap | G4: DriveWide | I4: PokeCheckFailed | N4: PostX | O4: 2.375 | U4: Faceoff_PeriodStart | V4: Shot_Blocked | W4: Pass_Deflected | X4: Goal_PenaltyShot | Z4: Zone_Keepin | AA4: Penalty_Major | AB4: PenaltyShot_Saved | AC4: Stoppage_Other | AE4: Save_Played | AF4: Pass-Backhand | AG4: Pass-Backhand | AH4: Pass-Backhand | AI4: Pass-Backhand | AJ4: Giveaway-PassIntercepted | AK4: Takeaway-PassIntercepted | AL4: ZoneEntry-DumpIn | AM4: ZoneExit-Clear | AN4: Zone-Other | AO4: Penalty-Charging | AP4: Penalty-Charging | AQ4: Penalty-Charging | AR4: Stoppage-ClockProblem | AS4: Stoppage-PeriodEnd | AT4: Stoppage-VisitorTimeout | AU4: Shot-Backhand | AV4: Shot-Backhand | AW4: Shot-Backhand | AX4: Shot-Backhand | AY4: Shot-Backhand | AZ4: Shot-Backhand | BA4: Save-LeftPad | BB4: Save-LeftPad | BC4: Shot-Backhand | BD4: Shot-Backhand | BE4: Shot-Backhand | BF4: Shot-Backhand | BG4: Shot-Slap | BH4: Shot-Slap | BI4: Shot-Slap | BJ4: Shot-Backhand | BK4: Shot-Slap | BL4: Shot-Slap | BM4: Goal-Backhand | BN4: Goal-Backhand | BO4: Goal-Backhand | BP4: Save-LeftPad | BQ4: Rebound_ShotGenerated | BR4: DriveWide | BS4: PokeCheckFailed | BU4: Goal | BV4: All | BX4: event_team_player_3 | CA4: GameStart | CC4: Period End
A5: Pass | C5: Faceoff-AfterGoal | E5: Shot-Backhand | G5: DriveCorner | I5: SeperateFromPuck | N5: PostY | O5: 2.375 | U5: Faceoff_AfterStoppage | V5: Shot_BlockedSameTeam | W5: Pass_Intercepted | AB5: ShootoutShot_OnNet | AC5: Stoppage_GameEnd | AF5: Pass-Forehand | AG5: Pass-Forehand | AH5: Pass-Forehand | AI5: Pass-Forehand | AJ5: Giveaway-PassMissed | AK5: Takeaway-PassBlocked | AL5: ZoneEntry-Chip | AM5: ZoneExit-Chip | AO5: Penalty-CrossChecking | AP5: Penalty-CrossChecking | AQ5: Penalty-CrossChecking | AR5: Stoppage-HighStick | AT5: Stoppage-RinkRepair | AU5: Shot-Snap | AV5: Shot-Snap | AW5: Shot-Snap | AX5: Shot-Snap | AY5: Shot-Snap | AZ5: Shot-Snap | BA5: Save-RightPad | BB5: Save-RightPad | BC5: Shot-Snap | BD5: Shot-Snap | BE5: Shot-Snap | BF5: Shot-Snap | BG5: Shot-Backhand | BH5: Shot-Backhand | BI5: Shot-Backhand | BJ5: Shot-Snap | BK5: Shot-Backhand | BL5: Shot-Backhand | BM5: Goal-Tip | BN5: Goal-Snap | BO5: Goal-Snap | BP5: Save-RightPad | BQ5: Rebound_FlurryGenerated | BR5: DriveCorner | BS5: SeperateFromPuck | BU5: Turnover | BV5: Involved | BX5: event_team_player_4 | CA5: FaceoffAfterPenalty | CC5: Puck Out of Play
A6: Goal | C6: Faceoff-PeriodStart | E6: Shot-Tip | G6: DriveNetMiddle | I6: Backcheck | U6: Faceoff_GameStart | V6: Shot_Deflected | AB6: ShootoutShot_Missed | AF6: Pass-Bank | AG6: Pass-Bank | AH6: Pass-Bank | AI6: Pass-Bank | AJ6: Giveaway-PassBlocked | AK6: Takeaway-ShotBlocked | AL6: ZoneEntry-FromExitClear | AM6: ZoneExit-PassMiss/Misplay | AO6: Penalty-DelayofGame | AP6: Penalty-DelayofGame | AQ6: Penalty-DelayofGame | AR6: Stoppage-HandPass | AT6: Stoppage-PlayerEquipment | AU6: Shot-WrapAround | AV6: Shot-WrapAround | AW6: Shot-WrapAround | AX6: Shot-WrapAround | AY6: Shot-WrapAround | AZ6: Shot-WrapAround | BA6: Save-Stick | BB6: Save-Stick | BC6: Shot-WrapAround | BD6: Shot-WrapAround | BE6: Shot-WrapAround | BF6: Shot-WrapAround | BG6: Shot-Snap | BH6: Shot-Snap | BI6: Shot-Snap | BJ6: Shot-WrapAround | BK6: Shot-Snap | BL6: Shot-Snap | BM6: Goal-Snap | BN6: Goal-WrapAround | BO6: Goal-WrapAround | BP6: Save-Stick | BR6: DriveNetMiddle | BS6: Backcheck | BU6: Zone_Entry_Exit | BV6: Involved | BX6: event_team_player_5 | CA6: OtherFaceoff | CC6: Injury
A7: Turnover | C7: Shot-OnNet | E7: Shot-Snap | G7: DriveNetWide | I7: FroceWide | V7: Shot_DeflectedOnNetSaved | AB7: ShootoutShot_Saved | AF7: Pass-Dump | AG7: Pass-Dump | AH7: Pass-Dump | AI7: Pass-Dump | AJ7: Giveaway-ShotBlocked | AK7: Takeaway-ZoneClear/Dump | AL7: ZoneEntry-PassMiss/Misplay | AM7: ZoneExit-OppTeam | AO7: Penalty-Diving | AP7: Penalty-Diving | AQ7: Penalty-Diving | AR7: Stoppage-NetDislodged | AT7: Stoppage-Challenge | AU7: Shot-Bat | AV7: Shot-Bat | AW7: Shot-Bat | AX7: Shot-Bat | AY7: Shot-Bat | AZ7: Shot-Bat | BA7: Save-Scramble | BB7: Save-Scramble | BC7: Shot-Bat | BD7: Shot-Bat | BE7: Shot-Bat | BF7: Shot-Bat | BG7: Shot-WrapAround | BH7: Shot-WrapAround | BI7: Shot-WrapAround | BJ7: Shot-Bat | BK7: Shot-WrapAround | BL7: Shot-WrapAround | BM7: Goal-WrapAround | BN7: Goal-Bat | BO7: Goal-Bat | BP7: Save-Scramble | BR7: DriveNetWide | BS7: FroceWide | BU7: Penalty | BV7: Involved | BX7: event_team_player_6 | CA7: DeadIce/Stoppage | CC7: Home Penalty
A8: Zone_Entry_Exit | C8: Shot-Missed | E8: Shot-WrapAround | G8: CrashNet | I8: Contain | V8: Shot_Tipped | AF8: Pass-Tipped | AG8: Pass-Tipped | AH8: Pass-Tipped | AI8: Pass-Tipped | AJ8: Giveaway-ShotMissed | AK8: Takeaway-AttemptedZoneClear/Dump | AL8: ZoneEntry-OppTeam | AM8: ZoneExit-Lob | AO8: Penalty-Elbowing | AP8: Penalty-Elbowing | AQ8: Penalty-Elbowing | AR8: Stoppage-Injury | AT8: Stoppage-Other | AU8: Shot-Cradle | AV8: Shot-Cradle | AW8: Shot-Cradle | AX8: Shot-Cradle | AY8: Shot-Cradle | AZ8: Shot-Cradle | BA8: Save-Butterfly | BB8: Save-Butterfly | BC8: Shot-Cradle | BD8: Shot-Cradle | BE8: Shot-Cradle | BF8: Shot-Cradle | BG8: Shot-Bat | BH8: Shot-Bat | BI8: Shot-Bat | BJ8: Shot-Cradle | BK8: Shot-Bat | BL8: Shot-Bat | BM8: Goal-Bat | BN8: Goal-Cradle | BO8: Goal-Cradle | BP8: Save-Butterfly | BR8: CrashNet | BS8: Contain | BU8: PenaltyShot_Shootout | BV8: Involved | BX8: opp_team_player_1 | CA8: Intermission | CC8: Away Penalty
A9: Penalty | C9: Shot-Blocked | E9: Shot-Bat | G9: Delay | I9: BeatMiddle | V9: Shot_TippedOnNetSaved | AF9: Pass-Lob | AG9: Pass-Lob | AH9: Pass-Lob | AI9: Pass-Lob | AJ9: Giveaway-ZoneClear/Dump | AK9: Takeaway-Other | AL9: ZoneEntry-Lob | AM9: ZoneExit-Other | AO9: Penalty-GoalieInterference | AP9: Penalty-GoalieInterference | AQ9: Penalty-GoalieInterference | AR9: Stoppage-GoalieStoppage | AU9: Shot-Poke | AV9: Shot-Poke | AW9: Shot-Poke | AX9: Shot-Poke | AY9: Shot-Poke | AZ9: Shot-Poke | BA9: Save-Chest | BB9: Save-Chest | BC9: Shot-Poke | BD9: Shot-Poke | BE9: Shot-Poke | BF9: Shot-Poke | BG9: Shot-Cradle | BH9: Shot-Cradle | BI9: Shot-Cradle | BJ9: Shot-Poke | BK9: Shot-Cradle | BL9: Shot-Cradle | BM9: Goal-Cradle | BN9: Goal-Poke | BO9: Goal-Poke | BP9: Save-Chest | BR9: Delay | BS9: BeatMiddle | BU9: Stoppage | BV9: None | BX9: opp_team_player_2 | CC9: Home Goalie Stoppage
A10: PenaltyShot_Shootout | C10: Shot-BlockedSameTeam | E10: Shot-Cradle | G10: Deke | I10: BeatWide | V10: Shot_OnNetGoal | AF10: Pass-Drop | AG10: Pass-Drop | AH10: Pass-Drop | AI10: Pass-Drop | AJ10: Giveaway-AttemptedZoneClear/Dump | AL10: ZoneEntry-RushBreakaway | AO10: Penalty-HighSticking | AP10: Penalty-HighSticking | AQ10: Penalty-HighSticking | AR10: Stoppage-PuckOutofPlay | AU10: Shot-BetweenLegs | AV10: Shot-BetweenLegs | AW10: Shot-BetweenLegs | AX10: Shot-BetweenLegs | AY10: Shot-BetweenLegs | AZ10: Shot-BetweenLegs | BA10: Save-Other | BB10: Save-Other | BC10: Shot-BetweenLegs | BD10: Shot-BetweenLegs | BE10: Shot-BetweenLegs | BF10: Shot-BetweenLegs | BG10: Shot-Poke | BH10: Shot-Poke | BI10: Shot-Poke | BJ10: Shot-BetweenLegs | BK10: Shot-Poke | BL10: Shot-Poke | BM10: Goal-Poke | BN10: Goal-BetweenLegs | BO10: Goal-BetweenLegs | BP10: Save-Other | BR10: Deke | BS10: BeatWide | BU10: Hit | BV10: Involved | BX10: opp_team_player_3 | CC10: Away Goalie Stoppage
A11: Stoppage | C11: Shot-Deflected | E11: Shot-Poke | G11: Chip | I11: BeatDeke | V11: Shot_OnNetTippedGoal | AF11: Pass-Other | AG11: Pass-Other | AH11: Pass-Other | AI11: Pass-Other | AJ11: Giveaway-ZoneEntry/ExitMisplay | AL11: ZoneEntry-Other | AO11: Penalty-Holding | AP11: Penalty-Holding | AQ11: Penalty-Holding | AR11: Stoppage-Penalty | AU11: Shot-Other | AV11: Shot-Other | AW11: Shot-Other | AX11: Shot-Other | AY11: Shot-Other | AZ11: Shot-Other | BC11: Shot-Dumpin | BD11: Shot-Dumpin | BE11: Shot-Dumpin | BF11: Shot-Dumpin | BG11: Shot-BetweenLegs | BH11: Shot-BetweenLegs | BI11: Shot-BetweenLegs | BJ11: Shot-Dumpin | BK11: Shot-BetweenLegs | BL11: Shot-BetweenLegs | BM11: Goal-BetweenLegs | BN11: Goal-Other | BO11: Goal-Other | BR11: Chip | BS11: BeatDeke | BU11: Possession | BV11: Involved | BX11: opp_team_player_4 | CC11: Home Offside
A12: Hit | C12: Shot-DeflectedOnNet | E12: Shot-BetweenLegs | G12: Other | I12: BeatSpeed | V12: Shot_OnNetDeflectedGoal | AJ12: Giveaway-DumpInZone | AO12: Penalty-Interference | AP12: Penalty-Interference | AQ12: Penalty-Interference | AR12: Stoppage-Goal | BC12: Shot-OneTime | BD12: Shot-OneTime | BE12: Shot-OneTime | BF12: Shot-OneTime | BG12: Shot-Dumpin | BH12: Shot-Dumpin | BI12: Shot-Dumpin | BJ12: Shot-OneTime | BK12: Shot-Dumpin | BL12: Shot-Dumpin | BM12: Goal-Dumpin | BR12: Other | BS12: BeatSpeed | BU12: LoosePuck | BV12: None | BX12: opp_team_player_5 | CC12: Home Icing
A13: Possession | C13: Shot-Tipped | E13: Shot-Dumpin | G13: DumpChase | I13: BoxOut | V13: Shot_Goal | AJ13: Giveaway-Other | AO13: Penalty-Hooking | AP13: Penalty-Fighting | AQ13: Penalty-Fighting | BC13: Shot-Other | BD13: Shot_Tipped | BE13: Shot_Tipped | BF13: Shot_Tipped | BG13: Shot-OneTime | BH13: Shot-OneTime | BI13: Shot-OneTime | BJ13: Shot-Other | BK13: Shot-OneTime | BL13: Shot-OneTime | BM13: Goal-Deflection | BR13: DumpChase | BS13: BoxOut | BU13: Save | BV13: Involved | BX13: opp_team_player_6 | CC13: Away Offside
A14: LoosePuck | C14: Pass-Completed | E14: Shot-Deflection | G14: Forecheck | I14: Other | AO14: Penalty-Roughing | AP14: Penalty-Hooking | AQ14: Penalty-Hooking | BD14: Shot-Other | BE14: Shot-Other | BF14: Shot-Other | BG14: Shot-Other | BH14: Shot-Other | BI14: Shot-Other | BJ14: Shot-Deflection | BK14: Shot-Other | BL14: Shot-Other | BM14: Goal-OneTime | BR14: Forecheck | BS14: Other | BU14: TeamPossessionChange | BV14: None | CC14: Away Icing
A15: Save | C15: Pass-Missed | E15: Shot-OneTime | G15: Speed | AO15: Penalty-Slashing | AP15: Penalty-Roughing | AQ15: Penalty-Roughing | BJ15: Shot-Tip | BM15: Goal-Other | BR15: Speed | BU15: Rebound | BV15: Invoived | CC15: Clock Problem
A16: TeamPossessionChange | C16: Pass-Deflected | E16: Shot-Other | AO16: Penalty-TooManyMenontheIce | AP16: Penalty-Slashing | AQ16: Penalty-Slashing | CC16: Puck Frozen
A17: Rebound | C17: Pass-Intercepted | E17: Pass-Stretch | AO17: Penalty-Tripping | AP17: Penalty-Misconduct | AQ17: Penalty-Misconduct | CC17: Puck in Crowd
A18: DeadIce | C18: Turnover-Giveaway | E18: Pass-Rim/Wrap | AO18: Penalty-Other | AP18: Penalty-TooManyMenontheIce | AQ18: Penalty-TooManyMenontheIce | CC18: Goalie Stopped (after SOG)
A19: Play | C19: Turnover-Takeaway | E19: Pass-Backhand | AP19: Penalty-Tripping | AQ19: Penalty-Tripping | CC19: Referee or Linesperson
A20: Timeout | C20: Zone-Entry | E20: Pass-Forehand | AP20: Penalty-UnsportsmanlikeConduct | AQ20: Penalty-UnsportsmanlikeConduct | CC20: High Stick
A21: Intermission | C21: Zone-Exit | E21: Pass-Bank | AP21: Penalty-Other | AQ21: Penalty-Other | CC21: Objects on Ice
A22: Clockstop | C22: Zone-Keepin | E22: Pass-Other | CC22: Hand Pass
A23: GameStart | C23: Penalty | E23: Giveaway-Misplayed | CC23: Premature Substitution
A24: GameEnd | C24: Penalty-Offsetting | E24: Giveaway-BattleLost | CC24: Puck in Netting
C25: Stoppage-Freeze | E25: Giveaway-PassIntercepted | CC25: Puck in Benches
C26: Stoppage-OutfofPlay | E26: Giveaway-PassMissed | CC26: Net Dislodged Offensive Skater
C27: Stoppage-PeriodEnd | E27: Giveaway-PassBlocked | CC27: Puck Frzn-Goalie-Bynd Ctr
C28: Stoppage-Goal | E28: Giveaway-ShotBlocked | CC28: Skater Puck Frozen
C29: Stoppage-Penalty | E29: Giveaway-ShotMissed | CC29: Valid stoppage type reasons (reason):
C30: Shootout-OnNet | E30: Giveaway-Other | CC30: TV timeout
C31: Shootout-Missed | E31: Takeaway-BattleWon | CC31: Home Timeout
C32: Shootout-Saved | E32: Takeaway-PokeCheck | CC32: Visitor Timeout
C33: PenaltyShot-OnNet | E33: Takeaway-PassIntercepted | CC33: Player Injury
C34: PenaltyShot-Missed | E34: Takeaway-PassBlocked | CC34: Official Injury
C35: PenaltyShot-Saved | E35: Takeaway-ShotBlocked | CC35: Rink Repair
C36: LoosePuck-Forecheck | E36: Takeaway-Other | CC36: Ice problem
... C43: Faceoff-GameStart | E43: Zone-KeepIn | CC43: Chlg League - off-side
E44: Zone-Pinch | CC44: Chlg League - goal interference
E45: Zone-Other | CC45: Switch sides
E46: Save-Glove | CC46: Chlg Hm - Missed stoppage
E47: Save-Blocker | CC47: Chlg Vis - Missed stoppage
E48: Save-LeftPad | CC48: Chlg League - Missed stoppage
E49: Save-RightPad | CC49: Chlg Hm - puck over glass
E50: Save-Stick | CC50: Chlg Vis - puck over glass
E51: Save-Scramble | CC51: Chlg League - puck over glass
E52: Save-Butterfly | CC52: Home Goal
E53: Save-Chest | CC53: Away Goal
E54: Save-Other | CC54: Away Goalie Stopped (after Home SOG)
E55: Stoppage-StartofShootout | CC55: Home Goalie Stopped (after Away SOG)
E56: Stoppage-PeriodStart | CC56: DeadIce/Stoppage
E57: Stoppage-PeriodEnd
E58: Stoppage-PuckOutofPlay
E59: Stoppage-Penalty
E60: Stoppage-Icing
E61: Stoppage-Offsides
E62: Stoppage-GoalieStoppage
E63: Stoppage-ClockProblem
E64: Stoppage-HighStick
E65: Stoppage-ObjectsonIce
E66: Stoppage-HandPass
E67: Stoppage-NetDislodged
E68: Stoppage-HomeTimeout
... E98: Play-Defensive

Sheet events
A1: event_index | B1: sequence_index | C1: play_index | D1: Period | E1: event_start_min | F1: event_start_sec | G1: event_end_min | H1: event_end_sec | I1: Team | J1: Player | K1: role_abrev | L1: Type | M1: event_detail | N1: event_detail_2 | O1: offensive_play | P1: defensive_play | Q1: game_id | R1: home_team | S1: away_team | T1: duration | U1: time_start_total_seconds | V1: time_end_total_seconds | W1: shift_index | X1: player_role | Y1: role_number | Z1: running_intermission_duration | AA1: period_start_total_running_seconds | AB1: running_video_time | AC1: event_running_start | AD1: event_running_end
A2: 0 | D2: 1 | L2: GameStart | M2: Faceoff_GameStart | Q2: 18976 | R2: Velodrome | S2: HollowBrook | AA2: 0 | AB2: 0 | AC2: 0 | AD2: 0
A3: 1 | D3: 1 | E3: 18 | F3: 0 | I3: Away | J3: 11 | K3: e | L3: Faceoff | M3: Faceoff_GameStart | Q3: 18977 | R3: Velodrome | S3: HollowBrook | T3: =IF(AND(G3="",H3=""),0,((E3*60)+F3)-((G3*60)+H3)) -> 0 | U3: =(E3*60)+F3 -> 1080 | V3: =IF(AND(G3="",H3=""),U3,((G3*60)+H3)) -> 1080 | W3: {=_xlfn._xlws.FILTER(shifts!A:A,(shifts!B:B=events!D3)*(shifts!AH:AH>=events!U3)*(shifts!AI:AI<=events!V3))} -> 1 | X3: =IF(K3="e","event_team_player_"&Y3,IF(K3="o","opp_team_player_"&Y3,"")) -> event_team_player_1 | Y3: =COUNTIFS(A$3:A3,"="&A3,K$3:K3,"="&K3) -> 1 | Z3: =SUMIFS(T3:T3,L3:L3,"=Intermission") -> 0 | AA3: =IF(D3=1,0,IF(D3=2,1080+Z3,IF(D3=3,(1080*2)+Z3,0))) -> 0 | AB3: =((1080*D3)-((E3*60)+F3)*D3)+Z3 -> 0 | AC3: =IF(L2="GameStart",0,AA3+Z3) -> 0 | AD3: =AC3+5 -> 5
A4: 1 | D4: =IF(L4="Intermission",D3+1,D3) -> 1 | E4: 18 | F4: 0 | I4: Away | J4: 27 | K4: e | L4: Faceoff | M4: Faceoff_GameStart | Q4: 18977 | R4: Velodrome | S4: HollowBrook | T4: =IF(AND(G4="",H4=""),0,((E4*60)+F4)-((G4*60)+H4)) -> 0 | U4: =(E4*60)+F4 -> 1080 | V4: =IF(AND(G4="",H4=""),U4,((G4*60)+H4)) -> 1080 | W4: {=_xlfn._xlws.FILTER(shifts!A:A,(shifts!B:B=events!D4)*(shifts!AH:AH>=events!U4)*(shifts!AI:AI<=events!V4))} -> 1 | X4: =IF(K4="e","event_team_player_"&Y4,IF(K4="o","opp_team_player_"&Y4,"")) -> event_team_player_2 | Y4: =COUNTIFS(A$3:A4,"="&A4,K$3:K4,"="&K4) -> 2 | Z4: =SUMIFS(T$3:T4,L$3:L4,"=Intermission")+SUMIFS(T$3:T4,L$3:L4,"=Timeout")+SUMIFS(T$3:T4,L$3:L4,"=Clockstop") -> 0 | AA4: =IF(D4=1,0,IF(D4=2,1080+Z4,IF(D4=3,(1080*2)+Z4,0))) -> 0 | AB4: =((1080*D4)-((E4*60)+F4)*D4)+Z4 -> 0 | AC4: =IF(L3="GameStart",0,AA4+Z4) -> 0 | AD4: =AC4+5 -> 5
A5: 1 | D5: =IF(L5="Intermission",D4+1,D4) -> 1 | E5: 18 | F5: 0 | I5: Away | J5: 70 | K5: o | L5: Faceoff | M5: Faceoff_GameStart | Q5: 18977 | R5: Velodrome | S5: HollowBrook | T5: =IF(AND(G5="",H5=""),0,((E5*60)+F5)-((G5*60)+H5)) -> 0 | U5: =(E5*60)+F5 -> 1080 | V5: =IF(AND(G5="",H5=""),U5,((G5*60)+H5)) -> 1080 | W5: {=_xlfn._xlws.FILTER(shifts!A:A,(shifts!B:B=events!D5)*(shifts!AH:AH>=events!U5)*(shifts!AI:AI<=events!V5))} -> 1 | X5: =IF(K5="e","event_team_player_"&Y5,IF(K5="o","opp_team_player_"&Y5,"")) -> opp_team_player_1 | Y5: =COUNTIFS(A$3:A5,"="&A5,K$3:K5,"="&K5) -> 1 | Z5: =SUMIFS(T$3:T5,L$3:L5,"=Intermission")+SUMIFS(T$3:T5,L$3:L5,"=Timeout")+SUMIFS(T$3:T5,L$3:L5,"=Clockstop") -> 0 | AA5: =IF(D5=1,0,IF(D5=2,1080+Z5,IF(D5=3,(1080*2)+Z5,0))) -> 0 | AB5: =((1080*D5)-((E5*60)+F5)*D5)+Z5 -> 0 | AC5: =IF(L4="GameStart",0,AA5+Z5) -> 0 | AD5: =AC5+5 -> 5
A6: 2 | D6: =IF(L6="Intermission",D5+1,D5) -> 1 | E6: 17 | F6: 58 | I6: Away | J6: 27 | K6: e | L6: Pass | M6: Pass-Completed | N6: Pass-Forehand | Q6: 18977 | R6: Velodrome | S6: HollowBrook | T6: =IF(AND(G6="",H6=""),0,((E6*60)+F6)-((G6*60)+H6)) -> 0 | U6: =(E6*60)+F6 -> 1078 | V6: =IF(AND(G6="",H6=""),U6,((G6*60)+H6)) -> 1078 | W6: {=_xlfn._xlws.FILTER(shifts!A:A,(shifts!B:B=events!D6)*(shifts!AH:AH>=events!U6)*(shifts!AI:AI<=events!V6))} -> 1 | X6: =IF(K6="e","event_team_player_"&Y6,IF(K6="o","opp_team_player_"&Y6,"")) -> event_team_player_1 | Y6: =COUNTIFS(A$3:A6,"="&A6,K$3:K6,"="&K6) -> 1 | Z6: =SUMIFS(T$3:T6,L$3:L6,"=Intermission")+SUMIFS(T$3:T6,L$3:L6,"=Timeout")+SUMIFS(T$3:T6,L$3:L6,"=Clockstop") -> 0 | AA6: =IF(D6=1,0,IF(D6=2,1080+Z6,IF(D6=3,(1080*2)+Z6,0))) -> 0 | AB6: =((1080*D6)-((E6*60)+F6)*D6)+Z6 -> 2 | AC6: =IF(L5="GameStart",0,AA6+Z6) -> 0 | AD6: =AC6+5 -> 5
A7: 2 | D7: =IF(L7="Intermission",D6+1,D6) -> 1 | E7: 17 | F7: 58 | I7: Away | J7: 33 | K7: e | L7: Pass | M7: Pass-Completed | N7: Pass-Forehand | Q7: 18977 | R7: Velodrome | S7: HollowBrook | T7: =IF(AND(G7="",H7=""),0,((E7*60)+F7)-((G7*60)+H7)) -> 0 | U7: =(E7*60)+F7 -> 1078 | V7: =IF(AND(G7="",H7=""),U7,((G7*60)+H7)) -> 1078 | W7: {=_xlfn._xlws.FILTER(shifts!A:A,(shifts!B:B=events!D7)*(shifts!AH:AH>=events!U7)*(shifts!AI:AI<=events!V7))} -> 1 | X7: =IF(K7="e","event_team_player_"&Y7,IF(K7="o","opp_team_player_"&Y7,"")) -> event_team_player_2 | Y7: =COUNTIFS(A$3:A7,"="&A7,K$3:K7,"="&K7) -> 2 | Z7: =SUMIFS(T$3:T7,L$3:L7,"=Intermission")+SUMIFS(T$3:T7,L$3:L7,"=Timeout")+SUMIFS(T$3:T7,L$3:L7,"=Clockstop") -> 0 | AA7: =IF(D7=1,0,IF(D7=2,1080+Z7,IF(D7=3,(1080*2)+Z7,0))) -> 0 | AB7: =((1080*D7)-((E7*60)+F7)*D7)+Z7 -> 2 | AC7: =IF(L6="GameStart",0,AA7+Z7) -> 0
A8: 3 | D8: =IF(L8="Intermission",D7+1,D7) -> 1 | E8: 17 | F8: 58 | I8: Away | J8: 33 | K8: e | L8: Pass | M8: Pass-Completed | N8: Pass-Forehand | Q8: 18977 | R8: Velodrome | S8: HollowBrook | T8: =IF(AND(G8="",H8=""),0,((E8*60)+F8)-((G8*60)+H8)) -> 0 | U8: =(E8*60)+F8 -> 1078 | V8: =IF(AND(G8="",H8=""),U8,((G8*60)+H8)) -> 1078 | W8: {=_xlfn._xlws.FILTER(shifts!A:A,(shifts!B:B=events!D8)*(shifts!AH:AH>=events!U8)*(shifts!AI:AI<=events!V8))} -> 1 | X8: =IF(K8="e","event_team_player_"&Y8,IF(K8="o","opp_team_player_"&Y8,"")) -> event_team_player_1 | Y8: =COUNTIFS(A$3:A8,"="&A8,K$3:K8,"="&K8) -> 1 | Z8: =SUMIFS(T$3:T8,L$3:L8,"=Intermission")+SUMIFS(T$3:T8,L$3:L8,"=Timeout")+SUMIFS(T$3:T8,L$3:L8,"=Clockstop") -> 0 | AA8: =IF(D8=1,0,IF(D8=2,1080+Z8,IF(D8=3,(1080*2)+Z8,0))) -> 0 | AB8: =((1080*D8)-((E8*60)+F8)*D8)+Z8 -> 2 | AC8: =IF(L7="GameStart",0,AA8+Z8) -> 0
A9: 3 | D9: =IF(L9="Intermission",D8+1,D8) -> 1 | E9: 17 | F9: 58 | I9: Away | J9: 27 | K9: e | L9: Pass | M9: Pass-Completed | N9: Pass-Forehand | Q9: 18977 | R9: Velodrome | S9: HollowBrook | T9: =IF(AND(G9="",H9=""),0,((E9*60)+F9)-((G9*60)+H9)) -> 0 | U9: =(E9*60)+F9 -> 1078 | V9: =IF(AND(G9="",H9=""),U9,((G9*60)+H9)) -> 1078 | W9: {=_xlfn._xlws.FILTER(shifts!A:A,(shifts!B:B=events!D9)*(shifts!AH:AH>=events!U9)*(shifts!AI:AI<=events!V9))} -> 1 | X9: =IF(K9="e","event_team_player_"&Y9,IF(K9="o","opp_team_player_"&Y9,"")) -> event_team_player_2 | Y9: =COUNTIFS(A$3:A9,"="&A9,K$3:K9,"="&K9) -> 2 | Z9: =SUMIFS(T$3:T9,L$3:L9,"=Intermission")+SUMIFS(T$3:T9,L$3:L9,"=Timeout")+SUMIFS(T$3:T9,L$3:L9,"=Clockstop") -> 0 | AA9: =IF(D9=1,0,IF(D9=2,1080+Z9,IF(D9=3,(1080*2)+Z9,0))) -> 0 | AB9: =((1080*D9)-((E9*60)+F9)*D9)+Z9 -> 2 | AC9: =IF(L8="GameStart",0,AA9+Z9) -> 0
A10: 4 | D10: =IF(L10="Intermission",D9+1,D9) -> 1 | E10: 17 | F10: 55 | G10: 17 | H10: 53 | I10: Away | J10: 27 | K10: e | L10: Possession | Q10: 18977 | R10: Velodrome | S10: HollowBrook | T10: =IF(AND(G10="",H10=""),0,((E10*60)+F10)-((G10*60)+H10)) -> 2 | U10: =(E10*60)+F10 -> 1075 | V10: =IF(AND(G10="",H10=""),U10,((G10*60)+H10)) -> 1073 | W10: {=_xlfn._xlws.FILTER(shifts!A:A,(shifts!B:B=events!D10)*(shifts!AH:AH>=events!U10)*(shifts!AI:AI<=events!V10))} -> 1 | X10: =IF(K10="e","event_team_player_"&Y10,IF(K10="o","opp_team_player_"&Y10,"")) -> event_team_player_1 | Y10: =COUNTIFS(A$3:A10,"="&A10,K$3:K10,"="&K10) -> 1 | Z10: =SUMIFS(T$3:T10,L$3:L10,"=Intermission")+SUMIFS(T$3:T10,L$3:L10,"=Timeout")+SUMIFS(T$3:T10,L$3:L10,"=Clockstop") -> 0 | AA10: =IF(D10=1,0,IF(D10=2,1080+Z10,IF(D10=3,(1080*2)+Z10,0))) -> 0 | AB10: =((1080*D10)-((E10*60)+F10)*D10)+Z10 -> 5 | AC10: =IF(L9="GameStart",0,AA10+Z10) -> 0
A11: 5 | D11: =IF(L11="Intermission",D10+1,D10) -> 1 | E11: 17 | F11: 50 | I11: Away | J11: 33 | K11: e | L11: Pass | M11: Pass-Missed | N11: Pass-Forehand | Q11: 18977 | R11: Velodrome | S11: HollowBrook | T11: =IF(AND(G11="",H11=""),0,((E11*60)+F11)-((G11*60)+H11)) -> 0 | U11: =(E11*60)+F11 -> 1070 | V11: =IF(AND(G11="",H11=""),U11,((G11*60)+H11)) -> 1070 | W11: {=_xlfn._xlws.FILTER(shifts!A:A,(shifts!B:B=events!D11)*(shifts!AH:AH>=events!U11)*(shifts!AI:AI<=events!V11))} -> 1 | X11: =IF(K11="e","event_team_player_"&Y11,IF(K11="o","opp_team_player_"&Y11,"")) -> event_team_player_1 | Y11: =COUNTIFS(A$3:A11,"="&A11,K$3:K11,"="&K11) -> 1 | Z11: =SUMIFS(T$3:T11,L$3:L11,"=Intermission")+SUMIFS(T$3:T11,L$3:L11,"=Timeout")+SUMIFS(T$3:T11,L$3:L11,"=Clockstop") -> 0 | AA11: =IF(D11=1,0,IF(D11=2,1080+Z11,IF(D11=3,(1080*2)+Z11,0))) -> 0 | AB11: =((1080*D11)-((E11*60)+F11)*D11)+Z11 -> 10 | AC11: =IF(L10="GameStart",0,AA11+Z11) -> 0
A12: 5 | D12: =IF(L12="Intermission",D11+1,D11) -> 1 | E12: 17 | F12: 50 | I12: Away | J12: 27 | K12: e | L12: Pass | M12: Pass-Missed | N12: Pass-Forehand | Q12: 18977 | R12: Velodrome | S12: HollowBrook | T12: =IF(AND(G12="",H12=""),0,((E12*60)+F12)-((G12*60)+H12)) -> 0 | U12: =(E12*60)+F12 -> 1070 | V12: =IF(AND(G12="",H12=""),U12,((G12*60)+H12)) -> 1070 | W12: {=_xlfn._xlws.FILTER(shifts!A:A,(shifts!B:B=events!D12)*(shifts!AH:AH>=events!U12)*(shifts!AI:AI<=events!V12))} -> 1 | X12: =IF(K12="e","event_team_player_"&Y12,IF(K12="o","opp_team_player_"&Y12,"")) -> event_team_player_2 | Y12: =COUNTIFS(A$3:A12,"="&A12,K$3:K12,"="&K12) -> 2 | Z12: =SUMIFS(T$3:T12,L$3:L12,"=Intermission")+SUMIFS(T$3:T12,L$3:L12,"=Timeout")+SUMIFS(T$3:T12,L$3:L12,"=Clockstop") -> 0 | AA12: =IF(D12=1,0,IF(D12=2,1080+Z12,IF(D12=3,(1080*2)+Z12,0))) -> 0 | AB12: =((1080*D12)-((E12*60)+F12)*D12)+Z12 -> 10 | AC12: =IF(L11="GameStart",0,AA12+Z12) -> 0
A13: 6 | D13: =IF(L13="Intermission",D12+1,D12) -> 1 | E13: 17 | F13: 47 | I13: Away | J13: 33 | K13: e | L13: Turnover | M13: Turnover-Giveaway | N13: Giveaway-Misplayed | Q13: 18977 | R13: Velodrome | S13: HollowBrook | T13: =IF(AND(G13="",H13=""),0,((E13*60)+F13)-((G13*60)+H13)) -> 0 | U13: =(E13*60)+F13 -> 1067 | V13: =IF(AND(G13="",H13=""),U13,((G13*60)+H13)) -> 1067 | W13: {=_xlfn._xlws.FILTER(shifts!A:A,(shifts!B:B=events!D13)*(shifts!AH:AH>=events!U13)*(shifts!AI:AI<=events!V13))} -> 1 | X13: =IF(K13="e","event_team_player_"&Y13,IF(K13="o","opp_team_player_"&Y13,"")) -> event_team_player_1 | Y13: =COUNTIFS(A$3:A13,"="&A13,K$3:K13,"="&K13) -> 1 | Z13: =SUMIFS(T$3:T13,L$3:L13,"=Intermission")+SUMIFS(T$3:T13,L$3:L13,"=Timeout")+SUMIFS(T$3:T13,L$3:L13,"=Clockstop") -> 0 | AA13: =IF(D13=1,0,IF(D13=2,1080+Z13,IF(D13=3,(1080*2)+Z13,0))) -> 0 | AB13: =((1080*D13)-((E13*60)+F13)*D13)+Z13 -> 13 | AC13: =IF(L12="GameStart",0,AA13+Z13) -> 0
A14: 6 | D14: =IF(L14="Intermission",D13+1,D13) -> 1 | E14: 17 | F14: 47 | I14: Away | J14: 70 | K14: o | L14: Turnover | M14: Turnover-Giveaway | N14: Giveaway-Misplayed | Q14: 18977 | R14: Velodrome | S14: HollowBrook | T14: =IF(AND(G14="",H14=""),0,((E14*60)+F14)-((G14*60)+H14)) -> 0 | U14: =(E14*60)+F14 -> 1067 | V14: =IF(AND(G14="",H14=""),U14,((G14*60)+H14)) -> 1067 | W14: {=_xlfn._xlws.FILTER(shifts!A:A,(shifts!B:B=events!D14)*(shifts!AH:AH>=events!U14)*(shifts!AI:AI<=events!V14))} -> 1 | X14: =IF(K14="e","event_team_player_"&Y14,IF(K14="o","opp_team_player_"&Y14,"")) -> opp_team_player_1 | Y14: =COUNTIFS(A$3:A14,"="&A14,K$3:K14,"="&K14) -> 1 | Z14: =SUMIFS(T$3:T14,L$3:L14,"=Intermission")+SUMIFS(T$3:T14,L$3:L14,"=Timeout")+SUMIFS(T$3:T14,L$3:L14,"=Clockstop") -> 0 | AA14: =IF(D14=1,0,IF(D14=2,1080+Z14,IF(D14=3,(1080*2)+Z14,0))) -> 0 | AB14: =((1080*D14)-((E14*60)+F14)*D14)+Z14 -> 13 | AC14: =IF(L13="GameStart",0,AA14+Z14) -> 0
A15: 7 | D15: =IF(L15="Intermission",D14+1,D14) -> 1 | E15: 17 | F15: 45 | I15: Home | J15: 49 | K15: e | L15: Stoppage | M15: Stoppage-Play | N15: Stoppage-Offsides | Q15: 18977 | R15: Velodrome | S15: HollowBrook | T15: =IF(AND(G15="",H15=""),0,((E15*60)+F15)-((G15*60)+H15)) -> 0 | U15: =(E15*60)+F15 -> 1065 | V15: =IF(AND(G15="",H15=""),U15,((G15*60)+H15)) -> 1065 | W15: {=_xlfn._xlws.FILTER(shifts!A:A,(shifts!B:B=events!D15)*(shifts!AH:AH>=events!U15)*(shifts!AI:AI<=events!V15))} -> 1 | X15: =IF(K15="e","event_team_player_"&Y15,IF(K15="o","opp_team_player_"&Y15,"")) -> event_team_player_1 | Y15: =COUNTIFS(A$3:A15,"="&A15,K$3:K15,"="&K15) -> 1 | Z15: =SUMIFS(T$3:T15,L$3:L15,"=Intermission")+SUMIFS(T$3:T15,L$3:L15,"=Timeout")+SUMIFS(T$3:T15,L$3:L15,"=Clockstop") -> 0 | AA15: =IF(D15=1,0,IF(D15=2,1080+Z15,IF(D15=3,(1080*2)+Z15,0))) -> 0 | AB15: =((1080*D15)-((E15*60)+F15)*D15)+Z15 -> 15 | AC15: =IF(L14="GameStart",0,AA15+Z15) -> 0
A16: 8 | D16: =IF(L16="Intermission",D15+1,D15) -> 1 | E16: 17 | F16: 45 | G16: 17 | H16: 23 | I16: Home | J16: 49 | K16: e | L16: DeadIce | Q16: 18977 | R16: Velodrome | S16: HollowBrook | T16: =IF(AND(G16="",H16=""),0,((E16*60)+F16)-((G16*60)+H16)) -> 22 | U16: =(E16*60)+F16 -> 1065 | V16: =IF(AND(G16="",H16=""),U16,((G16*60)+H16)) -> 1043 | W16: {=_xlfn._xlws.FILTER(shifts!A:A,(shifts!B:B=events!D16)*(shifts!AH:AH>=events!U16)*(shifts!AI:AI<=events!V16))} -> 1 | X16: =IF(K16="e","event_team_player_"&Y16,IF(K16="o","opp_team_player_"&Y16,"")) -> event_team_player_1 | Y16: =COUNTIFS(A$3:A16,"="&A16,K$3:K16,"="&K16) -> 1 | Z16: =SUMIFS(T$3:T16,L$3:L16,"=Intermission")+SUMIFS(T$3:T16,L$3:L16,"=Timeout")+SUMIFS(T$3:T16,L$3:L16,"=Clockstop") -> 0 | AA16: =IF(D16=1,0,IF(D16=2,1080+Z16,IF(D16=3,(1080*2)+Z16,0))) -> 0 | AB16: =((1080*D16)-((E16*60)+F16)*D16)+Z16 -> 15 | AC16: =IF(L15="GameStart",0,AA16+Z16) -> 0
A17: 9 | D17: =IF(L17="Intermission",D16+1,D16) -> 1 | E17: 17 | F17: 23 | I17: Home | J17: 70 | K17: e | L17: Faceoff | M17: Faceoff | Q17: 18977 | R17: Velodrome | S17: HollowBrook | T17: =IF(AND(G17="",H17=""),0,((E17*60)+F17)-((G17*60)+H17)) -> 0 | U17: =(E17*60)+F17 -> 1043 | V17: =IF(AND(G17="",H17=""),U17,((G17*60)+H17)) -> 1043 | W17: {=_xlfn._xlws.FILTER(shifts!A:A,(shifts!B:B=events!D17)*(shifts!AH:AH>=events!U17)*(shifts!AI:AI<=events!V17))} -> 1 | X17: =IF(K17="e","event_team_player_"&Y17,IF(K17="o","opp_team_player_"&Y17,"")) -> event_team_player_1 | Y17: =COUNTIFS(A$3:A17,"="&A17,K$3:K17,"="&K17) -> 1 | Z17: =SUMIFS(T$3:T17,L$3:L17,"=Intermission")+SUMIFS(T$3:T17,L$3:L17,"=Timeout")+SUMIFS(T$3:T17,L$3:L17,"=Clockstop") -> 0 | AA17: =IF(D17=1,0,IF(D17=2,1080+Z17,IF(D17=3,(1080*2)+Z17,0))) -> 0 | AB17: =((1080*D17)-((E17*60)+F17)*D17)+Z17 -> 37 | AC17: =IF(L16="GameStart",0,AA17+Z17) -> 0
A18: 9 | D18: =IF(L18="Intermission",D17+1,D17) -> 1 | E18: 17 | F18: 23 | I18: Home | J18: 11 | K18: o | L18: Faceoff | M18: Faceoff | Q18: 18977 | R18: Velodrome | S18: HollowBrook | T18: =IF(AND(G18="",H18=""),0,((E18*60)+F18)-((G18*60)+H18)) -> 0 | U18: =(E18*60)+F18 -> 1043 | V18: =IF(AND(G18="",H18=""),U18,((G18*60)+H18)) -> 1043 | W18: {=_xlfn._xlws.FILTER(shifts!A:A,(shifts!B:B=events!D18)*(shifts!AH:AH>=events!U18)*(shifts!AI:AI<=events!V18))} -> 1 | X18: =IF(K18="e","event_team_player_"&Y18,IF(K18="o","opp_team_player_"&Y18,"")) -> opp_team_player_1 | Y18: =COUNTIFS(A$3:A18,"="&A18,K$3:K18,"="&K18) -> 1 | Z18: =SUMIFS(T$3:T18,L$3:L18,"=Intermission")+SUMIFS(T$3:T18,L$3:L18,"=Timeout")+SUMIFS(T$3:T18,L$3:L18,"=Clockstop") -> 0 | AA18: =IF(D18=1,0,IF(D18=2,1080+Z18,IF(D18=3,(1080*2)+Z18,0))) -> 0 | AB18: =((1080*D18)-((E18*60)+F18)*D18)+Z18 -> 37 | AC18: =IF(L17="GameStart",0,AA18+Z18) -> 0
A19: 10 | D19: =IF(L19="Intermission",D18+1,D18) -> 1 | E19: 17 | F19: 22 | G19: 17 | H19: 20 | I19: Home | J19: 70 | K19: e | L19: Possession | Q19: 18977 | R19: Velodrome | S19: HollowBrook | T19: =IF(AND(G19="",H19=""),0,((E19*60)+F19)-((G19*60)+H19)) -> 2 | U19: =(E19*60)+F19 -> 1042 | V19: =IF(AND(G19="",H19=""),U19,((G19*60)+H19)) -> 1040 | W19: {=_xlfn._xlws.FILTER(shifts!A:A,(shifts!B:B=events!D19)*(shifts!AH:AH>=events!U19)*(shifts!AI:AI<=events!V19))} -> 1 | X19: =IF(K19="e","event_team_player_"&Y19,IF(K19="o","opp_team_player_"&Y19,"")) -> event_team_player_1 | Y19: =COUNTIFS(A$3:A19,"="&A19,K$3:K19,"="&K19) -> 1 | Z19: =SUMIFS(T$3:T19,L$3:L19,"=Intermission")+SUMIFS(T$3:T19,L$3:L19,"=Timeout")+SUMIFS(T$3:T19,L$3:L19,"=Clockstop") -> 0 | AA19: =IF(D19=1,0,IF(D19=2,1080+Z19,IF(D19=3,(1080*2)+Z19,0))) -> 0 | AB19: =((1080*D19)-((E19*60)+F19)*D19)+Z19 -> 38 | AC19: =IF(L18="GameStart",0,AA19+Z19) -> 0
A20: 11 | D20: =IF(L20="Intermission",D19+1,D19) -> 1 | E20: 17 | F20: 20 | I20: Home | J20: 70 | K20: e | L20: Pass | M20: Pass-Completed | N20: Pass-Backhand | Q20: 18977 | R20: Velodrome | S20: HollowBrook | T20: =IF(AND(G20="",H20=""),0,((E20*60)+F20)-((G20*60)+H20)) -> 0 | U20: =(E20*60)+F20 -> 1040 | V20: =IF(AND(G20="",H20=""),U20,((G20*60)+H20)) -> 1040 | W20: {=_xlfn._xlws.FILTER(shifts!A:A,(shifts!B:B=events!D20)*(shifts!AH:AH>=events!U20)*(shifts!AI:AI<=events!V20))} -> 1 | X20: =IF(K20="e","event_team_player_"&Y20,IF(K20="o","opp_team_player_"&Y20,"")) -> event_team_player_1 | Y20: =COUNTIFS(A$3:A20,"="&A20,K$3:K20,"="&K20) -> 1 | Z20: =SUMIFS(T$3:T20,L$3:L20,"=Intermission")+SUMIFS(T$3:T20,L$3:L20,"=Timeout")+SUMIFS(T$3:T20,L$3:L20,"=Clockstop") -> 0 | AA20: =IF(D20=1,0,IF(D20=2,1080+Z20,IF(D20=3,(1080*2)+Z20,0))) -> 0 | AB20: =((1080*D20)-((E20*60)+F20)*D20)+Z20 -> 40 | AC20: =IF(L19="GameStart",0,AA20+Z20) -> 0
A21: 11 | D21: =IF(L21="Intermission",D20+1,D20) -> 1 | E21: 17 | F21: 20 | I21: Home | J21: 87 | K21: e | L21: Pass | M21: Pass-Completed | N21: Pass-Backhand | Q21: 18977 | R21: Velodrome | S21: HollowBrook | T21: =IF(AND(G21="",H21=""),0,((E21*60)+F21)-((G21*60)+H21)) -> 0 | U21: =(E21*60)+F21 -> 1040 | V21: =IF(AND(G21="",H21=""),U21,((G21*60)+H21)) -> 1040 | W21: {=_xlfn._xlws.FILTER(shifts!A:A,(shifts!B:B=events!D21)*(shifts!AH:AH>=events!U21)*(shifts!AI:AI<=events!V21))} -> 1 | X21: =IF(K21="e","event_team_player_"&Y21,IF(K21="o","opp_team_player_"&Y21,"")) -> event_team_player_2 | Y21: =COUNTIFS(A$3:A21,"="&A21,K$3:K21,"="&K21) -> 2 | Z21: =SUMIFS(T$3:T21,L$3:L21,"=Intermission")+SUMIFS(T$3:T21,L$3:L21,"=Timeout")+SUMIFS(T$3:T21,L$3:L21,"=Clockstop") -> 0 | AA21: =IF(D21=1,0,IF(D21=2,1080+Z21,IF(D21=3,(1080*2)+Z21,0))) -> 0 | AB21: =((1080*D21)-((E21*60)+F21)*D21)+Z21 -> 40 | AC21: =IF(L20="GameStart",0,AA21+Z21) -> 0
A22: 12 | D22: =IF(L22="Intermission",D21+1,D21) -> 1 | E22: 17 | F22: 20 | G22: 17 | H22: 17 | I22: Home | J22: 87 | K22: e | L22: Possession | Q22: 18977 | R22: Velodrome | S22: HollowBrook | T22: =IF(AND(G22="",H22=""),0,((E22*60)+F22)-((G22*60)+H22)) -> 3 | U22: =(E22*60)+F22 -> 1040 | V22: =IF(AND(G22="",H22=""),U22,((G22*60)+H22)) -> 1037 | W22: {=_xlfn._xlws.FILTER(shifts!A:A,(shifts!B:B=events!D22)*(shifts!AH:AH>=events!U22)*(shifts!AI:AI<=events!V22))} -> 1 | X22: =IF(K22="e","event_team_player_"&Y22,IF(K22="o","opp_team_player_"&Y22,"")) -> event_team_player_1 | Y22: =COUNTIFS(A$3:A22,"="&A22,K$3:K22,"="&K22) -> 1 | Z22: =SUMIFS(T$3:T22,L$3:L22,"=Intermission")+SUMIFS(T$3:T22,L$3:L22,"=Timeout")+SUMIFS(T$3:T22,L$3:L22,"=Clockstop") -> 0 | AA22: =IF(D22=1,0,IF(D22=2,1080+Z22,IF(D22=3,(1080*2)+Z22,0))) -> 0 | AB22: =((1080*D22)-((E22*60)+F22)*D22)+Z22 -> 40 | AC22: =IF(L21="GameStart",0,AA22+Z22) -> 0
A23: 13 | D23: =IF(L23="Intermission",D22+1,D22) -> 1 | E23: 17 | F23: 17 | I23: Home | J23: 87 | K23: e | L23: Pass | M23: Pass-Missed | N23: Pass-Stretch | Q23: 18977 | R23: Velodrome | S23: HollowBrook | T23: =IF(AND(G23="",H23=""),0,((E23*60)+F23)-((G23*60)+H23)) -> 0 | U23: =(E23*60)+F23 -> 1037 | V23: =IF(AND(G23="",H23=""),U23,((G23*60)+H23)) -> 1037 | W23: {=_xlfn._xlws.FILTER(shifts!A:A,(shifts!B:B=events!D23)*(shifts!AH:AH>=events!U23)*(shifts!AI:AI<=events!V23))} -> 1 | X23: =IF(K23="e","event_team_player_"&Y23,IF(K23="o","opp_team_player_"&Y23,"")) -> event_team_player_1 | Y23: =COUNTIFS(A$3:A23,"="&A23,K$3:K23,"="&K23) -> 1 | Z23: =SUMIFS(T$3:T23,L$3:L23,"=Intermission")+SUMIFS(T$3:T23,L$3:L23,"=Timeout")+SUMIFS(T$3:T23,L$3:L23,"=Clockstop") -> 0 | AA23: =IF(D23=1,0,IF(D23=2,1080+Z23,IF(D23=3,(1080*2)+Z23,0))) -> 0 | AB23: =((1080*D23)-((E23*60)+F23)*D23)+Z23 -> 43 | AC23: =IF(L22="GameStart",0,AA23+Z23) -> 0
A24: 13 | D24: =IF(L24="Intermission",D23+1,D23) -> 1 | E24: 17 | F24: 17 | I24: Home | J24: 70 | K24: e | L24: Pass | M24: Pass-Missed | N24: Pass-Stretch | Q24: 18977 | R24: Velodrome | S24: HollowBrook | T24: =IF(AND(G24="",H24=""),0,((E24*60)+F24)-((G24*60)+H24)) -> 0 | U24: =(E24*60)+F24 -> 1037 | V24: =IF(AND(G24="",H24=""),U24,((G24*60)+H24)) -> 1037 | W24: {=_xlfn._xlws.FILTER(shifts!A:A,(shifts!B:B=events!D24)*(shifts!AH:AH>=events!U24)*(shifts!AI:AI<=events!V24))} -> 1 | X24: =IF(K24="e","event_team_player_"&Y24,IF(K24="o","opp_team_player_"&Y24,"")) -> event_team_player_2 | Y24: =COUNTIFS(A$3:A24,"="&A24,K$3:K24,"="&K24) -> 2 | Z24: =SUMIFS(T$3:T24,L$3:L24,"=Intermission")+SUMIFS(T$3:T24,L$3:L24,"=Timeout")+SUMIFS(T$3:T24,L$3:L24,"=Clockstop") -> 0 | AA24: =IF(D24=1,0,IF(D24=2,1080+Z24,IF(D24=3,(1080*2)+Z24,0))) -> 0 | AB24: =((1080*D24)-((E24*60)+F24)*D24)+Z24 -> 43 | AC24: =IF(L23="GameStart",0,AA24+Z24) -> 0
A25: 14 | D25: =IF(L25="Intermission",D24+1,D24) -> 1 | E25: 17 | F25: 17 | I25: Home | J25: 87 | K25: e | L25: Zone_Entry_Exit | M25: Zone-Exit | N25: ZoneEntry-Pass | Q25: 18977 | R25: Velodrome | S25: HollowBrook | T25: =IF(AND(G25="",H25=""),0,((E25*60)+F25)-((G25*60)+H25)) -> 0 | U25: =(E25*60)+F25 -> 1037 | V25: =IF(AND(G25="",H25=""),U25,((G25*60)+H25)) -> 1037 | W25: {=_xlfn._xlws.FILTER(shifts!A:A,(shifts!B:B=events!D25)*(shifts!AH:AH>=events!U25)*(shifts!AI:AI<=events!V25))} -> 1 | X25: =IF(K25="e","event_team_player_"&Y25,IF(K25="o","opp_team_player_"&Y25,"")) -> event_team_player_1 | Y25: =COUNTIFS(A$3:A25,"="&A25,K$3:K25,"="&K25) -> 1 | Z25: =SUMIFS(T$3:T25,L$3:L25,"=Intermission")+SUMIFS(T$3:T25,L$3:L25,"=Timeout")+SUMIFS(T$3:T25,L$3:L25,"=Clockstop") -> 0 | AA25: =IF(D25=1,0,IF(D25=2,1080+Z25,IF(D25=3,(1080*2)+Z25,0))) -> 0 | AB25: =((1080*D25)-((E25*60)+F25)*D25)+Z25 -> 43 | AC25: =IF(L24="GameStart",0,AA25+Z25) -> 0
A26: 14 | D26: =IF(L26="Intermission",D25+1,D25) -> 1 | E26: 17 | F26: 17 | I26: Home | J26: 70 | K26: e | L26: Zone_Entry_Exit | M26: Zone-Exit | N26: ZoneEntry-Pass | Q26: 18977 | R26: Velodrome | S26: HollowBrook | T26: =IF(AND(G26="",H26=""),0,((E26*60)+F26)-((G26*60)+H26)) -> 0 | U26: =(E26*60)+F26 -> 1037 | V26: =IF(AND(G26="",H26=""),U26,((G26*60)+H26)) -> 1037 | W26: {=_xlfn._xlws.FILTER(shifts!A:A,(shifts!B:B=events!D26)*(shifts!AH:AH>=events!U26)*(shifts!AI:AI<=events!V26))} -> 1 | X26: =IF(K26="e","event_team_player_"&Y26,IF(K26="o","opp_team_player_"&Y26,"")) -> event_team_player_2 | Y26: =COUNTIFS(A$3:A26,"="&A26,K$3:K26,"="&K26) -> 2 | Z26: =SUMIFS(T$3:T26,L$3:L26,"=Intermission")+SUMIFS(T$3:T26,L$3:L26,"=Timeout")+SUMIFS(T$3:T26,L$3:L26,"=Clockstop") -> 0 | AA26: =IF(D26=1,0,IF(D26=2,1080+Z26,IF(D26=3,(1080*2)+Z26,0))) -> 0 | AB26: =((1080*D26)-((E26*60)+F26)*D26)+Z26 -> 43 | AC26: =IF(L25="GameStart",0,AA26+Z26) -> 0
A27: 15 | B27: 1 | D27: =IF(L27="Intermission",D26+1,D26) -> 1 | E27: 17 | F27: 14 | I27: Away | J27: 11 | K27: e | L27: Turnover | M27: Turnover-Takeaway | N27: Takeaway-PokeCheck | Q27: 18977 | R27: Velodrome | S27: HollowBrook | T27: =IF(AND(G27="",H27=""),0,((E27*60)+F27)-((G27*60)+H27)) -> 0 | U27: =(E27*60)+F27 -> 1034 | V27: =IF(AND(G27="",H27=""),U27,((G27*60)+H27)) -> 1034 | W27: {=_xlfn._xlws.FILTER(shifts!A:A,(shifts!B:B=events!D27)*(shifts!AH:AH>=events!U27)*(shifts!AI:AI<=events!V27))} -> 1 | X27: =IF(K27="e","event_team_player_"&Y27,IF(K27="o","opp_team_player_"&Y27,"")) -> event_team_player_1 | Y27: =COUNTIFS(A$3:A27,"="&A27,K$3:K27,"="&K27) -> 1 | Z27: =SUMIFS(T$3:T27,L$3:L27,"=Intermission")+SUMIFS(T$3:T27,L$3:L27,"=Timeout")+SUMIFS(T$3:T27,L$3:L27,"=Clockstop") -> 0 | AA27: =IF(D27=1,0,IF(D27=2,1080+Z27,IF(D27=3,(1080*2)+Z27,0))) -> 0 | AB27: =((1080*D27)-((E27*60)+F27)*D27)+Z27 -> 46 | AC27: =IF(L26="GameStart",0,AA27+Z27) -> 0
A28: 15 | B28: 1 | D28: =IF(L28="Intermission",D27+1,D27) -> 1 | E28: 17 | F28: 14 | I28: Away | J28: 75 | K28: o | L28: Turnover | M28: Turnover-Takeaway | N28: Takeaway-PokeCheck | Q28: 18977 | R28: Velodrome | S28: HollowBrook | T28: =IF(AND(G28="",H28=""),0,((E28*60)+F28)-((G28*60)+H28)) -> 0 | U28: =(E28*60)+F28 -> 1034 | V28: =IF(AND(G28="",H28=""),U28,((G28*60)+H28)) -> 1034 | W28: {=_xlfn._xlws.FILTER(shifts!A:A,(shifts!B:B=events!D28)*(shifts!AH:AH>=events!U28)*(shifts!AI:AI<=events!V28))} -> 1 | X28: =IF(K28="e","event_team_player_"&Y28,IF(K28="o","opp_team_player_"&Y28,"")) -> opp_team_player_1 | Y28: =COUNTIFS(A$3:A28,"="&A28,K$3:K28,"="&K28) -> 1 | Z28: =SUMIFS(T$3:T28,L$3:L28,"=Intermission")+SUMIFS(T$3:T28,L$3:L28,"=Timeout")+SUMIFS(T$3:T28,L$3:L28,"=Clockstop") -> 0 | AA28: =IF(D28=1,0,IF(D28=2,1080+Z28,IF(D28=3,(1080*2)+Z28,0))) -> 0 | AB28: =((1080*D28)-((E28*60)+F28)*D28)+Z28 -> 46 | AC28: =IF(L27="GameStart",0,AA28+Z28) -> 0
A29: 16 | B29: 1 | D29: =IF(L29="Intermission",D28+1,D28) -> 1 | E29: 17 | F29: 13 | G29: 17 | H29: 12 | I29: Away | J29: 11 | K29: e | L29: Possession | Q29: 18977 | R29: Velodrome | S29: HollowBrook | T29: =IF(AND(G29="",H29=""),0,((E29*60)+F29)-((G29*60)+H29)) -> 1 | U29: =(E29*60)+F29 -> 1033 | V29: =IF(AND(G29="",H29=""),U29,((G29*60)+H29)) -> 1032 | W29: {=_xlfn._xlws.FILTER(shifts!A:A,(shifts!B:B=events!D29)*(shifts!AH:AH>=events!U29)*(shifts!AI:AI<=events!V29))} -> 1 | X29: =IF(K29="e","event_team_player_"&Y29,IF(K29="o","opp_team_player_"&Y29,"")) -> event_team_player_1 | Y29: =COUNTIFS(A$3:A29,"="&A29,K$3:K29,"="&K29) -> 1 | Z29: =SUMIFS(T$3:T29,L$3:L29,"=Intermission")+SUMIFS(T$3:T29,L$3:L29,"=Timeout")+SUMIFS(T$3:T29,L$3:L29,"=Clockstop") -> 0 | AA29: =IF(D29=1,0,IF(D29=2,1080+Z29,IF(D29=3,(1080*2)+Z29,0))) -> 0 | AB29: =((1080*D29)-((E29*60)+F29)*D29)+Z29 -> 47 | AC29: =IF(L28="GameStart",0,AA29+Z29) -> 0
A30: 17 | B30: 1 | C30: 1 | D30: =IF(L30="Intermission",D29+1,D29) -> 1 | E30: 17 | F30: 12 | G30: 17 | H30: 10 | I30: Away | J30: 11 | K30: e | L30: Zone_Entry_Exit | M30: Zone-Entry | N30: ZoneEntry-Rush | Q30: 18977 | R30: Velodrome | S30: HollowBrook | T30: =IF(AND(G30="",H30=""),0,((E30*60)+F30)-((G30*60)+H30)) -> 2 | U30: =(E30*60)+F30 -> 1032 | V30: =IF(AND(G30="",H30=""),U30,((G30*60)+H30)) -> 1030 | W30: {=_xlfn._xlws.FILTER(shifts!A:A,(shifts!B:B=events!D30)*(shifts!AH:AH>=events!U30)*(shifts!AI:AI<=events!V30))} -> 1 | X30: =IF(K30="e","event_team_player_"&Y30,IF(K30="o","opp_team_player_"&Y30,"")) -> event_team_player_1 | Y30: =COUNTIFS(A$3:A30,"="&A30,K$3:K30,"="&K30) -> 1 | Z30: =SUMIFS(T$3:T30,L$3:L30,"=Intermission")+SUMIFS(T$3:T30,L$3:L30,"=Timeout")+SUMIFS(T$3:T30,L$3:L30,"=Clockstop") -> 0 | AA30: =IF(D30=1,0,IF(D30=2,1080+Z30,IF(D30=3,(1080*2)+Z30,0))) -> 0 | AB30: =((1080*D30)-((E30*60)+F30)*D30)+Z30 -> 48 | AC30: =IF(L29="GameStart",0,AA30+Z30) -> 0
A31: 17 | B31: 1 | C31: 1 | D31: =IF(L31="Intermission",D30+1,D30) -> 1 | E31: 17 | F31: 12 | G31: 17 | H31: 10 | I31: Away | J31: 19 | K31: e | L31: Zone_Entry_Exit | M31: Zone-Entry | N31: ZoneEntry-Rush | Q31: 18977 | R31: Velodrome | S31: HollowBrook | T31: =IF(AND(G31="",H31=""),0,((E31*60)+F31)-((G31*60)+H31)) -> 2 | U31: =(E31*60)+F31 -> 1032 | V31: =IF(AND(G31="",H31=""),U31,((G31*60)+H31)) -> 1030 | W31: {=_xlfn._xlws.FILTER(shifts!A:A,(shifts!B:B=events!D31)*(shifts!AH:AH>=events!U31)*(shifts!AI:AI<=events!V31))} -> 1 | X31: =IF(K31="e","event_team_player_"&Y31,IF(K31="o","opp_team_player_"&Y31,"")) -> event_team_player_2 | Y31: =COUNTIFS(A$3:A31,"="&A31,K$3:K31,"="&K31) -> 2 | Z31: =SUMIFS(T$3:T31,L$3:L31,"=Intermission")+SUMIFS(T$3:T31,L$3:L31,"=Timeout")+SUMIFS(T$3:T31,L$3:L31,"=Clockstop") -> 0 | AA31: =IF(D31=1,0,IF(D31=2,1080+Z31,IF(D31=3,(1080*2)+Z31,0))) -> 0 | AB31: =((1080*D31)-((E31*60)+F31)*D31)+Z31 -> 48 | AC31: =IF(L30="GameStart",0,AA31+Z31) -> 0
A32: 17 | B32: 1 | C32: 1 | D32: =IF(L32="Intermission",D31+1,D31) -> 1 | E32: 17 | F32: 12 | G32: 17 | H32: 10 | I32: Away | J32: 22 | K32: e | L32: Zone_Entry_Exit | M32: Zone-Entry | N32: ZoneEntry-Rush | Q32: 18977 | R32: Velodrome | S32: HollowBrook | T32: =IF(AND(G32="",H32=""),0,((E32*60)+F32)-((G32*60)+H32)) -> 2 | U32: =(E32*60)+F32 -> 1032 | V32: =IF(AND(G32="",H32=""),U32,((G32*60)+H32)) -> 1030 | W32: {=_xlfn._xlws.FILTER(shifts!A:A,(shifts!B:B=events!D32)*(shifts!AH:AH>=events!U32)*(shifts!AI:AI<=events!V32))} -> 1 | X32: =IF(K32="e","event_team_player_"&Y32,IF(K32="o","opp_team_player_"&Y32,"")) -> event_team_player_3 | Y32: =COUNTIFS(A$3:A32,"="&A32,K$3:K32,"="&K32) -> 3 | Z32: =SUMIFS(T$3:T32,L$3:L32,"=Intermission")+SUMIFS(T$3:T32,L$3:L32,"=Timeout")+SUMIFS(T$3:T32,L$3:L32,"=Clockstop") -> 0 | AA32: =IF(D32=1,0,IF(D32=2,1080+Z32,IF(D32=3,(1080*2)+Z32,0))) -> 0 | AB32: =((1080*D32)-((E32*60)+F32)*D32)+Z32 -> 48 | AC32: =IF(L31="GameStart",0,AA32+Z32) -> 0
A33: 17 | B33: 1 | C33: 1 | D33: =IF(L33="Intermission",D32+1,D32) -> 1 | E33: 17 | F33: 12 | G33: 17 | H33: 10 | I33: Away | J33: 84 | K33: o | L33: Zone_Entry_Exit | M33: Zone-Entry | N33: ZoneEntry-Rush | Q33: 18977 | R33: Velodrome | S33: HollowBrook | T33: =IF(AND(G33="",H33=""),0,((E33*60)+F33)-((G33*60)+H33)) -> 2 | U33: =(E33*60)+F33 -> 1032 | V33: =IF(AND(G33="",H33=""),U33,((G33*60)+H33)) -> 1030 | W33: {=_xlfn._xlws.FILTER(shifts!A:A,(shifts!B:B=events!D33)*(shifts!AH:AH>=events!U33)*(shifts!AI:AI<=events!V33))} -> 1 | X33: =IF(K33="e","event_team_player_"&Y33,IF(K33="o","opp_team_player_"&Y33,"")) -> opp_team_player_1 | Y33: =COUNTIFS(A$3:A33,"="&A33,K$3:K33,"="&K33) -> 1 | Z33: =SUMIFS(T$3:T33,L$3:L33,"=Intermission")+SUMIFS(T$3:T33,L$3:L33,"=Timeout")+SUMIFS(T$3:T33,L$3:L33,"=Clockstop") -> 0 | AA33: =IF(D33=1,0,IF(D33=2,1080+Z33,IF(D33=3,(1080*2)+Z33,0))) -> 0 | AB33: =((1080*D33)-((E33*60)+F33)*D33)+Z33 -> 48 | AC33: =IF(L32="GameStart",0,AA33+Z33) -> 0
A34: 17 | B34: 1 | C34: 1 | D34: =IF(L34="Intermission",D33+1,D33) -> 1 | E34: 17 | F34: 12 | G34: 17 | H34: 10 | I34: Away | J34: 87 | K34: o | L34: Zone_Entry_Exit | M34: Zone-Entry | N34: ZoneEntry-Rush | Q34: 18977 | R34: Velodrome | S34: HollowBrook | T34: =IF(AND(G34="",H34=""),0,((E34*60)+F34)-((G34*60)+H34)) -> 2 | U34: =(E34*60)+F34 -> 1032 | V34: =IF(AND(G34="",H34=""),U34,((G34*60)+H34)) -> 1030 | W34: {=_xlfn._xlws.FILTER(shifts!A:A,(shifts!B:B=events!D34)*(shifts!AH:AH>=events!U34)*(shifts!AI:AI<=events!V34))} -> 1 | X34: =IF(K34="e","event_team_player_"&Y34,IF(K34="o","opp_team_player_"&Y34,"")) -> opp_team_player_2 | Y34: =COUNTIFS(A$3:A34,"="&A34,K$3:K34,"="&K34) -> 2 | Z34: =SUMIFS(T$3:T34,L$3:L34,"=Intermission")+SUMIFS(T$3:T34,L$3:L34,"=Timeout")+SUMIFS(T$3:T34,L$3:L34,"=Clockstop") -> 0 | AA34: =IF(D34=1,0,IF(D34=2,1080+Z34,IF(D34=3,(1080*2)+Z34,0))) -> 0 | AB34: =((1080*D34)-((E34*60)+F34)*D34)+Z34 -> 48 | AC34: =IF(L33="GameStart",0,AA34+Z34) -> 0
A35: 18 | B35: 1 | C35: 1 | D35: =IF(L35="Intermission",D34+1,D34) -> 1 | E35: 17 | F35: 10 | I35: Away | J35: 11 | K35: e | L35: Shot | M35: Shot-Blocked | N35: Shot-Wrist | Q35: 18977 | R35: Velodrome | S35: HollowBrook | T35: =IF(AND(G35="",H35=""),0,((E35*60)+F35)-((G35*60)+H35)) -> 0 | U35: =(E35*60)+F35 -> 1030 | V35: =IF(AND(G35="",H35=""),U35,((G35*60)+H35)) -> 1030 | W35: {=_xlfn._xlws.FILTER(shifts!A:A,(shifts!B:B=events!D35)*(shifts!AH:AH>=events!U35)*(shifts!AI:AI<=events!V35))} -> 1 | X35: =IF(K35="e","event_team_player_"&Y35,IF(K35="o","opp_team_player_"&Y35,"")) -> event_team_player_1 | Y35: =COUNTIFS(A$3:A35,"="&A35,K$3:K35,"="&K35) -> 1 | Z35: =SUMIFS(T$3:T35,L$3:L35,"=Intermission")+SUMIFS(T$3:T35,L$3:L35,"=Timeout")+SUMIFS(T$3:T35,L$3:L35,"=Clockstop") -> 0 | AA35: =IF(D35=1,0,IF(D35=2,1080+Z35,IF(D35=3,(1080*2)+Z35,0))) -> 0 | AB35: =((1080*D35)-((E35*60)+F35)*D35)+Z35 -> 50 | AC35: =IF(L34="GameStart",0,AA35+Z35) -> 0
A36: 18 | B36: 1 | C36: 1 | D36: =IF(L36="Intermission",D35+1,D35) -> 1 | E36: 17 | F36: 10 | I36: Away | J36: 84 | K36: o | L36: Shot | M36: Shot-Blocked | N36: Shot-Wrist | Q36: 18977 | R36: Velodrome | S36: HollowBrook | T36: =IF(AND(G36="",H36=""),0,((E36*60)+F36)-((G36*60)+H36)) -> 0 | U36: =(E36*60)+F36 -> 1030 | V36: =IF(AND(G36="",H36=""),U36,((G36*60)+H36)) -> 1030 | W36: {=_xlfn._xlws.FILTER(shifts!A:A,(shifts!B:B=events!D36)*(shifts!AH:AH>=events!U36)*(shifts!AI:AI<=events!V36))} -> 1 | X36: =IF(K36="e","event_team_player_"&Y36,IF(K36="o","opp_team_player_"&Y36,"")) -> opp_team_player_1 | Y36: =COUNTIFS(A$3:A36,"="&A36,K$3:K36,"="&K36) -> 1 | Z36: =SUMIFS(T$3:T36,L$3:L36,"=Intermission")+SUMIFS(T$3:T36,L$3:L36,"=Timeout")+SUMIFS(T$3:T36,L$3:L36,"=Clockstop") -> 0 | AA36: =IF(D36=1,0,IF(D36=2,1080+Z36,IF(D36=3,(1080*2)+Z36,0))) -> 0 | AB36: =((1080*D36)-((E36*60)+F36)*D36)+Z36 -> 50 | AC36: =IF(L35="GameStart",0,AA36+Z36) -> 0
A37: 19 | D37: =IF(L37="Intermission",D36+1,D36) -> 1 | E37: 17 | F37: 07 | G37: 17 | H37: 04 | I37: Away | J37: 19 | K37: e | L37: Possession | Q37: 18977 | R37: Velodrome | S37: HollowBrook | T37: =IF(AND(G37="",H37=""),0,((E37*60)+F37)-((G37*60)+H37)) -> 3 | U37: =(E37*60)+F37 -> 1027 | V37: =IF(AND(G37="",H37=""),U37,((G37*60)+H37)) -> 1024 | W37: {=_xlfn._xlws.FILTER(shifts!A:A,(shifts!B:B=events!D37)*(shifts!AH:AH>=events!U37)*(shifts!AI:AI<=events!V37))} -> 1 | X37: =IF(K37="e","event_team_player_"&Y37,IF(K37="o","opp_team_player_"&Y37,"")) -> event_team_player_1 | Y37: =COUNTIFS(A$3:A37,"="&A37,K$3:K37,"="&K37) -> 1 | Z37: =SUMIFS(T$3:T37,L$3:L37,"=Intermission")+SUMIFS(T$3:T37,L$3:L37,"=Timeout")+SUMIFS(T$3:T37,L$3:L37,"=Clockstop") -> 0 | AA37: =IF(D37=1,0,IF(D37=2,1080+Z37,IF(D37=3,(1080*2)+Z37,0))) -> 0 | AB37: =((1080*D37)-((E37*60)+F37)*D37)+Z37 -> 53 | AC37: =IF(L36="GameStart",0,AA37+Z37) -> 0
A38: 20 | D38: =IF(L38="Intermission",D37+1,D37) -> 1 | E38: 17 | F38: 03 | I38: Away | J38: 19 | K38: e | L38: Turnover | M38: Turnover-Giveaway | N38: Giveaway-Misplayed | Q38: 18977 | R38: Velodrome | S38: HollowBrook | T38: =IF(AND(G38="",H38=""),0,((E38*60)+F38)-((G38*60)+H38)) -> 0 | U38: =(E38*60)+F38 -> 1023 | V38: =IF(AND(G38="",H38=""),U38,((G38*60)+H38)) -> 1023 | W38: {=_xlfn._xlws.FILTER(shifts!A:A,(shifts!B:B=events!D38)*(shifts!AH:AH>=events!U38)*(shifts!AI:AI<=events!V38))} -> 1 | X38: =IF(K38="e","event_team_player_"&Y38,IF(K38="o","opp_team_player_"&Y38,"")) -> event_team_player_1 | Y38: =COUNTIFS(A$3:A38,"="&A38,K$3:K38,"="&K38) -> 1 | Z38: =SUMIFS(T$3:T38,L$3:L38,"=Intermission")+SUMIFS(T$3:T38,L$3:L38,"=Timeout")+SUMIFS(T$3:T38,L$3:L38,"=Clockstop") -> 0 | AA38: =IF(D38=1,0,IF(D38=2,1080+Z38,IF(D38=3,(1080*2)+Z38,0))) -> 0 | AB38: =((1080*D38)-((E38*60)+F38)*D38)+Z38 -> 57 | AC38: =IF(L37="GameStart",0,AA38+Z38) -> 0
A39: 20 | D39: =IF(L39="Intermission",D38+1,D38) -> 1 | E39: 17 | F39: 03 | I39: Away | J39: 49 | K39: o | L39: Turnover | M39: Turnover-Giveaway | N39: Giveaway-Misplayed | Q39: 18977 | R39: Velodrome | S39: HollowBrook | T39: =IF(AND(G39="",H39=""),0,((E39*60)+F39)-((G39*60)+H39)) -> 0 | U39: =(E39*60)+F39 -> 1023 | V39: =IF(AND(G39="",H39=""),U39,((G39*60)+H39)) -> 1023 | W39: {=_xlfn._xlws.FILTER(shifts!A:A,(shifts!B:B=events!D39)*(shifts!AH:AH>=events!U39)*(shifts!AI:AI<=events!V39))} -> 1 | X39: =IF(K39="e","event_team_player_"&Y39,IF(K39="o","opp_team_player_"&Y39,"")) -> opp_team_player_1 | Y39: =COUNTIFS(A$3:A39,"="&A39,K$3:K39,"="&K39) -> 1 | Z39: =SUMIFS(T$3:T39,L$3:L39,"=Intermission")+SUMIFS(T$3:T39,L$3:L39,"=Timeout")+SUMIFS(T$3:T39,L$3:L39,"=Clockstop") -> 0 | AA39: =IF(D39=1,0,IF(D39=2,1080+Z39,IF(D39=3,(1080*2)+Z39,0))) -> 0 | AB39: =((1080*D39)-((E39*60)+F39)*D39)+Z39 -> 57 | AC39: =IF(L38="GameStart",0,AA39+Z39) -> 0
A40: 21 | D40: =IF(L40="Intermission",D39+1,D39) -> 1 | E40: 17 | F40: 01 | I40: Home | J40: 49 | K40: e | L40: Zone_Entry_Exit | M40: Zone-Exit | N40: ZoneEntry-Pass | Q40: 18977 | R40: Velodrome | S40: HollowBrook | T40: =IF(AND(G40="",H40=""),0,((E40*60)+F40)-((G40*60)+H40)) -> 0 | U40: =(E40*60)+F40 -> 1021 | V40: =IF(AND(G40="",H40=""),U40,((G40*60)+H40)) -> 1021 | W40: {=_xlfn._xlws.FILTER(shifts!A:A,(shifts!B:B=events!D40)*(shifts!AH:AH>=events!U40)*(shifts!AI:AI<=events!V40))} -> 1 | X40: =IF(K40="e","event_team_player_"&Y40,IF(K40="o","opp_team_player_"&Y40,"")) -> event_team_player_1 | Y40: =COUNTIFS(A$3:A40,"="&A40,K$3:K40,"="&K40) -> 1 | Z40: =SUMIFS(T$3:T40,L$3:L40,"=Intermission")+SUMIFS(T$3:T40,L$3:L40,"=Timeout")+SUMIFS(T$3:T40,L$3:L40,"=Clockstop") -> 0 | AA40: =IF(D40=1,0,IF(D40=2,1080+Z40,IF(D40=3,(1080*2)+Z40,0))) -> 0 | AB40: =((1080*D40)-((E40*60)+F40)*D40)+Z40 -> 59 | AC40: =IF(L39="GameStart",0,AA40+Z40) -> 0
A41: 21 | D41: =IF(L41="Intermission",D40+1,D40) -> 1 | E41: 17 | F41: 01 | I41: Home | J41: 87 | K41: e | L41: Zone_Entry_Exit | M41: Zone-Exit | N41: ZoneEntry-Pass | Q41: 18977 | R41: Velodrome | S41: HollowBrook | T41: =IF(AND(G41="",H41=""),0,((E41*60)+F41)-((G41*60)+H41)) -> 0 | U41: =(E41*60)+F41 -> 1021 | V41: =IF(AND(G41="",H41=""),U41,((G41*60)+H41)) -> 1021 | W41: {=_xlfn._xlws.FILTER(shifts!A:A,(shifts!B:B=events!D41)*(shifts!AH:AH>=events!U41)*(shifts!AI:AI<=events!V41))} -> 1 | X41: =IF(K41="e","event_team_player_"&Y41,IF(K41="o","opp_team_player_"&Y41,"")) -> event_team_player_2 | Y41: =COUNTIFS(A$3:A41,"="&A41,K$3:K41,"="&K41) -> 2 | Z41: =SUMIFS(T$3:T41,L$3:L41,"=Intermission")+SUMIFS(T$3:T41,L$3:L41,"=Timeout")+SUMIFS(T$3:T41,L$3:L41,"=Clockstop") -> 0 | AA41: =IF(D41=1,0,IF(D41=2,1080+Z41,IF(D41=3,(1080*2)+Z41,0))) -> 0 | AB41: =((1080*D41)-((E41*60)+F41)*D41)+Z41 -> 59 | AC41: =IF(L40="GameStart",0,AA41+Z41) -> 0
A42: 21 | D42: =IF(L42="Intermission",D41+1,D41) -> 1 | E42: 17 | F42: 01 | I42: Home | J42: 33 | K42: o | L42: Zone_Entry_Exit | M42: Zone-Exit | N42: ZoneEntry-Pass | Q42: 18977 | R42: Velodrome | S42: HollowBrook | T42: =IF(AND(G42="",H42=""),0,((E42*60)+F42)-((G42*60)+H42)) -> 0 | U42: =(E42*60)+F42 -> 1021 | V42: =IF(AND(G42="",H42=""),U42,((G42*60)+H42)) -> 1021 | W42: {=_xlfn._xlws.FILTER(shifts!A:A,(shifts!B:B=events!D42)*(shifts!AH:AH>=events!U42)*(shifts!AI:AI<=events!V42))} -> 1 | X42: =IF(K42="e","event_team_player_"&Y42,IF(K42="o","opp_team_player_"&Y42,"")) -> opp_team_player_1 | Y42: =COUNTIFS(A$3:A42,"="&A42,K$3:K42,"="&K42) -> 1 | Z42: =SUMIFS(T$3:T42,L$3:L42,"=Intermission")+SUMIFS(T$3:T42,L$3:L42,"=Timeout")+SUMIFS(T$3:T42,L$3:L42,"=Clockstop") -> 0 | AA42: =IF(D42=1,0,IF(D42=2,1080+Z42,IF(D42=3,(1080*2)+Z42,0))) -> 0 | AB42: =((1080*D42)-((E42*60)+F42)*D42)+Z42 -> 59 | AC42: =IF(L41="GameStart",0,AA42+Z42) -> 0
A43: 22 | D43: =IF(L43="Intermission",D42+1,D42) -> 1 | E43: 16 | F43: 58 | I43: Home | J43: 87 | K43: e | L43: Zone_Entry_Exit | M43: Zone-Entry | N43: ZoneEntry-DumpIn | Q43: 18977 | R43: Velodrome | S43: HollowBrook | T43: =IF(AND(G43="",H43=""),0,((E43*60)+F43)-((G43*60)+H43)) -> 0 | U43: =(E43*60)+F43 -> 1018 | V43: =IF(AND(G43="",H43=""),U43,((G43*60)+H43)) -> 1018 | W43: {=_xlfn._xlws.FILTER(shifts!A:A,(shifts!B:B=events!D43)*(shifts!AH:AH>=events!U43)*(shifts!AI:AI<=events!V43))} -> 1 | X43: =IF(K43="e","event_team_player_"&Y43,IF(K43="o","opp_team_player_"&Y43,"")) -> event_team_player_1 | Y43: =COUNTIFS(A$3:A43,"="&A43,K$3:K43,"="&K43) -> 1 | Z43: =SUMIFS(T$3:T43,L$3:L43,"=Intermission")+SUMIFS(T$3:T43,L$3:L43,"=Timeout")+SUMIFS(T$3:T43,L$3:L43,"=Clockstop") -> 0 | AA43: =IF(D43=1,0,IF(D43=2,1080+Z43,IF(D43=3,(1080*2)+Z43,0))) -> 0 | AB43: =((1080*D43)-((E43*60)+F43)*D43)+Z43 -> 62 | AC43: =IF(L42="GameStart",0,AA43+Z43) -> 0
A44: 22 | D44: =IF(L44="Intermission",D43+1,D43) -> 1 | E44: 16 | F44: 58 | I44: Home | J44: 27 | K44: o | L44: Zone_Entry_Exit | M44: Zone-Entry | N44: ZoneEntry-DumpIn | Q44: 18977 | R44: Velodrome | S44: HollowBrook | T44: =IF(AND(G44="",H44=""),0,((E44*60)+F44)-((G44*60)+H44)) -> 0 | U44: =(E44*60)+F44 -> 1018 | V44: =IF(AND(G44="",H44=""),U44,((G44*60)+H44)) -> 1018 | W44: {=_xlfn._xlws.FILTER(shifts!A:A,(shifts!B:B=events!D44)*(shifts!AH:AH>=events!U44)*(shifts!AI:AI<=events!V44))} -> 1 | X44: =IF(K44="e","event_team_player_"&Y44,IF(K44="o","opp_team_player_"&Y44,"")) -> opp_team_player_1 | Y44: =COUNTIFS(A$3:A44,"="&A44,K$3:K44,"="&K44) -> 1 | Z44: =SUMIFS(T$3:T44,L$3:L44,"=Intermission")+SUMIFS(T$3:T44,L$3:L44,"=Timeout")+SUMIFS(T$3:T44,L$3:L44,"=Clockstop") -> 0 | AA44: =IF(D44=1,0,IF(D44=2,1080+Z44,IF(D44=3,(1080*2)+Z44,0))) -> 0 | AB44: =((1080*D44)-((E44*60)+F44)*D44)+Z44 -> 62 | AC44: =IF(L43="GameStart",0,AA44+Z44) -> 0
A45: 23 | D45: =IF(L45="Intermission",D44+1,D44) -> 1 | E45: 16 | F45: 54 | I45: Home | J45: 87 | K45: e | L45: Turnover | M45: Turnover-Giveaway | N45: Giveaway-PassIntercepted | Q45: 18977 | R45: Velodrome | S45: HollowBrook | T45: =IF(AND(G45="",H45=""),0,((E45*60)+F45)-((G45*60)+H45)) -> 0 | U45: =(E45*60)+F45 -> 1014 | V45: =IF(AND(G45="",H45=""),U45,((G45*60)+H45)) -> 1014 | W45: {=_xlfn._xlws.FILTER(shifts!A:A,(shifts!B:B=events!D45)*(shifts!AH:AH>=events!U45)*(shifts!AI:AI<=events!V45))} -> 2 | X45: =IF(K45="e","event_team_player_"&Y45,IF(K45="o","opp_team_player_"&Y45,"")) -> event_team_player_1 | Y45: =COUNTIFS(A$3:A45,"="&A45,K$3:K45,"="&K45) -> 1 | Z45: =SUMIFS(T$3:T45,L$3:L45,"=Intermission")+SUMIFS(T$3:T45,L$3:L45,"=Timeout")+SUMIFS(T$3:T45,L$3:L45,"=Clockstop") -> 0 | AA45: =IF(D45=1,0,IF(D45=2,1080+Z45,IF(D45=3,(1080*2)+Z45,0))) -> 0 | AB45: =((1080*D45)-((E45*60)+F45)*D45)+Z45 -> 66 | AC45: =IF(L44="GameStart",0,AA45+Z45) -> 0
A46: 23 | D46: =IF(L46="Intermission",D45+1,D45) -> 1 | E46: 16 | F46: 54 | I46: Home | J46: 27 | K46: o | L46: Turnover | M46: Turnover-Giveaway | N46: Giveaway-PassIntercepted | Q46: 18977 | R46: Velodrome | S46: HollowBrook | T46: =IF(AND(G46="",H46=""),0,((E46*60)+F46)-((G46*60)+H46)) -> 0 | U46: =(E46*60)+F46 -> 1014 | V46: =IF(AND(G46="",H46=""),U46,((G46*60)+H46)) -> 1014 | W46: {=_xlfn._xlws.FILTER(shifts!A:A,(shifts!B:B=events!D46)*(shifts!AH:AH>=events!U46)*(shifts!AI:AI<=events!V46))} -> 2 | X46: =IF(K46="e","event_team_player_"&Y46,IF(K46="o","opp_team_player_"&Y46,"")) -> opp_team_player_1 | Y46: =COUNTIFS(A$3:A46,"="&A46,K$3:K46,"="&K46) -> 1 | Z46: =SUMIFS(T$3:T46,L$3:L46,"=Intermission")+SUMIFS(T$3:T46,L$3:L46,"=Timeout")+SUMIFS(T$3:T46,L$3:L46,"=Clockstop") -> 0 | AA46: =IF(D46=1,0,IF(D46=2,1080+Z46,IF(D46=3,(1080*2)+Z46,0))) -> 0 | AB46: =((1080*D46)-((E46*60)+F46)*D46)+Z46 -> 66 | AC46: =IF(L45="GameStart",0,AA46+Z46) -> 0
A47: 24 | D47: =IF(L47="Intermission",D46+1,D46) -> 1 | E47: 16 | F47: 54 | G47: 16 | H47: 49 | I47: Away | J47: 11 | K47: e | L47: Possession | Q47: 18977 | R47: Velodrome | S47: HollowBrook | T47: =IF(AND(G47="",H47=""),0,((E47*60)+F47)-((G47*60)+H47)) -> 5 | U47: =(E47*60)+F47 -> 1014 | V47: =IF(AND(G47="",H47=""),U47,((G47*60)+H47)) -> 1009 | W47: {=_xlfn._xlws.FILTER(shifts!A:A,(shifts!B:B=events!D47)*(shifts!AH:AH>=events!U47)*(shifts!AI:AI<=events!V47))} -> 2 | X47: =IF(K47="e","event_team_player_"&Y47,IF(K47="o","opp_team_player_"&Y47,"")) -> event_team_player_1 | Y47: =COUNTIFS(A$3:A47,"="&A47,K$3:K47,"="&K47) -> 1 | Z47: =SUMIFS(T$3:T47,L$3:L47,"=Intermission")+SUMIFS(T$3:T47,L$3:L47,"=Timeout")+SUMIFS(T$3:T47,L$3:L47,"=Clockstop") -> 0 | AA47: =IF(D47=1,0,IF(D47=2,1080+Z47,IF(D47=3,(1080*2)+Z47,0))) -> 0 | AB47: =((1080*D47)-((E47*60)+F47)*D47)+Z47 -> 66 | AC47: =IF(L46="GameStart",0,AA47+Z47) -> 0
A48: 25 | D48: =IF(L48="Intermission",D47+1,D47) -> 1 | E48: 16 | F48: 49 | I48: Away | J48: 11 | K48: e | L48: Turnover | M48: Turnover-Giveaway | N48: Giveaway-Misplayed | Q48: 18977 | R48: Velodrome | S48: HollowBrook | T48: =IF(AND(G48="",H48=""),0,((E48*60)+F48)-((G48*60)+H48)) -> 0 | U48: =(E48*60)+F48 -> 1009 | V48: =IF(AND(G48="",H48=""),U48,((G48*60)+H48)) -> 1009 | W48: {=_xlfn._xlws.FILTER(shifts!A:A,(shifts!B:B=events!D48)*(shifts!AH:AH>=events!U48)*(shifts!AI:AI<=events!V48))} -> 2 | X48: =IF(K48="e","event_team_player_"&Y48,IF(K48="o","opp_team_player_"&Y48,"")) -> event_team_player_1 | Y48: =COUNTIFS(A$3:A48,"="&A48,K$3:K48,"="&K48) -> 1 | Z48: =SUMIFS(T$3:T48,L$3:L48,"=Intermission")+SUMIFS(T$3:T48,L$3:L48,"=Timeout")+SUMIFS(T$3:T48,L$3:L48,"=Clockstop") -> 0 | AA48: =IF(D48=1,0,IF(D48=2,1080+Z48,IF(D48=3,(1080*2)+Z48,0))) -> 0 | AB48: =((1080*D48)-((E48*60)+F48)*D48)+Z48 -> 71 | AC48: =IF(L47="GameStart",0,AA48+Z48) -> 0
A49: 25 | D49: =IF(L49="Intermission",D48+1,D48) -> 1 | E49: 16 | F49: 49 | I49: Away | J49: 87 | K49: o | L49: Turnover | M49: Turnover-Giveaway | N49: Giveaway-Misplayed | Q49: 18977 | R49: Velodrome | S49: HollowBrook | T49: =IF(AND(G49="",H49=""),0,((E49*60)+F49)-((G49*60)+H49)) -> 0 | U49: =(E49*60)+F49 -> 1009 | V49: =IF(AND(G49="",H49=""),U49,((G49*60)+H49)) -> 1009 | W49: {=_xlfn._xlws.FILTER(shifts!A:A,(shifts!B:B=events!D49)*(shifts!AH:AH>=events!U49)*(shifts!AI:AI<=events!V49))} -> 2 | X49: =IF(K49="e","event_team_player_"&Y49,IF(K49="o","opp_team_player_"&Y49,"")) -> opp_team_player_1 | Y49: =COUNTIFS(A$3:A49,"="&A49,K$3:K49,"="&K49) -> 1 | Z49: =SUMIFS(T$3:T49,L$3:L49,"=Intermission")+SUMIFS(T$3:T49,L$3:L49,"=Timeout")+SUMIFS(T$3:T49,L$3:L49,"=Clockstop") -> 0 | AA49: =IF(D49=1,0,IF(D49=2,1080+Z49,IF(D49=3,(1080*2)+Z49,0))) -> 0 | AB49: =((1080*D49)-((E49*60)+F49)*D49)+Z49 -> 71 | AC49: =IF(L48="GameStart",0,AA49+Z49) -> 0
A50: 26 | D50: =IF(L50="Intermission",D49+1,D49) -> 1 | E50: 16 | F50: 49 | G50: 16 | H50: 47 | I50: Home | J50: 87 | K50: e | L50: Possession | Q50: 18977 | R50: Velodrome | S50: HollowBrook | T50: =IF(AND(G50="",H50=""),0,((E50*60)+F50)-((G50*60)+H50)) -> 2 | U50: =(E50*60)+F50 -> 1009 | V50: =IF(AND(G50="",H50=""),U50,((G50*60)+H50)) -> 1007 | W50: {=_xlfn._xlws.FILTER(shifts!A:A,(shifts!B:B=events!D50)*(shifts!AH:AH>=events!U50)*(shifts!AI:AI<=events!V50))} -> 2 | X50: =IF(K50="e","event_team_player_"&Y50,IF(K50="o","opp_team_player_"&Y50,"")) -> event_team_player_1 | Y50: =COUNTIFS(A$3:A50,"="&A50,K$3:K50,"="&K50) -> 1 | Z50: =SUMIFS(T$3:T50,L$3:L50,"=Intermission")+SUMIFS(T$3:T50,L$3:L50,"=Timeout")+SUMIFS(T$3:T50,L$3:L50,"=Clockstop") -> 0 | AA50: =IF(D50=1,0,IF(D50=2,1080+Z50,IF(D50=3,(1080*2)+Z50,0))) -> 0 | AB50: =((1080*D50)-((E50*60)+F50)*D50)+Z50 -> 71 | AC50: =IF(L49="GameStart",0,AA50+Z50) -> 0
A51: 26 | D51: =IF(L51="Intermission",D50+1,D50) -> 1 | E51: 16 | F51: 47 | I51: Home | J51: 87 | K51: e | L51: Pass | M51: Pass-Completed | N51: Pass-Other | Q51: 18977 | R51: Velodrome | S51: HollowBrook | T51: =IF(AND(G51="",H51=""),0,((E51*60)+F51)-((G51*60)+H51)) -> 0 | U51: =(E51*60)+F51 -> 1007 | V51: =IF(AND(G51="",H51=""),U51,((G51*60)+H51)) -> 1007 | W51: {=_xlfn._xlws.FILTER(shifts!A:A,(shifts!B:B=events!D51)*(shifts!AH:AH>=events!U51)*(shifts!AI:AI<=events!V51))} -> 2 | X51: =IF(K51="e","event_team_player_"&Y51,IF(K51="o","opp_team_player_"&Y51,"")) -> event_team_player_2 | Y51: =COUNTIFS(A$3:A51,"="&A51,K$3:K51,"="&K51) -> 2 | Z51: =SUMIFS(T$3:T51,L$3:L51,"=Intermission")+SUMIFS(T$3:T51,L$3:L51,"=Timeout")+SUMIFS(T$3:T51,L$3:L51,"=Clockstop") -> 0 | AA51: =IF(D51=1,0,IF(D51=2,1080+Z51,IF(D51=3,(1080*2)+Z51,0))) -> 0 | AB51: =((1080*D51)-((E51*60)+F51)*D51)+Z51 -> 73 | AC51: =IF(L50="GameStart",0,AA51+Z51) -> 0
A52: 26 | D52: =IF(L52="Intermission",D51+1,D51) -> 1 | E52: 16 | F52: 47 | I52: Home | J52: 75 | K52: e | L52: Pass | M52: Pass-Completed | N52: Pass-Other | Q52: 18977 | R52: Velodrome | S52: HollowBrook | T52: =IF(AND(G52="",H52=""),0,((E52*60)+F52)-((G52*60)+H52)) -> 0 | U52: =(E52*60)+F52 -> 1007 | V52: =IF(AND(G52="",H52=""),U52,((G52*60)+H52)) -> 1007 | W52: {=_xlfn._xlws.FILTER(shifts!A:A,(shifts!B:B=events!D52)*(shifts!AH:AH>=events!U52)*(shifts!AI:AI<=events!V52))} -> 2 | X52: =IF(K52="e","event_team_player_"&Y52,IF(K52="o","opp_team_player_"&Y52,"")) -> event_team_player_3 | Y52: =COUNTIFS(A$3:A52,"="&A52,K$3:K52,"="&K52) -> 3 | Z52: =SUMIFS(T$3:T52,L$3:L52,"=Intermission")+SUMIFS(T$3:T52,L$3:L52,"=Timeout")+SUMIFS(T$3:T52,L$3:L52,"=Clockstop") -> 0 | AA52: =IF(D52=1,0,IF(D52=2,1080+Z52,IF(D52=3,(1080*2)+Z52,0))) -> 0 | AB52: =((1080*D52)-((E52*60)+F52)*D52)+Z52 -> 73 | AC52: =IF(L51="GameStart",0,AA52+Z52) -> 0
A53: 26 | D53: =IF(L53="Intermission",D52+1,D52) -> 1 | E53: 16 | F53: 47 | I53: Home | J53: 11 | K53: o | L53: Pass | M53: Pass-Completed | N53: Pass-Other | Q53: 18977 | R53: Velodrome | S53: HollowBrook | T53: =IF(AND(G53="",H53=""),0,((E53*60)+F53)-((G53*60)+H53)) -> 0 | U53: =(E53*60)+F53 -> 1007 | V53: =IF(AND(G53="",H53=""),U53,((G53*60)+H53)) -> 1007 | W53: {=_xlfn._xlws.FILTER(shifts!A:A,(shifts!B:B=events!D53)*(shifts!AH:AH>=events!U53)*(shifts!AI:AI<=events!V53))} -> 2 | X53: =IF(K53="e","event_team_player_"&Y53,IF(K53="o","opp_team_player_"&Y53,"")) -> opp_team_player_1 | Y53: =COUNTIFS(A$3:A53,"="&A53,K$3:K53,"="&K53) -> 1 | Z53: =SUMIFS(T$3:T53,L$3:L53,"=Intermission")+SUMIFS(T$3:T53,L$3:L53,"=Timeout")+SUMIFS(T$3:T53,L$3:L53,"=Clockstop") -> 0 | AA53: =IF(D53=1,0,IF(D53=2,1080+Z53,IF(D53=3,(1080*2)+Z53,0))) -> 0 | AB53: =((1080*D53)-((E53*60)+F53)*D53)+Z53 -> 73 | AC53: =IF(L52="GameStart",0,AA53+Z53) -> 0
A54: 27 | B54: 2 | D54: =IF(L54="Intermission",D53+1,D53) -> 1 | E54: 16 | F54: 45 | I54: Home | J54: 75 | K54: e | L54: Turnover | M54: Turnover-Giveaway | N54: Giveaway-PassIntercepted | Q54: 18977 | R54: Velodrome | S54: HollowBrook | T54: =IF(AND(G54="",H54=""),0,((E54*60)+F54)-((G54*60)+H54)) -> 0 | U54: =(E54*60)+F54 -> 1005 | V54: =IF(AND(G54="",H54=""),U54,((G54*60)+H54)) -> 1005 | W54: {=_xlfn._xlws.FILTER(shifts!A:A,(shifts!B:B=events!D54)*(shifts!AH:AH>=events!U54)*(shifts!AI:AI<=events!V54))} -> 2 | X54: =IF(K54="e","event_team_player_"&Y54,IF(K54="o","opp_team_player_"&Y54,"")) -> event_team_player_1 | Y54: =COUNTIFS(A$3:A54,"="&A54,K$3:K54,"="&K54) -> 1 | Z54: =SUMIFS(T$3:T54,L$3:L54,"=Intermission")+SUMIFS(T$3:T54,L$3:L54,"=Timeout")+SUMIFS(T$3:T54,L$3:L54,"=Clockstop") -> 0 | AA54: =IF(D54=1,0,IF(D54=2,1080+Z54,IF(D54=3,(1080*2)+Z54,0))) -> 0 | AB54: =((1080*D54)-((E54*60)+F54)*D54)+Z54 -> 75 | AC54: =IF(L53="GameStart",0,AA54+Z54) -> 0
A55: 27 | B55: 2 | D55: =IF(L55="Intermission",D54+1,D54) -> 1 | E55: 16 | F55: 45 | I55: Home | J55: 22 | K55: e | L55: Turnover | M55: Turnover-Giveaway | N55: Giveaway-PassIntercepted | Q55: 18977 | R55: Velodrome | S55: HollowBrook | T55: =IF(AND(G55="",H55=""),0,((E55*60)+F55)-((G55*60)+H55)) -> 0 | U55: =(E55*60)+F55 -> 1005 | V55: =IF(AND(G55="",H55=""),U55,((G55*60)+H55)) -> 1005 | W55: {=_xlfn._xlws.FILTER(shifts!A:A,(shifts!B:B=events!D55)*(shifts!AH:AH>=events!U55)*(shifts!AI:AI<=events!V55))} -> 2 | X55: =IF(K55="e","event_team_player_"&Y55,IF(K55="o","opp_team_player_"&Y55,"")) -> event_team_player_2 | Y55: =COUNTIFS(A$3:A55,"="&A55,K$3:K55,"="&K55) -> 2 | Z55: =SUMIFS(T$3:T55,L$3:L55,"=Intermission")+SUMIFS(T$3:T55,L$3:L55,"=Timeout")+SUMIFS(T$3:T55,L$3:L55,"=Clockstop") -> 0 | AA55: =IF(D55=1,0,IF(D55=2,1080+Z55,IF(D55=3,(1080*2)+Z55,0))) -> 0 | AB55: =((1080*D55)-((E55*60)+F55)*D55)+Z55 -> 75 | AC55: =IF(L54="GameStart",0,AA55+Z55) -> 0
A56: 27 | B56: 2 | D56: =IF(L56="Intermission",D55+1,D55) -> 1 | E56: 16 | F56: 45 | I56: Home | J56: 19 | K56: o | L56: Turnover | M56: Turnover-Giveaway | N56: Giveaway-PassIntercepted | Q56: 18977 | R56: Velodrome | S56: HollowBrook | T56: =IF(AND(G56="",H56=""),0,((E56*60)+F56)-((G56*60)+H56)) -> 0 | U56: =(E56*60)+F56 -> 1005 | V56: =IF(AND(G56="",H56=""),U56,((G56*60)+H56)) -> 1005 | W56: {=_xlfn._xlws.FILTER(shifts!A:A,(shifts!B:B=events!D56)*(shifts!AH:AH>=events!U56)*(shifts!AI:AI<=events!V56))} -> 2 | X56: =IF(K56="e","event_team_player_"&Y56,IF(K56="o","opp_team_player_"&Y56,"")) -> opp_team_player_1 | Y56: =COUNTIFS(A$3:A56,"="&A56,K$3:K56,"="&K56) -> 1 | Z56: =SUMIFS(T$3:T56,L$3:L56,"=Intermission")+SUMIFS(T$3:T56,L$3:L56,"=Timeout")+SUMIFS(T$3:T56,L$3:L56,"=Clockstop") -> 0 | AA56: =IF(D56=1,0,IF(D56=2,1080+Z56,IF(D56=3,(1080*2)+Z56,0))) -> 0 | AB56: =((1080*D56)-((E56*60)+F56)*D56)+Z56 -> 75 | AC56: =IF(L55="GameStart",0,AA56+Z56) -> 0
A57: 28 | B57: 2 | D57: =IF(L57="Intermission",D56+1,D56) -> 1 | E57: 16 | F57: 45 | G57: 16 | H57: 43 | I57: Away | J57: 19 | K57: e | L57: Zone_Entry_Exit | M57: Zone-Exit | N57: ZoneEntry-Rush | Q57: 18977 | R57: Velodrome | S57: HollowBrook | T57: =IF(AND(G57="",H57=""),0,((E57*60)+F57)-((G57*60)+H57)) -> 2 | U57: =(E57*60)+F57 -> 1005 | V57: =IF(AND(G57="",H57=""),U57,((G57*60)+H57)) -> 1003 | W57: {=_xlfn._xlws.FILTER(shifts!A:A,(shifts!B:B=events!D57)*(shifts!AH:AH>=events!U57)*(shifts!AI:AI<=events!V57))} -> 2 | X57: =IF(K57="e","event_team_player_"&Y57,IF(K57="o","opp_team_player_"&Y57,"")) -> event_team_player_1 | Y57: =COUNTIFS(A$3:A57,"="&A57,K$3:K57,"="&K57) -> 1 | Z57: =SUMIFS(T$3:T57,L$3:L57,"=Intermission")+SUMIFS(T$3:T57,L$3:L57,"=Timeout")+SUMIFS(T$3:T57,L$3:L57,"=Clockstop") -> 0 | AA57: =IF(D57=1,0,IF(D57=2,1080+Z57,IF(D57=3,(1080*2)+Z57,0))) -> 0 | AB57: =((1080*D57)-((E57*60)+F57)*D57)+Z57 -> 75 | AC57: =IF(L56="GameStart",0,AA57+Z57) -> 0
A58: 29 | B58: 2 | D58: =IF(L58="Intermission",D57+1,D57) -> 1 | E58: 16 | F58: 43 | G58: 16 | H58: 40 | I58: Away | J58: 19 | K58: e | L58: Possession | Q58: 18977 | R58: Velodrome | S58: HollowBrook | T58: =IF(AND(G58="",H58=""),0,((E58*60)+F58)-((G58*60)+H58)) -> 3 | U58: =(E58*60)+F58 -> 1003 | V58: =IF(AND(G58="",H58=""),U58,((G58*60)+H58)) -> 1000 | W58: {=_xlfn._xlws.FILTER(shifts!A:A,(shifts!B:B=events!D58)*(shifts!AH:AH>=events!U58)*(shifts!AI:AI<=events!V58))} -> 2 | X58: =IF(K58="e","event_team_player_"&Y58,IF(K58="o","opp_team_player_"&Y58,"")) -> event_team_player_1 | Y58: =COUNTIFS(A$3:A58,"="&A58,K$3:K58,"="&K58) -> 1 | Z58: =SUMIFS(T$3:T58,L$3:L58,"=Intermission")+SUMIFS(T$3:T58,L$3:L58,"=Timeout")+SUMIFS(T$3:T58,L$3:L58,"=Clockstop") -> 0 | AA58: =IF(D58=1,0,IF(D58=2,1080+Z58,IF(D58=3,(1080*2)+Z58,0))) -> 0 | AB58: =((1080*D58)-((E58*60)+F58)*D58)+Z58 -> 77 | AC58: =IF(L57="GameStart",0,AA58+Z58) -> 0
A59: 30 | B59: 2 | C59: 2 | D59: =IF(L59="Intermission",D58+1,D58) -> 1 | E59: 16 | F59: 40 | G59: 16 | H59: 39 | I59: Away | J59: 19 | K59: e | L59: Zone_Entry_Exit | M59: Zone-Entry | N59: ZoneEntry-Rush | Q59: 18977 | R59: Velodrome | S59: HollowBrook | T59: =IF(AND(G59="",H59=""),0,((E59*60)+F59)-((G59*60)+H59)) -> 1 | U59: =(E59*60)+F59 -> 1000 | V59: =IF(AND(G59="",H59=""),U59,((G59*60)+H59)) -> 999 | W59: {=_xlfn._xlws.FILTER(shifts!A:A,(shifts!B:B=events!D59)*(shifts!AH:AH>=events!U59)*(shifts!AI:AI<=events!V59))} -> 3 | X59: =IF(K59="e","event_team_player_"&Y59,IF(K59="o","opp_team_player_"&Y59,"")) -> event_team_player_1 | Y59: =COUNTIFS(A$3:A59,"="&A59,K$3:K59,"="&K59) -> 1 | Z59: =SUMIFS(T$3:T59,L$3:L59,"=Intermission")+SUMIFS(T$3:T59,L$3:L59,"=Timeout")+SUMIFS(T$3:T59,L$3:L59,"=Clockstop") -> 0 | AA59: =IF(D59=1,0,IF(D59=2,1080+Z59,IF(D59=3,(1080*2)+Z59,0))) -> 0 | AB59: =((1080*D59)-((E59*60)+F59)*D59)+Z59 -> 80 | AC59: =IF(L58="GameStart",0,AA59+Z59) -> 0
A60: 30 | B60: 2 | C60: 2 | D60: =IF(L60="Intermission",D59+1,D59) -> 1 | E60: 16 | F60: 40 | G60: 16 | H60: 39 | I60: Away | J60: 87 | K60: o | L60: Zone_Entry_Exit | M60: Zone-Entry | N60: ZoneEntry-Rush | Q60: 18977 | R60: Velodrome | S60: HollowBrook | T60: =IF(AND(G60="",H60=""),0,((E60*60)+F60)-((G60*60)+H60)) -> 1 | U60: =(E60*60)+F60 -> 1000 | V60: =IF(AND(G60="",H60=""),U60,((G60*60)+H60)) -> 999 | W60: {=_xlfn._xlws.FILTER(shifts!A:A,(shifts!B:B=events!D60)*(shifts!AH:AH>=events!U60)*(shifts!AI:AI<=events!V60))} -> 3 | X60: =IF(K60="e","event_team_player_"&Y60,IF(K60="o","opp_team_player_"&Y60,"")) -> opp_team_player_1 | Y60: =COUNTIFS(A$3:A60,"="&A60,K$3:K60,"="&K60) -> 1 | Z60: =SUMIFS(T$3:T60,L$3:L60,"=Intermission")+SUMIFS(T$3:T60,L$3:L60,"=Timeout")+SUMIFS(T$3:T60,L$3:L60,"=Clockstop") -> 0 | AA60: =IF(D60=1,0,IF(D60=2,1080+Z60,IF(D60=3,(1080*2)+Z60,0))) -> 0 | AB60: =((1080*D60)-((E60*60)+F60)*D60)+Z60 -> 80 | AC60: =IF(L59="GameStart",0,AA60+Z60) -> 0
A61: 31 | B61: 2 | C61: 2 | D61: =IF(L61="Intermission",D60+1,D60) -> 1 | E61: 16 | F61: 39 | I61: Away | J61: 19 | K61: e | L61: Shot | M61: Shot-OnNet | N61: Shot-Wrist | Q61: 18977 | R61: Velodrome | S61: HollowBrook | T61: =IF(AND(G61="",H61=""),0,((E61*60)+F61)-((G61*60)+H61)) -> 0 | U61: =(E61*60)+F61 -> 999 | V61: =IF(AND(G61="",H61=""),U61,((G61*60)+H61)) -> 999 | W61: {=_xlfn._xlws.FILTER(shifts!A:A,(shifts!B:B=events!D61)*(shifts!AH:AH>=events!U61)*(shifts!AI:AI<=events!V61))} -> 3 | X61: =IF(K61="e","event_team_player_"&Y61,IF(K61="o","opp_team_player_"&Y61,"")) -> event_team_player_1 | Y61: =COUNTIFS(A$3:A61,"="&A61,K$3:K61,"="&K61) -> 1 | Z61: =SUMIFS(T$3:T61,L$3:L61,"=Intermission")+SUMIFS(T$3:T61,L$3:L61,"=Timeout")+SUMIFS(T$3:T61,L$3:L61,"=Clockstop") -> 0 | AA61: =IF(D61=1,0,IF(D61=2,1080+Z61,IF(D61=3,(1080*2)+Z61,0))) -> 0 | AB61: =((1080*D61)-((E61*60)+F61)*D61)+Z61 -> 81 | AC61: =IF(L60="GameStart",0,AA61+Z61) -> 0
A62: 31 | B62: 2 | C62: 2 | D62: =IF(L62="Intermission",D61+1,D61) -> 1 | E62: 16 | F62: 39 | I62: Away | J62: 39 | K62: o | L62: Shot | M62: Shot-OnNet | N62: Shot-Wrist | Q62: 18977 | R62: Velodrome | S62: HollowBrook | T62: =IF(AND(G62="",H62=""),0,((E62*60)+F62)-((G62*60)+H62)) -> 0 | U62: =(E62*60)+F62 -> 999 | V62: =IF(AND(G62="",H62=""),U62,((G62*60)+H62)) -> 999 | W62: {=_xlfn._xlws.FILTER(shifts!A:A,(shifts!B:B=events!D62)*(shifts!AH:AH>=events!U62)*(shifts!AI:AI<=events!V62))} -> 3 | X62: =IF(K62="e","event_team_player_"&Y62,IF(K62="o","opp_team_player_"&Y62,"")) -> opp_team_player_1 | Y62: =COUNTIFS(A$3:A62,"="&A62,K$3:K62,"="&K62) -> 1 | Z62: =SUMIFS(T$3:T62,L$3:L62,"=Intermission")+SUMIFS(T$3:T62,L$3:L62,"=Timeout")+SUMIFS(T$3:T62,L$3:L62,"=Clockstop") -> 0 | AA62: =IF(D62=1,0,IF(D62=2,1080+Z62,IF(D62=3,(1080*2)+Z62,0))) -> 0 | AB62: =((1080*D62)-((E62*60)+F62)*D62)+Z62 -> 81 | AC62: =IF(L61="GameStart",0,AA62+Z62) -> 0
A63: 31 | B63: 2 | C63: 2 | D63: =IF(L63="Intermission",D62+1,D62) -> 1 | E63: 16 | F63: 39 | I63: Away | J63: 87 | K63: o | L63: Shot | M63: Shot-OnNet | N63: Shot-Wrist | Q63: 18977 | R63: Velodrome | S63: HollowBrook | T63: =IF(AND(G63="",H63=""),0,((E63*60)+F63)-((G63*60)+H63)) -> 0 | U63: =(E63*60)+F63 -> 999 | V63: =IF(AND(G63="",H63=""),U63,((G63*60)+H63)) -> 999 | W63: {=_xlfn._xlws.FILTER(shifts!A:A,(shifts!B:B=events!D63)*(shifts!AH:AH>=events!U63)*(shifts!AI:AI<=events!V63))} -> 3 | X63: =IF(K63="e","event_team_player_"&Y63,IF(K63="o","opp_team_player_"&Y63,"")) -> opp_team_player_2 | Y63: =COUNTIFS(A$3:A63,"="&A63,K$3:K63,"="&K63) -> 2 | Z63: =SUMIFS(T$3:T63,L$3:L63,"=Intermission")+SUMIFS(T$3:T63,L$3:L63,"=Timeout")+SUMIFS(T$3:T63,L$3:L63,"=Clockstop") -> 0 | AA63: =IF(D63=1,0,IF(D63=2,1080+Z63,IF(D63=3,(1080*2)+Z63,0))) -> 0 | AB63: =((1080*D63)-((E63*60)+F63)*D63)+Z63 -> 81 | AC63: =IF(L62="GameStart",0,AA63+Z63) -> 0
A64: 32 | B64: 2 | C64: 2 | D64: =IF(L64="Intermission",D63+1,D63) -> 1 | E64: 16 | F64: 39 | I64: Home | J64: 39 | K64: e | L64: Save | M64: Save-Freeze | N64: Save-Butterfly | Q64: 18977 | R64: Velodrome | S64: HollowBrook | T64: =IF(AND(G64="",H64=""),0,((E64*60)+F64)-((G64*60)+H64)) -> 0 | U64: =(E64*60)+F64 -> 999 | V64: =IF(AND(G64="",H64=""),U64,((G64*60)+H64)) -> 999 | W64: {=_xlfn._xlws.FILTER(shifts!A:A,(shifts!B:B=events!D64)*(shifts!AH:AH>=events!U64)*(shifts!AI:AI<=events!V64))} -> 3 | X64: =IF(K64="e","event_team_player_"&Y64,IF(K64="o","opp_team_player_"&Y64,"")) -> event_team_player_1 | Y64: =COUNTIFS(A$3:A64,"="&A64,K$3:K64,"="&K64) -> 1 | Z64: =SUMIFS(T$3:T64,L$3:L64,"=Intermission")+SUMIFS(T$3:T64,L$3:L64,"=Timeout")+SUMIFS(T$3:T64,L$3:L64,"=Clockstop") -> 0 | AA64: =IF(D64=1,0,IF(D64=2,1080+Z64,IF(D64=3,(1080*2)+Z64,0))) -> 0 | AB64: =((1080*D64)-((E64*60)+F64)*D64)+Z64 -> 81 | AC64: =IF(L63="GameStart",0,AA64+Z64) -> 0
A65: 32 | B65: 2 | C65: 2 | D65: =IF(L65="Intermission",D64+1,D64) -> 1 | E65: 16 | F65: 39 | I65: Home | J65: 19 | K65: o | L65: Save | M65: Save-Freeze | N65: Save-Butterfly | Q65: 18977 | R65: Velodrome | S65: HollowBrook | T65: =IF(AND(G65="",H65=""),0,((E65*60)+F65)-((G65*60)+H65)) -> 0 | U65: =(E65*60)+F65 -> 999 | V65: =IF(AND(G65="",H65=""),U65,((G65*60)+H65)) -> 999 | W65: {=_xlfn._xlws.FILTER(shifts!A:A,(shifts!B:B=events!D65)*(shifts!AH:AH>=events!U65)*(shifts!AI:AI<=events!V65))} -> 3 | X65: =IF(K65="e","event_team_player_"&Y65,IF(K65="o","opp_team_player_"&Y65,"")) -> opp_team_player_1 | Y65: =COUNTIFS(A$3:A65,"="&A65,K$3:K65,"="&K65) -> 1 | Z65: =SUMIFS(T$3:T65,L$3:L65,"=Intermission")+SUMIFS(T$3:T65,L$3:L65,"=Timeout")+SUMIFS(T$3:T65,L$3:L65,"=Clockstop") -> 0 | AA65: =IF(D65=1,0,IF(D65=2,1080+Z65,IF(D65=3,(1080*2)+Z65,0))) -> 0 | AB65: =((1080*D65)-((E65*60)+F65)*D65)+Z65 -> 81 | AC65: =IF(L64="GameStart",0,AA65+Z65) -> 0
A66: 33 | B66: 2 | C66: 2 | D66: =IF(L66="Intermission",D65+1,D65) -> 1 | E66: 16 | F66: 39 | I66: Home | J66: 39 | K66: e | L66: Stoppage | M66: Stoppage-Freeze | N66: Stoppage-GoalieStoppage | Q66: 18977 | R66: Velodrome | S66: HollowBrook | T66: =IF(AND(G66="",H66=""),0,((E66*60)+F66)-((G66*60)+H66)) -> 0 | U66: =(E66*60)+F66 -> 999 | V66: =IF(AND(G66="",H66=""),U66,((G66*60)+H66)) -> 999 | W66: {=_xlfn._xlws.FILTER(shifts!A:A,(shifts!B:B=events!D66)*(shifts!AH:AH>=events!U66)*(shifts!AI:AI<=events!V66))} -> 3 | X66: =IF(K66="e","event_team_player_"&Y66,IF(K66="o","opp_team_player_"&Y66,"")) -> event_team_player_1 | Y66: =COUNTIFS(A$3:A66,"="&A66,K$3:K66,"="&K66) -> 1 | Z66: =SUMIFS(T$3:T66,L$3:L66,"=Intermission")+SUMIFS(T$3:T66,L$3:L66,"=Timeout")+SUMIFS(T$3:T66,L$3:L66,"=Clockstop") -> 0 | AA66: =IF(D66=1,0,IF(D66=2,1080+Z66,IF(D66=3,(1080*2)+Z66,0))) -> 0 | AB66: =((1080*D66)-((E66*60)+F66)*D66)+Z66 -> 81 | AC66: =IF(L65="GameStart",0,AA66+Z66) -> 0
A67: 34 | D67: =IF(L67="Intermission",D66+1,D66) -> 1 | E67: 16 | F67: 34 | G67: 16 | H67: 15 | I67: Home | K67: e | L67: DeadIce | Q67: 18977 | R67: Velodrome | S67: HollowBrook | T67: =IF(AND(G67="",H67=""),0,((E67*60)+F67)-((G67*60)+H67)) -> 19 | U67: =(E67*60)+F67 -> 994 | V67: =IF(AND(G67="",H67=""),U67,((G67*60)+H67)) -> 975 | W67: {=_xlfn._xlws.FILTER(shifts!A:A,(shifts!B:B=events!D67)*(shifts!AH:AH>=events!U67)*(shifts!AI:AI<=events!V67))} -> 3 | X67: =IF(K67="e","event_team_player_"&Y67,IF(K67="o","opp_team_player_"&Y67,"")) -> event_team_player_1 | Y67: =COUNTIFS(A$3:A67,"="&A67,K$3:K67,"="&K67) -> 1 | Z67: =SUMIFS(T$3:T67,L$3:L67,"=Intermission")+SUMIFS(T$3:T67,L$3:L67,"=Timeout")+SUMIFS(T$3:T67,L$3:L67,"=Clockstop") -> 0 | AA67: =IF(D67=1,0,IF(D67=2,1080+Z67,IF(D67=3,(1080*2)+Z67,0))) -> 0 | AB67: =((1080*D67)-((E67*60)+F67)*D67)+Z67 -> 86 | AC67: =IF(L66="GameStart",0,AA67+Z67) -> 0
A68: 35 | D68: =IF(L68="Intermission",D67+1,D67) -> 1 | E68: 16 | F68: 15 | I68: Home | J68: 42 | K68: e | L68: Faceoff | M68: Faceoff | Q68: 18977 | R68: Velodrome | S68: HollowBrook | T68: =IF(AND(G68="",H68=""),0,((E68*60)+F68)-((G68*60)+H68)) -> 0 | U68: =(E68*60)+F68 -> 975 | V68: =IF(AND(G68="",H68=""),U68,((G68*60)+H68)) -> 975 | W68: {=_xlfn._xlws.FILTER(shifts!A:A,(shifts!B:B=events!D68)*(shifts!AH:AH>=events!U68)*(shifts!AI:AI<=events!V68))} -> 3 | X68: =IF(K68="e","event_team_player_"&Y68,IF(K68="o","opp_team_player_"&Y68,"")) -> event_team_player_1 | Y68: =COUNTIFS(A$3:A68,"="&A68,K$3:K68,"="&K68) -> 1 | Z68: =SUMIFS(T$3:T68,L$3:L68,"=Intermission")+SUMIFS(T$3:T68,L$3:L68,"=Timeout")+SUMIFS(T$3:T68,L$3:L68,"=Clockstop") -> 0 | AA68: =IF(D68=1,0,IF(D68=2,1080+Z68,IF(D68=3,(1080*2)+Z68,0))) -> 0 | AB68: =((1080*D68)-((E68*60)+F68)*D68)+Z68 -> 105 | AC68: =IF(L67="GameStart",0,AA68+Z68) -> 0
A69: 35 | D69: =IF(L69="Intermission",D68+1,D68) -> 1 | E69: 16 | F69: 15 | I69: Home | J69: 22 | K69: e | L69: Faceoff | M69: Faceoff | Q69: 18977 | R69: Velodrome | S69: HollowBrook | T69: =IF(AND(G69="",H69=""),0,((E69*60)+F69)-((G69*60)+H69)) -> 0 | U69: =(E69*60)+F69 -> 975 | V69: =IF(AND(G69="",H69=""),U69,((G69*60)+H69)) -> 975 | W69: {=_xlfn._xlws.FILTER(shifts!A:A,(shifts!B:B=events!D69)*(shifts!AH:AH>=events!U69)*(shifts!AI:AI<=events!V69))} -> 3 | X69: =IF(K69="e","event_team_player_"&Y69,IF(K69="o","opp_team_player_"&Y69,"")) -> event_team_player_2 | Y69: =COUNTIFS(A$3:A69,"="&A69,K$3:K69,"="&K69) -> 2 | Z69: =SUMIFS(T$3:T69,L$3:L69,"=Intermission")+SUMIFS(T$3:T69,L$3:L69,"=Timeout")+SUMIFS(T$3:T69,L$3:L69,"=Clockstop") -> 0 | AA69: =IF(D69=1,0,IF(D69=2,1080+Z69,IF(D69=3,(1080*2)+Z69,0))) -> 0 | AB69: =((1080*D69)-((E69*60)+F69)*D69)+Z69 -> 105 | AC69: =IF(L68="GameStart",0,AA69+Z69) -> 0
A70: 35 | D70: =IF(L70="Intermission",D69+1,D69) -> 1 | E70: 16 | F70: 15 | I70: Home | J70: 26 | K70: o | L70: Faceoff | M70: Faceoff | Q70: 18977 | R70: Velodrome | S70: HollowBrook | T70: =IF(AND(G70="",H70=""),0,((E70*60)+F70)-((G70*60)+H70)) -> 0 | U70: =(E70*60)+F70 -> 975 | V70: =IF(AND(G70="",H70=""),U70,((G70*60)+H70)) -> 975 | W70: {=_xlfn._xlws.FILTER(shifts!A:A,(shifts!B:B=events!D70)*(shifts!AH:AH>=events!U70)*(shifts!AI:AI<=events!V70))} -> 3 | X70: =IF(K70="e","event_team_player_"&Y70,IF(K70="o","opp_team_player_"&Y70,"")) -> opp_team_player_1 | Y70: =COUNTIFS(A$3:A70,"="&A70,K$3:K70,"="&K70) -> 1 | Z70: =SUMIFS(T$3:T70,L$3:L70,"=Intermission")+SUMIFS(T$3:T70,L$3:L70,"=Timeout")+SUMIFS(T$3:T70,L$3:L70,"=Clockstop") -> 0 | AA70: =IF(D70=1,0,IF(D70=2,1080+Z70,IF(D70=3,(1080*2)+Z70,0))) -> 0 | AB70: =((1080*D70)-((E70*60)+F70)*D70)+Z70 -> 105 | AC70: =IF(L69="GameStart",0,AA70+Z70) -> 0
A71: 36 | D71: =IF(L71="Intermission",D70+1,D70) -> 1 | E71: 16 | F71: 15 | G71: 16 | H71: 08 | I71: Home | J71: 22 | K71: e | L71: Possession | Q71: 18977 | R71: Velodrome | S71: HollowBrook | T71: =IF(AND(G71="",H71=""),0,((E71*60)+F71)-((G71*60)+H71)) -> 7 | U71: =(E71*60)+F71 -> 975 | V71: =IF(AND(G71="",H71=""),U71,((G71*60)+H71)) -> 968 | W71: {=_xlfn._xlws.FILTER(shifts!A:A,(shifts!B:B=events!D71)*(shifts!AH:AH>=events!U71)*(shifts!AI:AI<=events!V71))} -> 3 | X71: =IF(K71="e","event_team_player_"&Y71,IF(K71="o","opp_team_player_"&Y71,"")) -> event_team_player_1 | Y71: =COUNTIFS(A$3:A71,"="&A71,K$3:K71,"="&K71) -> 1 | Z71: =SUMIFS(T$3:T71,L$3:L71,"=Intermission")+SUMIFS(T$3:T71,L$3:L71,"=Timeout")+SUMIFS(T$3:T71,L$3:L71,"=Clockstop") -> 0 | AA71: =IF(D71=1,0,IF(D71=2,1080+Z71,IF(D71=3,(1080*2)+Z71,0))) -> 0 | AB71: =((1080*D71)-((E71*60)+F71)*D71)+Z71 -> 105 | AC71: =IF(L70="GameStart",0,AA71+Z71) -> 0
A72: 37 | D72: =IF(L72="Intermission",D71+1,D71) -> 1 | E72: 16 | F72: 08 | I72: Home | J72: 22 | K72: e | L72: Turnover | M72: Turnover-Giveaway | N72: Giveaway-PassIntercepted | Q72: 18977 | R72: Velodrome | S72: HollowBrook | T72: =IF(AND(G72="",H72=""),0,((E72*60)+F72)-((G72*60)+H72)) -> 0 | U72: =(E72*60)+F72 -> 968 | V72: =IF(AND(G72="",H72=""),U72,((G72*60)+H72)) -> 968 | W72: {=_xlfn._xlws.FILTER(shifts!A:A,(shifts!B:B=events!D72)*(shifts!AH:AH>=events!U72)*(shifts!AI:AI<=events!V72))} -> 3 | X72: =IF(K72="e","event_team_player_"&Y72,IF(K72="o","opp_team_player_"&Y72,"")) -> event_team_player_1 | Y72: =COUNTIFS(A$3:A72,"="&A72,K$3:K72,"="&K72) -> 1 | Z72: =SUMIFS(T$3:T72,L$3:L72,"=Intermission")+SUMIFS(T$3:T72,L$3:L72,"=Timeout")+SUMIFS(T$3:T72,L$3:L72,"=Clockstop") -> 0 | AA72: =IF(D72=1,0,IF(D72=2,1080+Z72,IF(D72=3,(1080*2)+Z72,0))) -> 0 | AB72: =((1080*D72)-((E72*60)+F72)*D72)+Z72 -> 112 | AC72: =IF(L71="GameStart",0,AA72+Z72) -> 0
A73: 37 | D73: =IF(L73="Intermission",D72+1,D72) -> 1 | E73: 16 | F73: 08 | I73: Home | J73: 24 | K73: e | L73: Turnover | M73: Turnover-Giveaway | N73: Giveaway-PassIntercepted | Q73: 18977 | R73: Velodrome | S73: HollowBrook | T73: =IF(AND(G73="",H73=""),0,((E73*60)+F73)-((G73*60)+H73)) -> 0 | U73: =(E73*60)+F73 -> 968 | V73: =IF(AND(G73="",H73=""),U73,((G73*60)+H73)) -> 968 | W73: {=_xlfn._xlws.FILTER(shifts!A:A,(shifts!B:B=events!D73)*(shifts!AH:AH>=events!U73)*(shifts!AI:AI<=events!V73))} -> 3 | X73: =IF(K73="e","event_team_player_"&Y73,IF(K73="o","opp_team_player_"&Y73,"")) -> event_team_player_2 | Y73: =COUNTIFS(A$3:A73,"="&A73,K$3:K73,"="&K73) -> 2 | Z73: =SUMIFS(T$3:T73,L$3:L73,"=Intermission")+SUMIFS(T$3:T73,L$3:L73,"=Timeout")+SUMIFS(T$3:T73,L$3:L73,"=Clockstop") -> 0 | AA73: =IF(D73=1,0,IF(D73=2,1080+Z73,IF(D73=3,(1080*2)+Z73,0))) -> 0 | AB73: =((1080*D73)-((E73*60)+F73)*D73)+Z73 -> 112 | AC73: =IF(L72="GameStart",0,AA73+Z73) -> 0
A74: 37 | D74: =IF(L74="Intermission",D73+1,D73) -> 1 | E74: 16 | F74: 08 | I74: Home | J74: 13 | K74: o | L74: Turnover | M74: Turnover-Giveaway | N74: Giveaway-PassIntercepted | Q74: 18977 | R74: Velodrome | S74: HollowBrook | T74: =IF(AND(G74="",H74=""),0,((E74*60)+F74)-((G74*60)+H74)) -> 0 | U74: =(E74*60)+F74 -> 968 | V74: =IF(AND(G74="",H74=""),U74,((G74*60)+H74)) -> 968 | W74: {=_xlfn._xlws.FILTER(shifts!A:A,(shifts!B:B=events!D74)*(shifts!AH:AH>=events!U74)*(shifts!AI:AI<=events!V74))} -> 3 | X74: =IF(K74="e","event_team_player_"&Y74,IF(K74="o","opp_team_player_"&Y74,"")) -> opp_team_player_1 | Y74: =COUNTIFS(A$3:A74,"="&A74,K$3:K74,"="&K74) -> 1 | Z74: =SUMIFS(T$3:T74,L$3:L74,"=Intermission")+SUMIFS(T$3:T74,L$3:L74,"=Timeout")+SUMIFS(T$3:T74,L$3:L74,"=Clockstop") -> 0 | AA74: =IF(D74=1,0,IF(D74=2,1080+Z74,IF(D74=3,(1080*2)+Z74,0))) -> 0 | AB74: =((1080*D74)-((E74*60)+F74)*D74)+Z74 -> 112 | AC74: =IF(L73="GameStart",0,AA74+Z74) -> 0
A75: 38 | D75: =IF(L75="Intermission",D74+1,D74) -> 1 | E75: 16 | F75: 07 | I75: Home | J75: 22 | K75: e | L75: Turnover | M75: Turnover-Takeaway | N75: Takeaway-BattleWon | Q75: 18977 | R75: Velodrome | S75: HollowBrook | T75: =IF(AND(G75="",H75=""),0,((E75*60)+F75)-((G75*60)+H75)) -> 0 | U75: =(E75*60)+F75 -> 967 | V75: =IF(AND(G75="",H75=""),U75,((G75*60)+H75)) -> 967 | W75: {=_xlfn._xlws.FILTER(shifts!A:A,(shifts!B:B=events!D75)*(shifts!AH:AH>=events!U75)*(shifts!AI:AI<=events!V75))} -> 3 | X75: =IF(K75="e","event_team_player_"&Y75,IF(K75="o","opp_team_player_"&Y75,"")) -> event_team_player_1 | Y75: =COUNTIFS(A$3:A75,"="&A75,K$3:K75,"="&K75) -> 1 | Z75: =SUMIFS(T$3:T75,L$3:L75,"=Intermission")+SUMIFS(T$3:T75,L$3:L75,"=Timeout")+SUMIFS(T$3:T75,L$3:L75,"=Clockstop") -> 0 | AA75: =IF(D75=1,0,IF(D75=2,1080+Z75,IF(D75=3,(1080*2)+Z75,0))) -> 0 | AB75: =((1080*D75)-((E75*60)+F75)*D75)+Z75 -> 113 | AC75: =IF(L74="GameStart",0,AA75+Z75) -> 0
A76: 39 | D76: =IF(L76="Intermission",D75+1,D75) -> 1 | E76: 16 | F76: 07 | I76: Home | J76: 13 | K76: o | L76: Turnover | M76: Turnover-Takeaway | N76: Takeaway-BattleWon | Q76: 18977 | R76: Velodrome | S76: HollowBrook | T76: =IF(AND(G76="",H76=""),0,((E76*60)+F76)-((G76*60)+H76)) -> 0 | U76: =(E76*60)+F76 -> 967 | V76: =IF(AND(G76="",H76=""),U76,((G76*60)+H76)) -> 967 | W76: {=_xlfn._xlws.FILTER(shifts!A:A,(shifts!B:B=events!D76)*(shifts!AH:AH>=events!U76)*(shifts!AI:AI<=events!V76))} -> 3 | X76: =IF(K76="e","event_team_player_"&Y76,IF(K76="o","opp_team_player_"&Y76,"")) -> opp_team_player_1 | Y76: =COUNTIFS(A$3:A76,"="&A76,K$3:K76,"="&K76) -> 1 | Z76: =SUMIFS(T$3:T76,L$3:L76,"=Intermission")+SUMIFS(T$3:T76,L$3:L76,"=Timeout")+SUMIFS(T$3:T76,L$3:L76,"=Clockstop") -> 0 | AA76: =IF(D76=1,0,IF(D76=2,1080+Z76,IF(D76=3,(1080*2)+Z76,0))) -> 0 | AB76: =((1080*D76)-((E76*60)+F76)*D76)+Z76 -> 113 | AC76: =IF(L75="GameStart",0,AA76+Z76) -> 0
A77: 40 | D77: =IF(L77="Intermission",D76+1,D76) -> 1 | E77: 16 | F77: 06 | I77: Home | J77: 22 | K77: e | L77: Stoppage | M77: Stoppage-Play | N77: Stoppage-Icing | Q77: 18977 | R77: Velodrome | S77: HollowBrook | T77: =IF(AND(G77="",H77=""),0,((E77*60)+F77)-((G77*60)+H77)) -> 0 | U77: =(E77*60)+F77 -> 966 | V77: =IF(AND(G77="",H77=""),U77,((G77*60)+H77)) -> 966 | W77: {=_xlfn._xlws.FILTER(shifts!A:A,(shifts!B:B=events!D77)*(shifts!AH:AH>=events!U77)*(shifts!AI:AI<=events!V77))} -> 3 | X77: =IF(K77="e","event_team_player_"&Y77,IF(K77="o","opp_team_player_"&Y77,"")) -> event_team_player_1 | Y77: =COUNTIFS(A$3:A77,"="&A77,K$3:K77,"="&K77) -> 1 | Z77: =SUMIFS(T$3:T77,L$3:L77,"=Intermission")+SUMIFS(T$3:T77,L$3:L77,"=Timeout")+SUMIFS(T$3:T77,L$3:L77,"=Clockstop") -> 0 | AA77: =IF(D77=1,0,IF(D77=2,1080+Z77,IF(D77=3,(1080*2)+Z77,0))) -> 0 | AB77: =((1080*D77)-((E77*60)+F77)*D77)+Z77 -> 114 | AC77: =IF(L76="GameStart",0,AA77+Z77) -> 0
A78: 40 | D78: =IF(L78="Intermission",D77+1,D77) -> 1 | E78: 16 | F78: 05 | G78: 15 | H78: 40 | I78: Home | K78: e | L78: DeadIce | Q78: 18977 | R78: Velodrome | S78: HollowBrook | T78: =IF(AND(G78="",H78=""),0,((E78*60)+F78)-((G78*60)+H78)) -> 25 | U78: =(E78*60)+F78 -> 965 | V78: =IF(AND(G78="",H78=""),U78,((G78*60)+H78)) -> 940 | W78: {=_xlfn._xlws.FILTER(shifts!A:A,(shifts!B:B=events!D78)*(shifts!AH:AH>=events!U78)*(shifts!AI:AI<=events!V78))} -> 3 | X78: =IF(K78="e","event_team_player_"&Y78,IF(K78="o","opp_team_player_"&Y78,"")) -> event_team_player_2 | Y78: =COUNTIFS(A$3:A78,"="&A78,K$3:K78,"="&K78) -> 2 | Z78: =SUMIFS(T$3:T78,L$3:L78,"=Intermission")+SUMIFS(T$3:T78,L$3:L78,"=Timeout")+SUMIFS(T$3:T78,L$3:L78,"=Clockstop") -> 0 | AA78: =IF(D78=1,0,IF(D78=2,1080+Z78,IF(D78=3,(1080*2)+Z78,0))) -> 0 | AB78: =((1080*D78)-((E78*60)+F78)*D78)+Z78 -> 115 | AC78: =IF(L77="GameStart",0,AA78+Z78) -> 0
A79: 41 | D79: =IF(L79="Intermission",D78+1,D78) -> 1 | E79: 15 | F79: 40 | I79: Home | J79: 42 | K79: e | L79: Faceoff | M79: Faceoff | Q79: 18977 | R79: Velodrome | S79: HollowBrook | T79: =IF(AND(G79="",H79=""),0,((E79*60)+F79)-((G79*60)+H79)) -> 0 | U79: =(E79*60)+F79 -> 940 | V79: =IF(AND(G79="",H79=""),U79,((G79*60)+H79)) -> 940 | W79: {=_xlfn._xlws.FILTER(shifts!A:A,(shifts!B:B=events!D79)*(shifts!AH:AH>=events!U79)*(shifts!AI:AI<=events!V79))} -> 3 | X79: =IF(K79="e","event_team_player_"&Y79,IF(K79="o","opp_team_player_"&Y79,"")) -> event_team_player_1 | Y79: =COUNTIFS(A$3:A79,"="&A79,K$3:K79,"="&K79) -> 1 | Z79: =SUMIFS(T$3:T79,L$3:L79,"=Intermission")+SUMIFS(T$3:T79,L$3:L79,"=Timeout")+SUMIFS(T$3:T79,L$3:L79,"=Clockstop") -> 0 | AA79: =IF(D79=1,0,IF(D79=2,1080+Z79,IF(D79=3,(1080*2)+Z79,0))) -> 0 | AB79: =((1080*D79)-((E79*60)+F79)*D79)+Z79 -> 140 | AC79: =IF(L78="GameStart",0,AA79+Z79) -> 0
A80: 41 | D80: =IF(L80="Intermission",D79+1,D79) -> 1 | E80: 15 | F80: 40 | I80: Home | J80: 24 | K80: e | L80: Faceoff | M80: Faceoff | Q80: 18977 | R80: Velodrome | S80: HollowBrook | T80: =IF(AND(G80="",H80=""),0,((E80*60)+F80)-((G80*60)+H80)) -> 0 | U80: =(E80*60)+F80 -> 940 | V80: =IF(AND(G80="",H80=""),U80,((G80*60)+H80)) -> 940 | W80: {=_xlfn._xlws.FILTER(shifts!A:A,(shifts!B:B=events!D80)*(shifts!AH:AH>=events!U80)*(shifts!AI:AI<=events!V80))} -> 3 | X80: =IF(K80="e","event_team_player_"&Y80,IF(K80="o","opp_team_player_"&Y80,"")) -> event_team_player_2 | Y80: =COUNTIFS(A$3:A80,"="&A80,K$3:K80,"="&K80) -> 2 | Z80: =SUMIFS(T$3:T80,L$3:L80,"=Intermission")+SUMIFS(T$3:T80,L$3:L80,"=Timeout")+SUMIFS(T$3:T80,L$3:L80,"=Clockstop") -> 0 | AA80: =IF(D80=1,0,IF(D80=2,1080+Z80,IF(D80=3,(1080*2)+Z80,0))) -> 0 | AB80: =((1080*D80)-((E80*60)+F80)*D80)+Z80 -> 140 | AC80: =IF(L79="GameStart",0,AA80+Z80) -> 0
A81: 41 | D81: =IF(L81="Intermission",D80+1,D80) -> 1 | E81: 15 | F81: 40 | I81: Home | J81: 26 | K81: o | L81: Faceoff | M81: Faceoff | Q81: 18977 | R81: Velodrome | S81: HollowBrook | T81: =IF(AND(G81="",H81=""),0,((E81*60)+F81)-((G81*60)+H81)) -> 0 | U81: =(E81*60)+F81 -> 940 | V81: =IF(AND(G81="",H81=""),U81,((G81*60)+H81)) -> 940 | W81: {=_xlfn._xlws.FILTER(shifts!A:A,(shifts!B:B=events!D81)*(shifts!AH:AH>=events!U81)*(shifts!AI:AI<=events!V81))} -> 3 | X81: =IF(K81="e","event_team_player_"&Y81,IF(K81="o","opp_team_player_"&Y81,"")) -> opp_team_player_1 | Y81: =COUNTIFS(A$3:A81,"="&A81,K$3:K81,"="&K81) -> 1 | Z81: =SUMIFS(T$3:T81,L$3:L81,"=Intermission")+SUMIFS(T$3:T81,L$3:L81,"=Timeout")+SUMIFS(T$3:T81,L$3:L81,"=Clockstop") -> 0 | AA81: =IF(D81=1,0,IF(D81=2,1080+Z81,IF(D81=3,(1080*2)+Z81,0))) -> 0 | AB81: =((1080*D81)-((E81*60)+F81)*D81)+Z81 -> 140 | AC81: =IF(L80="GameStart",0,AA81+Z81) -> 0
A82: 42 | D82: =IF(L82="Intermission",D81+1,D81) -> 1 | E82: 15 | F82: 39 | G82: 15 | H82: 35 | I82: Away | J82: 13 | K82: e | L82: Possession | Q82: 18977 | R82: Velodrome | S82: HollowBrook | T82: =IF(AND(G82="",H82=""),0,((E82*60)+F82)-((G82*60)+H82)) -> 4 | U82: =(E82*60)+F82 -> 939 | V82: =IF(AND(G82="",H82=""),U82,((G82*60)+H82)) -> 935 | W82: {=_xlfn._xlws.FILTER(shifts!A:A,(shifts!B:B=events!D82)*(shifts!AH:AH>=events!U82)*(shifts!AI:AI<=events!V82))} -> 3 | X82: =IF(K82="e","event_team_player_"&Y82,IF(K82="o","opp_team_player_"&Y82,"")) -> event_team_player_1 | Y82: =COUNTIFS(A$3:A82,"="&A82,K$3:K82,"="&K82) -> 1 | Z82: =SUMIFS(T$3:T82,L$3:L82,"=Intermission")+SUMIFS(T$3:T82,L$3:L82,"=Timeout")+SUMIFS(T$3:T82,L$3:L82,"=Clockstop") -> 0 | AA82: =IF(D82=1,0,IF(D82=2,1080+Z82,IF(D82=3,(1080*2)+Z82,0))) -> 0 | AB82: =((1080*D82)-((E82*60)+F82)*D82)+Z82 -> 141 | AC82: =IF(L81="GameStart",0,AA82+Z82) -> 0
A83: 43 | B83: 3 | D83: =IF(L83="Intermission",D82+1,D82) -> 1 | E83: 15 | F83: 35 | I83: Away | J83: 22 | K83: e | L83: Turnover | M83: Turnover-Takeaway | N83: Takeaway-PokeCheck | Q83: 18977 | R83: Velodrome | S83: HollowBrook | T83: =IF(AND(G83="",H83=""),0,((E83*60)+F83)-((G83*60)+H83)) -> 0 | U83: =(E83*60)+F83 -> 935 | V83: =IF(AND(G83="",H83=""),U83,((G83*60)+H83)) -> 935 | W83: {=_xlfn._xlws.FILTER(shifts!A:A,(shifts!B:B=events!D83)*(shifts!AH:AH>=events!U83)*(shifts!AI:AI<=events!V83))} -> 3 | X83: =IF(K83="e","event_team_player_"&Y83,IF(K83="o","opp_team_player_"&Y83,"")) -> event_team_player_1 | Y83: =COUNTIFS(A$3:A83,"="&A83,K$3:K83,"="&K83) -> 1 | Z83: =SUMIFS(T$3:T83,L$3:L83,"=Intermission")+SUMIFS(T$3:T83,L$3:L83,"=Timeout")+SUMIFS(T$3:T83,L$3:L83,"=Clockstop") -> 0 | AA83: =IF(D83=1,0,IF(D83=2,1080+Z83,IF(D83=3,(1080*2)+Z83,0))) -> 0 | AB83: =((1080*D83)-((E83*60)+F83)*D83)+Z83 -> 145 | AC83: =IF(L82="GameStart",0,AA83+Z83) -> 0
A84: 44 | B84: 3 | D84: =IF(L84="Intermission",D83+1,D83) -> 1 | E84: 15 | F84: 32 | G84: 15 | H84: 27 | I84: Home | J84: 42 | K84: e | L84: Zone_Entry_Exit | M84: Zone-Exit | N84: ZoneEntry-Rush | Q84: 18977 | R84: Velodrome | S84: HollowBrook | T84: =IF(AND(G84="",H84=""),0,((E84*60)+F84)-((G84*60)+H84)) -> 5 | U84: =(E84*60)+F84 -> 932 | V84: =IF(AND(G84="",H84=""),U84,((G84*60)+H84)) -> 927 | W84: {=_xlfn._xlws.FILTER(shifts!A:A,(shifts!B:B=events!D84)*(shifts!AH:AH>=events!U84)*(shifts!AI:AI<=events!V84))} -> 3 | X84: =IF(K84="e","event_team_player_"&Y84,IF(K84="o","opp_team_player_"&Y84,"")) -> event_team_player_1 | Y84: =COUNTIFS(A$3:A84,"="&A84,K$3:K84,"="&K84) -> 1 | Z84: =SUMIFS(T$3:T84,L$3:L84,"=Intermission")+SUMIFS(T$3:T84,L$3:L84,"=Timeout")+SUMIFS(T$3:T84,L$3:L84,"=Clockstop") -> 0 | AA84: =IF(D84=1,0,IF(D84=2,1080+Z84,IF(D84=3,(1080*2)+Z84,0))) -> 0 | AB84: =((1080*D84)-((E84*60)+F84)*D84)+Z84 -> 148 | AC84: =IF(L83="GameStart",0,AA84+Z84) -> 0
A85: 44 | B85: 3 | D85: =IF(L85="Intermission",D84+1,D84) -> 1 | E85: 15 | F85: 32 | G85: 15 | H85: 27 | I85: Home | J85: 26 | K85: o | L85: Zone_Entry_Exit | M85: Zone-Exit | N85: ZoneEntry-Rush | Q85: 18977 | R85: Velodrome | S85: HollowBrook | T85: =IF(AND(G85="",H85=""),0,((E85*60)+F85)-((G85*60)+H85)) -> 5 | U85: =(E85*60)+F85 -> 932 | V85: =IF(AND(G85="",H85=""),U85,((G85*60)+H85)) -> 927 | W85: {=_xlfn._xlws.FILTER(shifts!A:A,(shifts!B:B=events!D85)*(shifts!AH:AH>=events!U85)*(shifts!AI:AI<=events!V85))} -> 3 | X85: =IF(K85="e","event_team_player_"&Y85,IF(K85="o","opp_team_player_"&Y85,"")) -> opp_team_player_1 | Y85: =COUNTIFS(A$3:A85,"="&A85,K$3:K85,"="&K85) -> 1 | Z85: =SUMIFS(T$3:T85,L$3:L85,"=Intermission")+SUMIFS(T$3:T85,L$3:L85,"=Timeout")+SUMIFS(T$3:T85,L$3:L85,"=Clockstop") -> 0 | AA85: =IF(D85=1,0,IF(D85=2,1080+Z85,IF(D85=3,(1080*2)+Z85,0))) -> 0 | AB85: =((1080*D85)-((E85*60)+F85)*D85)+Z85 -> 148 | AC85: =IF(L84="GameStart",0,AA85+Z85) -> 0
A86: 45 | B86: 3 | D86: =IF(L86="Intermission",D85+1,D85) -> 1 | E86: 15 | F86: 27 | G86: 15 | H86: 25 | I86: Home | J86: 42 | K86: e | L86: Possession | Q86: 18977 | R86: Velodrome | S86: HollowBrook | T86: =IF(AND(G86="",H86=""),0,((E86*60)+F86)-((G86*60)+H86)) -> 2 | U86: =(E86*60)+F86 -> 927 | V86: =IF(AND(G86="",H86=""),U86,((G86*60)+H86)) -> 925 | W86: {=_xlfn._xlws.FILTER(shifts!A:A,(shifts!B:B=events!D86)*(shifts!AH:AH>=events!U86)*(shifts!AI:AI<=events!V86))} -> 3 | X86: =IF(K86="e","event_team_player_"&Y86,IF(K86="o","opp_team_player_"&Y86,"")) -> event_team_player_1 | Y86: =COUNTIFS(A$3:A86,"="&A86,K$3:K86,"="&K86) -> 1 | Z86: =SUMIFS(T$3:T86,L$3:L86,"=Intermission")+SUMIFS(T$3:T86,L$3:L86,"=Timeout")+SUMIFS(T$3:T86,L$3:L86,"=Clockstop") -> 0 | AA86: =IF(D86=1,0,IF(D86=2,1080+Z86,IF(D86=3,(1080*2)+Z86,0))) -> 0 | AB86: =((1080*D86)-((E86*60)+F86)*D86)+Z86 -> 153 | AC86: =IF(L85="GameStart",0,AA86+Z86) -> 0
A87: 46 | B87: 3 | C87: 3 | D87: =IF(L87="Intermission",D86+1,D86) -> 1 | E87: 15 | F87: 25 | G87: 15 | H87: 22 | I87: Home | J87: 42 | K87: e | L87: Zone_Entry_Exit | M87: Zone-Entry | N87: ZoneEntry-Rush | Q87: 18977 | R87: Velodrome | S87: HollowBrook | T87: =IF(AND(G87="",H87=""),0,((E87*60)+F87)-((G87*60)+H87)) -> 3 | U87: =(E87*60)+F87 -> 925 | V87: =IF(AND(G87="",H87=""),U87,((G87*60)+H87)) -> 922 | W87: {=_xlfn._xlws.FILTER(shifts!A:A,(shifts!B:B=events!D87)*(shifts!AH:AH>=events!U87)*(shifts!AI:AI<=events!V87))} -> 3 | X87: =IF(K87="e","event_team_player_"&Y87,IF(K87="o","opp_team_player_"&Y87,"")) -> event_team_player_1 | Y87: =COUNTIFS(A$3:A87,"="&A87,K$3:K87,"="&K87) -> 1 | Z87: =SUMIFS(T$3:T87,L$3:L87,"=Intermission")+SUMIFS(T$3:T87,L$3:L87,"=Timeout")+SUMIFS(T$3:T87,L$3:L87,"=Clockstop") -> 0 | AA87: =IF(D87=1,0,IF(D87=2,1080+Z87,IF(D87=3,(1080*2)+Z87,0))) -> 0 | AB87: =((1080*D87)-((E87*60)+F87)*D87)+Z87 -> 155 | AC87: =IF(L86="GameStart",0,AA87+Z87) -> 0
A88: 46 | B88: 3 | C88: 3 | D88: =IF(L88="Intermission",D87+1,D87) -> 1 | E88: 15 | F88: 25 | G88: 15 | H88: 22 | I88: Home | J88: 24 | K88: e | L88: Zone_Entry_Exit | M88: Zone-Entry | N88: ZoneEntry-Rush | Q88: 18977 | R88: Velodrome | S88: HollowBrook | T88: =IF(AND(G88="",H88=""),0,((E88*60)+F88)-((G88*60)+H88)) -> 3 | U88: =(E88*60)+F88 -> 925 | V88: =IF(AND(G88="",H88=""),U88,((G88*60)+H88)) -> 922 | W88: {=_xlfn._xlws.FILTER(shifts!A:A,(shifts!B:B=events!D88)*(shifts!AH:AH>=events!U88)*(shifts!AI:AI<=events!V88))} -> 3 | X88: =IF(K88="e","event_team_player_"&Y88,IF(K88="o","opp_team_player_"&Y88,"")) -> event_team_player_2 | Y88: =COUNTIFS(A$3:A88,"="&A88,K$3:K88,"="&K88) -> 2 | Z88: =SUMIFS(T$3:T88,L$3:L88,"=Intermission")+SUMIFS(T$3:T88,L$3:L88,"=Timeout")+SUMIFS(T$3:T88,L$3:L88,"=Clockstop") -> 0 | AA88: =IF(D88=1,0,IF(D88=2,1080+Z88,IF(D88=3,(1080*2)+Z88,0))) -> 0 | AB88: =((1080*D88)-((E88*60)+F88)*D88)+Z88 -> 155 | AC88: =IF(L87="GameStart",0,AA88+Z88) -> 0
A89: 46 | B89: 3 | C89: 3 | D89: =IF(L89="Intermission",D88+1,D88) -> 1 | E89: 15 | F89: 25 | G89: 15 | H89: 22 | I89: Home | J89: 91 | K89: e | L89: Zone_Entry_Exit | M89: Zone-Entry | N89: ZoneEntry-Rush | Q89: 18977 | R89: Velodrome | S89: HollowBrook | T89: =IF(AND(G89="",H89=""),0,((E89*60)+F89)-((G89*60)+H89)) -> 3 | U89: =(E89*60)+F89 -> 925 | V89: =IF(AND(G89="",H89=""),U89,((G89*60)+H89)) -> 922 | W89: {=_xlfn._xlws.FILTER(shifts!A:A,(shifts!B:B=events!D89)*(shifts!AH:AH>=events!U89)*(shifts!AI:AI<=events!V89))} -> 3 | X89: =IF(K89="e","event_team_player_"&Y89,IF(K89="o","opp_team_player_"&Y89,"")) -> event_team_player_3 | Y89: =COUNTIFS(A$3:A89,"="&A89,K$3:K89,"="&K89) -> 3 | Z89: =SUMIFS(T$3:T89,L$3:L89,"=Intermission")+SUMIFS(T$3:T89,L$3:L89,"=Timeout")+SUMIFS(T$3:T89,L$3:L89,"=Clockstop") -> 0 | AA89: =IF(D89=1,0,IF(D89=2,1080+Z89,IF(D89=3,(1080*2)+Z89,0))) -> 0 | AB89: =((1080*D89)-((E89*60)+F89)*D89)+Z89 -> 155 | AC89: =IF(L88="GameStart",0,AA89+Z89) -> 0
A90: 46 | B90: 3 | C90: 3 | D90: =IF(L90="Intermission",D89+1,D89) -> 1 | E90: 15 | F90: 25 | G90: 15 | H90: 22 | I90: Home | J90: 13 | K90: o | L90: Zone_Entry_Exit | M90: Zone-Entry | N90: ZoneEntry-Rush | Q90: 18977 | R90: Velodrome | S90: HollowBrook | T90: =IF(AND(G90="",H90=""),0,((E90*60)+F90)-((G90*60)+H90)) -> 3 | U90: =(E90*60)+F90 -> 925 | V90: =IF(AND(G90="",H90=""),U90,((G90*60)+H90)) -> 922 | W90: {=_xlfn._xlws.FILTER(shifts!A:A,(shifts!B:B=events!D90)*(shifts!AH:AH>=events!U90)*(shifts!AI:AI<=events!V90))} -> 3 | X90: =IF(K90="e","event_team_player_"&Y90,IF(K90="o","opp_team_player_"&Y90,"")) -> opp_team_player_1 | Y90: =COUNTIFS(A$3:A90,"="&A90,K$3:K90,"="&K90) -> 1 | Z90: =SUMIFS(T$3:T90,L$3:L90,"=Intermission")+SUMIFS(T$3:T90,L$3:L90,"=Timeout")+SUMIFS(T$3:T90,L$3:L90,"=Clockstop") -> 0 | AA90: =IF(D90=1,0,IF(D90=2,1080+Z90,IF(D90=3,(1080*2)+Z90,0))) -> 0 | AB90: =((1080*D90)-((E90*60)+F90)*D90)+Z90 -> 155 | AC90: =IF(L89="GameStart",0,AA90+Z90) -> 0
A91: 46 | B91: 3 | C91: 3 | D91: =IF(L91="Intermission",D90+1,D90) -> 1 | E91: 15 | F91: 25 | G91: 15 | H91: 22 | I91: Home | J91: 2 | K91: o | L91: Zone_Entry_Exit | M91: Zone-Entry | N91: ZoneEntry-Rush | Q91: 18977 | R91: Velodrome | S91: HollowBrook | T91: =IF(AND(G91="",H91=""),0,((E91*60)+F91)-((G91*60)+H91)) -> 3 | U91: =(E91*60)+F91 -> 925 | V91: =IF(AND(G91="",H91=""),U91,((G91*60)+H91)) -> 922 | W91: {=_xlfn._xlws.FILTER(shifts!A:A,(shifts!B:B=events!D91)*(shifts!AH:AH>=events!U91)*(shifts!AI:AI<=events!V91))} -> 3 | X91: =IF(K91="e","event_team_player_"&Y91,IF(K91="o","opp_team_player_"&Y91,"")) -> opp_team_player_2 | Y91: =COUNTIFS(A$3:A91,"="&A91,K$3:K91,"="&K91) -> 2 | Z91: =SUMIFS(T$3:T91,L$3:L91,"=Intermission")+SUMIFS(T$3:T91,L$3:L91,"=Timeout")+SUMIFS(T$3:T91,L$3:L91,"=Clockstop") -> 0 | AA91: =IF(D91=1,0,IF(D91=2,1080+Z91,IF(D91=3,(1080*2)+Z91,0))) -> 0 | AB91: =((1080*D91)-((E91*60)+F91)*D91)+Z91 -> 155 | AC91: =IF(L90="GameStart",0,AA91+Z91) -> 0
A92: 46 | B92: 3 | C92: 3 | D92: =IF(L92="Intermission",D91+1,D91) -> 1 | E92: 15 | F92: 25 | G92: 15 | H92: 22 | I92: Home | J92: 18 | K92: o | L92: Zone_Entry_Exit | M92: Zone-Entry | N92: ZoneEntry-Rush | Q92: 18977 | R92: Velodrome | S92: HollowBrook | T92: =IF(AND(G92="",H92=""),0,((E92*60)+F92)-((G92*60)+H92)) -> 3 | U92: =(E92*60)+F92 -> 925 | V92: =IF(AND(G92="",H92=""),U92,((G92*60)+H92)) -> 922 | W92: {=_xlfn._xlws.FILTER(shifts!A:A,(shifts!B:B=events!D92)*(shifts!AH:AH>=events!U92)*(shifts!AI:AI<=events!V92))} -> 3 | X92: =IF(K92="e","event_team_player_"&Y92,IF(K92="o","opp_team_player_"&Y92,"")) -> opp_team_player_3 | Y92: =COUNTIFS(A$3:A92,"="&A92,K$3:K92,"="&K92) -> 3 | Z92: =SUMIFS(T$3:T92,L$3:L92,"=Intermission")+SUMIFS(T$3:T92,L$3:L92,"=Timeout")+SUMIFS(T$3:T92,L$3:L92,"=Clockstop") -> 0 | AA92: =IF(D92=1,0,IF(D92=2,1080+Z92,IF(D92=3,(1080*2)+Z92,0))) -> 0 | AB92: =((1080*D92)-((E92*60)+F92)*D92)+Z92 -> 155 | AC92: =IF(L91="GameStart",0,AA92+Z92) -> 0
A93: 47 | D93: =IF(L93="Intermission",D92+1,D92) -> 1 | E93: 15 | F93: 20 | I93: Home | J93: 52 | K93: e | L93: Zone_Entry_Exit | M93: Zone_Keepin | N93: Zone-KeepIn | Q93: =Q92 -> 18977 | R93: =R92 -> Velodrome | S93: =S92 -> HollowBrook | T93: =IF(AND(G93="",H93=""),0,((E93*60)+F93)-((G93*60)+H93)) -> 0 | U93: =(E93*60)+F93 -> 920 | V93: =IF(AND(G93="",H93=""),U93,((G93*60)+H93)) -> 920 | W93: {=_xlfn._xlws.FILTER(shifts!A:A,(shifts!B:B=events!D93)*(shifts!AH:AH>=events!U93)*(shifts!AI:AI<=events!V93))} -> 3 | X93: =IF(K93="e","event_team_player_"&Y93,IF(K93="o","opp_team_player_"&Y93,"")) -> event_team_player_1 | Y93: =COUNTIFS(A$3:A93,"="&A93,K$3:K93,"="&K93) -> 1 | Z93: =SUMIFS(T$3:T93,L$3:L93,"=Intermission")+SUMIFS(T$3:T93,L$3:L93,"=Timeout")+SUMIFS(T$3:T93,L$3:L93,"=Clockstop") -> 0 | AA93: =IF(D93=1,0,IF(D93=2,1080+Z93,IF(D93=3,(1080*2)+Z93,0))) -> 0 | AB93: =((1080*D93)-((E93*60)+F93)*D93)+Z93 -> 160 | AC93: =IF(L92="GameStart",0,AA93+Z93) -> 0
A94: 48 | D94: =IF(L94="Intermission",D93+1,D93) -> 1 | E94: 15 | F94: 20 | I94: Home | J94: 52 | K94: e | L94: Pass | M94: Pass_Completed | N94: Pass-Backhand | Q94: =Q93 -> 18977 | R94: =R93 -> Velodrome | S94: =S93 -> HollowBrook | T94: =IF(AND(G94="",H94=""),0,((E94*60)+F94)-((G94*60)+H94)) -> 0 | U94: =(E94*60)+F94 -> 920 | V94: =IF(AND(G94="",H94=""),U94,((G94*60)+H94)) -> 920 | W94: {=_xlfn._xlws.FILTER(shifts!A:A,(shifts!B:B=events!D94)*(shifts!AH:AH>=events!U94)*(shifts!AI:AI<=events!V94))} -> 3 | X94: =IF(K94="e","event_team_player_"&Y94,IF(K94="o","opp_team_player_"&Y94,"")) -> event_team_player_1 | Y94: =COUNTIFS(A$3:A94,"="&A94,K$3:K94,"="&K94) -> 1 | Z94: =SUMIFS(T$3:T94,L$3:L94,"=Intermission")+SUMIFS(T$3:T94,L$3:L94,"=Timeout")+SUMIFS(T$3:T94,L$3:L94,"=Clockstop") -> 0 | AA94: =IF(D94=1,0,IF(D94=2,1080+Z94,IF(D94=3,(1080*2)+Z94,0))) -> 0 | AB94: =((1080*D94)-((E94*60)+F94)*D94)+Z94 -> 160 | AC94: =IF(L93="GameStart",0,AA94+Z94) -> 0
A95: 49 | D95: =IF(L95="Intermission",D94+1,D94) -> 1 | E95: 15 | F95: 20 | I95: Home | J95: 42 | K95: e | L95: Pass | M95: Pass_Completed | N95: Pass-Backhand | Q95: =Q94 -> 18977 | R95: =R94 -> Velodrome | S95: =S94 -> HollowBrook | T95: =IF(AND(G95="",H95=""),0,((E95*60)+F95)-((G95*60)+H95)) -> 0 | U95: =(E95*60)+F95 -> 920 | V95: =IF(AND(G95="",H95=""),U95,((G95*60)+H95)) -> 920 | W95: {=_xlfn._xlws.FILTER(shifts!A:A,(shifts!B:B=events!D95)*(shifts!AH:AH>=events!U95)*(shifts!AI:AI<=events!V95))} -> 3 | X95: =IF(K95="e","event_team_player_"&Y95,IF(K95="o","opp_team_player_"&Y95,"")) -> event_team_player_1 | Y95: =COUNTIFS(A$3:A95,"="&A95,K$3:K95,"="&K95) -> 1 | Z95: =SUMIFS(T$3:T95,L$3:L95,"=Intermission")+SUMIFS(T$3:T95,L$3:L95,"=Timeout")+SUMIFS(T$3:T95,L$3:L95,"=Clockstop") -> 0 | AA95: =IF(D95=1,0,IF(D95=2,1080+Z95,IF(D95=3,(1080*2)+Z95,0))) -> 0 | AB95: =((1080*D95)-((E95*60)+F95)*D95)+Z95 -> 160 | AC95: =IF(L94="GameStart",0,AA95+Z95) -> 0
A96: 50 | D96: =IF(L96="Intermission",D95+1,D95) -> 1 | E96: 15 | F96: 20 | G96: 15 | H96: 13 | I96: Home | J96: 42 | K96: e | L96: Possession | Q96: =Q95 -> 18977 | R96: =R95 -> Velodrome | S96: =S95 -> HollowBrook | T96: =IF(AND(G96="",H96=""),0,((E96*60)+F96)-((G96*60)+H96)) -> 7 | U96: =(E96*60)+F96 -> 920 | V96: =IF(AND(G96="",H96=""),U96,((G96*60)+H96)) -> 913 | W96: {=_xlfn._xlws.FILTER(shifts!A:A,(shifts!B:B=events!D96)*(shifts!AH:AH>=events!U96)*(shifts!AI:AI<=events!V96))} -> 3 | X96: =IF(K96="e","event_team_player_"&Y96,IF(K96="o","opp_team_player_"&Y96,"")) -> event_team_player_1 | Y96: =COUNTIFS(A$3:A96,"="&A96,K$3:K96,"="&K96) -> 1 | Z96: =SUMIFS(T$3:T96,L$3:L96,"=Intermission")+SUMIFS(T$3:T96,L$3:L96,"=Timeout")+SUMIFS(T$3:T96,L$3:L96,"=Clockstop") -> 0 | AA96: =IF(D96=1,0,IF(D96=2,1080+Z96,IF(D96=3,(1080*2)+Z96,0))) -> 0 | AB96: =((1080*D96)-((E96*60)+F96)*D96)+Z96 -> 160 | AC96: =IF(L95="GameStart",0,AA96+Z96) -> 0
A97: 51 | D97: =IF(L97="Intermission",D96+1,D96) -> 1 | E97: 15 | F97: 13 | I97: Home | J97: 42 | K97: e | L97: Pass | M97: Pass_Completed | N97: Pass-Forehand | Q97: =Q96 -> 18977 | R97: =R96 -> Velodrome | S97: =S96 -> HollowBrook | T97: =IF(AND(G97="",H97=""),0,((E97*60)+F97)-((G97*60)+H97)) -> 0 | U97: =(E97*60)+F97 -> 913 | V97: =IF(AND(G97="",H97=""),U97,((G97*60)+H97)) -> 913 | W97: {=_xlfn._xlws.FILTER(shifts!A:A,(shifts!B:B=events!D97)*(shifts!AH:AH>=events!U97)*(shifts!AI:AI<=events!V97))} -> 3 | X97: =IF(K97="e","event_team_player_"&Y97,IF(K97="o","opp_team_player_"&Y97,"")) -> event_team_player_1 | Y97: =COUNTIFS(A$3:A97,"="&A97,K$3:K97,"="&K97) -> 1 | Z97: =SUMIFS(T$3:T97,L$3:L97,"=Intermission")+SUMIFS(T$3:T97,L$3:L97,"=Timeout")+SUMIFS(T$3:T97,L$3:L97,"=Clockstop") -> 0 | AA97: =IF(D97=1,0,IF(D97=2,1080+Z97,IF(D97=3,(1080*2)+Z97,0))) -> 0 | AB97: =((1080*D97)-((E97*60)+F97)*D97)+Z97 -> 167 | AC97: =IF(L96="GameStart",0,AA97+Z97) -> 0
A98: 51 | D98: =IF(L98="Intermission",D97+1,D97) -> 1 | E98: 15 | F98: 13 | I98: Home | J98: 22 | K98: e | L98: Pass | M98: Pass_Completed | N98: Pass-Forehand | Q98: =Q97 -> 18977 | R98: =R97 -> Velodrome | S98: =S97 -> HollowBrook | T98: =IF(AND(G98="",H98=""),0,((E98*60)+F98)-((G98*60)+H98)) -> 0 | U98: =(E98*60)+F98 -> 913 | V98: =IF(AND(G98="",H98=""),U98,((G98*60)+H98)) -> 913 | W98: {=_xlfn._xlws.FILTER(shifts!A:A,(shifts!B:B=events!D98)*(shifts!AH:AH>=events!U98)*(shifts!AI:AI<=events!V98))} -> 3 | X98: =IF(K98="e","event_team_player_"&Y98,IF(K98="o","opp_team_player_"&Y98,"")) -> event_team_player_2 | Y98: =COUNTIFS(A$3:A98,"="&A98,K$3:K98,"="&K98) -> 2 | Z98: =SUMIFS(T$3:T98,L$3:L98,"=Intermission")+SUMIFS(T$3:T98,L$3:L98,"=Timeout")+SUMIFS(T$3:T98,L$3:L98,"=Clockstop") -> 0 | AA98: =IF(D98=1,0,IF(D98=2,1080+Z98,IF(D98=3,(1080*2)+Z98,0))) -> 0 | AB98: =((1080*D98)-((E98*60)+F98)*D98)+Z98 -> 167 | AC98: =IF(L97="GameStart",0,AA98+Z98) -> 0
A99: 52 | D99: =IF(L99="Intermission",D98+1,D98) -> 1 | E99: 15 | F99: 09 | I99: Home | J99: 22 | K99: e | L99: Turnover | M99: Turnover_Giveaway | N99: Giveaway-Misplayed | Q99: =Q98 -> 18977 | R99: =R98 -> Velodrome | S99: =S98 -> HollowBrook | T99: =IF(AND(G99="",H99=""),0,((E99*60)+F99)-((G99*60)+H99)) -> 0 | U99: =(E99*60)+F99 -> 909 | V99: =IF(AND(G99="",H99=""),U99,((G99*60)+H99)) -> 909 | W99: {=_xlfn._xlws.FILTER(shifts!A:A,(shifts!B:B=events!D99)*(shifts!AH:AH>=events!U99)*(shifts!AI:AI<=events!V99))} -> 3 | X99: =IF(K99="e","event_team_player_"&Y99,IF(K99="o","opp_team_player_"&Y99,"")) -> event_team_player_1 | Y99: =COUNTIFS(A$3:A99,"="&A99,K$3:K99,"="&K99) -> 1 | Z99: =SUMIFS(T$3:T99,L$3:L99,"=Intermission")+SUMIFS(T$3:T99,L$3:L99,"=Timeout")+SUMIFS(T$3:T99,L$3:L99,"=Clockstop") -> 0 | AA99: =IF(D99=1,0,IF(D99=2,1080+Z99,IF(D99=3,(1080*2)+Z99,0))) -> 0 | AB99: =((1080*D99)-((E99*60)+F99)*D99)+Z99 -> 171 | AC99: =IF(L98="GameStart",0,AA99+Z99) -> 0
A100: 52 | D100: =IF(L100="Intermission",D99+1,D99) -> 1 | E100: 15 | F100: 09 | I100: Home | J100: 13 | K100: o | L100: Turnover | M100: Turnover_Giveaway | N100: Giveaway-Misplayed | Q100: =Q99 -> 18977 | R100: =R99 -> Velodrome | S100: =S99 -> HollowBrook | T100: =IF(AND(G100="",H100=""),0,((E100*60)+F100)-((G100*60)+H100)) -> 0 | U100: =(E100*60)+F100 -> 909 | V100: =IF(AND(G100="",H100=""),U100,((G100*60)+H100)) -> 909 | W100: {=_xlfn._xlws.FILTER(shifts!A:A,(shifts!B:B=events!D100)*(shifts!AH:AH>=events!U100)*(shifts!AI:AI<=events!V100))} -> 3 | X100: =IF(K100="e","event_team_player_"&Y100,IF(K100="o","opp_team_player_"&Y100,"")) -> opp_team_player_1 | Y100: =COUNTIFS(A$3:A100,"="&A100,K$3:K100,"="&K100) -> 1 | Z100: =SUMIFS(T$3:T100,L$3:L100,"=Intermission")+SUMIFS(T$3:T100,L$3:L100,"=Timeout")+SUMIFS(T$3:T100,L$3:L100,"=Clockstop") -> 0 | AA100: =IF(D100=1,0,IF(D100=2,1080+Z100,IF(D100=3,(1080*2)+Z100,0))) -> 0 | AB100: =((1080*D100)-((E100*60)+F100)*D100)+Z100 -> 171 | AC100: =IF(L99="GameStart",0,AA100+Z100) -> 0
...

Sheet shifts
A1: shift_index | B1: Period | C1: shift_start_min | D1: shift_start_sec | E1: shift_end_min | F1: shift_end_sec | G1: shift_start_type | H1: shift_stop_type | I1: home_forward_1 | J1: home_forward_2 | K1: home_forward_3 | L1: home_defense_1 | M1: home_defense_2 | N1: home_xtra | O1: home_goalie | P1: away_forward_1 | Q1: away_forward_2 | R1: away_forward_3 | S1: away_defense_1 | T1: away_defense_2 | U1: away_xtra | V1: away_goalie | W1: stoppage_time | X1: clock_stoped | Y1: home_ozone_start | Z1: home_ozone_end | AA1: home_dzone_start | AB1: home_dzone_end | AC1: home_nzone_start | AD1: home_nzone_end | AE1: game_id | AF1: home_team | AG1: away_team | AH1: shift_start_total_seconds | AI1: shift_end_total_seconds | AJ1: shift_duration | AK1: home_team_strength | AL1: away_team_strength | AM1: home_team_en | AN1: away_team_en | AO1: home_team_pk | AP1: home_team_pp | AQ1: away_team_pp | AR1: away_team_pk | AS1: situation | AT1: strength | AU1: home_goals | AV1: away_goals
A2: 1 | B2: 1 | C2: =IF(G2<>"PeriodStart",E1,18) -> 18 | D2: 0 | E2: 16 | F2: 56 | G2: PeriodStart | I2: 70 | J2: 75 | K2: 49 | L2: 84 | M2: 87 | O2: 39 | P2: 11 | Q2: 19 | R2: 22 | S2: 33 | T2: 27 | V2: 99 | W2: =SUMIFS(events!T:T,events!L:L,"=DeadIce",events!U:U,"<="&shifts!AH2,events!V:V,">"&shifts!AI2,events!D:D,"="&shifts!B3)+SUMIFS(events!T:T,events!L:L,"=Timeout",events!U:U,"<="&shifts!AH2,events!V:V,">"&shifts!AI2,events!D:D,"="&shifts!B3) -> 0 | X2: =SUMIFS(events!U:U,events!M:M,"=DeadIce",events!V:V,"<="&shifts!AI2,events!W:W,">"&shifts!AJ2) -> 0 | Z2: 1 | AC2: 1 | AE2: 18977 | AF2: Velodrome | AG2: HollowBrook | AH2: =((C2*60)+D2) | AI2: =((E2*60)+F2) -> 1016 | AJ2: =ROUND(AH2-AI2,0) -> #VALUE! | AK2: =COUNTIF(I2:N2,">0") -> 5 | AL2: =COUNTIF(P2:U2,">0") -> 5 | AM2: =IF(O2="",1,0) -> 0 | AN2: =IF(V2="",1,0) -> 0 | AO2: =IF(AND($AM2<>1,$AK2<$AL2,AN2<>1),1,) -> 0 | AP2: =IF(AND($AM2<>1,$AK2>$AL2),1,) -> 0 | AQ2: =IF(AO2=1,1,0) -> 0 | AR2: =IF(AP2=1,1,0) -> 0 | AS2: =IF(AND(AK2=5,AL2=5,AM2=0,AN2=0),"Full Strength",IF(AQ2=1,"Away PowerPlay",IF(AP2=1,"Home PowerPlay",IF(AM2=1,"Home EmptyNet",IF(AN2=1,"Away EmptyNet",""))))) -> Full Strength | AT2: =IF(AND(AM2=0,AN2=0),AK2&"v"&AL2,IF(AM2=1,AK2&"v"&AL2&" Home EN",IF(AN2=1,AK2&"v"&AL2&" Away EN",""))) -> 5v5
A3: 2 | B3: =IF(G3="PeriodStart",B2+1,B2) -> 1 | C3: =IF(G3<>"PeriodStart",E2,18) -> 16 | D3: 56 | E3: 16 | F3: 40 | H3: Home Goalie Stopped (after Away SOG) | I3: 70 | J3: 75 | K3: 49 | L3: 84 | M3: 87 | O3: 39 | P3: 11 | Q3: 19 | R3: 22 | S3: 33 | T3: 27 | V3: 99 | W3: =SUMIFS(events!T:T,events!L:L,"=DeadIce",events!U:U,"<="&shifts!AH3,events!V:V,">"&shifts!AI3,events!D:D,"="&shifts!B4)+SUMIFS(events!T:T,events!L:L,"=Timeout",events!U:U,"<="&shifts!AH3,events!V:V,">"&shifts!AI3,events!D:D,"="&shifts!B4) -> 0 | Y3: =IF(OR($H2="Home Goal",$H2="Away Goal",$H2="Period End"),"",IF(Z2=1,1,"")) -> 1 | AA3: =IF(OR($H2="Home Goal",$H2="Away Goal",$H2="Period End"),"",IF(AB2=1,1,"")) | AB3: 1 | AC3: =IF(OR($H2="Home Goal",$H2="Away Goal",$H2="Period End"),1,IF(AD2=1,1,"")) | AE3: 18977 | AF3: Velodrome | AG3: HollowBrook | AH3: =((C3*60)+D3) -> 1016 | AI3: =((E3*60)+F3) -> 1000 | AJ3: =ROUND(AH3-AI3,0) -> 16 | AK3: =COUNTIF(I3:N3,">0") -> 5 | AL3: =COUNTIF(P3:U3,">0") -> 5 | AM3: =IF(O3="",1,0) -> 0 | AN3: =IF(V3="",1,0) -> 0 | AO3: =IF(AND($AM3<>1,$AK3<$AL3,AN3<>1),1,) -> 0 | AP3: =IF(AND($AM3<>1,$AK3>$AL3),1,) -> 0 | AQ3: =IF(AO3=1,1,0) -> 0 | AR3: =IF(AP3=1,1,0) -> 0 | AS3: =IF(AND(AK3=5,AL3=5,AM3=0,AN3=0),"Full Strength",IF(AQ3=1,"Away PowerPlay",IF(AP3=1,"Home PowerPlay",IF(AM3=1,"Home EmptyNet",IF(AN3=1,"Away EmptyNet",""))))) -> Full Strength | AT3: =IF(AND(AM3=0,AN3=0),AK3&"v"&AL3,IF(AM3=1,AK3&"v"&AL3&" Home EN",IF(AN3=1,AK3&"v"&AL3&" Away EN",""))) -> 5v5
A4: 3 | B4: =IF(G4="PeriodStart",B3+1,B3) -> 1 | C4: =IF(G4<>"PeriodStart",E3,18) -> 16 | D4: 40 | E4: 14 | F4: 41 | G4: OtherFaceoff | I4: 42 | J4: 24 | K4: 91 | L4: 22 | M4: 52 | O4: 39 | P4: 26 | Q4: 13 | R4: 8 | S4: 2 | T4: 18 | V4: 99 | W4: =SUMIFS(events!T:T,events!L:L,"=DeadIce",events!U:U,"<="&shifts!AH4,events!V:V,">"&shifts!AI4,events!D:D,"="&shifts!B5)+SUMIFS(events!T:T,events!L:L,"=Timeout",events!U:U,"<="&shifts!AH4,events!V:V,">"&shifts!AI4,events!D:D,"="&shifts!B5) -> 44 | Y4: =IF(OR($H3="Home Goal",$H3="Away Goal",$H3="Period End"),"",IF(Z3=1,1,"")) | AA4: =IF(OR($H3="Home Goal",$H3="Away Goal",$H3="Period End"),"",IF(AB3=1,1,"")) -> 1 | AC4: =IF(OR($H3="Home Goal",$H3="Away Goal",$H3="Period End"),1,IF(AD3=1,1,"")) | AD4: 1 | AE4: =AE2 -> 18977 | AF4: =AF2 -> Velodrome | AG4: =AG2 -> HollowBrook | AH4: =((C4*60)+D4) -> 1000 | AI4: =((E4*60)+F4) -> 881 | AJ4: =ROUND(AH4-AI4,0) -> 119 | AK4: =COUNTIF(I4:N4,">0") -> 5 | AL4: =COUNTIF(P4:U4,">0") -> 5 | AM4: =IF(O4="",1,0) -> 0 | AN4: =IF(V4="",1,0) -> 0 | AO4: =IF(AND($AM4<>1,$AK4<$AL4,AN4<>1),1,) -> 0 | AP4: =IF(AND($AM4<>1,$AK4>$AL4),1,) -> 0 | AQ4: =IF(AO4=1,1,0) -> 0 | AR4: =IF(AP4=1,1,0) -> 0 | AS4: =IF(AND(AK4=5,AL4=5,AM4=0,AN4=0),"Full Strength",IF(AQ4=1,"Away PowerPlay",IF(AP4=1,"Home PowerPlay",IF(AM4=1,"Home EmptyNet",IF(AN4=1,"Away EmptyNet",""))))) -> Full Strength | AT4: =IF(AND(AM4=0,AN4=0),AK4&"v"&AL4,IF(AM4=1,AK4&"v"&AL4&" Home EN",IF(AN4=1,AK4&"v"&AL4&" Away EN",""))) -> 5v5
A5: =A4+1 -> 4 | B5: =IF(G5="PeriodStart",B4+1,B4) -> 1 | C5: =IF(G5<>"PeriodStart",E4,18) -> 14 | D5: =F4 -> 41 | E5: 14 | F5: 14 | H5: Home Goalie Stopped (after Away SOG) | I5: 42 | J5: 24 | K5: 91 | L5: 9 | M5: 52 | O5: 39 | P5: 11 | Q5: 19 | R5: 40 | S5: 2 | T5: 18 | V5: 99 | W5: =SUMIFS(events!T:T,events!L:L,"=DeadIce",events!U:U,"<="&shifts!AH5,events!V:V,">"&shifts!AI5,events!D:D,"="&shifts!B6)+SUMIFS(events!T:T,events!L:L,"=Timeout",events!U:U,"<="&shifts!AH5,events!V:V,">"&shifts!AI5,events!D:D,"="&shifts!B6) -> 0 | Y5: =IF(OR($H4="Home Goal",$H4="Away Goal",$H4="Period End"),"",IF(Z4=1,1,"")) | AA5: =IF(OR($H4="Home Goal",$H4="Away Goal",$H4="Period End"),"",IF(AB4=1,1,"")) | AB5: 1 | AC5: =IF(OR($H4="Home Goal",$H4="Away Goal",$H4="Period End"),1,IF(AD4=1,1,"")) -> 1 | AE5: =AE4 -> 18977 | AF5: =AF4 -> Velodrome | AG5: =AG4 -> HollowBrook | AH5: =((C5*60)+D5) -> 881 | AI5: =((E5*60)+F5) -> 854 | AJ5: =ROUND(AH5-AI5,0) -> 27 | AK5: =COUNTIF(I5:N5,">0") -> 5 | AL5: =COUNTIF(P5:U5,">0") -> 5 | AM5: =IF(O5="",1,0) -> 0 | AN5: =IF(V5="",1,0) -> 0 | AO5: =IF(AND($AM5<>1,$AK5<$AL5,AN5<>1),1,) -> 0 | AP5: =IF(AND($AM5<>1,$AK5>$AL5),1,) -> 0 | AQ5: =IF(AO5=1,1,0) -> 0 | AR5: =IF(AP5=1,1,0) -> 0 | AS5: =IF(AND(AK5=5,AL5=5,AM5=0,AN5=0),"Full Strength",IF(AQ5=1,"Away PowerPlay",IF(AP5=1,"Home PowerPlay",IF(AM5=1,"Home EmptyNet",IF(AN5=1,"Away EmptyNet",""))))) -> Full Strength | AT5: =IF(AND(AM5=0,AN5=0),AK5&"v"&AL5,IF(AM5=1,AK5&"v"&AL5&" Home EN",IF(AN5=1,AK5&"v"&AL5&" Away EN",""))) -> 5v5
A6: =A5+1 -> 5 | B6: =IF(G6="PeriodStart",B5+1,B5) -> 1 | C6: =IF(G6<>"PeriodStart",E5,18) -> 14 | D6: =F5 -> 14 | E6: 12 | F6: 04 | I6: 70 | J6: 14 | K6: 61 | L6: 9 | M6: 84 | O6: 39 | P6: 11 | Q6: 19 | R6: 40 | S6: 5 | T6: 27 | V6: 99 | W6: =SUMIFS(events!T:T,events!L:L,"=DeadIce",events!U:U,"<="&shifts!AH6,events!V:V,">"&shifts!AI6,events!D:D,"="&shifts!B7)+SUMIFS(events!T:T,events!L:L,"=Timeout",events!U:U,"<="&shifts!AH6,events!V:V,">"&shifts!AI6,events!D:D,"="&shifts!B7) -> 20 | Y6: =IF(OR($H5="Home Goal",$H5="Away Goal",$H5="Period End"),"",IF(Z5=1,1,"")) | Z6: 1 | AA6: =IF(OR($H5="Home Goal",$H5="Away Goal",$H5="Period End"),"",IF(AB5=1,1,"")) -> 1 | AC6: =IF(OR($H5="Home Goal",$H5="Away Goal",$H5="Period End"),1,IF(AD5=1,1,"")) | AE6: =AE5 -> 18977 | AF6: =AF5 -> Velodrome | AG6: =AG5 -> HollowBrook | AH6: =((C6*60)+D6) -> 854 | AI6: =((E6*60)+F6) -> 724 | AJ6: =ROUND(AH6-AI6,0) -> 130 | AK6: =COUNTIF(I6:N6,">0") -> 5 | AL6: =COUNTIF(P6:U6,">0") -> 5 | AM6: =IF(O6="",1,0) -> 0 | AN6: =IF(V6="",1,0) -> 0 | AO6: =IF(AND($AM6<>1,$AK6<$AL6,AN6<>1),1,) -> 0 | AP6: =IF(AND($AM6<>1,$AK6>$AL6),1,) -> 0 | AQ6: =IF(AO6=1,1,0) -> 0 | AR6: =IF(AP6=1,1,0) -> 0 | AS6: =IF(AND(AK6=5,AL6=5,AM6=0,AN6=0),"Full Strength",IF(AQ6=1,"Away PowerPlay",IF(AP6=1,"Home PowerPlay",IF(AM6=1,"Home EmptyNet",IF(AN6=1,"Away EmptyNet",""))))) -> Full Strength | AT6: =IF(AND(AM6=0,AN6=0),AK6&"v"&AL6,IF(AM6=1,AK6&"v"&AL6&" Home EN",IF(AN6=1,AK6&"v"&AL6&" Away EN",""))) -> 5v5
A7: =A6+1 -> 6 | B7: =IF(G7="PeriodStart",B6+1,B6) -> 1 | C7: =IF(G7<>"PeriodStart",E6,18) -> 12 | D7: =F6 -> 04 | E7: 11 | F7: 58 | I7: 70 | J7: 49 | K7: 61 | L7: 87 | M7: 84 | O7: 39 | P7: 11 | Q7: 13 | R7: 22 | S7: 5 | T7: 27 | V7: 99 | W7: =SUMIFS(events!T:T,events!L:L,"=DeadIce",events!U:U,"<="&shifts!AH7,events!V:V,">"&shifts!AI7,events!D:D,"="&shifts!B8)+SUMIFS(events!T:T,events!L:L,"=Timeout",events!U:U,"<="&shifts!AH7,events!V:V,">"&shifts!AI7,events!D:D,"="&shifts!B8) -> 0 | Y7: =IF(OR($H6="Home Goal",$H6="Away Goal",$H6="Period End"),"",IF(Z6=1,1,"")) -> 1 | AA7: =IF(OR($H6="Home Goal",$H6="Away Goal",$H6="Period End"),"",IF(AB6=1,1,"")) | AC7: =IF(OR($H6="Home Goal",$H6="Away Goal",$H6="Period End"),1,IF(AD6=1,1,"")) | AD7: 1 | AE7: =AE6 -> 18977 | AF7: =AF6 -> Velodrome | AG7: =AG6 -> HollowBrook | AH7: =((C7*60)+D7) -> 724 | AI7: =((E7*60)+F7) -> 718 | AJ7: =ROUND(AH7-AI7,0) -> 6 | AK7: =COUNTIF(I7:N7,">0") -> 5 | AL7: =COUNTIF(P7:U7,">0") -> 5 | AM7: =IF(O7="",1,0) -> 0 | AN7: =IF(V7="",1,0) -> 0 | AO7: =IF(AND($AM7<>1,$AK7<$AL7,AN7<>1),1,) -> 0 | AP7: =IF(AND($AM7<>1,$AK7>$AL7),1,) -> 0 | AQ7: =IF(AO7=1,1,0) -> 0 | AR7: =IF(AP7=1,1,0) -> 0 | AS7: =IF(AND(AK7=5,AL7=5,AM7=0,AN7=0),"Full Strength",IF(AQ7=1,"Away PowerPlay",IF(AP7=1,"Home PowerPlay",IF(AM7=1,"Home EmptyNet",IF(AN7=1,"Away EmptyNet",""))))) -> Full Strength | AT7: =IF(AND(AM7=0,AN7=0),AK7&"v"&AL7,IF(AM7=1,AK7&"v"&AL7&" Home EN",IF(AN7=1,AK7&"v"&AL7&" Away EN",""))) -> 5v5
A8: =A7+1 -> 7 | B8: =IF(G8="PeriodStart",B7+1,B7) -> 1 | C8: =IF(G8<>"PeriodStart",E7,18) -> 11 | D8: =F7 -> 58 | E8: 11 | F8: 49 | I8: 42 | J8: 49 | K8: 75 | L8: 87 | M8: 84 | O8: 39 | P8: 11 | Q8: 13 | R8: 22 | S8: 5 | T8: 27 | V8: 99 | W8: =SUMIFS(events!T:T,events!L:L,"=DeadIce",events!U:U,"<="&shifts!AH8,events!V:V,">"&shifts!AI8,events!D:D,"="&shifts!B9)+SUMIFS(events!T:T,events!L:L,"=Timeout",events!U:U,"<="&shifts!AH8,events!V:V,">"&shifts!AI8,events!D:D,"="&shifts!B9) -> 0 | Y8: =IF(OR($H7="Home Goal",$H7="Away Goal",$H7="Period End"),"",IF(Z7=1,1,"")) | AA8: =IF(OR($H7="Home Goal",$H7="Away Goal",$H7="Period End"),"",IF(AB7=1,1,"")) | AB8: 1 | AC8: =IF(OR($H7="Home Goal",$H7="Away Goal",$H7="Period End"),1,IF(AD7=1,1,"")) -> 1 | AE8: =AE7 -> 18977 | AF8: =AF7 -> Velodrome | AG8: =AG7 -> HollowBrook | AH8: =((C8*60)+D8) -> 718 | AI8: =((E8*60)+F8) -> 709 | AJ8: =ROUND(AH8-AI8,0) -> 9 | AK8: =COUNTIF(I8:N8,">0") -> 5 | AL8: =COUNTIF(P8:U8,">0") -> 5 | AM8: =IF(O8="",1,0) -> 0 | AN8: =IF(V8="",1,0) -> 0 | AO8: =IF(AND($AM8<>1,$AK8<$AL8,AN8<>1),1,) -> 0 | AP8: =IF(AND($AM8<>1,$AK8>$AL8),1,) -> 0 | AQ8: =IF(AO8=1,1,0) -> 0 | AR8: =IF(AP8=1,1,0) -> 0 | AS8: =IF(AND(AK8=5,AL8=5,AM8=0,AN8=0),"Full Strength",IF(AQ8=1,"Away PowerPlay",IF(AP8=1,"Home PowerPlay",IF(AM8=1,"Home EmptyNet",IF(AN8=1,"Away EmptyNet",""))))) -> Full Strength | AT8: =IF(AND(AM8=0,AN8=0),AK8&"v"&AL8,IF(AM8=1,AK8&"v"&AL8&" Home EN",IF(AN8=1,AK8&"v"&AL8&" Away EN",""))) -> 5v5
A9: =A8+1 -> 8 | B9: =IF(G9="PeriodStart",B8+1,B8) -> 1 | C9: =IF(G9<>"PeriodStart",E8,18) -> 11 | D9: =F8 -> 49 | E9: 11 | F9: 25 | I9: 42 | J9: 49 | K9: 75 | L9: 87 | M9: 84 | O9: 39 | P9: 26 | Q9: 13 | R9: 22 | S9: 5 | T9: 27 | V9: 99 | W9: =SUMIFS(events!T:T,events!L:L,"=DeadIce",events!U:U,"<="&shifts!AH9,events!V:V,">"&shifts!AI9,events!D:D,"="&shifts!B10)+SUMIFS(events!T:T,events!L:L,"=Timeout",events!U:U,"<="&shifts!AH9,events!V:V,">"&shifts!AI9,events!D:D,"="&shifts!B10) -> 0 | Y9: =IF(OR($H8="Home Goal",$H8="Away Goal",$H8="Period End"),"",IF(Z8=1,1,"")) | Z9: 1 | AA9: =IF(OR($H8="Home Goal",$H8="Away Goal",$H8="Period End"),"",IF(AB8=1,1,"")) -> 1 | AC9: =IF(OR($H8="Home Goal",$H8="Away Goal",$H8="Period End"),1,IF(AD8=1,1,"")) | AE9: =AE8 -> 18977 | AF9: =AF8 -> Velodrome | AG9: =AG8 -> HollowBrook | AH9: =((C9*60)+D9) -> 709 | AI9: =((E9*60)+F9) -> 685 | AJ9: =ROUND(AH9-AI9,0) -> 24 | AK9: =COUNTIF(I9:N9,">0") -> 5 | AL9: =COUNTIF(P9:U9,">0") -> 5 | AM9: =IF(O9="",1,0) -> 0 | AN9: =IF(V9="",1,0) -> 0 | AO9: =IF(AND($AM9<>1,$AK9<$AL9,AN9<>1),1,) -> 0 | AP9: =IF(AND($AM9<>1,$AK9>$AL9),1,) -> 0 | AQ9: =IF(AO9=1,1,0) -> 0 | AR9: =IF(AP9=1,1,0) -> 0 | AS9: =IF(AND(AK9=5,AL9=5,AM9=0,AN9=0),"Full Strength",IF(AQ9=1,"Away PowerPlay",IF(AP9=1,"Home PowerPlay",IF(AM9=1,"Home EmptyNet",IF(AN9=1,"Away EmptyNet",""))))) -> Full Strength | AT9: =IF(AND(AM9=0,AN9=0),AK9&"v"&AL9,IF(AM9=1,AK9&"v"&AL9&" Home EN",IF(AN9=1,AK9&"v"&AL9&" Away EN",""))) -> 5v5
A10: =A9+1 -> 9 | B10: =IF(G10="PeriodStart",B9+1,B9) -> 1 | C10: =IF(G10<>"PeriodStart",E9,18) -> 11 | D10: =F9 -> 25 | E10: 10 | F10: 40 | H10: Away Goalie Stopped (after Home SOG) | I10: 42 | J10: 49 | K10: 75 | L10: 87 | M10: 84 | O10: 39 | P10: 26 | Q10: 13 | R10: 22 | S10: 33 | T10: 18 | V10: 99 | W10: =SUMIFS(events!T:T,events!L:L,"=DeadIce",events!U:U,"<="&shifts!AH10,events!V:V,">"&shifts!AI10,events!D:D,"="&shifts!B11)+SUMIFS(events!T:T,events!L:L,"=Timeout",events!U:U,"<="&shifts!AH10,events!V:V,">"&shifts!AI10,events!D:D,"="&shifts!B11) -> 0 | Y10: =IF(OR($H9="Home Goal",$H9="Away Goal",$H9="Period End"),"",IF(Z9=1,1,"")) -> 1 | Z10: 1 | AA10: =IF(OR($H9="Home Goal",$H9="Away Goal",$H9="Period End"),"",IF(AB9=1,1,"")) | AC10: =IF(OR($H9="Home Goal",$H9="Away Goal",$H9="Period End"),1,IF(AD9=1,1,"")) | AE10: =AE9 -> 18977 | AF10: =AF9 -> Velodrome | AG10: =AG9 -> HollowBrook | AH10: =((C10*60)+D10) -> 685 | AI10: =((E10*60)+F10) -> 640 | AJ10: =ROUND(AH10-AI10,0) -> 45 | AK10: =COUNTIF(I10:N10,">0") -> 5 | AL10: =COUNTIF(P10:U10,">0") -> 5 | AM10: =IF(O10="",1,0) -> 0 | AN10: =IF(V10="",1,0) -> 0 | AO10: =IF(AND($AM10<>1,$AK10<$AL10,AN10<>1),1,) -> 0 | AP10: =IF(AND($AM10<>1,$AK10>$AL10),1,) -> 0 | AQ10: =IF(AO10=1,1,0) -> 0 | AR10: =IF(AP10=1,1,0) -> 0 | AS10: =IF(AND(AK10=5,AL10=5,AM10=0,AN10=0),"Full Strength",IF(AQ10=1,"Away PowerPlay",IF(AP10=1,"Home PowerPlay",IF(AM10=1,"Home EmptyNet",IF(AN10=1,"Away EmptyNet",""))))) -> Full Strength | AT10: =IF(AND(AM10=0,AN10=0),AK10&"v"&AL10,IF(AM10=1,AK10&"v"&AL10&" Home EN",IF(AN10=1,AK10&"v"&AL10&" Away EN",""))) -> 5v5
A11: =A10+1 -> 10 | B11: =IF(G11="PeriodStart",B10+1,B10) -> 1 | C11: =IF(G11<>"PeriodStart",E10,18) -> 10 | D11: =F10 -> 40 | E11: 10 | F11: 08 | G11: OtherFaceoff | H11: Home Penalty | I11: 42 | J11: 49 | K11: 75 | L11: 87 | M11: 22 | O11: 39 | P11: 26 | Q11: 13 | R11: 8 | S11: 33 | T11: 18 | V11: 99 | W11: =SUMIFS(events!T:T,events!L:L,"=DeadIce",events!U:U,"<="&shifts!AH11,events!V:V,">"&shifts!AI11,events!D:D,"="&shifts!B12)+SUMIFS(events!T:T,events!L:L,"=Timeout",events!U:U,"<="&shifts!AH11,events!V:V,">"&shifts!AI11,events!D:D,"="&shifts!B12) -> 13 | Y11: =IF(OR($H10="Home Goal",$H10="Away Goal",$H10="Period End"),"",IF(Z10=1,1,"")) -> 1 | AA11: =IF(OR($H10="Home Goal",$H10="Away Goal",$H10="Period End"),"",IF(AB10=1,1,"")) | AB11: 1 | AC11: =IF(OR($H10="Home Goal",$H10="Away Goal",$H10="Period End"),1,IF(AD10=1,1,"")) | AE11: =AE10 -> 18977 | AF11: =AF10 -> Velodrome | AG11: =AG10 -> HollowBrook | AH11: =((C11*60)+D11) -> 640 | AI11: =((E11*60)+F11) -> 608 | AJ11: =ROUND(AH11-AI11,0) -> 32 | AK11: =COUNTIF(I11:N11,">0") -> 5 | AL11: =COUNTIF(P11:U11,">0") -> 5 | AM11: =IF(O11="",1,0) -> 0 | AN11: =IF(V11="",1,0) -> 0 | AO11: =IF(AND($AM11<>1,$AK11<$AL11,AN11<>1),1,) -> 0 | AP11: =IF(AND($AM11<>1,$AK11>$AL11),1,) -> 0 | AQ11: =IF(AO11=1,1,0) -> 0 | AR11: =IF(AP11=1,1,0) -> 0 | AS11: =IF(AND(AK11=5,AL11=5,AM11=0,AN11=0),"Full Strength",IF(AQ11=1,"Away PowerPlay",IF(AP11=1,"Home PowerPlay",IF(AM11=1,"Home EmptyNet",IF(AN11=1,"Away EmptyNet",""))))) -> Full Strength | AT11: =IF(AND(AM11=0,AN11=0),AK11&"v"&AL11,IF(AM11=1,AK11&"v"&AL11&" Home EN",IF(AN11=1,AK11&"v"&AL11&" Away EN",""))) -> 5v5
A12: =A11+1 -> 11 | B12: =IF(G12="PeriodStart",B11+1,B11) -> 1 | C12: =IF(G12<>"PeriodStart",E11,18) -> 10 | D12: =F11 -> 08 | E12: 8 | F12: 47 | G12: FaceoffAfterPenalty | I12: 42 | K12: 24 | L12: 87 | M12: 22 | O12: 39 | P12: 11 | Q12: 19 | R12: 40 | S12: 2 | T12: 18 | V12: 99 | W12: =SUMIFS(events!T:T,events!L:L,"=DeadIce",events!U:U,"<="&shifts!AH12,events!V:V,">"&shifts!AI12,events!D:D,"="&shifts!B13)+SUMIFS(events!T:T,events!L:L,"=Timeout",events!U:U,"<="&shifts!AH12,events!V:V,">"&shifts!AI12,events!D:D,"="&shifts!B13) -> 29 | Y12: =IF(OR($H11="Home Goal",$H11="Away Goal",$H11="Period End"),"",IF(Z11=1,1,"")) | Z12: 1 | AA12: =IF(OR($H11="Home Goal",$H11="Away Goal",$H11="Period End"),"",IF(AB11=1,1,"")) -> 1 | AC12: =IF(OR($H11="Home Goal",$H11="Away Goal",$H11="Period End"),1,IF(AD11=1,1,"")) | AE12: =AE11 -> 18977 | AF12: =AF11 -> Velodrome | AG12: =AG11 -> HollowBrook | AH12: =((C12*60)+D12) -> 608 | AI12: =((E12*60)+F12) -> 527 | AJ12: =ROUND(AH12-AI12,0) -> 81 | AK12: =COUNTIF(I12:N12,">0") -> 4 | AL12: =COUNTIF(P12:U12,">0") -> 5 | AM12: =IF(O12="",1,0) -> 0 | AN12: =IF(V12="",1,0) -> 0 | AO12: =IF(AND($AM12<>1,$AK12<$AL12,AN12<>1),1,) -> 1 | AP12: =IF(AND($AM12<>1,$AK12>$AL12),1,) -> 0 | AQ12: =IF(AO12=1,1,0) -> 1 | AR12: =IF(AP12=1,1,0) -> 0 | AS12: =IF(AND(AK12=5,AL12=5,AM12=0,AN12=0),"Full Strength",IF(AQ12=1,"Away PowerPlay",IF(AP12=1,"Home PowerPlay",IF(AM12=1,"Home EmptyNet",IF(AN12=1,"Away EmptyNet",""))))) -> Away PowerPlay | AT12: =IF(AND(AM12=0,AN12=0),AK12&"v"&AL12,IF(AM12=1,AK12&"v"&AL12&" Home EN",IF(AN12=1,AK12&"v"&AL12&" Away EN",""))) -> 4v5
A13: =A12+1 -> 12 | B13: =IF(G13="PeriodStart",B12+1,B12) -> 1 | C13: =IF(G13<>"PeriodStart",E12,18) -> 8 | D13: =F12 -> 47 | E13: 8 | F13: 36 | I13: 42 | K13: 24 | L13: 9 | M13: 52 | O13: 39 | P13: 11 | Q13: 19 | R13: 40 | S13: 2 | T13: 18 | V13: 99 | W13: =SUMIFS(events!T:T,events!L:L,"=DeadIce",events!U:U,"<="&shifts!AH13,events!V:V,">"&shifts!AI13,events!D:D,"="&shifts!B14)+SUMIFS(events!T:T,events!L:L,"=Timeout",events!U:U,"<="&shifts!AH13,events!V:V,">"&shifts!AI13,events!D:D,"="&shifts!B14) -> 0 | Y13: =IF(OR($H12="Home Goal",$H12="Away Goal",$H12="Period End"),"",IF(Z12=1,1,"")) -> 1 | AA13: =IF(OR($H12="Home Goal",$H12="Away Goal",$H12="Period End"),"",IF(AB12=1,1,"")) | AB13: 1 | AC13: =IF(OR($H12="Home Goal",$H12="Away Goal",$H12="Period End"),1,IF(AD12=1,1,"")) | AE13: =AE12 -> 18977 | AF13: =AF12 -> Velodrome | AG13: =AG12 -> HollowBrook | AH13: =((C13*60)+D13) -> 527 | AI13: =((E13*60)+F13) -> 516 | AJ13: =ROUND(AH13-AI13,0) -> 11 | AK13: =COUNTIF(I13:N13,">0") -> 4 | AL13: =COUNTIF(P13:U13,">0") -> 5 | AM13: =IF(O13="",1,0) -> 0 | AN13: =IF(V13="",1,0) -> 0 | AO13: =IF(AND($AM13<>1,$AK13<$AL13,AN13<>1),1,) -> 1 | AP13: =IF(AND($AM13<>1,$AK13>$AL13),1,) -> 0 | AQ13: =IF(AO13=1,1,0) -> 1 | AR13: =IF(AP13=1,1,0) -> 0 | AS13: =IF(AND(AK13=5,AL13=5,AM13=0,AN13=0),"Full Strength",IF(AQ13=1,"Away PowerPlay",IF(AP13=1,"Home PowerPlay",IF(AM13=1,"Home EmptyNet",IF(AN13=1,"Away EmptyNet",""))))) -> Away PowerPlay | AT13: =IF(AND(AM13=0,AN13=0),AK13&"v"&AL13,IF(AM13=1,AK13&"v"&AL13&" Home EN",IF(AN13=1,AK13&"v"&AL13&" Away EN",""))) -> 4v5
A14: =A13+1 -> 13 | B14: =IF(G14="PeriodStart",B13+1,B13) -> 1 | C14: =IF(G14<>"PeriodStart",E13,18) -> 8 | D14: =F13 -> 36 | E14: 8 | F14: 07 | I14: 70 | K14: 24 | L14: 9 | M14: 52 | O14: 39 | P14: 11 | Q14: 19 | R14: 40 | S14: 2 | T14: 27 | V14: 99 | W14: =SUMIFS(events!T:T,events!L:L,"=DeadIce",events!U:U,"<="&shifts!AH14,events!V:V,">"&shifts!AI14,events!D:D,"="&shifts!B15)+SUMIFS(events!T:T,events!L:L,"=Timeout",events!U:U,"<="&shifts!AH14,events!V:V,">"&shifts!AI14,events!D:D,"="&shifts!B15) -> 0 | Y14: =IF(OR($H13="Home Goal",$H13="Away Goal",$H13="Period End"),"",IF(Z13=1,1,"")) | AA14: =IF(OR($H13="Home Goal",$H13="Away Goal",$H13="Period End"),"",IF(AB13=1,1,"")) -> 1 | AC14: =IF(OR($H13="Home Goal",$H13="Away Goal",$H13="Period End"),1,IF(AD13=1,1,"")) | AD14: 1 | AE14: =AE13 -> 18977 | AF14: =AF13 -> Velodrome | AG14: =AG13 -> HollowBrook | AH14: =((C14*60)+D14) -> 516 | AI14: =((E14*60)+F14) -> 487 | AJ14: =ROUND(AH14-AI14,0) -> 29 | AK14: =COUNTIF(I14:N14,">0") -> 4 | AL14: =COUNTIF(P14:U14,">0") -> 5 | AM14: =IF(O14="",1,0) -> 0 | AN14: =IF(V14="",1,0) -> 0 | AO14: =IF(AND($AM14<>1,$AK14<$AL14,AN14<>1),1,) -> 1 | AP14: =IF(AND($AM14<>1,$AK14>$AL14),1,) -> 0 | AQ14: =IF(AO14=1,1,0) -> 1 | AR14: =IF(AP14=1,1,0) -> 0 | AS14: =IF(AND(AK14=5,AL14=5,AM14=0,AN14=0),"Full Strength",IF(AQ14=1,"Away PowerPlay",IF(AP14=1,"Home PowerPlay",IF(AM14=1,"Home EmptyNet",IF(AN14=1,"Away EmptyNet",""))))) -> Away PowerPlay | AT14: =IF(AND(AM14=0,AN14=0),AK14&"v"&AL14,IF(AM14=1,AK14&"v"&AL14&" Home EN",IF(AN14=1,AK14&"v"&AL14&" Away EN",""))) -> 4v5
A15: =A14+1 -> 14 | B15: =IF(G15="PeriodStart",B14+1,B14) -> 1 | C15: =IF(G15<>"PeriodStart",E14,18) -> 8 | D15: =F14 -> 07 | E15: 7 | F15: 45 | H15: Home Goalie Stopped (after Away SOG) | I15: 70 | K15: 24 | L15: 9 | M15: 52 | O15: 39 | P15: 11 | Q15: 13 | R15: 22 | S15: 2 | T15: 27 | V15: 99 | W15: =SUMIFS(events!T:T,events!L:L,"=DeadIce",events!U:U,"<="&shifts!AH15,events!V:V,">"&shifts!AI15,events!D:D,"="&shifts!B16)+SUMIFS(events!T:T,events!L:L,"=Timeout",events!U:U,"<="&shifts!AH15,events!V:V,">"&shifts!AI15,events!D:D,"="&shifts!B16) -> 0 | Y15: =IF(OR($H14="Home Goal",$H14="Away Goal",$H14="Period End"),"",IF(Z14=1,1,"")) | AA15: =IF(OR($H14="Home Goal",$H14="Away Goal",$H14="Period End"),"",IF(AB14=1,1,"")) | AB15: 1 | AC15: =IF(OR($H14="Home Goal",$H14="Away Goal",$H14="Period End"),1,IF(AD14=1,1,"")) -> 1 | AE15: =AE14 -> 18977 | AF15: =AF14 -> Velodrome | AG15: =AG14 -> HollowBrook | AH15: =((C15*60)+D15) -> 487 | AI15: =((E15*60)+F15) -> 465 | AJ15: =ROUND(AH15-AI15,0) -> 22 | AK15: =COUNTIF(I15:N15,">0") -> 4 | AL15: =COUNTIF(P15:U15,">0") -> 5 | AM15: =IF(O15="",1,0) -> 0 | AN15: =IF(V15="",1,0) -> 0 | AO15: =IF(AND($AM15<>1,$AK15<$AL15,AN15<>1),1,) -> 1 | AP15: =IF(AND($AM15<>1,$AK15>$AL15),1,) -> 0 | AQ15: =IF(AO15=1,1,0) -> 1 | AR15: =IF(AP15=1,1,0) -> 0 | AS15: =IF(AND(AK15=5,AL15=5,AM15=0,AN15=0),"Full Strength",IF(AQ15=1,"Away PowerPlay",IF(AP15=1,"Home PowerPlay",IF(AM15=1,"Home EmptyNet",IF(AN15=1,"Away EmptyNet",""))))) -> Away PowerPlay | AT15: =IF(AND(AM15=0,AN15=0),AK15&"v"&AL15,IF(AM15=1,AK15&"v"&AL15&" Home EN",IF(AN15=1,AK15&"v"&AL15&" Away EN",""))) -> 4v5
A16: =A15+1 -> 15 | B16: =IF(G16="PeriodStart",B15+1,B15) -> 1 | C16: =IF(G16<>"PeriodStart",E15,18) -> 7 | D16: =F15 -> 45 | E16: 6 | F16: 35 | G16: OtherFaceoff | I16: 70 | K16: 91 | L16: 22 | M16: 84 | O16: 39 | P16: 26 | Q16: 13 | R16: 22 | S16: 5 | T16: 27 | V16: 99 | W16: =SUMIFS(events!T:T,events!L:L,"=DeadIce",events!U:U,"<="&shifts!AH16,events!V:V,">"&shifts!AI16,events!D:D,"="&shifts!B17)+SUMIFS(events!T:T,events!L:L,"=Timeout",events!U:U,"<="&shifts!AH16,events!V:V,">"&shifts!AI16,events!D:D,"="&shifts!B17) -> 0 | Y16: =IF(OR($H15="Home Goal",$H15="Away Goal",$H15="Period End"),"",IF(Z15=1,1,"")) | AA16: =IF(OR($H15="Home Goal",$H15="Away Goal",$H15="Period End"),"",IF(AB15=1,1,"")) -> 1 | AC16: =IF(OR($H15="Home Goal",$H15="Away Goal",$H15="Period End"),1,IF(AD15=1,1,"")) | AD16: 1 | AE16: =AE15 -> 18977 | AF16: =AF15 -> Velodrome | AG16: =AG15 -> HollowBrook | AH16: =((C16*60)+D16) -> 465 | AI16: =((E16*60)+F16) -> 395 | AJ16: =ROUND(AH16-AI16,0) -> 70 | AK16: =COUNTIF(I16:N16,">0") -> 4 | AL16: =COUNTIF(P16:U16,">0") -> 5 | AM16: =IF(O16="",1,0) -> 0 | AN16: =IF(V16="",1,0) -> 0 | AO16: =IF(AND($AM16<>1,$AK16<$AL16,AN16<>1),1,) -> 1 | AP16: =IF(AND($AM16<>1,$AK16>$AL16),1,) -> 0 | AQ16: =IF(AO16=1,1,0) -> 1 | AR16: =IF(AP16=1,1,0) -> 0 | AS16: =IF(AND(AK16=5,AL16=5,AM16=0,AN16=0),"Full Strength",IF(AQ16=1,"Away PowerPlay",IF(AP16=1,"Home PowerPlay",IF(AM16=1,"Home EmptyNet",IF(AN16=1,"Away EmptyNet",""))))) -> Away PowerPlay | AT16: =IF(AND(AM16=0,AN16=0),AK16&"v"&AL16,IF(AM16=1,AK16&"v"&AL16&" Home EN",IF(AN16=1,AK16&"v"&AL16&" Away EN",""))) -> 4v5
A17: =A16+1 -> 16 | B17: =IF(G17="PeriodStart",B16+1,B16) -> 1 | C17: =IF(G17<>"PeriodStart",E16,18) -> 6 | D17: =F16 -> 35 | E17: 6 | F17: 30 | I17: 70 | J17: 49 | K17: 91 | L17: 22 | M17: 84 | O17: 39 | P17: 26 | Q17: 13 | R17: 22 | S17: 5 | T17: 27 | V17: 99 | W17: =SUMIFS(events!T:T,events!L:L,"=DeadIce",events!U:U,"<="&shifts!AH17,events!V:V,">"&shifts!AI17,events!D:D,"="&shifts!B18)+SUMIFS(events!T:T,events!L:L,"=Timeout",events!U:U,"<="&shifts!AH17,events!V:V,">"&shifts!AI17,events!D:D,"="&shifts!B18) -> 0 | Y17: =IF(OR($H16="Home Goal",$H16="Away Goal",$H16="Period End"),"",IF(Z16=1,1,"")) | Z17: 1 | AA17: =IF(OR($H16="Home Goal",$H16="Away Goal",$H16="Period End"),"",IF(AB16=1,1,"")) | AC17: =IF(OR($H16="Home Goal",$H16="Away Goal",$H16="Period End"),1,IF(AD16=1,1,"")) -> 1 | AE17: =AE16 -> 18977 | AF17: =AF16 -> Velodrome | AG17: =AG16 -> HollowBrook | AH17: =((C17*60)+D17) -> 395 | AI17: =((E17*60)+F17) -> 390 | AJ17: =ROUND(AH17-AI17,0) -> 5 | AK17: =COUNTIF(I17:N17,">0") -> 5 | AL17: =COUNTIF(P17:U17,">0") -> 5 | AM17: =IF(O17="",1,0) -> 0 | AN17: =IF(V17="",1,0) -> 0 | AO17: =IF(AND($AM17<>1,$AK17<$AL17,AN17<>1),1,) -> 0 | AP17: =IF(AND($AM17<>1,$AK17>$AL17),1,) -> 0 | AQ17: =IF(AO17=1,1,0) -> 0 | AR17: =IF(AP17=1,1,0) -> 0 | AS17: =IF(AND(AK17=5,AL17=5,AM17=0,AN17=0),"Full Strength",IF(AQ17=1,"Away PowerPlay",IF(AP17=1,"Home PowerPlay",IF(AM17=1,"Home EmptyNet",IF(AN17=1,"Away EmptyNet",""))))) -> Full Strength | AT17: =IF(AND(AM17=0,AN17=0),AK17&"v"&AL17,IF(AM17=1,AK17&"v"&AL17&" Home EN",IF(AN17=1,AK17&"v"&AL17&" Away EN",""))) -> 5v5
A18: =A17+1 -> 17 | B18: =IF(G18="PeriodStart",B17+1,B17) -> 1 | C18: =IF(G18<>"PeriodStart",E17,18) -> 6 | D18: =F17 -> 30 | E18: 5 | F18: 50 | H18: Away Icing | I18: 70 | J18: 14 | K18: 91 | L18: 22 | M18: 84 | O18: 39 | P18: 26 | Q18: 13 | R18: 22 | S18: 5 | T18: 27 | V18: 99 | W18: =SUMIFS(events!T:T,events!L:L,"=DeadIce",events!U:U,"<="&shifts!AH18,events!V:V,">"&shifts!AI18,events!D:D,"="&shifts!B19)+SUMIFS(events!T:T,events!L:L,"=Timeout",events!U:U,"<="&shifts!AH18,events!V:V,">"&shifts!AI18,events!D:D,"="&shifts!B19) -> 0 | Y18: =IF(OR($H17="Home Goal",$H17="Away Goal",$H17="Period End"),"",IF(Z17=1,1,"")) -> 1 | Z18: 1 | AA18: =IF(OR($H17="Home Goal",$H17="Away Goal",$H17="Period End"),"",IF(AB17=1,1,"")) | AC18: =IF(OR($H17="Home Goal",$H17="Away Goal",$H17="Period End"),1,IF(AD17=1,1,"")) | AE18: =AE17 -> 18977 | AF18: =AF17 -> Velodrome | AG18: =AG17 -> HollowBrook | AH18: =((C18*60)+D18) -> 390 | AI18: =((E18*60)+F18) -> 350 | AJ18: =ROUND(AH18-AI18,0) -> 40 | AK18: =COUNTIF(I18:N18,">0") -> 5 | AL18: =COUNTIF(P18:U18,">0") -> 5 | AM18: =IF(O18="",1,0) -> 0 | AN18: =IF(V18="",1,0) -> 0 | AO18: =IF(AND($AM18<>1,$AK18<$AL18,AN18<>1),1,) -> 0 | AP18: =IF(AND($AM18<>1,$AK18>$AL18),1,) -> 0 | AQ18: =IF(AO18=1,1,0) -> 0 | AR18: =IF(AP18=1,1,0) -> 0 | AS18: =IF(AND(AK18=5,AL18=5,AM18=0,AN18=0),"Full Strength",IF(AQ18=1,"Away PowerPlay",IF(AP18=1,"Home PowerPlay",IF(AM18=1,"Home EmptyNet",IF(AN18=1,"Away EmptyNet",""))))) -> Full Strength | AT18: =IF(AND(AM18=0,AN18=0),AK18&"v"&AL18,IF(AM18=1,AK18&"v"&AL18&" Home EN",IF(AN18=1,AK18&"v"&AL18&" Away EN",""))) -> 5v5
A19: =A18+1 -> 18 | B19: =IF(G19="PeriodStart",B18+1,B18) -> 1 | C19: =IF(G19<>"PeriodStart",E18,18) -> 5 | D19: =F18 -> 50 | E19: 4 | F19: 17 | G19: OtherFaceoff | I19: 42 | J19: 14 | K19: 61 | L19: 87 | M19: 52 | O19: 39 | P19: 11 | Q19: 19 | R19: 8 | S19: 33 | T19: 18 | V19: 99 | W19: =SUMIFS(events!T:T,events!L:L,"=DeadIce",events!U:U,"<="&shifts!AH19,events!V:V,">"&shifts!AI19,events!D:D,"="&shifts!B20)+SUMIFS(events!T:T,events!L:L,"=Timeout",events!U:U,"<="&shifts!AH19,events!V:V,">"&shifts!AI19,events!D:D,"="&shifts!B20) -> 0 | Y19: =IF(OR($H18="Home Goal",$H18="Away Goal",$H18="Period End"),"",IF(Z18=1,1,"")) -> 1 | AA19: =IF(OR($H18="Home Goal",$H18="Away Goal",$H18="Period End"),"",IF(AB18=1,1,"")) | AB19: 1 | AC19: =IF(OR($H18="Home Goal",$H18="Away Goal",$H18="Period End"),1,IF(AD18=1,1,"")) | AE19: =AE18 -> 18977 | AF19: =AF18 -> Velodrome | AG19: =AG18 -> HollowBrook | AH19: =((C19*60)+D19) -> 350 | AI19: =((E19*60)+F19) -> 257 | AJ19: =ROUND(AH19-AI19,0) -> 93 | AK19: =COUNTIF(I19:N19,">0") -> 5 | AL19: =COUNTIF(P19:U19,">0") -> 5 | AM19: =IF(O19="",1,0) -> 0 | AN19: =IF(V19="",1,0) -> 0 | AO19: =IF(AND($AM19<>1,$AK19<$AL19,AN19<>1),1,) -> 0 | AP19: =IF(AND($AM19<>1,$AK19>$AL19),1,) -> 0 | AQ19: =IF(AO19=1,1,0) -> 0 | AR19: =IF(AP19=1,1,0) -> 0 | AS19: =IF(AND(AK19=5,AL19=5,AM19=0,AN19=0),"Full Strength",IF(AQ19=1,"Away PowerPlay",IF(AP19=1,"Home PowerPlay",IF(AM19=1,"Home EmptyNet",IF(AN19=1,"Away EmptyNet",""))))) -> Full Strength | AT19: =IF(AND(AM19=0,AN19=0),AK19&"v"&AL19,IF(AM19=1,AK19&"v"&AL19&" Home EN",IF(AN19=1,AK19&"v"&AL19&" Away EN",""))) -> 5v5
A20: =A19+1 -> 19 | B20: =IF(G20="PeriodStart",B19+1,B19) -> 1 | C20: =IF(G20<>"PeriodStart",E19,18) -> 4 | D20: =F19 -> 17 | E20: 3 | F20: 54 | I20: 42 | J20: 14 | K20: 61 | L20: 87 | M20: 52 | O20: 39 | P20: 11 | Q20: 19 | R20: 8 | S20: 2 | T20: 18 | V20: 99 | W20: =SUMIFS(events!T:T,events!L:L,"=DeadIce",events!U:U,"<="&shifts!AH20,events!V:V,">"&shifts!AI20,events!D:D,"="&shifts!B21)+SUMIFS(events!T:T,events!L:L,"=Timeout",events!U:U,"<="&shifts!AH20,events!V:V,">"&shifts!AI20,events!D:D,"="&shifts!B21) -> 0 | Y20: =IF(OR($H19="Home Goal",$H19="Away Goal",$H19="Period End"),"",IF(Z19=1,1,"")) | AA20: =IF(OR($H19="Home Goal",$H19="Away Goal",$H19="Period End"),"",IF(AB19=1,1,"")) -> 1 | AC20: =IF(OR($H19="Home Goal",$H19="Away Goal",$H19="Period End"),1,IF(AD19=1,1,"")) | AD20: 1 | AE20: =AE19 -> 18977 | AF20: =AF19 -> Velodrome | AG20: =AG19 -> HollowBrook | AH20: =((C20*60)+D20) -> 257 | AI20: =((E20*60)+F20) -> 234 | AJ20: =ROUND(AH20-AI20,0) -> 23 | AK20: =COUNTIF(I20:N20,">0") -> 5 | AL20: =COUNTIF(P20:U20,">0") -> 5 | AM20: =IF(O20="",1,0) -> 0 | AN20: =IF(V20="",1,0) -> 0 | AO20: =IF(AND($AM20<>1,$AK20<$AL20,AN20<>1),1,) -> 0 | AP20: =IF(AND($AM20<>1,$AK20>$AL20),1,) -> 0 | AQ20: =IF(AO20=1,1,0) -> 0 | AR20: =IF(AP20=1,1,0) -> 0 | AS20: =IF(AND(AK20=5,AL20=5,AM20=0,AN20=0),"Full Strength",IF(AQ20=1,"Away PowerPlay",IF(AP20=1,"Home PowerPlay",IF(AM20=1,"Home EmptyNet",IF(AN20=1,"Away EmptyNet",""))))) -> Full Strength | AT20: =IF(AND(AM20=0,AN20=0),AK20&"v"&AL20,IF(AM20=1,AK20&"v"&AL20&" Home EN",IF(AN20=1,AK20&"v"&AL20&" Away EN",""))) -> 5v5
A21: =A20+1 -> 20 | B21: =IF(G21="PeriodStart",B20+1,B20) -> 1 | C21: =IF(G21<>"PeriodStart",E20,18) -> 3 | D21: =F20 -> 54 | E21: 3 | F21: 43 | I21: 70 | J21: 14 | K21: 75 | L21: 87 | M21: 52 | O21: 39 | P21: 11 | Q21: 19 | R21: 40 | S21: 2 | T21: 18 | V21: 99 | W21: =SUMIFS(events!T:T,events!L:L,"=DeadIce",events!U:U,"<="&shifts!AH21,events!V:V,">"&shifts!AI21,events!D:D,"="&shifts!B22)+SUMIFS(events!T:T,events!L:L,"=Timeout",events!U:U,"<="&shifts!AH21,events!V:V,">"&shifts!AI21,events!D:D,"="&shifts!B22) -> 0 | Y21: =IF(OR($H20="Home Goal",$H20="Away Goal",$H20="Period End"),"",IF(Z20=1,1,"")) | Z21: 1 | AA21: =IF(OR($H20="Home Goal",$H20="Away Goal",$H20="Period End"),"",IF(AB20=1,1,"")) | AC21: =IF(OR($H20="Home Goal",$H20="Away Goal",$H20="Period End"),1,IF(AD20=1,1,"")) -> 1 | AE21: =AE20 -> 18977 | AF21: =AF20 -> Velodrome | AG21: =AG20 -> HollowBrook | AH21: =((C21*60)+D21) -> 234 | AI21: =((E21*60)+F21) -> 223 | AJ21: =ROUND(AH21-AI21,0) -> 11 | AK21: =COUNTIF(I21:N21,">0") -> 5 | AL21: =COUNTIF(P21:U21,">0") -> 5 | AM21: =IF(O21="",1,0) -> 0 | AN21: =IF(V21="",1,0) -> 0 | AO21: =IF(AND($AM21<>1,$AK21<$AL21,AN21<>1),1,) -> 0 | AP21: =IF(AND($AM21<>1,$AK21>$AL21),1,) -> 0 | AQ21: =IF(AO21=1,1,0) -> 0 | AR21: =IF(AP21=1,1,0) -> 0 | AS21: =IF(AND(AK21=5,AL21=5,AM21=0,AN21=0),"Full Strength",IF(AQ21=1,"Away PowerPlay",IF(AP21=1,"Home PowerPlay",IF(AM21=1,"Home EmptyNet",IF(AN21=1,"Away EmptyNet",""))))) -> Full Strength | AT21: =IF(AND(AM21=0,AN21=0),AK21&"v"&AL21,IF(AM21=1,AK21&"v"&AL21&" Home EN",IF(AN21=1,AK21&"v"&AL21&" Away EN",""))) -> 5v5
A22: =A21+1 -> 21 | B22: =IF(G22="PeriodStart",B21+1,B21) -> 1 | C22: =IF(G22<>"PeriodStart",E21,18) -> 3 | D22: =F21 -> 43 | E22: 3 | F22: 21 | I22: 70 | J22: 14 | K22: 75 | L22: 87 | M22: 52 | O22: 39 | P22: 11 | Q22: 13 | R22: 40 | S22: 2 | T22: 18 | V22: 99 | W22: =SUMIFS(events!T:T,events!L:L,"=DeadIce",events!U:U,"<="&shifts!AH22,events!V:V,">"&shifts!AI22,events!D:D,"="&shifts!B23)+SUMIFS(events!T:T,events!L:L,"=Timeout",events!U:U,"<="&shifts!AH22,events!V:V,">"&shifts!AI22,events!D:D,"="&shifts!B23) -> 0 | Y22: =IF(OR($H21="Home Goal",$H21="Away Goal",$H21="Period End"),"",IF(Z21=1,1,"")) -> 1 | AA22: =IF(OR($H21="Home Goal",$H21="Away Goal",$H21="Period End"),"",IF(AB21=1,1,"")) | AC22: =IF(OR($H21="Home Goal",$H21="Away Goal",$H21="Period End"),1,IF(AD21=1,1,"")) | AD22: 1 | AE22: =AE21 -> 18977 | AF22: =AF21 -> Velodrome | AG22: =AG21 -> HollowBrook | AH22: =((C22*60)+D22) -> 223 | AI22: =((E22*60)+F22) -> 201 | AJ22: =ROUND(AH22-AI22,0) -> 22 | AK22: =COUNTIF(I22:N22,">0") -> 5 | AL22: =COUNTIF(P22:U22,">0") -> 5 | AM22: =IF(O22="",1,0) -> 0 | AN22: =IF(V22="",1,0) -> 0 | AO22: =IF(AND($AM22<>1,$AK22<$AL22,AN22<>1),1,) -> 0 | AP22: =IF(AND($AM22<>1,$AK22>$AL22),1,) -> 0 | AQ22: =IF(AO22=1,1,0) -> 0 | AR22: =IF(AP22=1,1,0) -> 0 | AS22: =IF(AND(AK22=5,AL22=5,AM22=0,AN22=0),"Full Strength",IF(AQ22=1,"Away PowerPlay",IF(AP22=1,"Home PowerPlay",IF(AM22=1,"Home EmptyNet",IF(AN22=1,"Away EmptyNet",""))))) -> Full Strength | AT22: =IF(AND(AM22=0,AN22=0),AK22&"v"&AL22,IF(AM22=1,AK22&"v"&AL22&" Home EN",IF(AN22=1,AK22&"v"&AL22&" Away EN",""))) -> 5v5
A23: =A22+1 -> 22 | B23: =IF(G23="PeriodStart",B22+1,B22) -> 1 | C23: =IF(G23<>"PeriodStart",E22,18) -> 3 | D23: =F22 -> 21 | E23: 3 | F23: 14 | H23: Home Goal | I23: 70 | J23: 49 | K23: 75 | L23: 9 | M23: 84 | O23: 39 | P23: 11 | Q23: 13 | R23: 40 | S23: 2 | T23: 18 | V23: 99 | W23: =SUMIFS(events!T:T,events!L:L,"=DeadIce",events!U:U,"<="&shifts!AH23,events!V:V,">"&shifts!AI23,events!D:D,"="&shifts!B24)+SUMIFS(events!T:T,events!L:L,"=Timeout",events!U:U,"<="&shifts!AH23,events!V:V,">"&shifts!AI23,events!D:D,"="&shifts!B24) -> 0 | Y23: =IF(OR($H22="Home Goal",$H22="Away Goal",$H22="Period End"),"",IF(Z22=1,1,"")) | Z23: 1 | AA23: =IF(OR($H22="Home Goal",$H22="Away Goal",$H22="Period End"),"",IF(AB22=1,1,"")) | AC23: =IF(OR($H22="Home Goal",$H22="Away Goal",$H22="Period End"),1,IF(AD22=1,1,"")) -> 1 | AE23: =AE22 -> 18977 | AF23: =AF22 -> Velodrome | AG23: =AG22 -> HollowBrook | AH23: =((C23*60)+D23) -> 201 | AI23: =((E23*60)+F23) -> 194 | AJ23: =ROUND(AH23-AI23,0) -> 7 | AK23: =COUNTIF(I23:N23,">0") -> 5 | AL23: =COUNTIF(P23:U23,">0") -> 5 | AM23: =IF(O23="",1,0) -> 0 | AN23: =IF(V23="",1,0) -> 0 | AO23: =IF(AND($AM23<>1,$AK23<$AL23,AN23<>1),1,) -> 0 | AP23: =IF(AND($AM23<>1,$AK23>$AL23),1,) -> 0 | AQ23: =IF(AO23=1,1,0) -> 0 | AR23: =IF(AP23=1,1,0) -> 0 | AS23: =IF(AND(AK23=5,AL23=5,AM23=0,AN23=0),"Full Strength",IF(AQ23=1,"Away PowerPlay",IF(AP23=1,"Home PowerPlay",IF(AM23=1,"Home EmptyNet",IF(AN23=1,"Away EmptyNet",""))))) -> Full Strength | AT23: =IF(AND(AM23=0,AN23=0),AK23&"v"&AL23,IF(AM23=1,AK23&"v"&AL23&" Home EN",IF(AN23=1,AK23&"v"&AL23&" Away EN",""))) -> 5v5
A24: =A23+1 -> 23 | B24: =IF(G24="PeriodStart",B23+1,B23) -> 1 | C24: =IF(G24<>"PeriodStart",E23,18) -> 3 | D24: =F23 -> 14 | E24: 1 | F24: 57 | G24: FaceoffAfterGoal | I24: 70 | J24: 49 | K24: 75 | L24: 9 | M24: 84 | O24: 39 | P24: 26 | Q24: 13 | R24: 40 | S24: 5 | T24: 27 | V24: 99 | W24: =SUMIFS(events!T:T,events!L:L,"=DeadIce",events!U:U,"<="&shifts!AH24,events!V:V,">"&shifts!AI24,events!D:D,"="&shifts!B25)+SUMIFS(events!T:T,events!L:L,"=Timeout",events!U:U,"<="&shifts!AH24,events!V:V,">"&shifts!AI24,events!D:D,"="&shifts!B25) -> 0 | Y24: =IF(OR($H23="Home Goal",$H23="Away Goal",$H23="Period End"),"",IF(Z23=1,1,"")) | Z24: 1 | AA24: =IF(OR($H23="Home Goal",$H23="Away Goal",$H23="Period End"),"",IF(AB23=1,1,"")) | AC24: =IF(OR($H23="Home Goal",$H23="Away Goal",$H23="Period End"),1,IF(AD23=1,1,"")) -> 1 | AE24: =AE23 -> 18977 | AF24: =AF23 -> Velodrome | AG24: =AG23 -> HollowBrook | AH24: =((C24*60)+D24) -> 194 | AI24: =((E24*60)+F24) -> 117 | AJ24: =ROUND(AH24-AI24,0) -> 77 | AK24: =COUNTIF(I24:N24,">0") -> 5 | AL24: =COUNTIF(P24:U24,">0") -> 5 | AM24: =IF(O24="",1,0) -> 0 | AN24: =IF(V24="",1,0) -> 0 | AO24: =IF(AND($AM24<>1,$AK24<$AL24,AN24<>1),1,) -> 0 | AP24: =IF(AND($AM24<>1,$AK24>$AL24),1,) -> 0 | AQ24: =IF(AO24=1,1,0) -> 0 | AR24: =IF(AP24=1,1,0) -> 0 | AS24: =IF(AND(AK24=5,AL24=5,AM24=0,AN24=0),"Full Strength",IF(AQ24=1,"Away PowerPlay",IF(AP24=1,"Home PowerPlay",IF(AM24=1,"Home EmptyNet",IF(AN24=1,"Away EmptyNet",""))))) -> Full Strength | AT24: =IF(AND(AM24=0,AN24=0),AK24&"v"&AL24,IF(AM24=1,AK24&"v"&AL24&" Home EN",IF(AN24=1,AK24&"v"&AL24&" Away EN",""))) -> 5v5
A25: =A24+1 -> 24 | B25: =IF(G25="PeriodStart",B24+1,B24) -> 1 | C25: =IF(G25<>"PeriodStart",E24,18) -> 1 | D25: =F24 -> 57 | E25: 1 | F25: 34 | I25: 70 | J25: 49 | K25: 75 | L25: 9 | M25: 84 | O25: 39 | P25: 26 | Q25: 13 | R25: 22 | S25: 5 | T25: 27 | V25: 99 | W25: =SUMIFS(events!T:T,events!L:L,"=DeadIce",events!U:U,"<="&shifts!AH25,events!V:V,">"&shifts!AI25,events!D:D,"="&shifts!B26)+SUMIFS(events!T:T,events!L:L,"=Timeout",events!U:U,"<="&shifts!AH25,events!V:V,">"&shifts!AI25,events!D:D,"="&shifts!B26) -> 0 | Y25: =IF(OR($H24="Home Goal",$H24="Away Goal",$H24="Period End"),"",IF(Z24=1,1,"")) -> 1 | AA25: =IF(OR($H24="Home Goal",$H24="Away Goal",$H24="Period End"),"",IF(AB24=1,1,"")) | AB25: 1 | AC25: =IF(OR($H24="Home Goal",$H24="Away Goal",$H24="Period End"),1,IF(AD24=1,1,"")) | AE25: =AE24 -> 18977 | AF25: =AF24 -> Velodrome | AG25: =AG24 -> HollowBrook | AH25: =((C25*60)+D25) -> 117 | AI25: =((E25*60)+F25) -> 94 | AJ25: =ROUND(AH25-AI25,0) -> 23 | AK25: =COUNTIF(I25:N25,">0") -> 5 | AL25: =COUNTIF(P25:U25,">0") -> 5 | AM25: =IF(O25="",1,0) -> 0 | AN25: =IF(V25="",1,0) -> 0 | AO25: =IF(AND($AM25<>1,$AK25<$AL25,AN25<>1),1,) -> 0 | AP25: =IF(AND($AM25<>1,$AK25>$AL25),1,) -> 0 | AQ25: =IF(AO25=1,1,0) -> 0 | AR25: =IF(AP25=1,1,0) -> 0 | AS25: =IF(AND(AK25=5,AL25=5,AM25=0,AN25=0),"Full Strength",IF(AQ25=1,"Away PowerPlay",IF(AP25=1,"Home PowerPlay",IF(AM25=1,"Home EmptyNet",IF(AN25=1,"Away EmptyNet",""))))) -> Full Strength | AT25: =IF(AND(AM25=0,AN25=0),AK25&"v"&AL25,IF(AM25=1,AK25&"v"&AL25&" Home EN",IF(AN25=1,AK25&"v"&AL25&" Away EN",""))) -> 5v5
A26: =A25+1 -> 25 | B26: =IF(G26="PeriodStart",B25+1,B25) -> 1 | C26: =IF(G26<>"PeriodStart",E25,18) -> 1 | D26: =F25 -> 34 | E26: 1 | F26: 25 | I26: 70 | J26: 49 | K26: 75 | L26: 9 | M26: 84 | O26: 39 | P26: 26 | Q26: 19 | R26: 22 | S26: 5 | T26: 27 | V26: 99 | W26: =SUMIFS(events!T:T,events!L:L,"=DeadIce",events!U:U,"<="&shifts!AH26,events!V:V,">"&shifts!AI26,events!D:D,"="&shifts!B27)+SUMIFS(events!T:T,events!L:L,"=Timeout",events!U:U,"<="&shifts!AH26,events!V:V,">"&shifts!AI26,events!D:D,"="&shifts!B27) -> 0 | Y26: =IF(OR($H25="Home Goal",$H25="Away Goal",$H25="Period End"),"",IF(Z25=1,1,"")) | AA26: =IF(OR($H25="Home Goal",$H25="Away Goal",$H25="Period End"),"",IF(AB25=1,1,"")) -> 1 | AC26: =IF(OR($H25="Home Goal",$H25="Away Goal",$H25="Period End"),1,IF(AD25=1,1,"")) | AD26: 1 | AE26: =AE25 -> 18977 | AF26: =AF25 -> Velodrome | AG26: =AG25 -> HollowBrook | AH26: =((C26*60)+D26) -> 94 | AI26: =((E26*60)+F26) -> 85 | AJ26: =ROUND(AH26-AI26,0) -> 9 | AK26: =COUNTIF(I26:N26,">0") -> 5 | AL26: =COUNTIF(P26:U26,">0") -> 5 | AM26: =IF(O26="",1,0) -> 0 | AN26: =IF(V26="",1,0) -> 0 | AO26: =IF(AND($AM26<>1,$AK26<$AL26,AN26<>1),1,) -> 0 | AP26: =IF(AND($AM26<>1,$AK26>$AL26),1,) -> 0 | AQ26: =IF(AO26=1,1,0) -> 0 | AR26: =IF(AP26=1,1,0) -> 0 | AS26: =IF(AND(AK26=5,AL26=5,AM26=0,AN26=0),"Full Strength",IF(AQ26=1,"Away PowerPlay",IF(AP26=1,"Home PowerPlay",IF(AM26=1,"Home EmptyNet",IF(AN26=1,"Away EmptyNet",""))))) -> Full Strength | AT26: =IF(AND(AM26=0,AN26=0),AK26&"v"&AL26,IF(AM26=1,AK26&"v"&AL26&" Home EN",IF(AN26=1,AK26&"v"&AL26&" Away EN",""))) -> 5v5
A27: =A26+1 -> 26 | B27: =IF(G27="PeriodStart",B26+1,B26) -> 1 | C27: =IF(G27<>"PeriodStart",E26,18) -> 1 | D27: =F26 -> 25 | E27: 1 | F27: 13 | I27: 70 | J27: 49 | K27: 75 | L27: 22 | M27: 84 | O27: 39 | P27: 11 | Q27: 19 | R27: 22 | S27: 5 | T27: 27 | V27: 99 | W27: =SUMIFS(events!T:T,events!L:L,"=DeadIce",events!U:U,"<="&shifts!AH27,events!V:V,">"&shifts!AI27,events!D:D,"="&shifts!B28)+SUMIFS(events!T:T,events!L:L,"=Timeout",events!U:U,"<="&shifts!AH27,events!V:V,">"&shifts!AI27,events!D:D,"="&shifts!B28) -> 0 | Y27: =IF(OR($H26="Home Goal",$H26="Away Goal",$H26="Period End"),"",IF(Z26=1,1,"")) | AA27: =IF(OR($H26="Home Goal",$H26="Away Goal",$H26="Period End"),"",IF(AB26=1,1,"")) | AC27: =IF(OR($H26="Home Goal",$H26="Away Goal",$H26="Period End"),1,IF(AD26=1,1,"")) -> 1 | AD27: 1 | AE27: =AE26 -> 18977 | AF27: =AF26 -> Velodrome | AG27: =AG26 -> HollowBrook | AH27: =((C27*60)+D27) -> 85 | AI27: =((E27*60)+F27) -> 73 | AJ27: =ROUND(AH27-AI27,0) -> 12 | AK27: =COUNTIF(I27:N27,">0") -> 5 | AL27: =COUNTIF(P27:U27,">0") -> 5 | AM27: =IF(O27="",1,0) -> 0 | AN27: =IF(V27="",1,0) -> 0 | AO27: =IF(AND($AM27<>1,$AK27<$AL27,AN27<>1),1,) -> 0 | AP27: =IF(AND($AM27<>1,$AK27>$AL27),1,) -> 0 | AQ27: =IF(AO27=1,1,0) -> 0 | AR27: =IF(AP27=1,1,0) -> 0 | AS27: =IF(AND(AK27=5,AL27=5,AM27=0,AN27=0),"Full Strength",IF(AQ27=1,"Away PowerPlay",IF(AP27=1,"Home PowerPlay",IF(AM27=1,"Home EmptyNet",IF(AN27=1,"Away EmptyNet",""))))) -> Full Strength | AT27: =IF(AND(AM27=0,AN27=0),AK27&"v"&AL27,IF(AM27=1,AK27&"v"&AL27&" Home EN",IF(AN27=1,AK27&"v"&AL27&" Away EN",""))) -> 5v5
A28: =A27+1 -> 27 | B28: =IF(G28="PeriodStart",B27+1,B27) -> 1 | C28: =IF(G28<>"PeriodStart",E27,18) -> 1 | D28: =F27 -> 13 | E28: 1 | F28: 07 | I28: 70 | J28: 49 | K28: 75 | L28: 22 | M28: 84 | O28: 39 | P28: 11 | Q28: 19 | R28: 22 | S28: 5 | T28: 18 | V28: 99 | W28: =SUMIFS(events!T:T,events!L:L,"=DeadIce",events!U:U,"<="&shifts!AH28,events!V:V,">"&shifts!AI28,events!D:D,"="&shifts!B29)+SUMIFS(events!T:T,events!L:L,"=Timeout",events!U:U,"<="&shifts!AH28,events!V:V,">"&shifts!AI28,events!D:D,"="&shifts!B29) -> 0 | Y28: =IF(OR($H27="Home Goal",$H27="Away Goal",$H27="Period End"),"",IF(Z27=1,1,"")) | Z28: 1 | AA28: =IF(OR($H27="Home Goal",$H27="Away Goal",$H27="Period End"),"",IF(AB27=1,1,"")) | AC28: =IF(OR($H27="Home Goal",$H27="Away Goal",$H27="Period End"),1,IF(AD27=1,1,"")) -> 1 | AE28: =AE27 -> 18977 | AF28: =AF27 -> Velodrome | AG28: =AG27 -> HollowBrook | AH28: =((C28*60)+D28) -> 73 | AI28: =((E28*60)+F28) -> 67 | AJ28: =ROUND(AH28-AI28,0) -> 6 | AK28: =COUNTIF(I28:N28,">0") -> 5 | AL28: =COUNTIF(P28:U28,">0") -> 5 | AM28: =IF(O28="",1,0) -> 0 | AN28: =IF(V28="",1,0) -> 0 | AO28: =IF(AND($AM28<>1,$AK28<$AL28,AN28<>1),1,) -> 0 | AP28: =IF(AND($AM28<>1,$AK28>$AL28),1,) -> 0 | AQ28: =IF(AO28=1,1,0) -> 0 | AR28: =IF(AP28=1,1,0) -> 0 | AS28: =IF(AND(AK28=5,AL28=5,AM28=0,AN28=0),"Full Strength",IF(AQ28=1,"Away PowerPlay",IF(AP28=1,"Home PowerPlay",IF(AM28=1,"Home EmptyNet",IF(AN28=1,"Away EmptyNet",""))))) -> Full Strength | AT28: =IF(AND(AM28=0,AN28=0),AK28&"v"&AL28,IF(AM28=1,AK28&"v"&AL28&" Home EN",IF(AN28=1,AK28&"v"&AL28&" Away EN",""))) -> 5v5
A29: =A28+1 -> 28 | B29: =IF(G29="PeriodStart",B28+1,B28) -> 1 | C29: =IF(G29<>"PeriodStart",E28,18) -> 1 | D29: =F28 -> 07 | E29: 0 | F29: 44 | I29: 70 | J29: 49 | K29: 75 | L29: 22 | M29: 52 | O29: 39 | P29: 11 | Q29: 19 | R29: 22 | S29: 5 | T29: 18 | V29: 99 | W29: =SUMIFS(events!T:T,events!L:L,"=DeadIce",events!U:U,"<="&shifts!AH29,events!V:V,">"&shifts!AI29,events!D:D,"="&shifts!B30)+SUMIFS(events!T:T,events!L:L,"=Timeout",events!U:U,"<="&shifts!AH29,events!V:V,">"&shifts!AI29,events!D:D,"="&shifts!B30) -> 0 | Y29: =IF(OR($H28="Home Goal",$H28="Away Goal",$H28="Period End"),"",IF(Z28=1,1,"")) -> 1 | AA29: =IF(OR($H28="Home Goal",$H28="Away Goal",$H28="Period End"),"",IF(AB28=1,1,"")) | AB29: 1 | AC29: =IF(OR($H28="Home Goal",$H28="Away Goal",$H28="Period End"),1,IF(AD28=1,1,"")) | AE29: =AE28 -> 18977 | AF29: =AF28 -> Velodrome | AG29: =AG28 -> HollowBrook | AH29: =((C29*60)+D29) -> 67 | AI29: =((E29*60)+F29) -> 44 | AJ29: =ROUND(AH29-AI29,0) -> 23 | AK29: =COUNTIF(I29:N29,">0") -> 5 | AL29: =COUNTIF(P29:U29,">0") -> 5 | AM29: =IF(O29="",1,0) -> 0 | AN29: =IF(V29="",1,0) -> 0 | AO29: =IF(AND($AM29<>1,$AK29<$AL29,AN29<>1),1,) -> 0 | AP29: =IF(AND($AM29<>1,$AK29>$AL29),1,) -> 0 | AQ29: =IF(AO29=1,1,0) -> 0 | AR29: =IF(AP29=1,1,0) -> 0 | AS29: =IF(AND(AK29=5,AL29=5,AM29=0,AN29=0),"Full Strength",IF(AQ29=1,"Away PowerPlay",IF(AP29=1,"Home PowerPlay",IF(AM29=1,"Home EmptyNet",IF(AN29=1,"Away EmptyNet",""))))) -> Full Strength | AT29: =IF(AND(AM29=0,AN29=0),AK29&"v"&AL29,IF(AM29=1,AK29&"v"&AL29&" Home EN",IF(AN29=1,AK29&"v"&AL29&" Away EN",""))) -> 5v5
A30: =A29+1 -> 29 | B30: =IF(G30="PeriodStart",B29+1,B29) -> 1 | C30: =IF(G30<>"PeriodStart",E29,18) -> 0 | D30: =F29 -> 44 | E30: 0 | F30: 28 | I30: 70 | J30: 91 | K30: 24 | L30: 22 | M30: 52 | O30: 39 | P30: 11 | Q30: 19 | R30: 22 | S30: 33 | T30: 18 | V30: 99 | W30: =SUMIFS(events!T:T,events!L:L,"=DeadIce",events!U:U,"<="&shifts!AH30,events!V:V,">"&shifts!AI30,events!D:D,"="&shifts!B31)+SUMIFS(events!T:T,events!L:L,"=Timeout",events!U:U,"<="&shifts!AH30,events!V:V,">"&shifts!AI30,events!D:D,"="&shifts!B31) -> 0 | Y30: =IF(OR($H29="Home Goal",$H29="Away Goal",$H29="Period End"),"",IF(Z29=1,1,"")) | Z30: 1 | AA30: =IF(OR($H29="Home Goal",$H29="Away Goal",$H29="Period End"),"",IF(AB29=1,1,"")) -> 1 | AC30: =IF(OR($H29="Home Goal",$H29="Away Goal",$H29="Period End"),1,IF(AD29=1,1,"")) | AE30: =AE29 -> 18977 | AF30: =AF29 -> Velodrome | AG30: =AG29 -> HollowBrook | AH30: =((C30*60)+D30) -> 44 | AI30: =((E30*60)+F30) -> 28 | AJ30: =ROUND(AH30-AI30,0) -> 16 | AK30: =COUNTIF(I30:N30,">0") -> 5 | AL30: =COUNTIF(P30:U30,">0") -> 5 | AM30: =IF(O30="",1,0) -> 0 | AN30: =IF(V30="",1,0) -> 0 | AO30: =IF(AND($AM30<>1,$AK30<$AL30,AN30<>1),1,) -> 0 | AP30: =IF(AND($AM30<>1,$AK30>$AL30),1,) -> 0 | AQ30: =IF(AO30=1,1,0) -> 0 | AR30: =IF(AP30=1,1,0) -> 0 | AS30: =IF(AND(AK30=5,AL30=5,AM30=0,AN30=0),"Full Strength",IF(AQ30=1,"Away PowerPlay",IF(AP30=1,"Home PowerPlay",IF(AM30=1,"Home EmptyNet",IF(AN30=1,"Away EmptyNet",""))))) -> Full Strength | AT30: =IF(AND(AM30=0,AN30=0),AK30&"v"&AL30,IF(AM30=1,AK30&"v"&AL30&" Home EN",IF(AN30=1,AK30&"v"&AL30&" Away EN",""))) -> 5v5
A31: =A30+1 -> 30 | B31: =IF(G31="PeriodStart",B30+1,B30) -> 1 | C31: =IF(G31<>"PeriodStart",E30,18) -> 0 | D31: =F30 -> 28 | E31: 0 | F31: 21 | I31: 70 | J31: 91 | K31: 24 | L31: 22 | M31: 52 | O31: 39 | P31: 11 | Q31: 19 | R31: 8 | S31: 33 | T31: 18 | V31: 99 | W31: =SUMIFS(events!T:T,events!L:L,"=DeadIce",events!U:U,"<="&shifts!AH31,events!V:V,">"&shifts!AI31,events!D:D,"="&shifts!B32)+SUMIFS(events!T:T,events!L:L,"=Timeout",events!U:U,"<="&shifts!AH31,events!V:V,">"&shifts!AI31,events!D:D,"="&shifts!B32) -> 0 | Y31: =IF(OR($H30="Home Goal",$H30="Away Goal",$H30="Period End"),"",IF(Z30=1,1,"")) -> 1 | AA31: =IF(OR($H30="Home Goal",$H30="Away Goal",$H30="Period End"),"",IF(AB30=1,1,"")) | AB31: 1 | AC31: =IF(OR($H30="Home Goal",$H30="Away Goal",$H30="Period End"),1,IF(AD30=1,1,"")) | AE31: =AE30 -> 18977 | AF31: =AF30 -> Velodrome | AG31: =AG30 -> HollowBrook | AH31: =((C31*60)+D31) -> 28 | AI31: =((E31*60)+F31) -> 21 | AJ31: =ROUND(AH31-AI31,0) -> 7 | AK31: =COUNTIF(I31:N31,">0") -> 5 | AL31: =COUNTIF(P31:U31,">0") -> 5 | AM31: =IF(O31="",1,0) -> 0 | AN31: =IF(V31="",1,0) -> 0 | AO31: =IF(AND($AM31<>1,$AK31<$AL31,AN31<>1),1,) -> 0 | AP31: =IF(AND($AM31<>1,$AK31>$AL31),1,) -> 0 | AQ31: =IF(AO31=1,1,0) -> 0 | AR31: =IF(AP31=1,1,0) -> 0 | AS31: =IF(AND(AK31=5,AL31=5,AM31=0,AN31=0),"Full Strength",IF(AQ31=1,"Away PowerPlay",IF(AP31=1,"Home PowerPlay",IF(AM31=1,"Home EmptyNet",IF(AN31=1,"Away EmptyNet",""))))) -> Full Strength | AT31: =IF(AND(AM31=0,AN31=0),AK31&"v"&AL31,IF(AM31=1,AK31&"v"&AL31&" Home EN",IF(AN31=1,AK31&"v"&AL31&" Away EN",""))) -> 5v5
A32: =A31+1 -> 31 | B32: =IF(G32="PeriodStart",B31+1,B31) -> 1 | C32: =IF(G32<>"PeriodStart",E31,18) -> 0 | D32: =F31 -> 21 | E32: 0 | F32: 0.1 | H32: Period End | I32: 42 | J32: 91 | K32: 24 | L32: 22 | M32: 52 | O32: 39 | P32: 11 | Q32: 19 | R32: 8 | S32: 33 | T32: 18 | V32: 99 | W32: =SUMIFS(events!T:T,events!L:L,"=DeadIce",events!U:U,"<="&shifts!AH32,events!V:V,">"&shifts!AI32,events!D:D,"="&shifts!B34)+SUMIFS(events!T:T,events!L:L,"=Timeout",events!U:U,"<="&shifts!AH32,events!V:V,">"&shifts!AI32,events!D:D,"="&shifts!B34) -> 0 | Y32: =IF(OR($H31="Home Goal",$H31="Away Goal",$H31="Period End"),"",IF(Z31=1,1,"")) | AA32: =IF(OR($H31="Home Goal",$H31="Away Goal",$H31="Period End"),"",IF(AB31=1,1,"")) -> 1 | AB32: 1 | AC32: =IF(OR($H31="Home Goal",$H31="Away Goal",$H31="Period End"),1,IF(AD31=1,1,"")) | AE32: =AE31 -> 18977 | AF32: =AF31 -> Velodrome | AG32: =AG31 -> HollowBrook | AH32: =((C32*60)+D32) -> 21 | AI32: =((E32*60)+F32) -> 0.1 | AJ32: =ROUND(AH32-AI32,0) -> 21 | AK32: =COUNTIF(I32:N32,">0") -> 5 | AL32: =COUNTIF(P32:U32,">0") -> 5 | AM32: =IF(O32="",1,0) -> 0 | AN32: =IF(V32="",1,0) -> 0 | AO32: =IF(AND($AM32<>1,$AK32<$AL32,AN32<>1),1,) -> 0 | AP32: =IF(AND($AM32<>1,$AK32>$AL32),1,) -> 0 | AQ32: =IF(AO32=1,1,0) -> 0 | AR32: =IF(AP32=1,1,0) -> 0 | AS32: =IF(AND(AK32=5,AL32=5,AM32=0,AN32=0),"Full Strength",IF(AQ32=1,"Away PowerPlay",IF(AP32=1,"Home PowerPlay",IF(AM32=1,"Home EmptyNet",IF(AN32=1,"Away EmptyNet",""))))) -> Full Strength | AT32: =IF(AND(AM32=0,AN32=0),AK32&"v"&AL32,IF(AM32=1,AK32&"v"&AL32&" Home EN",IF(AN32=1,AK32&"v"&AL32&" Away EN",""))) -> 5v5
A33: =A32+1 -> 32 | G33: Intermission | W33: 68 | AO33: =IF(AND($AM33<>1,$AK33<$AL33,AN33<>1),1,) -> 0
A34: =A33+1 -> 33 | B34: =IF(G34="PeriodStart",B32+1,B32) -> 2 | C34: =IF(G34<>"PeriodStart",E32,18) -> 18 | D34: 0 | E34: 17 | F34: 01 | G34: PeriodStart | H34: Away Icing | I34: 42 | J34: 91 | K34: 24 | L34: 84 | M34: 87 | O34: 39 | P34: 11 | Q34: 19 | R34: 8 | S34: 33 | T34: 18 | V34: 99 | W34: =SUMIFS(events!T:T,events!L:L,"=DeadIce",events!U:U,"<="&shifts!AH34,events!V:V,">"&shifts!AI34,events!D:D,"="&shifts!B35)+SUMIFS(events!T:T,events!L:L,"=Timeout",events!U:U,"<="&shifts!AH34,events!V:V,">"&shifts!AI34,events!D:D,"="&shifts!B35) -> 18 | Y34: =IF(OR($H32="Home Goal",$H32="Away Goal",$H32="Period End"),"",IF(Z32=1,1,"")) | Z34: 1 | AA34: =IF(OR($H32="Home Goal",$H32="Away Goal",$H32="Period End"),"",IF(AB32=1,1,"")) | AC34: =IF(OR($H32="Home Goal",$H32="Away Goal",$H32="Period End"),1,IF(AD32=1,1,"")) -> 1 | AE34: =AE32 -> 18977 | AF34: =AF32 -> Velodrome | AG34: =AG32 -> HollowBrook | AH34: =((C34*60)+D34) -> 1080 | AI34: =((E34*60)+F34) -> 1021 | AJ34: =ROUND(AH34-AI34,0) -> 59 | AK34: =COUNTIF(I34:N34,">0") -> 5 | AL34: =COUNTIF(P34:U34,">0") -> 5 | AM34: =IF(O34="",1,0) -> 0 | AN34: =IF(V34="",1,0) -> 0 | AO34: =IF(AND($AM34<>1,$AK34<$AL34,AN34<>1),1,) -> 0 | AP34: =IF(AND($AM34<>1,$AK34>$AL34),1,) -> 0 | AQ34: =IF(AO34=1,1,0) -> 0 | AR34: =IF(AP34=1,1,0) -> 0 | AS34: =IF(AND(AK34=5,AL34=5,AM34=0,AN34=0),"Full Strength",IF(AQ34=1,"Away PowerPlay",IF(AP34=1,"Home PowerPlay",IF(AM34=1,"Home EmptyNet",IF(AN34=1,"Away EmptyNet",""))))) -> Full Strength | AT34: =IF(AND(AM34=0,AN34=0),AK34&"v"&AL34,IF(AM34=1,AK34&"v"&AL34&" Home EN",IF(AN34=1,AK34&"v"&AL34&" Away EN",""))) -> 5v5
A35: =A34+1 -> 34 | B35: =IF(G35="PeriodStart",B34+1,B34) -> 2 | C35: =IF(G35<>"PeriodStart",E34,18) -> 17 | D35: =F34 -> 01 | E35: 15 | F35: 49 | G35: OtherFaceoff | I35: 42 | J35: 14 | K35: 61 | L35: 84 | M35: 87 | O35: 39 | P35: 26 | Q35: 13 | R35: 40 | S35: 2 | T35: 18 | V35: 99 | W35: =SUMIFS(events!T:T,events!L:L,"=DeadIce",events!U:U,"<="&shifts!AH35,events!V:V,">"&shifts!AI35,events!D:D,"="&shifts!B36)+SUMIFS(events!T:T,events!L:L,"=Timeout",events!U:U,"<="&shifts!AH35,events!V:V,">"&shifts!AI35,events!D:D,"="&shifts!B36) -> 0 | Y35: =IF(OR($H34="Home Goal",$H34="Away Goal",$H34="Period End"),"",IF(Z34=1,1,"")) -> 1 | Z35: 1 | AA35: =IF(OR($H34="Home Goal",$H34="Away Goal",$H34="Period End"),"",IF(AB34=1,1,"")) | AC35: =IF(OR($H34="Home Goal",$H34="Away Goal",$H34="Period End"),1,IF(AD34=1,1,"")) | AE35: =AE34 -> 18977 | AF35: =AF34 -> Velodrome | AG35: =AG34 -> HollowBrook | AH35: =((C35*60)+D35) -> 1021 | AI35: =((E35*60)+F35) -> 949 | AJ35: =ROUND(AH35-AI35,0) -> 72 | AK35: =COUNTIF(I35:N35,">0") -> 5 | AL35: =COUNTIF(P35:U35,">0") -> 5 | AM35: =IF(O35="",1,0) -> 0 | AN35: =IF(V35="",1,0) -> 0 | AO35: =IF(AND($AM35<>1,$AK35<$AL35,AN35<>1),1,) -> 0 | AP35: =IF(AND($AM35<>1,$AK35>$AL35),1,) -> 0 | AQ35: =IF(AO35=1,1,0) -> 0 | AR35: =IF(AP35=1,1,0) -> 0 | AS35: =IF(AND(AK35=5,AL35=5,AM35=0,AN35=0),"Full Strength",IF(AQ35=1,"Away PowerPlay",IF(AP35=1,"Home PowerPlay",IF(AM35=1,"Home EmptyNet",IF(AN35=1,"Away EmptyNet",""))))) -> Full Strength | AT35: =IF(AND(AM35=0,AN35=0),AK35&"v"&AL35,IF(AM35=1,AK35&"v"&AL35&" Home EN",IF(AN35=1,AK35&"v"&AL35&" Away EN",""))) -> 5v5
A36: =A35+1 -> 35 | B36: =IF(G36="PeriodStart",B35+1,B35) -> 2 | C36: =IF(G36<>"PeriodStart",E35,18) -> 15 | D36: =F35 -> 49 | E36: 15 | F36: 36 | I36: 70 | J36: 14 | K36: 61 | L36: 52 | M36: 87 | O36: 39 | P36: 26 | Q36: 13 | R36: 40 | S36: 2 | T36: 18 | V36: 99 | W36: =SUMIFS(events!T:T,events!L:L,"=DeadIce",events!U:U,"<="&shifts!AH36,events!V:V,">"&shifts!AI36,events!D:D,"="&shifts!B37)+SUMIFS(events!T:T,events!L:L,"=Timeout",events!U:U,"<="&shifts!AH36,events!V:V,">"&shifts!AI36,events!D:D,"="&shifts!B37) -> 0 | Y36: =IF(OR($H35="Home Goal",$H35="Away Goal",$H35="Period End"),"",IF(Z35=1,1,"")) -> 1 | Z36: 1 | AA36: =IF(OR($H35="Home Goal",$H35="Away Goal",$H35="Period End"),"",IF(AB35=1,1,"")) | AC36: =IF(OR($H35="Home Goal",$H35="Away Goal",$H35="Period End"),1,IF(AD35=1,1,"")) | AE36: =AE35 -> 18977 | AF36: =AF35 -> Velodrome | AG36: =AG35 -> HollowBrook | AH36: =((C36*60)+D36) -> 949 | AI36: =((E36*60)+F36) -> 936 | AJ36: =ROUND(AH36-AI36,0) -> 13 | AK36: =COUNTIF(I36:N36,">0") -> 5 | AL36: =COUNTIF(P36:U36,">0") -> 5 | AM36: =IF(O36="",1,0) -> 0 | AN36: =IF(V36="",1,0) -> 0 | AO36: =IF(AND($AM36<>1,$AK36<$AL36,AN36<>1),1,) -> 0 | AP36: =IF(AND($AM36<>1,$AK36>$AL36),1,) -> 0 | AQ36: =IF(AO36=1,1,0) -> 0 | AR36: =IF(AP36=1,1,0) -> 0 | AS36: =IF(AND(AK36=5,AL36=5,AM36=0,AN36=0),"Full Strength",IF(AQ36=1,"Away PowerPlay",IF(AP36=1,"Home PowerPlay",IF(AM36=1,"Home EmptyNet",IF(AN36=1,"Away EmptyNet",""))))) -> Full Strength | AT36: =IF(AND(AM36=0,AN36=0),AK36&"v"&AL36,IF(AM36=1,AK36&"v"&AL36&" Home EN",IF(AN36=1,AK36&"v"&AL36&" Away EN",""))) -> 5v5
A37: =A36+1 -> 36 | B37: =IF(G37="PeriodStart",B36+1,B36) -> 2 | C37: =IF(G37<>"PeriodStart",E36,18) -> 15 | D37: =F36 -> 36 | E37: 15 | F37: 20 | I37: 70 | J37: 14 | K37: 61 | L37: 52 | M37: 87 | O37: 39 | P37: 11 | Q37: 13 | R37: 40 | S37: 2 | T37: 18 | V37: 99 | W37: =SUMIFS(events!T:T,events!L:L,"=DeadIce",events!U:U,"<="&shifts!AH37,events!V:V,">"&shifts!AI37,events!D:D,"="&shifts!B38)+SUMIFS(events!T:T,events!L:L,"=Timeout",events!U:U,"<="&shifts!AH37,events!V:V,">"&shifts!AI37,events!D:D,"="&shifts!B38) -> 0 | Y37: =IF(OR($H36="Home Goal",$H36="Away Goal",$H36="Period End"),"",IF(Z36=1,1,"")) -> 1 | AA37: =IF(OR($H36="Home Goal",$H36="Away Goal",$H36="Period End"),"",IF(AB36=1,1,"")) | AC37: =IF(OR($H36="Home Goal",$H36="Away Goal",$H36="Period End"),1,IF(AD36=1,1,"")) | AD37: 1 | AE37: =AE36 -> 18977 | AF37: =AF36 -> Velodrome | AG37: =AG36 -> HollowBrook | AH37: =((C37*60)+D37) -> 936 | AI37: =((E37*60)+F37) -> 920 | AJ37: =ROUND(AH37-AI37,0) -> 16 | AK37: =COUNTIF(I37:N37,">0") -> 5 | AL37: =COUNTIF(P37:U37,">0") -> 5 | AM37: =IF(O37="",1,0) -> 0 | AN37: =IF(V37="",1,0) -> 0 | AO37: =IF(AND($AM37<>1,$AK37<$AL37,AN37<>1),1,) -> 0 | AP37: =IF(AND($AM37<>1,$AK37>$AL37),1,) -> 0 | AQ37: =IF(AO37=1,1,0) -> 0 | AR37: =IF(AP37=1,1,0) -> 0 | AS37: =IF(AND(AK37=5,AL37=5,AM37=0,AN37=0),"Full Strength",IF(AQ37=1,"Away PowerPlay",IF(AP37=1,"Home PowerPlay",IF(AM37=1,"Home EmptyNet",IF(AN37=1,"Away EmptyNet",""))))) -> Full Strength | AT37: =IF(AND(AM37=0,AN37=0),AK37&"v"&AL37,IF(AM37=1,AK37&"v"&AL37&" Home EN",IF(AN37=1,AK37&"v"&AL37&" Away EN",""))) -> 5v5
A38: =A37+1 -> 37 | B38: =IF(G38="PeriodStart",B37+1,B37) -> 2 | C38: =IF(G38<>"PeriodStart",E37,18) -> 15 | D38: =F37 -> 20 | E38: 15 | F38: 11 | I38: 70 | J38: 14 | K38: 61 | L38: 52 | M38: 87 | O38: 39 | P38: 11 | Q38: 13 | R38: 40 | S38: 2 | T38: 27 | V38: 99 | W38: =SUMIFS(events!T:T,events!L:L,"=DeadIce",events!U:U,"<="&shifts!AH38,events!V:V,">"&shifts!AI38,events!D:D,"="&shifts!B39)+SUMIFS(events!T:T,events!L:L,"=Timeout",events!U:U,"<="&shifts!AH38,events!V:V,">"&shifts!AI38,events!D:D,"="&shifts!B39) -> 0 | Y38: =IF(OR($H37="Home Goal",$H37="Away Goal",$H37="Period End"),"",IF(Z37=1,1,"")) | AA38: =IF(OR($H37="Home Goal",$H37="Away Goal",$H37="Period End"),"",IF(AB37=1,1,"")) | AB38: 1 | AC38: =IF(OR($H37="Home Goal",$H37="Away Goal",$H37="Period End"),1,IF(AD37=1,1,"")) -> 1 | AE38: =AE37 -> 18977 | AF38: =AF37 -> Velodrome | AG38: =AG37 -> HollowBrook | AH38: =((C38*60)+D38) -> 920 | AI38: =((E38*60)+F38) -> 911 | AJ38: =ROUND(AH38-AI38,0) -> 9 | AK38: =COUNTIF(I38:N38,">0") -> 5 | AL38: =COUNTIF(P38:U38,">0") -> 5 | AM38: =IF(O38="",1,0) -> 0 | AN38: =IF(V38="",1,0) -> 0 | AO38: =IF(AND($AM38<>1,$AK38<$AL38,AN38<>1),1,) -> 0 | AP38: =IF(AND($AM38<>1,$AK38>$AL38),1,) -> 0 | AQ38: =IF(AO38=1,1,0) -> 0 | AR38: =IF(AP38=1,1,0) -> 0 | AS38: =IF(AND(AK38=5,AL38=5,AM38=0,AN38=0),"Full Strength",IF(AQ38=1,"Away PowerPlay",IF(AP38=1,"Home PowerPlay",IF(AM38=1,"Home EmptyNet",IF(AN38=1,"Away EmptyNet",""))))) -> Full Strength | AT38: =IF(AND(AM38=0,AN38=0),AK38&"v"&AL38,IF(AM38=1,AK38&"v"&AL38&" Home EN",IF(AN38=1,AK38&"v"&AL38&" Away EN",""))) -> 5v5
A39: =A38+1 -> 38 | B39: =IF(G39="PeriodStart",B38+1,B38) -> 2 | C39: =IF(G39<>"PeriodStart",E38,18) -> 15 | D39: =F38 -> 11 | E39: 14 | F39: 55 | I39: 70 | J39: 14 | K39: 61 | L39: 52 | M39: 87 | O39: 39 | P39: 11 | Q39: 19 | R39: 40 | S39: 2 | T39: 27 | V39: 99 | W39: =SUMIFS(events!T:T,events!L:L,"=DeadIce",events!U:U,"<="&shifts!AH39,events!V:V,">"&shifts!AI39,events!D:D,"="&shifts!B40)+SUMIFS(events!T:T,events!L:L,"=Timeout",events!U:U,"<="&shifts!AH39,events!V:V,">"&shifts!AI39,events!D:D,"="&shifts!B40) -> 0 | Y39: =IF(OR($H38="Home Goal",$H38="Away Goal",$H38="Period End"),"",IF(Z38=1,1,"")) | Z39: 1 | AA39: =IF(OR($H38="Home Goal",$H38="Away Goal",$H38="Period End"),"",IF(AB38=1,1,"")) -> 1 | AC39: =IF(OR($H38="Home Goal",$H38="Away Goal",$H38="Period End"),1,IF(AD38=1,1,"")) | AE39: =AE38 -> 18977 | AF39: =AF38 -> Velodrome | AG39: =AG38 -> HollowBrook | AH39: =((C39*60)+D39) -> 911 | AI39: =((E39*60)+F39) -> 895 | AJ39: =ROUND(AH39-AI39,0) -> 16 | AK39: =COUNTIF(I39:N39,">0") -> 5 | AL39: =COUNTIF(P39:U39,">0") -> 5 | AM39: =IF(O39="",1,0) -> 0 | AN39: =IF(V39="",1,0) -> 0 | AO39: =IF(AND($AM39<>1,$AK39<$AL39,AN39<>1),1,) -> 0 | AP39: =IF(AND($AM39<>1,$AK39>$AL39),1,) -> 0 | AQ39: =IF(AO39=1,1,0) -> 0 | AR39: =IF(AP39=1,1,0) -> 0 | AS39: =IF(AND(AK39=5,AL39=5,AM39=0,AN39=0),"Full Strength",IF(AQ39=1,"Away PowerPlay",IF(AP39=1,"Home PowerPlay",IF(AM39=1,"Home EmptyNet",IF(AN39=1,"Away EmptyNet",""))))) -> Full Strength | AT39: =IF(AND(AM39=0,AN39=0),AK39&"v"&AL39,IF(AM39=1,AK39&"v"&AL39&" Home EN",IF(AN39=1,AK39&"v"&AL39&" Away EN",""))) -> 5v5
A40: =A39+1 -> 39 | B40: =IF(G40="PeriodStart",B39+1,B39) -> 2 | C40: =IF(G40<>"PeriodStart",E39,18) -> 14 | D40: =F39 -> 55 | E40: 14 | F40: 48 | H40: Away Icing | I40: 70 | J40: 14 | K40: 61 | L40: 52 | M40: 87 | O40: 39 | P40: 11 | Q40: 19 | R40: 22 | S40: 2 | T40: 27 | V40: 99 | W40: =SUMIFS(events!T:T,events!L:L,"=DeadIce",events!U:U,"<="&shifts!AH40,events!V:V,">"&shifts!AI40,events!D:D,"="&shifts!B41)+SUMIFS(events!T:T,events!L:L,"=Timeout",events!U:U,"<="&shifts!AH40,events!V:V,">"&shifts!AI40,events!D:D,"="&shifts!B41) -> 0 | Y40: =IF(OR($H39="Home Goal",$H39="Away Goal",$H39="Period End"),"",IF(Z39=1,1,"")) -> 1 | Z40: 1 | AA40: =IF(OR($H39="Home Goal",$H39="Away Goal",$H39="Period End"),"",IF(AB39=1,1,"")) | AC40: =IF(OR($H39="Home Goal",$H39="Away Goal",$H39="Period End"),1,IF(AD39=1,1,"")) | AE40: =AE39 -> 18977 | AF40: =AF39 -> Velodrome | AG40: =AG39 -> HollowBrook | AH40: =((C40*60)+D40) -> 895 | AI40: =((E40*60)+F40) -> 888 | AJ40: =ROUND(AH40-AI40,0) -> 7 | AK40: =COUNTIF(I40:N40,">0") -> 5 | AL40: =COUNTIF(P40:U40,">0") -> 5 | AM40: =IF(O40="",1,0) -> 0 | AN40: =IF(V40="",1,0) -> 0 | AO40: =IF(AND($AM40<>1,$AK40<$AL40,AN40<>1),1,) -> 0 | AP40: =IF(AND($AM40<>1,$AK40>$AL40),1,) -> 0 | AQ40: =IF(AO40=1,1,0) -> 0 | AR40: =IF(AP40=1,1,0) -> 0 | AS40: =IF(AND(AK40=5,AL40=5,AM40=0,AN40=0),"Full Strength",IF(AQ40=1,"Away PowerPlay",IF(AP40=1,"Home PowerPlay",IF(AM40=1,"Home EmptyNet",IF(AN40=1,"Away EmptyNet",""))))) -> Full Strength | AT40: =IF(AND(AM40=0,AN40=0),AK40&"v"&AL40,IF(AM40=1,AK40&"v"&AL40&" Home EN",IF(AN40=1,AK40&"v"&AL40&" Away EN",""))) -> 5v5
A41: =A40+1 -> 40 | B41: =IF(G41="PeriodStart",B40+1,B40) -> 2 | C41: =IF(G41<>"PeriodStart",E40,18) -> 14 | D41: =F40 -> 48 | E41: 13 | F41: 16 | G41: OtherFaceoff | H41: Puck Out of Play | I41: 70 | J41: 49 | K41: 75 | L41: 52 | M41: 9 | O41: 39 | P41: 11 | Q41: 19 | R41: 22 | S41: 5 | T41: 27 | V41: 99 | W41: =SUMIFS(events!T:T,events!L:L,"=DeadIce",events!U:U,"<="&shifts!AH41,events!V:V,">"&shifts!AI41,events!D:D,"="&shifts!B42)+SUMIFS(events!T:T,events!L:L,"=Timeout",events!U:U,"<="&shifts!AH41,events!V:V,">"&shifts!AI41,events!D:D,"="&shifts!B42) -> 24 | Y41: =IF(OR($H40="Home Goal",$H40="Away Goal",$H40="Period End"),"",IF(Z40=1,1,"")) -> 1 | Z41: 1 | AA41: =IF(OR($H40="Home Goal",$H40="Away Goal",$H40="Period End"),"",IF(AB40=1,1,"")) | AC41: =IF(OR($H40="Home Goal",$H40="Away Goal",$H40="Period End"),1,IF(AD40=1,1,"")) | AE41: =AE40 -> 18977 | AF41: =AF40 -> Velodrome | AG41: =AG40 -> HollowBrook | AH41: =((C41*60)+D41) -> 888 | AI41: =((E41*60)+F41) -> 796 | AJ41: =ROUND(AH41-AI41,0) -> 92 | AK41: =COUNTIF(I41:N41,">0") -> 5 | AL41: =COUNTIF(P41:U41,">0") -> 5 | AM41: =IF(O41="",1,0) -> 0 | AN41: =IF(V41="",1,0) -> 0 | AO41: =IF(AND($AM41<>1,$AK41<$AL41,AN41<>1),1,) -> 0 | AP41: =IF(AND($AM41<>1,$AK41>$AL41),1,) -> 0 | AQ41: =IF(AO41=1,1,0) -> 0 | AR41: =IF(AP41=1,1,0) -> 0 | AS41: =IF(AND(AK41=5,AL41=5,AM41=0,AN41=0),"Full Strength",IF(AQ41=1,"Away PowerPlay",IF(AP41=1,"Home PowerPlay",IF(AM41=1,"Home EmptyNet",IF(AN41=1,"Away EmptyNet",""))))) -> Full Strength | AT41: =IF(AND(AM41=0,AN41=0),AK41&"v"&AL41,IF(AM41=1,AK41&"v"&AL41&" Home EN",IF(AN41=1,AK41&"v"&AL41&" Away EN",""))) -> 5v5
A42: =A41+1 -> 41 | B42: =IF(G42="PeriodStart",B41+1,B41) -> 2 | C42: =IF(G42<>"PeriodStart",E41,18) -> 13 | D42: =F41 -> 16 | E42: 11 | F42: 32 | G42: OtherFaceoff | I42: 42 | J42: 49 | K42: 75 | L42: 84 | M42: 22 | O42: 39 | P42: 26 | Q42: 13 | R42: 8 | S42: 18 | T42: 33 | V42: 99 | W42: =SUMIFS(events!T:T,events!L:L,"=DeadIce",events!U:U,"<="&shifts!AH42,events!V:V,">"&shifts!AI42,events!D:D,"="&shifts!B43)+SUMIFS(events!T:T,events!L:L,"=Timeout",events!U:U,"<="&shifts!AH42,events!V:V,">"&shifts!AI42,events!D:D,"="&shifts!B43) -> 17 | Y42: =IF(OR($H41="Home Goal",$H41="Away Goal",$H41="Period End"),"",IF(Z41=1,1,"")) -> 1 | AA42: =IF(OR($H41="Home Goal",$H41="Away Goal",$H41="Period End"),"",IF(AB41=1,1,"")) | AC42: =IF(OR($H41="Home Goal",$H41="Away Goal",$H41="Period End"),1,IF(AD41=1,1,"")) | AD42: 1 | AE42: =AE41 -> 18977 | AF42: =AF41 -> Velodrome | AG42: =AG41 -> HollowBrook | AH42: =((C42*60)+D42) -> 796 | AI42: =((E42*60)+F42) -> 692 | AJ42: =ROUND(AH42-AI42,0) -> 104 | AK42: =COUNTIF(I42:N42,">0") -> 5 | AL42: =COUNTIF(P42:U42,">0") -> 5 | AM42: =IF(O42="",1,0) -> 0 | AN42: =IF(V42="",1,0) -> 0 | AO42: =IF(AND($AM42<>1,$AK42<$AL42,AN42<>1),1,) -> 0 | AP42: =IF(AND($AM42<>1,$AK42>$AL42),1,) -> 0 | AQ42: =IF(AO42=1,1,0) -> 0 | AR42: =IF(AP42=1,1,0) -> 0 | AS42: =IF(AND(AK42=5,AL42=5,AM42=0,AN42=0),"Full Strength",IF(AQ42=1,"Away PowerPlay",IF(AP42=1,"Home PowerPlay",IF(AM42=1,"Home EmptyNet",IF(AN42=1,"Away EmptyNet",""))))) -> Full Strength | AT42: =IF(AND(AM42=0,AN42=0),AK42&"v"&AL42,IF(AM42=1,AK42&"v"&AL42&" Home EN",IF(AN42=1,AK42&"v"&AL42&" Away EN",""))) -> 5v5
A43: =A42+1 -> 42 | B43: =IF(G43="PeriodStart",B42+1,B42) -> 2 | C43: =IF(G43<>"PeriodStart",E42,18) -> 11 | D43: =F42 -> 32 | E43: 11 | F43: 19 | H43: Home Goal | I43: 42 | J43: 91 | K43: 75 | L43: 84 | M43: 22 | O43: 39 | P43: 26 | Q43: 13 | R43: 8 | S43: 18 | T43: 33 | V43: 99 | W43: =SUMIFS(events!T:T,events!L:L,"=DeadIce",events!U:U,"<="&shifts!AH43,events!V:V,">"&shifts!AI43,events!D:D,"="&shifts!B44)+SUMIFS(events!T:T,events!L:L,"=Timeout",events!U:U,"<="&shifts!AH43,events!V:V,">"&shifts!AI43,events!D:D,"="&shifts!B44) -> 0 | Y43: =IF(OR($H42="Home Goal",$H42="Away Goal",$H42="Period End"),"",IF(Z42=1,1,"")) | Z43: 1 | AA43: =IF(OR($H42="Home Goal",$H42="Away Goal",$H42="Period End"),"",IF(AB42=1,1,"")) | AC43: =IF(OR($H42="Home Goal",$H42="Away Goal",$H42="Period End"),1,IF(AD42=1,1,"")) -> 1 | AE43: =AE42 -> 18977 | AF43: =AF42 -> Velodrome | AG43: =AG42 -> HollowBrook | AH43: =((C43*60)+D43) -> 692 | AI43: =((E43*60)+F43) -> 679 | AJ43: =ROUND(AH43-AI43,0) -> 13 | AK43: =COUNTIF(I43:N43,">0") -> 5 | AL43: =COUNTIF(P43:U43,">0") -> 5 | AM43: =IF(O43="",1,0) -> 0 | AN43: =IF(V43="",1,0) -> 0 | AO43: =IF(AND($AM43<>1,$AK43<$AL43,AN43<>1),1,) -> 0 | AP43: =IF(AND($AM43<>1,$AK43>$AL43),1,) -> 0 | AQ43: =IF(AO43=1,1,0) -> 0 | AR43: =IF(AP43=1,1,0) -> 0 | AS43: =IF(AND(AK43=5,AL43=5,AM43=0,AN43=0),"Full Strength",IF(AQ43=1,"Away PowerPlay",IF(AP43=1,"Home PowerPlay",IF(AM43=1,"Home EmptyNet",IF(AN43=1,"Away EmptyNet",""))))) -> Full Strength | AT43: =IF(AND(AM43=0,AN43=0),AK43&"v"&AL43,IF(AM43=1,AK43&"v"&AL43&" Home EN",IF(AN43=1,AK43&"v"&AL43&" Away EN",""))) -> 5v5
A44: =A43+1 -> 43 | B44: =IF(G44="PeriodStart",B43+1,B43) -> 2 | C44: =IF(G44<>"PeriodStart",E43,18) -> 11 | D44: =F43 -> 19 | E44: 9 | F44: 42 | G44: FaceoffAfterGoal | I44: 42 | J44: 91 | K44: 24 | L44: 87 | M44: 84 | O44: 39 | P44: 11 | Q44: 19 | R44: 40 | S44: 2 | T44: 18 | V44: 99 | W44: =SUMIFS(events!T:T,events!L:L,"=DeadIce",events!U:U,"<="&shifts!AH44,events!V:V,">"&shifts!AI44,events!D:D,"="&shifts!B45)+SUMIFS(events!T:T,events!L:L,"=Timeout",events!U:U,"<="&shifts!AH44,events!V:V,">"&shifts!AI44,events!D:D,"="&shifts!B45) -> 0 | Y44: =IF(OR($H43="Home Goal",$H43="Away Goal",$H43="Period End"),"",IF(Z43=1,1,"")) | Z44: 1 | AA44: =IF(OR($H43="Home Goal",$H43="Away Goal",$H43="Period End"),"",IF(AB43=1,1,"")) | AC44: =IF(OR($H43="Home Goal",$H43="Away Goal",$H43="Period End"),1,IF(AD43=1,1,"")) -> 1 | AE44: =AE43 -> 18977 | AF44: =AF43 -> Velodrome | AG44: =AG43 -> HollowBrook | AH44: =((C44*60)+D44) -> 679 | AI44: =((E44*60)+F44) -> 582 | AJ44: =ROUND(AH44-AI44,0) -> 97 | AK44: =COUNTIF(I44:N44,">0") -> 5 | AL44: =COUNTIF(P44:U44,">0") -> 5 | AM44: =IF(O44="",1,0) -> 0 | AN44: =IF(V44="",1,0) -> 0 | AO44: =IF(AND($AM44<>1,$AK44<$AL44,AN44<>1),1,) -> 0 | AP44: =IF(AND($AM44<>1,$AK44>$AL44),1,) -> 0 | AQ44: =IF(AO44=1,1,0) -> 0 | AR44: =IF(AP44=1,1,0) -> 0 | AS44: =IF(AND(AK44=5,AL44=5,AM44=0,AN44=0),"Full Strength",IF(AQ44=1,"Away PowerPlay",IF(AP44=1,"Home PowerPlay",IF(AM44=1,"Home EmptyNet",IF(AN44=1,"Away EmptyNet",""))))) -> Full Strength | AT44: =IF(AND(AM44=0,AN44=0),AK44&"v"&AL44,IF(AM44=1,AK44&"v"&AL44&" Home EN",IF(AN44=1,AK44&"v"&AL44&" Away EN",""))) -> 5v5
A45: =A44+1 -> 44 | B45: =IF(G45="PeriodStart",B44+1,B44) -> 2 | C45: =IF(G45<>"PeriodStart",E44,18) -> 9 | D45: =F44 -> 42 | E45: 9 | F45: 20 | H45: Away Goalie Stopped (after Home SOG) | I45: 70 | J45: 14 | K45: 24 | L45: 87 | M45: 9 | O45: 39 | P45: 11 | Q45: 19 | R45: 40 | S45: 2 | T45: 18 | V45: 99 | W45: =SUMIFS(events!T:T,events!L:L,"=DeadIce",events!U:U,"<="&shifts!AH45,events!V:V,">"&shifts!AI45,events!D:D,"="&shifts!B46)+SUMIFS(events!T:T,events!L:L,"=Timeout",events!U:U,"<="&shifts!AH45,events!V:V,">"&shifts!AI45,events!D:D,"="&shifts!B46) -> 0 | Y45: =IF(OR($H44="Home Goal",$H44="Away Goal",$H44="Period End"),"",IF(Z44=1,1,"")) -> 1 | Z45: 1 | AA45: =IF(OR($H44="Home Goal",$H44="Away Goal",$H44="Period End"),"",IF(AB44=1,1,"")) | AC45: =IF(OR($H44="Home Goal",$H44="Away Goal",$H44="Period End"),1,IF(AD44=1,1,"")) | AE45: =AE44 -> 18977 | AF45: =AF44 -> Velodrome | AG45: =AG44 -> HollowBrook | AH45: =((C45*60)+D45) -> 582 | AI45: =((E45*60)+F45) -> 560 | AJ45: =ROUND(AH45-AI45,0) -> 22 | AK45: =COUNTIF(I45:N45,">0") -> 5 | AL45: =COUNTIF(P45:U45,">0") -> 5 | AM45: =IF(O45="",1,0) -> 0 | AN45: =IF(V45="",1,0) -> 0 | AO45: =IF(AND($AM45<>1,$AK45<$AL45,AN45<>1),1,) -> 0 | AP45: =IF(AND($AM45<>1,$AK45>$AL45),1,) -> 0 | AQ45: =IF(AO45=1,1,0) -> 0 | AR45: =IF(AP45=1,1,0) -> 0 | AS45: =IF(AND(AK45=5,AL45=5,AM45=0,AN45=0),"Full Strength",IF(AQ45=1,"Away PowerPlay",IF(AP45=1,"Home PowerPlay",IF(AM45=1,"Home EmptyNet",IF(AN45=1,"Away EmptyNet",""))))) -> Full Strength | AT45: =IF(AND(AM45=0,AN45=0),AK45&"v"&AL45,IF(AM45=1,AK45&"v"&AL45&" Home EN",IF(AN45=1,AK45&"v"&AL45&" Away EN",""))) -> 5v5
A46: =A45+1 -> 45 | B46: =IF(G46="PeriodStart",B45+1,B45) -> 2 | C46: =IF(G46<>"PeriodStart",E45,18) -> 9 | D46: =F45 -> 20 | E46: 7 | F46: 51 | G46: OtherFaceoff | H46: Away Goalie Stopped (after Home SOG) | I46: 70 | J46: 14 | K46: 61 | L46: 52 | M46: 9 | O46: 39 | P46: 26 | Q46: 22 | R46: 8 | S46: 27 | T46: 5 | V46: 99 | W46: =SUMIFS(events!T:T,events!L:L,"=DeadIce",events!U:U,"<="&shifts!AH46,events!V:V,">"&shifts!AI46,events!D:D,"="&shifts!B47)+SUMIFS(events!T:T,events!L:L,"=Timeout",events!U:U,"<="&shifts!AH46,events!V:V,">"&shifts!AI46,events!D:D,"="&shifts!B47) -> 32 | Y46: =IF(OR($H45="Home Goal",$H45="Away Goal",$H45="Period End"),"",IF(Z45=1,1,"")) -> 1 | Z46: 1 | AA46: =IF(OR($H45="Home Goal",$H45="Away Goal",$H45="Period End"),"",IF(AB45=1,1,"")) | AC46: =IF(OR($H45="Home Goal",$H45="Away Goal",$H45="Period End"),1,IF(AD45=1,1,"")) | AE46: =AE45 -> 18977 | AF46: =AF45 -> Velodrome | AG46: =AG45 -> HollowBrook | AH46: =((C46*60)+D46) -> 560 | AI46: =((E46*60)+F46) -> 471 | AJ46: =ROUND(AH46-AI46,0) -> 89 | AK46: =COUNTIF(I46:N46,">0") -> 5 | AL46: =COUNTIF(P46:U46,">0") -> 5 | AM46: =IF(O46="",1,0) -> 0 | AN46: =IF(V46="",1,0) -> 0 | AO46: =IF(AND($AM46<>1,$AK46<$AL46,AN46<>1),1,) -> 0 | AP46: =IF(AND($AM46<>1,$AK46>$AL46),1,) -> 0 | AQ46: =IF(AO46=1,1,0) -> 0 | AR46: =IF(AP46=1,1,0) -> 0 | AS46: =IF(AND(AK46=5,AL46=5,AM46=0,AN46=0),"Full Strength",IF(AQ46=1,"Away PowerPlay",IF(AP46=1,"Home PowerPlay",IF(AM46=1,"Home EmptyNet",IF(AN46=1,"Away EmptyNet",""))))) -> Full Strength | AT46: =IF(AND(AM46=0,AN46=0),AK46&"v"&AL46,IF(AM46=1,AK46&"v"&AL46&" Home EN",IF(AN46=1,AK46&"v"&AL46&" Away EN",""))) -> 5v5
A47: =A46+1 -> 46 | B47: =IF(G47="PeriodStart",B46+1,B46) -> 2 | C47: =IF(G47<>"PeriodStart",E46,18) -> 7 | D47: =F46 -> 51 | E47: 6 | F47: 46 | G47: OtherFaceoff | I47: 70 | J47: 14 | K47: 61 | L47: 84 | M47: 22 | O47: 39 | P47: 11 | Q47: 19 | R47: 13 | S47: 27 | T47: 5 | V47: 99 | W47: =SUMIFS(events!T:T,events!L:L,"=DeadIce",events!U:U,"<="&shifts!AH47,events!V:V,">"&shifts!AI47,events!D:D,"="&shifts!B48)+SUMIFS(events!T:T,events!L:L,"=Timeout",events!U:U,"<="&shifts!AH47,events!V:V,">"&shifts!AI47,events!D:D,"="&shifts!B48) -> 0 | Y47: =IF(OR($H46="Home Goal",$H46="Away Goal",$H46="Period End"),"",IF(Z46=1,1,"")) -> 1 | Z47: 1 | AA47: =IF(OR($H46="Home Goal",$H46="Away Goal",$H46="Period End"),"",IF(AB46=1,1,"")) | AC47: =IF(OR($H46="Home Goal",$H46="Away Goal",$H46="Period End"),1,IF(AD46=1,1,"")) | AE47: =AE46 -> 18977 | AF47: =AF46 -> Velodrome | AG47: =AG46 -> HollowBrook | AH47: =((C47*60)+D47) -> 471 | AI47: =((E47*60)+F47) -> 406 | AJ47: =ROUND(AH47-AI47,0) -> 65 | AK47: =COUNTIF(I47:N47,">0") -> 5 | AL47: =COUNTIF(P47:U47,">0") -> 5 | AM47: =IF(O47="",1,0) -> 0 | AN47: =IF(V47="",1,0) -> 0 | AO47: =IF(AND($AM47<>1,$AK47<$AL47,AN47<>1),1,) -> 0 | AP47: =IF(AND($AM47<>1,$AK47>$AL47),1,) -> 0 | AQ47: =IF(AO47=1,1,0) -> 0 | AR47: =IF(AP47=1,1,0) -> 0 | AS47: =IF(AND(AK47=5,AL47=5,AM47=0,AN47=0),"Full Strength",IF(AQ47=1,"Away PowerPlay",IF(AP47=1,"Home PowerPlay",IF(AM47=1,"Home EmptyNet",IF(AN47=1,"Away EmptyNet",""))))) -> Full Strength | AT47: =IF(AND(AM47=0,AN47=0),AK47&"v"&AL47,IF(AM47=1,AK47&"v"&AL47&" Home EN",IF(AN47=1,AK47&"v"&AL47&" Away EN",""))) -> 5v5
A48: =A47+1 -> 47 | B48: =IF(G48="PeriodStart",B47+1,B47) -> 2 | C48: =IF(G48<>"PeriodStart",E47,18) -> 6 | D48: =F47 -> 46 | E48: 6 | F48: 19 | H48: Away Icing | I48: 42 | J48: 49 | K48: 61 | L48: 84 | M48: 22 | O48: 39 | P48: 11 | Q48: 19 | R48: 13 | S48: 27 | T48: 5 | V48: 99 | W48: =SUMIFS(events!T:T,events!L:L,"=DeadIce",events!U:U,"<="&shifts!AH48,events!V:V,">"&shifts!AI48,events!D:D,"="&shifts!B49)+SUMIFS(events!T:T,events!L:L,"=Timeout",events!U:U,"<="&shifts!AH48,events!V:V,">"&shifts!AI48,events!D:D,"="&shifts!B49) -> 0 | Y48: =IF(OR($H47="Home Goal",$H47="Away Goal",$H47="Period End"),"",IF(Z47=1,1,"")) -> 1 | Z48: 1 | AA48: =IF(OR($H47="Home Goal",$H47="Away Goal",$H47="Period End"),"",IF(AB47=1,1,"")) | AC48: =IF(OR($H47="Home Goal",$H47="Away Goal",$H47="Period End"),1,IF(AD47=1,1,"")) | AE48: =AE47 -> 18977 | AF48: =AF47 -> Velodrome | AG48: =AG47 -> HollowBrook | AH48: =((C48*60)+D48) -> 406 | AI48: =((E48*60)+F48) -> 379 | AJ48: =ROUND(AH48-AI48,0) -> 27 | AK48: =COUNTIF(I48:N48,">0") -> 5 | AL48: =COUNTIF(P48:U48,">0") -> 5 | AM48: =IF(O48="",1,0) -> 0 | AN48: =IF(V48="",1,0) -> 0 | AO48: =IF(AND($AM48<>1,$AK48<$AL48,AN48<>1),1,) -> 0 | AP48: =IF(AND($AM48<>1,$AK48>$AL48),1,) -> 0 | AQ48: =IF(AO48=1,1,0) -> 0 | AR48: =IF(AP48=1,1,0) -> 0 | AS48: =IF(AND(AK48=5,AL48=5,AM48=0,AN48=0),"Full Strength",IF(AQ48=1,"Away PowerPlay",IF(AP48=1,"Home PowerPlay",IF(AM48=1,"Home EmptyNet",IF(AN48=1,"Away EmptyNet",""))))) -> Full Strength | AT48: =IF(AND(AM48=0,AN48=0),AK48&"v"&AL48,IF(AM48=1,AK48&"v"&AL48&" Home EN",IF(AN48=1,AK48&"v"&AL48&" Away EN",""))) -> 5v5
A49: =A48+1 -> 48 | B49: =IF(G49="PeriodStart",B48+1,B48) -> 2 | C49: =IF(G49<>"PeriodStart",E48,18) -> 6 | D49: =F48 -> 19 | E49: 5 | F49: 07 | G49: OtherFaceoff | I49: 42 | J49: 49 | K49: 75 | L49: 84 | M49: 87 | O49: 39 | P49: 11 | Q49: 19 | R49: 13 | S49: 18 | T49: 33 | V49: 99 | W49: =SUMIFS(events!T:T,events!L:L,"=DeadIce",events!U:U,"<="&shifts!AH49,events!V:V,">"&shifts!AI49,events!D:D,"="&shifts!B50)+SUMIFS(events!T:T,events!L:L,"=Timeout",events!U:U,"<="&shifts!AH49,events!V:V,">"&shifts!AI49,events!D:D,"="&shifts!B50) -> 26 | Y49: =IF(OR($H48="Home Goal",$H48="Away Goal",$H48="Period End"),"",IF(Z48=1,1,"")) -> 1 | Z49: 1 | AA49: =IF(OR($H48="Home Goal",$H48="Away Goal",$H48="Period End"),"",IF(AB48=1,1,"")) | AC49: =IF(OR($H48="Home Goal",$H48="Away Goal",$H48="Period End"),1,IF(AD48=1,1,"")) | AE49: =AE48 -> 18977 | AF49: =AF48 -> Velodrome | AG49: =AG48 -> HollowBrook | AH49: =((C49*60)+D49) -> 379 | AI49: =((E49*60)+F49) -> 307 | AJ49: =ROUND(AH49-AI49,0) -> 72 | AK49: =COUNTIF(I49:N49,">0") -> 5 | AL49: =COUNTIF(P49:U49,">0") -> 5 | AM49: =IF(O49="",1,0) -> 0 | AN49: =IF(V49="",1,0) -> 0 | AO49: =IF(AND($AM49<>1,$AK49<$AL49,AN49<>1),1,) -> 0 | AP49: =IF(AND($AM49<>1,$AK49>$AL49),1,) -> 0 | AQ49: =IF(AO49=1,1,0) -> 0 | AR49: =IF(AP49=1,1,0) -> 0 | AS49: =IF(AND(AK49=5,AL49=5,AM49=0,AN49=0),"Full Strength",IF(AQ49=1,"Away PowerPlay",IF(AP49=1,"Home PowerPlay",IF(AM49=1,"Home EmptyNet",IF(AN49=1,"Away EmptyNet",""))))) -> Full Strength | AT49: =IF(AND(AM49=0,AN49=0),AK49&"v"&AL49,IF(AM49=1,AK49&"v"&AL49&" Home EN",IF(AN49=1,AK49&"v"&AL49&" Away EN",""))) -> 5v5
A50: =A49+1 -> 49 | B50: =IF(G50="PeriodStart",B49+1,B49) -> 2 | C50: =IF(G50<>"PeriodStart",E49,18) -> 5 | D50: =F49 -> 07 | E50: 4 | F50: 49 | I50: 42 | J50: 49 | K50: 75 | L50: 52 | M50: 87 | O50: 39 | P50: 11 | Q50: 19 | R50: 13 | S50: 18 | T50: 33 | V50: 99 | W50: =SUMIFS(events!T:T,events!L:L,"=DeadIce",events!U:U,"<="&shifts!AH50,events!V:V,">"&shifts!AI50,events!D:D,"="&shifts!B51)+SUMIFS(events!T:T,events!L:L,"=Timeout",events!U:U,"<="&shifts!AH50,events!V:V,">"&shifts!AI50,events!D:D,"="&shifts!B51) -> 0 | Y50: =IF(OR($H49="Home Goal",$H49="Away Goal",$H49="Period End"),"",IF(Z49=1,1,"")) -> 1 | AA50: =IF(OR($H49="Home Goal",$H49="Away Goal",$H49="Period End"),"",IF(AB49=1,1,"")) | AB50: 1 | AC50: =IF(OR($H49="Home Goal",$H49="Away Goal",$H49="Period End"),1,IF(AD49=1,1,"")) | AE50: =AE49 -> 18977 | AF50: =AF49 -> Velodrome | AG50: =AG49 -> HollowBrook | AH50: =((C50*60)+D50) -> 307 | AI50: =((E50*60)+F50) -> 289 | AJ50: =ROUND(AH50-AI50,0) -> 18 | AK50: =COUNTIF(I50:N50,">0") -> 5 | AL50: =COUNTIF(P50:U50,">0") -> 5 | AM50: =IF(O50="",1,0) -> 0 | AN50: =IF(V50="",1,0) -> 0 | AO50: =IF(AND($AM50<>1,$AK50<$AL50,AN50<>1),1,) -> 0 | AP50: =IF(AND($AM50<>1,$AK50>$AL50),1,) -> 0 | AQ50: =IF(AO50=1,1,0) -> 0 | AR50: =IF(AP50=1,1,0) -> 0 | AS50: =IF(AND(AK50=5,AL50=5,AM50=0,AN50=0),"Full Strength",IF(AQ50=1,"Away PowerPlay",IF(AP50=1,"Home PowerPlay",IF(AM50=1,"Home EmptyNet",IF(AN50=1,"Away EmptyNet",""))))) -> Full Strength | AT50: =IF(AND(AM50=0,AN50=0),AK50&"v"&AL50,IF(AM50=1,AK50&"v"&AL50&" Home EN",IF(AN50=1,AK50&"v"&AL50&" Away EN",""))) -> 5v5
A51: =A50+1 -> 50 | B51: =IF(G51="PeriodStart",B50+1,B50) -> 2 | C51: =IF(G51<>"PeriodStart",E50,18) -> 4 | D51: =F50 -> 49 | E51: 4 | F51: 36 | H51: Home Goalie Stopped (after Away SOG) | I51: 42 | J51: 49 | K51: 75 | L51: 52 | M51: 87 | O51: 39 | P51: 11 | Q51: 19 | R51: 13 | S51: 18 | T51: 2 | V51: 99 | W51: =SUMIFS(events!T:T,events!L:L,"=DeadIce",events!U:U,"<="&shifts!AH51,events!V:V,">"&shifts!AI51,events!D:D,"="&shifts!B52)+SUMIFS(events!T:T,events!L:L,"=Timeout",events!U:U,"<="&shifts!AH51,events!V:V,">"&shifts!AI51,events!D:D,"="&shifts!B52) -> 0 | Y51: =IF(OR($H50="Home Goal",$H50="Away Goal",$H50="Period End"),"",IF(Z50=1,1,"")) | AA51: =IF(OR($H50="Home Goal",$H50="Away Goal",$H50="Period End"),"",IF(AB50=1,1,"")) -> 1 | AB51: 1 | AC51: =IF(OR($H50="Home Goal",$H50="Away Goal",$H50="Period End"),1,IF(AD50=1,1,"")) | AE51: =AE50 -> 18977 | AF51: =AF50 -> Velodrome | AG51: =AG50 -> HollowBrook | AH51: =((C51*60)+D51) -> 289 | AI51: =((E51*60)+F51) -> 276 | AJ51: =ROUND(AH51-AI51,0) -> 13 | AK51: =COUNTIF(I51:N51,">0") -> 5 | AL51: =COUNTIF(P51:U51,">0") -> 5 | AM51: =IF(O51="",1,0) -> 0 | AN51: =IF(V51="",1,0) -> 0 | AO51: =IF(AND($AM51<>1,$AK51<$AL51,AN51<>1),1,) -> 0 | AP51: =IF(AND($AM51<>1,$AK51>$AL51),1,) -> 0 | AQ51: =IF(AO51=1,1,0) -> 0 | AR51: =IF(AP51=1,1,0) -> 0 | AS51: =IF(AND(AK51=5,AL51=5,AM51=0,AN51=0),"Full Strength",IF(AQ51=1,"Away PowerPlay",IF(AP51=1,"Home PowerPlay",IF(AM51=1,"Home EmptyNet",IF(AN51=1,"Away EmptyNet",""))))) -> Full Strength | AT51: =IF(AND(AM51=0,AN51=0),AK51&"v"&AL51,IF(AM51=1,AK51&"v"&AL51&" Home EN",IF(AN51=1,AK51&"v"&AL51&" Away EN",""))) -> 5v5
A52: =A51+1 -> 51 | B52: =IF(G52="PeriodStart",B51+1,B51) -> 2 | C52: =IF(G52<>"PeriodStart",E51,18) -> 4 | D52: =F51 -> 36 | E52: 4 | F52: 00 | G52: OtherFaceoff | H52: Home Icing | I52: 42 | J52: 49 | K52: 75 | L52: 52 | M52: 9 | O52: 39 | P52: 26 | Q52: 40 | R52: 8 | S52: 27 | T52: 2 | V52: 99 | W52: =SUMIFS(events!T:T,events!L:L,"=DeadIce",events!U:U,"<="&shifts!AH52,events!V:V,">"&shifts!AI52,events!D:D,"="&shifts!B53)+SUMIFS(events!T:T,events!L:L,"=Timeout",events!U:U,"<="&shifts!AH52,events!V:V,">"&shifts!AI52,events!D:D,"="&shifts!B53) -> 0 | Y52: =IF(OR($H51="Home Goal",$H51="Away Goal",$H51="Period End"),"",IF(Z51=1,1,"")) | AA52: =IF(OR($H51="Home Goal",$H51="Away Goal",$H51="Period End"),"",IF(AB51=1,1,"")) -> 1 | AB52: 1 | AC52: =IF(OR($H51="Home Goal",$H51="Away Goal",$H51="Period End"),1,IF(AD51=1,1,"")) | AE52: =AE51 -> 18977 | AF52: =AF51 -> Velodrome | AG52: =AG51 -> HollowBrook | AH52: =((C52*60)+D52) -> 276 | AI52: =((E52*60)+F52) -> 240 | AJ52: =ROUND(AH52-AI52,0) -> 36 | AK52: =COUNTIF(I52:N52,">0") -> 5 | AL52: =COUNTIF(P52:U52,">0") -> 5 | AM52: =IF(O52="",1,0) -> 0 | AN52: =IF(V52="",1,0) -> 0 | AO52: =IF(AND($AM52<>1,$AK52<$AL52,AN52<>1),1,) -> 0 | AP52: =IF(AND($AM52<>1,$AK52>$AL52),1,) -> 0 | AQ52: =IF(AO52=1,1,0) -> 0 | AR52: =IF(AP52=1,1,0) -> 0 | AS52: =IF(AND(AK52=5,AL52=5,AM52=0,AN52=0),"Full Strength",IF(AQ52=1,"Away PowerPlay",IF(AP52=1,"Home PowerPlay",IF(AM52=1,"Home EmptyNet",IF(AN52=1,"Away EmptyNet",""))))) -> Full Strength | AT52: =IF(AND(AM52=0,AN52=0),AK52&"v"&AL52,IF(AM52=1,AK52&"v"&AL52&" Home EN",IF(AN52=1,AK52&"v"&AL52&" Away EN",""))) -> 5v5
A53: =A52+1 -> 52 | B53: =IF(G53="PeriodStart",B52+1,B52) -> 2 | C53: =IF(G53<>"PeriodStart",E52,18) -> 4 | D53: =F52 -> 00 | E53: 2 | F53: 31 | I53: 70 | J53: 91 | K53: 24 | L53: 52 | M53: 9 | O53: 39 | P53: 26 | Q53: 40 | R53: 8 | S53: 27 | T53: 2 | V53: 99 | W53: =SUMIFS(events!T:T,events!L:L,"=DeadIce",events!U:U,"<="&shifts!AH53,events!V:V,">"&shifts!AI53,events!D:D,"="&shifts!B54)+SUMIFS(events!T:T,events!L:L,"=Timeout",events!U:U,"<="&shifts!AH53,events!V:V,">"&shifts!AI53,events!D:D,"="&shifts!B54) -> 42 | Y53: =IF(OR($H52="Home Goal",$H52="Away Goal",$H52="Period End"),"",IF(Z52=1,1,"")) | AA53: =IF(OR($H52="Home Goal",$H52="Away Goal",$H52="Period End"),"",IF(AB52=1,1,"")) -> 1 | AB53: 1 | AC53: =IF(OR($H52="Home Goal",$H52="Away Goal",$H52="Period End"),1,IF(AD52=1,1,"")) | AE53: =AE52 -> 18977 | AF53: =AF52 -> Velodrome | AG53: =AG52 -> HollowBrook | AH53: =((C53*60)+D53) -> 240 | AI53: =((E53*60)+F53) -> 151 | AJ53: =ROUND(AH53-AI53,0) -> 89 | AK53: =COUNTIF(I53:N53,">0") -> 5 | AL53: =COUNTIF(P53:U53,">0") -> 5 | AM53: =IF(O53="",1,0) -> 0 | AN53: =IF(V53="",1,0) -> 0 | AO53: =IF(AND($AM53<>1,$AK53<$AL53,AN53<>1),1,) -> 0 | AP53: =IF(AND($AM53<>1,$AK53>$AL53),1,) -> 0 | AQ53: =IF(AO53=1,1,0) -> 0 | AR53: =IF(AP53=1,1,0) -> 0 | AS53: =IF(AND(AK53=5,AL53=5,AM53=0,AN53=0),"Full Strength",IF(AQ53=1,"Away PowerPlay",IF(AP53=1,"Home PowerPlay",IF(AM53=1,"Home EmptyNet",IF(AN53=1,"Away EmptyNet",""))))) -> Full Strength | AT53: =IF(AND(AM53=0,AN53=0),AK53&"v"&AL53,IF(AM53=1,AK53&"v"&AL53&" Home EN",IF(AN53=1,AK53&"v"&AL53&" Away EN",""))) -> 5v5
A54: =A53+1 -> 53 | B54: =IF(G54="PeriodStart",B53+1,B53) -> 2 | C54: =IF(G54<>"PeriodStart",E53,18) -> 2 | D54: =F53 -> 31 | E54: 2 | F54: 19 | I54: 70 | J54: 91 | K54: 24 | L54: 52 | M54: 9 | O54: 39 | P54: 11 | Q54: 40 | R54: 8 | S54: 18 | T54: 2 | V54: 99 | W54: =SUMIFS(events!T:T,events!L:L,"=DeadIce",events!U:U,"<="&shifts!AH54,events!V:V,">"&shifts!AI54,events!D:D,"="&shifts!B55)+SUMIFS(events!T:T,events!L:L,"=Timeout",events!U:U,"<="&shifts!AH54,events!V:V,">"&shifts!AI54,events!D:D,"="&shifts!B55) -> 0 | Y54: =IF(OR($H53="Home Goal",$H53="Away Goal",$H53="Period End"),"",IF(Z53=1,1,"")) | AA54: =IF(OR($H53="Home Goal",$H53="Away Goal",$H53="Period End"),"",IF(AB53=1,1,"")) -> 1 | AC54: =IF(OR($H53="Home Goal",$H53="Away Goal",$H53="Period End"),1,IF(AD53=1,1,"")) | AD54: 1 | AE54: =AE53 -> 18977 | AF54: =AF53 -> Velodrome | AG54: =AG53 -> HollowBrook | AH54: =((C54*60)+D54) -> 151 | AI54: =((E54*60)+F54) -> 139 | AJ54: =ROUND(AH54-AI54,0) -> 12 | AK54: =COUNTIF(I54:N54,">0") -> 5 | AL54: =COUNTIF(P54:U54,">0") -> 5 | AM54: =IF(O54="",1,0) -> 0 | AN54: =IF(V54="",1,0) -> 0 | AO54: =IF(AND($AM54<>1,$AK54<$AL54,AN54<>1),1,) -> 0 | AP54: =IF(AND($AM54<>1,$AK54>$AL54),1,) -> 0 | AQ54: =IF(AO54=1,1,0) -> 0 | AR54: =IF(AP54=1,1,0) -> 0 | AS54: =IF(AND(AK54=5,AL54=5,AM54=0,AN54=0),"Full Strength",IF(AQ54=1,"Away PowerPlay",IF(AP54=1,"Home PowerPlay",IF(AM54=1,"Home EmptyNet",IF(AN54=1,"Away EmptyNet",""))))) -> Full Strength | AT54: =IF(AND(AM54=0,AN54=0),AK54&"v"&AL54,IF(AM54=1,AK54&"v"&AL54&" Home EN",IF(AN54=1,AK54&"v"&AL54&" Away EN",""))) -> 5v5
A55: =A54+1 -> 54 | B55: =IF(G55="PeriodStart",B54+1,B54) -> 2 | C55: =IF(G55<>"PeriodStart",E54,18) -> 2 | D55: =F54 -> 19 | E55: 2 | F55: 12 | I55: 70 | J55: 91 | K55: 24 | L55: 52 | M55: 9 | O55: 39 | P55: 11 | Q55: 40 | R55: 19 | S55: 18 | T55: 2 | V55: 99 | W55: =SUMIFS(events!T:T,events!L:L,"=DeadIce",events!U:U,"<="&shifts!AH55,events!V:V,">"&shifts!AI55,events!D:D,"="&shifts!B56)+SUMIFS(events!T:T,events!L:L,"=Timeout",events!U:U,"<="&shifts!AH55,events!V:V,">"&shifts!AI55,events!D:D,"="&shifts!B56) -> 0 | Y55: =IF(OR($H54="Home Goal",$H54="Away Goal",$H54="Period End"),"",IF(Z54=1,1,"")) | Z55: 1 | AA55: =IF(OR($H54="Home Goal",$H54="Away Goal",$H54="Period End"),"",IF(AB54=1,1,"")) | AC55: =IF(OR($H54="Home Goal",$H54="Away Goal",$H54="Period End"),1,IF(AD54=1,1,"")) -> 1 | AE55: =AE54 -> 18977 | AF55: =AF54 -> Velodrome | AG55: =AG54 -> HollowBrook | AH55: =((C55*60)+D55) -> 139 | AI55: =((E55*60)+F55) -> 132 | AJ55: =ROUND(AH55-AI55,0) -> 7 | AK55: =COUNTIF(I55:N55,">0") -> 5 | AL55: =COUNTIF(P55:U55,">0") -> 5 | AM55: =IF(O55="",1,0) -> 0 | AN55: =IF(V55="",1,0) -> 0 | AO55: =IF(AND($AM55<>1,$AK55<$AL55,AN55<>1),1,) -> 0 | AP55: =IF(AND($AM55<>1,$AK55>$AL55),1,) -> 0 | AQ55: =IF(AO55=1,1,0) -> 0 | AR55: =IF(AP55=1,1,0) -> 0 | AS55: =IF(AND(AK55=5,AL55=5,AM55=0,AN55=0),"Full Strength",IF(AQ55=1,"Away PowerPlay",IF(AP55=1,"Home PowerPlay",IF(AM55=1,"Home EmptyNet",IF(AN55=1,"Away EmptyNet",""))))) -> Full Strength | AT55: =IF(AND(AM55=0,AN55=0),AK55&"v"&AL55,IF(AM55=1,AK55&"v"&AL55&" Home EN",IF(AN55=1,AK55&"v"&AL55&" Away EN",""))) -> 5v5
A56: =A55+1 -> 55 | B56: =IF(G56="PeriodStart",B55+1,B55) -> 2 | C56: =IF(G56<>"PeriodStart",E55,18) -> 2 | D56: =F55 -> 12 | E56: 1 | F56: 39 | I56: 70 | J56: 91 | K56: 24 | L56: 22 | M56: 9 | O56: 39 | P56: 11 | Q56: 40 | R56: 19 | S56: 18 | T56: 2 | V56: 99 | W56: =SUMIFS(events!T:T,events!L:L,"=DeadIce",events!U:U,"<="&shifts!AH56,events!V:V,">"&shifts!AI56,events!D:D,"="&shifts!B57)+SUMIFS(events!T:T,events!L:L,"=Timeout",events!U:U,"<="&shifts!AH56,events!V:V,">"&shifts!AI56,events!D:D,"="&shifts!B57) -> 0 | Y56: =IF(OR($H55="Home Goal",$H55="Away Goal",$H55="Period End"),"",IF(Z55=1,1,"")) -> 1 | AA56: =IF(OR($H55="Home Goal",$H55="Away Goal",$H55="Period End"),"",IF(AB55=1,1,"")) | AC56: =IF(OR($H55="Home Goal",$H55="Away Goal",$H55="Period End"),1,IF(AD55=1,1,"")) | AD56: 1 | AE56: =AE55 -> 18977 | AF56: =AF55 -> Velodrome | AG56: =AG55 -> HollowBrook | AH56: =((C56*60)+D56) -> 132 | AI56: =((E56*60)+F56) -> 99 | AJ56: =ROUND(AH56-AI56,0) -> 33 | AK56: =COUNTIF(I56:N56,">0") -> 5 | AL56: =COUNTIF(P56:U56,">0") -> 5 | AM56: =IF(O56="",1,0) -> 0 | AN56: =IF(V56="",1,0) -> 0 | AO56: =IF(AND($AM56<>1,$AK56<$AL56,AN56<>1),1,) -> 0 | AP56: =IF(AND($AM56<>1,$AK56>$AL56),1,) -> 0 | AQ56: =IF(AO56=1,1,0) -> 0 | AR56: =IF(AP56=1,1,0) -> 0 | AS56: =IF(AND(AK56=5,AL56=5,AM56=0,AN56=0),"Full Strength",IF(AQ56=1,"Away PowerPlay",IF(AP56=1,"Home PowerPlay",IF(AM56=1,"Home EmptyNet",IF(AN56=1,"Away EmptyNet",""))))) -> Full Strength | AT56: =IF(AND(AM56=0,AN56=0),AK56&"v"&AL56,IF(AM56=1,AK56&"v"&AL56&" Home EN",IF(AN56=1,AK56&"v"&AL56&" Away EN",""))) -> 5v5
