Workbook
Name DEfensive: Lists!$CQ:$CQ
Name EventType: Lists!$A$2:$A$16
Name Faceoff: Lists!$U$2:$U$1048576
Name Goal: Lists!$X$2:$X$1048576
Name Goal_PenaltyShot: Lists!$BO$2:$BO$1048576
Name Goal_Scored: Lists!$BM$2:$BM$1048576
Name Goal_Shootout: Lists!$BN$2:$BN$1048576
Name LoosePuck: Lists!$AD$2:$AD$1048576
Name Offensive: Lists!$CO:$CO
Name Pass: Lists!$W$2:$W$1048576
Name Pass_Completed: Lists!$AF$2:$AF$1048576
Name Pass_Deflected: Lists!$AH$2:$AH$1048576
Name Pass_Intercepted: Lists!$AI$2:$AI$1048576
Name Pass_Missed: Lists!$AG$2:$AG$1048576
Name Penalty: Lists!$AA$2:$AA$1048576
Name Penalty_Major: Lists!$AO$2:$AO$1048576
Name Penalty_Minor: Lists!$AP$2:$AP$1048576
Name Penalty_Offsetting: Lists!$AQ$2:$AQ$1048576
Name PenaltyShot_Missed: Lists!$AY$2:$AY$1048576
Name PenaltyShot_OnNet: Lists!$AX$2:$AX$1048576
Name PenaltyShot_Saved: Lists!$AZ$2:$AZ$1048576
Name PenaltyShot_Shootout: Lists!$AB$2:$AB$1048576
Name Play: Lists!$T:$T
Name Play_Defensive: Lists!$BS:$BS
Name Play_Offensive: Lists!$BR:$BR
Name Possession: Lists!$BT:$BT
Name Rebound: Lists!$BQ$2:$BQ$1048576
Name Save: Lists!$AE$2:$AE$1048576
Name Save_Freeze: Lists!$BB$2:$BB$1048576
Name Save_Played: Lists!$BP:$BP
Name Save_Rebound: Lists!$BA$2:$BA$1048576
Name Shootout_Missed: Lists!$AV$2:$AV$1048576
Name Shootout_OnNet: Lists!$AU$2:$AU$1048576
Name Shootout_Saved: Lists!$AW$2:$AW$1048576
Name Shot: Lists!$V$2:$V$1048576
Name Shot_Blocked: Lists!$BE$2:$BE$1048576
Name Shot_BlockedSameTeam: Lists!$BF$2:$BF$1048576
Name Shot_Deflected: Lists!$BG$2:$BG$1048576
Name Shot_DeflectedGoal: Lists!$BL$2:$BL$1048576
Name Shot_DeflectedOnNetSaved: Lists!$BH$2:$BH$1048576
Name Shot_Missed: Lists!$BD$2:$BD$1048576
Name Shot_MissedPost: Lists!$BW:$BW
Name Shot_OnNetGoal: Lists!$BJ$2:$BJ$1048576
Name Shot_OnNetSaved: Lists!$BC$2:$BC$1048576
Name Shot_TippedGoal: Lists!$BK$2:$BK$1048576
Name Shot_TippedOnNetSaved: Lists!$BI$2:$BI$1048576
Name Stoppage: Lists!$AC$2:$AC$1048576
Name Stoppage_Other: Lists!$AT$2:$AT$1048576
Name Stoppage_Period: Lists!$AS$2:$AS$1048576
Name Stoppage_Play: Lists!$AR$2:$AR$1048576
Name Turnover: Lists!$Y$2:$Y$1048576
Name Turnover_Giveaway: Lists!$AJ$2:$AJ$1048576
Name Turnover_Takeaway: Lists!$AK$2:$AK$1048576
Name Zone_Entry: Lists!$AL$2:$AL$1048576
Name Zone_Entry_Exit: Lists!$Z$2:$Z$1048576
Name Zone_EntryFailed: Lists!$DG:$DG
Name Zone_Exit: Lists!$AM$2:$AM$1048576
Name Zone_ExitFailed: Lists!$DH:$DH
Name Zone_Keepin: Lists!$AN$2:$AN$1048576

Sheet examples
A1: shift_index | B1: Period | C1: shift_start_min | D1: shift_start_sec | E1: shift_end_min | F1: shift_end_sec | G1: shift_start_type | H1: shift_stop_type | I1: home_forward_1 | J1: home_forward_2 | K1: home_forward_3 | L1: home_defense_1 | M1: home_defense_2 | N1: home_xtra | O1: home_goalie | P1: away_forward_1 | Q1: away_forward_2 | R1: away_forward_3 | S1: away_defense_1 | T1: away_defense_2 | U1: away_xtra | V1: away_goalie | W1: stoppage_time | X1: home_ozone_start | Y1: home_ozone_end | Z1: home_dzone_start | AA1: home_dzone_end | AB1: home_nzone_start | AC1: home_nzone_end | AD1: game_id | AE1: home_team | AF1: away_team | AG1: shift_start_total_seconds | AH1: shift_end_total_seconds | AI1: shift_duration | AJ1: home_team_strength | AK1: away_team_strength | AL1: home_team_en | AM1: away_team_en | AN1: home_team_pk | AO1: home_team_pp | AP1: away_team_pp | AQ1: away_team_pk | AR1: situation | AS1: strength | AT1: home_goals | AU1: away_goals | AV1: period_start_total_running_seconds | AW1: running_video_time | AX1: shift_start_running_time | AY1: shift_end_running_time
A2: 40 | B2: 1 | C2: 2 | D2: 07 | E2: 0 | F2: 35 | G2: OtherFaceoff | H2: Away Goalie Stopped (after Home SOG) | I2: 42 | J2: 14 | K2: 61 | L2: 22 | M2: 9 | O2: 39 | P2: 91 | Q2: 80 | R2: 89 | S2: 4 | T2: 25 | V2: 30 | Y2: 1
A3: 41 | B3: 1 | C3: 0 | D3: 35 | E3: 0 | F3: 0.01 | G3: OtherFaceoff | H3: Period End | I3: 42 | J3: 14 | K3: 61 | L3: 22 | M3: 9 | O3: 39 | P3: 77 | Q3: 13 | R3: 68 | S3: 4 | T3: 25 | V3: 30 | Y3: 1
A4: 42 | B4: 1 | G4: Intermission
A5: 43 | B5: 2 | C5: 18 | D5: 0 | E5: 17 | F5: 18 | G5: PeriodStart | H5: Away Goalie Stopped (after Home SOG) | I5: 70 | J5: 14 | K5: 55 | L5: 91 | M5: 84 | O5: 39 | P5: 77 | Q5: 13 | R5: 68 | S5: 44 | T5: 18 | V5: 30 | Y5: 1
A8: 105 | B8: 3 | C8: 1 | D8: 01 | E8: 0 | F8: 49 | I8: 42 | J8: 24 | K8: 61 | L8: 91 | M8: 84 | O8: 39 | P8: 77 | Q8: 12 | R8: 68 | S8: 44 | T8: 18 | V8: 30 | AA8: 1
A9: 106 | B9: 3 | C9: 0 | D9: 49 | E9: 0 | F9: 0.01 | H9: GameEnd | I9: 42 | J9: 24 | K9: 61 | L9: 91 | M9: 84 | O9: 39 | P9: 77 | Q9: 12 | R9: 56 | S9: 44 | T9: 18 | U9: 3 | AA9: 1
A10: 107 | B10: 3 | C10: 0 | D10: 0.01
A25: event_index | B25: linked_event_index_ | C25: linked_event_index | D25: tracking_event_index | E25: sequence_index | F25: play_index | G25: zone_change_index | H25: Period | I25: event_start_min_ | J25: event_start_sec_ | K25: event_end_min_ | L25: event_end_sec_ | M25: event_start_min | N25: event_start_sec | O25: event_end_min | P25: event_end_sec | Q25: Team_ | R25: Player | S25: role_abrev_binary | T25: role_abrev | U25: Type_ | V25: event_detail_ | W25: event_detail_2_ | X25: successful | Y25: play_detail1 | Z25: play_detail2 | AA25: play_detail_successful | AB25: context | AC25: play_tag1 | AD25: play_tag2 | AE25: high_danger | AF25: event_team_zone | AG25: home_team_zone | AH25: away_team_zone | AI25: forced_forcer | AJ25: pressured_pressurer
A27: 599 | H27: 1 | I27: 0 | J27: 01 | Q27: a | R27: 13 | S27: 1 | T27: e | U27: Shot | V27: Shot_Missed | W27: Shot-Backhand | X27: u | AF27: o | AJ27: 1 | AM27: Shot | AN27: Shot_Missed | AP27: Offensive
A28: 599 | H28: 1 | R28: 9 | T28: o | Y28: Defensive_PlayPossession-StickCheck | AA28: s | AJ28: 1 | AM28: Shot | AN28: Shot_Missed | AP28: Defensive
A29: 600 | H29: 1 | I29: 0 | J29: 00 | T29: o | U29: Stoppage | V29: Stoppage_Period | W29: Stoppage-PeriodEnd | AM29: Stoppage | AN29: Stoppage_Period
A30: 601 | H30: 2 | I30: 56 | J30: 46 | K30: 55 | L30: 39 | T30: o | U30: Intermission | AM30: Intermission
A31: 602 | H31: 2 | I31: 18 | J31: 00 | Q31: h | R31: 70 | S31: 1 | T31: e | U31: Faceoff | V31: Faceoff_PeriodStart | AF31: n | AM31: Faceoff | AN31: Faceoff_PeriodStart | AP31: Offensive
A34: 1438 | B34: 223 | H34: 3 | I34: 5 | J34: 55 | Q34: h | R34: 61 | S34: 1 | T34: e | U34: Shot | V34: Shot_Goal | AF34: o | AM34: Shot | AN34: Shot_Goal | AP34: Offensive
A35: 1438 | B35: 223 | H35: 3 | R35: 30 | T35: o | AM35: Shot | AN35: Shot_Goal | AP35: Defensive
A36: 1439 | B36: 223 | H36: 3 | I36: 5 | J36: 55 | Q36: h | R36: 61 | S36: 1 | T36: e | U36: Goal | V36: Goal_Scored | W36: Goal-Wrist | AF36: o | AM36: Goal | AN36: Goal_Scored | AP36: Offensive
A37: 1439 | B37: 223 | H37: 3 | R37: 30 | T37: o | AM37: Goal | AN37: Goal_Scored | AP37: Defensive
A38: 1440 | B38: 223 | H38: 3 | I38: 5 | J38: 55 | Q38: h | R38: 61 | S38: 1 | T38: e | U38: Stoppage | V38: Stoppage_Play | W38: Stoppage-Goal | AF38: o | AJ38: 1 | AM38: Stoppage | AN38: Stoppage_Play
A39: 1441 | B39: 223 | H39: 3 | I39: 5 | J39: 55 | K39: 5 | L39: 31 | Q39: h | R39: 61 | S39: 1 | T39: e | U39: DeadIce | AF39: o | AJ39: 1 | AM39: DeadIce
A43: 1590 | H43: 3 | I43: 0 | J43: 26 | Q43: h | R43: 84 | S43: 1 | T43: e | U43: Penalty_Delayed | AF43: d | AJ43: 1 | AM43: Penalty_Delayed | AP43: Offensive
A44: 1590 | H44: 3 | R44: 3 | T44: o | AJ44: 1 | AM44: Penalty_Delayed | AP44: Defensive
A45: 1591 | B45: 247 | H45: 3 | I45: 0 | J45: 25 | Q45: a | R45: 18 | S45: 1 | T45: e | U45: Shot | V45: Shot_OnNetSaved | W45: Shot-Wrist | X45: s | AF45: o | AM45: Shot | AN45: Shot_OnNetSaved | AP45: Offensive
A46: 1591 | B46: 247 | H46: 3 | R46: 77 | S46: 1 | T46: e | Y46: OffensivePlay_Shot-Screen | AM46: Shot | AN46: Shot_OnNetSaved | AP46: Offensive
A47: 1591 | B47: 247 | H47: 3 | R47: 39 | T47: o | AM47: Shot | AN47: Shot_OnNetSaved | AP47: Defensive
A48: 1592 | B48: 247 | H48: 3 | I48: 0 | J48: 25 | Q48: h | R48: 39 | S48: 1 | T48: e | U48: Save | V48: Save_Rebound | W48: Save-Blocker | AF48: d | AM48: Save | AN48: Save_Rebound | AP48: Defensive
A49: 1592 | B49: 247 | H49: 3 | R49: 18 | T49: o | AM49: Save | AN49: Save_Rebound | AP49: Offensive
A50: 1592 | B50: 247 | H50: 3 | R50: 77 | T50: o | Y50: OffensivePlay_Shot-Screen | AM50: Save | AN50: Save_Rebound | AP50: Offensive
A51: 1593 | B51: 247 | H51: 3 | I51: 0 | J51: 25 | Q51: h | R51: 39 | S51: 1 | T51: e | AF51: d | AP51: Offensive
A52: 1594 | H52: 3 | I52: 0 | J52: 21 | Q52: a | R52: 56 | S52: 1 | T52: e | U52: Possession | V52: PuckRecovery | X52: u | Y52: OffensivePlay_Zone-PuckRecoveryShot | AA52: u | AF52: o | AM52: Possession | AN52: PuckRecovery | AP52: Offensive
A53: 1595 | H53: 3 | I53: 0 | J53: 21 | Q53: a | R53: 56 | S53: 1 | T53: e | U53: Pass | V53: Pass_Missed | W53: Pass-Forehand | X53: u | Y53: OffensivePlay_Pass-SecondTouch | AA53: u | AF53: o | AJ53: 1 | AM53: Pass | AN53: Pass_Missed | AP53: Offensive
A54: 1595 | H54: 3 | R54: 3 | S54: 1 | T54: e | AM54: Pass | AN54: Pass_Missed | AP54: Offensive
A55: 1595 | H55: 3 | R55: 91 | T55: o | AJ55: 1 | AM55: Pass | AN55: Pass_Missed | AP55: Defensive
A56: 1596 | H56: 3 | I56: 0 | J56: 21 | Q56: h | S56: 1 | T56: e | U56: Zone_Entry_Exit | V56: Zone_Exit | W56: ZoneExit-OppTeam | AF56: d | AM56: Zone_Entry_Exit | AN56: Zone_Exit | AP56: Offensive
A57: 1597 | H57: 3 | I57: 0 | J57: 17 | K57: 0 | L57: 15 | Q57: a | R57: 44 | S57: 1 | T57: e | U57: Possession | V57: PuckRecovery | X57: s | Y57: OffensivePlay_Zone-PuckRecoveryTurnover | AA57: s | AF57: n | AM57: Possession | AN57: PuckRecovery | AP57: Offensive
A58: 1598 | H58: 3 | I58: 0 | J58: 15 | Q58: a | R58: 44 | S58: 1 | T58: e | U58: Pass | V58: Pass_Completed | W58: Pass-Forehand | X58: s | AF58: n | AM58: Pass | AN58: Pass_Completed | AP58: Offensive
A59: 1598 | H59: 3 | R59: 18 | S59: 1 | T59: e | AM59: Pass | AN59: Pass_Completed | AP59: Offensive
A60: 1599 | H60: 3 | I60: 0 | J60: 14 | Q60: a | R60: 18 | S60: 1 | T60: e | U60: Zone_Entry_Exit | V60: Zone_Entry | W60: ZoneEntry-Rush | X60: u | AF60: o | AJ60: 1 | AM60: Zone_Entry_Exit | AN60: Zone_Entry | AP60: Offensive
A61: 1599 | H61: 3 | R61: 24 | T61: o | AJ61: 1 | AM61: Zone_Entry_Exit | AN61: Zone_Entry | AP61: Defensive
A62: 1600 | H62: 3 | I62: 0 | J62: 12 | Q62: h | R62: 24 | S62: 1 | T62: e | U62: Turnover | V62: Turnover_Takeaway | W62: Takeaway-BattleWon | X62: s | Y62: Defensive_PlayPossession-SeperateFromPuck | AA62: s | AF62: d | AJ62: 1 | AM62: Turnover | AN62: Turnover_Takeaway | AP62: Defensive
A63: 1600 | H63: 3 | R63: 91 | S63: 1 | T63: e | Y63: Defensive_PlayPossession-StickCheck | AA63: s | AJ63: 1 | AM63: Turnover | AN63: Turnover_Takeaway | AP63: Defensive
A64: 1600 | H64: 3 | R64: 18 | T64: o | AJ64: 1 | AM64: Turnover | AN64: Turnover_Takeaway | AP64: Offensive
A65: 1601 | B65: 248 | H65: 3 | I65: 0 | J65: 11 | Q65: h | R65: 84 | S65: 1 | T65: e | U65: Penalty | V65: Penalty_Minor | W65: Penalty-Tripping | AF65: d | AM65: Penalty | AN65: Penalty_Minor | AP65: Offensive
A66: 1602 | B66: 248 | H66: 3 | I66: 0 | J66: 11 | K66: 0 | L66: 00 | Q66: h | R66: 84 | S66: 1 | T66: e | U66: Stoppage | V66: Stoppage_Period | W66: Stoppage-PeriodEnd | AF66: d | AM66: Stoppage | AN66: Stoppage_Period

Sheet Sheet1
A1: duration | C1: context
A2: time_start_total_seconds | C2: play_tag1
A3: time_end_total_seconds | C3: play_tag2
A4: shift_index | C4: high_danger
A5: player_role
A6: role_number
A7: running_intermission_duration
A8: period_start_total_running_seconds
A9: running_video_time
A10: event_running_start
A11: event_running_end
A12: event_id
A13: linked_event_id
A14: play_id
A15: sequence_id
A16: zone_change_id
... A72: possession_change

Sheet Rules
A1: EventType | B1: Definition | C1: Next Event | D1: Uses | E1: Linked Events | F1: Successful/Unsuccessful | G1: Successful Def | J1: EventTypeDetail | K1: Definition | L1: Next Event | M1: Uses | N1: Linked Events | O1: Successful/Unsuccessful | P1: Successful Def | S1: EventTypeDetail2 | T1: Definition | U1: Next Event | V1: Uses | W1: Linked Events | X1: Successful/Unsuccessful | Y1: Successful Def | AC1: Definition | AD1: Next Event | AE1: Uses | AF1: Linked Events | AG1: Successful/Unsuccessful | AH1: Successful Def | AL1: Definition | AM1: Next Event | AN1: Uses | AO1: Linked Events | AP1: Linked Events | AQ1: Successful/Unsuccessful | AR1: Successful Def | AT1: play_tag1 | AU1: Definition | AV1: Next Event | AW1: Uses | AX1: Linked Events | AZ1: play_tag2 | BA1: Definition | BB1: Next Event | BC1: Uses | BD1: Linked Events | BF1: Context | BG1: Definition | BH1: Next Event | BI1: Uses | BJ1: Linked Events | BM1: shift_start | BN1: Definition | BO1: Next Event | BP1: Linked Events | BR1: shift_end | BS1: Definition | BT1: Next Event | BU1: Linked Events
A2: Faceoff | J2: Faceoff | S2: PenaltyShot/Shootout | AB2: Offensive | AH2: sucessful if next play positive | AK2: Defensive | AR2: sucessful if next play positive | AT2: LowToHigh | AZ2: Rush | BF2: LeadToBreakout | BM2: PeriodStart | BR2: -
A3: Shot | E3: Save | J3: Faceoff-AfterPenalty | S3: PenaltyShot_OnNet | X3: s | AB3: OffensivePlay_Possession-DriveMiddle | AK3: Defensive_PlayPossession-PokeCheck | AT3: HighToLow | AZ3: Cycle | BF3: LeadToZoneEntry | BM3: FaceoffAfterGoal | BR3: Period Start
A4: Pass | J4: Faceoff-AfterGoal | S4: PenaltyShot_Missed | X4: u | AB4: OffensivePlay_Possession-DriveWide | AK4: Defensive_PlayPossession-SeperateFromPuck | AT4: CrossIce | AZ4: Forecheck | BF4: LeadToTurnover | BM4: GameStart | BR4: Period End
A5: Goal | E5: Shot | J5: Faceoff-PeriodStart | S5: PenaltyShot_Saved | X5: s | AB5: OffensivePlay_Possession-DriveCorner | AK5: Defensive_PlayPossession-Backcheck | AT5: Slot | AZ5: Dumpin | BF5: LeadToShot | BM5: FaceoffAfterPenalty | BR5: Puck Out of Play
A6: Turnover | E6: Pass, Shot, Play | J6: Shot-OnNet | S6: ShootoutShot_OnNet | X6: s | AB6: OffensivePlay_Possession-DriveNetMiddle | AK6: Defensive_PlayPossession-FroceWide | AZ6: Regroup | BF6: LeadToGoal | BM6: OtherFaceoff | BR6: Injury
A7: Zone_Entry_Exit | E7: Pass, Turnover, Attempted Failed, Keepins | J7: Shot-Missed | S7: ShootoutShot_Missed | X7: u | AB7: OffensivePlay_Possession-DriveNetWide | AK7: Defensive_PlayPossession-Contain | AZ7: Counter | BF7: LeadToPenalty | BM7: DeadIce/Stoppage | BR7: Home Penalty
A8: Penalty | J8: Shot-Blocked | S8: ShootoutShot_Saved | X8: s | AB8: OffensivePlay_Possession-CrashNet | AK8: Defensive_PlayPossession-BeatMiddle | AZ8: ZoneExit | BF8: LeadToFailedBreakout | BM8: Intermission | BR8: Away Penalty
A9: PenaltyShot_Shootout | J9: Shot-BlockedSameTeam | AB9: OffensivePlay_Possession-Delay | AK9: Defensive_PlayPossession-BeatWide | AZ9: ZoneEntry | BF9: LeadToFailedZoneEntry | BM9: DelayedPenalty | BR9: Home Goalie Stoppage
A10: Stoppage | E10: Save Freeze | J10: Shot-Deflected | S10: Stoppage_Period | AB10: OffensivePlay_Possession-Deke | AK10: Defensive_PlayPossession-BeatDeke | AZ10: Clear | BM10: GameStart | BR10: Away Goalie Stoppage
A11: Hit | J11: Shot-DeflectedOnNet | S11: Stoppage_Play | AB11: OffensivePlay_Possession-Chip | AK11: Defensive_PlayPossession-BeatSpeed | BR11: Home Offside
A12: Possession | J12: Shot-Tipped | S12: Stoppage_Other | AB12: OffensivePlay_Possession-Other | AK12: Defensive_PlayPossession-Pressure | BR12: Home Icing
A13: LoosePuck | J13: Pass-Completed | S13: Stoppage_GameEnd | AB13: OffensivePlay_Possession-Speed | AK13: Defensive_PlayPossession-Zone | BR13: Away Offside
A14: Save | E14: Shot, Stoppage, Deadice | J14: Pass-Missed | AB14: OffensivePlay_Possession-OpenIceDeke | AK14: Defensive_PlayPossession-ManOnMan | BR14: Away Icing
A15: TeamPossessionChange | J15: Pass-Deflected | S15: Save_Rebound | AB15: OffensivePlay_Possession-EndToEndRush | AK15: Defensive_PlayPossession-Tracker | BR15: Clock Problem
A16: Rebound | E16: Shot, Save | J16: Pass-Intercepted | S16: Save_Freeze | AB16: OffensivePlay_Possession-FrontofNet | AK16: Defensive_PlayPossession-Surf | BR16: Puck Frozen
A17: DeadIce | J17: Turnover-Giveaway | S17: Save_Played | AB17: OffensivePlay_Possession-CutBack | AK17: Defensive_PlayPossession-StickCheck | BR17: Puck in Crowd
A18: Play | J18: Turnover-Takeaway | AB18: OffensivePlay_Possession-Wheel | AK18: Defensive_PlayPass-PassIntercepted | BR18: Goalie Stopped (after SOG)
A19: Timeout | J19: Zone-Entry | S19: Pass-Stretch | X19: s/u | AB19: OffensivePlay_Possession-ForecedOutside | AK19: Defensive_PlayPass-InShotPassLane | BR19: Referee or Linesperson
A20: Intermission | J20: Zone-Exit | S20: Pass-Rim/Wrap | X20: s/u | AB20: OffensivePlay_Pass-AssistPrimary | AK20: Defensive_PlayShot-BoxOut | BR20: High Stick
A21: Clockstop | J21: Zone-Keepin | S21: Pass-Backhand | X21: s/u | AB21: OffensivePlay_Pass-AssistSecondary | AK21: Defensive_PlayShot-BlockedShot | BR21: Objects on Ice
A22: GameStart | J22: Zone_Entryfailed | S22: Pass-Forehand | X22: s/u | AB22: OffensivePlay_Pass-AssistTertiary | AK22: Defensive_PlayShot-FrontofNet | BR22: Hand Pass
A23: GameEnd | J23: Zone_ExitFailed | S23: Pass-Bank | X23: s/u | AB23: OffensivePlay_Pass-GiveAndGo | AK23: Defensive_PlayZone-ClearingAttempt | BR23: Premature Substitution
A24: Penalty_Delayed | J24: Zone_KeepinFailed | S24: Pass-Dump | X24: s/u | AB24: OffensivePlay_Pass-Reverse | AK24: Defensive_PlayZone-ZoneEntryDenial | BR24: Puck in Netting
A25: Zone_Change | J25: Penalty | S25: Pass-Tipped | X25: s/u | AB25: OffensivePlay_Pass-QuickUp | AK25: Defensive_PlayZone-ZoneExitDenial | BR25: Puck in Benches
J26: Penalty-Offsetting | S26: Pass-Lob | X26: s/u | AB26: OffensivePlay_Pass-SecondTouch | AK26: Defensive_PlayZone-PenaltyKillClear | BR26: Net Dislodged Offensive Skater
J27: Stoppage-Freeze | S27: Pass-Drop | X27: s/u | AB27: OffensivePlay_Pass-ReceiverMissed | AK27: Defensive_PlayZone-PuckRetrievalDumpIn | BR27: Puck Frzn-Goalie-Bynd Ctr
J28: Stoppage-OutfofPlay | S28: Pass-Deflected/TippedShot | X28: s/u | AB28: OffensivePlay_Shot-Screen | AK28: Defensive_PlayZone-PuckRetrievalShot | BR28: Skater Puck Frozen
J29: Stoppage-PeriodEnd | S29: Pass-ReceiverMissed | X29: s/u | AB29: OffensivePlay_Zone-Breakout | AK29: Defensive_PlayZone-PuckRetreivalTurnover | BR29: Valid stoppage type reasons (reason):
J30: Stoppage-Goal | S30: Pass-OneTouch | X30: s/u | AB30: OffensivePlay_Zone-DumpChase | AK30: Defensive_PlayZone-PuckRetreivalPass | BR30: TV timeout
J31: Stoppage-Penalty | S31: Pass-SecondTouch | X31: s/u | AB31: OffensivePlay_Zone-Forecheck | AK31: Defensive_PlayZone-PuckRetrievalRebound | BR31: Home Timeout
J32: Shootout-OnNet | S32: Pass-QuickUp | X32: s/u | AB32: OffensivePlay_Zone-Dump/RimInZone | AK32: Defensive_PlayZone-PuckRecoveryDumpIn | BR32: Visitor Timeout
J33: Shootout-Missed | S33: Pass-GiveAndGo | X33: s/u | AB33: OffensivePlay_Zone-DumpInAttempt | AK33: Defensive_PlayZone-PuckRecoveryShot | BR33: Player Injury
J34: Shootout-Saved | S34: Pass-Reverse | X34: s/u | AB34: OffensivePlay_Zone-Breakout | AK34: Defensive_PlayZone-PuckRecoveryTurnover | BR34: Official Injury
J35: PenaltyShot-OnNet | S35: Pass-Other | X35: s/u | AB35: OffensivePlay_Zone-Cycle | AK35: Defensive_PlayZone-PuckRecoveryPass | BR35: Rink Repair
J36: PenaltyShot-Missed | AB36: OffensivePlay_Zone-PuckRetrievalDumpIn | AK36: Defensive_PlayZone-PuckRecoveryRebound | BR36: Ice problem
J37: PenaltyShot-Saved | S37: Giveaway-Misplayed | AB37: OffensivePlay_Zone-PuckRetrievalShot | AK37: Defensive_PlayZone-ForcedDumpin/Clear | BR37: Player Equipment
J38: LoosePuck-Forecheck | S38: Giveaway-BattleLost | AB38: OffensivePlay_Zone-PuckRetreivalTurnover | AK38: Offensive_Zone-AttemptedKeepin | BR38: Video Review
J39: LoosePuck-Battle | S39: Giveaway-PassIntercepted | AB39: OffensivePlay_Zone-PuckRetreivalPass | AK39: Defensive_Zone-AttemptedBreakOutPass | BR39: Chlg Hm - off-side
J40: Save-Rebound | S40: Giveaway-PassMissed | AB40: OffensivePlay_Zone-PuckRetreivalRebound | AK40: Defensive_Zone-AttemptedBreakOutRush | BR40: Chlg Vis - off-side
J41: Save-Freeze | S41: Giveaway-PassBlocked | AB41: OffensivePlay_Zone-PuckRetreivalShot | AK41: Defensive_Zone-AttemptedBreakOutClear | BR41: Chlg Hm - goal interference
J42: Save | S42: Giveaway-PassReceiverMissed | AB42: OffensivePlay_Zone-PuckRecoveryDumpIn | AK42: Offensive_Zone-AttemptedEntryDumpIn | BR42: Chlg Vis - goal interference
J43: DeadIce | S43: Giveaway-ShotBlocked | AB43: OffensivePlay_Zone-PuckRecoveryShot | AK43: Offensive_Zone-AttemptedEntryPass | BR43: Chlg League - off-side
J44: Play | S44: Giveaway-ShotMissed | AB44: OffensivePlay_Zone-PuckRecoveryTurnover | AK44: Offensive_Zone-AttemptedEntryRush | BR44: Chlg League - goal interference
J45: Faceoff-GameStart | S45: Giveaway-ZoneClear/Dump | AB45: OffensivePlay_Zone-PuckRecoveryPass | BR45: Switch sides
J46: Breakaway | K46: Possession on zone entry when on breakaway | S46: Giveaway-AttemptedZoneClear/Dump | AB46: OffensivePlay_Zone-PuckRecoveryRebound | BR46: Chlg Hm - Missed stoppage
J47: PuckRetrieval | K47: Puck reterived after opp team touch/turnover' | O47: s/u | P47: successful if next play positive | S47: Giveaway-ZoneEntry/ExitMisplay | AB47: Offensive_Zone-AttemptedKeepin | BR47: Chlg Vis - Missed stoppage
J48: PuckRecovery | K48: Puck recovered after same team touch/turnover | O48: s/u | S48: Giveaway-DumpInZone | AB48: Defensive_Zone-AttemptedBreakOutPass | BR48: Chlg League - Missed stoppage
J49: Regroup | K49: Circle back in Nzone/Dzone | O49: s/u | S49: Giveaway-Other | AB49: Defensive_Zone-AttemptedBreakOutRush | BR49: Chlg Hm - puck over glass
O50: s/u | AB50: Defensive_Zone-AttemptedBreakOutClear | BR50: Chlg Vis - puck over glass
S51: Takeaway-BattleWon | AB51: Offensive_Zone-AttemptedEntryDumpIn | BR51: Chlg League - puck over glass
S52: Takeaway-PokeCheck | AB52: Offensive_Zone-AttemptedEntryPass | BR52: Home Goal
S53: Takeaway-PassIntercepted | AB53: Offensive_Zone-AttemptedEntryRush | BR53: Away Goal
S54: Takeaway-PassBlocked | BR54: Away Goalie Stopped (after Home SOG)
S55: Takeaway-ShotBlocked | BR55: Home Goalie Stopped (after Away SOG)
S56: Takeaway-ZoneClear/Dump | BR56: DeadIce/Stoppage
S57: Takeaway-AttemptedZoneClear/Dump | BR57: Offset Penalty
S58: Takeaway-Other | BR58: GameEnd
S60: Zone-EntryFailed | X60: s/u
S61: ZoneEntry-Rush | X61: s/u
S62: ZoneEntry-Pass | X62: s/u
S63: ZoneEntry-DumpIn | X63: s/u
S64: ZoneEntry-Chip | X64: s/u
S65: ZoneEntry-FromExitClear | X65: s/u
S66: ZoneEntry-PassMiss/Misplay | X66: s/u
S67: ZoneEntry-OppTeam | X67: s/u
S68: ZoneEntry-Lob | X68: s/u
S69: ZoneEntry-RushBreakaway | X69: s/u
S70: ZoneEntry-CausedTurnover | X70: s/u
S71: ZoneEntry-PenaltyKillClear | X71: s/u
... S89: Zone-Other | X89: s/u
S91: OffensivePlay | Y91: successful if positive play made next
S92: DriveMiddle | T92: Cut to middle of ice | X92: s/u
S93: DriveWide | T93: drive wide either foreced /unforced | X93: s/u
S94: DriveCorner | T94: drive to offensive corner forced/unforced | X94: s/u
S95: DriveNetMiddle | T95: drive to slot from middle | X95: s/u
S96: DriveNetWide | T96: drive to slot from wide | X96: s/u
S97: CrashNet | T97: crash net for rebound | X97: s/u
S98: Delay | X98: s/u
S99: Deke | X99: s/u
S100: Chip | X100: s/u
S101: Other | X101: s/u
S102: DumpChase | T102: dumped into ozone form ozone/nzone | X102: s/u
S103: Forecheck | T103: offensive players crashing puck after dumpin | X103: s/u
S104: Speed | X104: s/u
S106: DefensivePlay | Y106: successful if positive play made next
S107: PokeCheck | X107: s/u
S108: PokeCheckFailed | X108: s/u
S109: SeperateFromPuck | X109: s/u
S110: Backcheck | X110: s/u
S111: FroceWide | X111: s/u
S112: Contain | X112: s/u
S113: BeatMiddle | X113: s/u
S114: BeatWide | X114: s/u
S115: BeatDeke | X115: s/u
S116: BeatSpeed | X116: s/u
S117: BoxOut | X117: s/u
S118: Other | X118: s/u
... S130: Shot-Other | X130: s/u
S132: Save-Glove
...

Sheet Lists
A1: EventType | C1: EventTypeDetail | E1: EventTypeDetail2 | G1: OffensivePlay | I1: DefensivePlay | K1: Team | N1: NHL Net | O1: Max | P1: Min | Q1: Total Max | R1: Total Min | T1: Play | U1: Faceoff | V1: Shot | W1: Pass | X1: Goal | Y1: Turnover | Z1: Zone Entry/Exit | AA1: Penalty | AB1: PenaltyShot/Shootout | AC1: Stoppage | AD1: LoosePuck | AE1: Save | AF1: Pass-Completed | AG1: Pass-Missed | AH1: Pass-Deflected | AI1: Pass-Intercepted | AJ1: Turnover-Giveaway | AK1: Turnover-Takeaway | AL1: Zone-Entry | AM1: Zone-Exit | AN1: Zone-Keepin | AO1: Penalty-Major | AP1: Penalty-Minor | AQ1: Penalty-Offsetting | AR1: Stoppage-Play | AS1: Stoppage-Period | AT1: Stoppage-Other | AU1: Shootout-OnNet | AV1: Shootout-Missed | AW1: Shootout-Saved | AX1: PenaltyShot-OnNet | AY1: PenaltyShot-Missed | AZ1: PenaltyShot-Saved | BA1: Save-Rebound | BB1: Save-Freeze | BC1: Shot_OnNetSaved | BD1: Shot_Missed | BE1: Shot_Blocked | BF1: Shot_BlockedSameTeam | BG1: Shot_Deflected | BH1: Shot_DeflectedOnNetSaved | BI1: Shot_TippedOnNetSaved | BJ1: Shot_OnNetGoal | BK1: Shot_TippedGoal | BL1: Shot_DeflectedGoal | BM1: Goal_Scored | BN1: Goal_Shootout | BO1: Goal_PenaltyShot | BP1: Save_Played | BQ1: Rebound | BR1: Play_Offensive | BS1: Play_Defensive | BT1: Possession | BU1: Faceoff | BV1: None | BW1: Shot_MissedPost | CA1: shift_start | CC1: shift_end | CE1: label | CG1: play_detail1 | CH1: play_detail2 | CL1: Offensive | CM1: Defensive | CO1: Offensive | CQ1: Defensive | CS1: play_tag1 | CU1: play_tag2 | CW1: Context | CY1: Offensive | DD1: Defensive | DG1: Zone-EntryFailed | DH1: Zone-ExitFailed | DI1: Zone-KeepinFailed
K2: Home | L2: =K3 -> Away | N2: X | O2: 36 | P2: -36 | Q2: =O2+O4 -> 38.375 | R2: =P2-O4 -> -38.375 | T2: Play_Offensive | U2: Faceoff_AfterPenalty | V2: Shot_OnNetSaved | W2: Pass_Completed | X2: Goal_Scored | Y2: Turnover_Giveaway | Z2: Zone_Entry | AA2: Penalty_Minor | AB2: PenaltyShot_OnNet | AC2: Stoppage_Period | AD2: LoosePuck_Forecheck | AE2: Save_Rebound | AF2: Pass-Stretch | AG2: Pass-Stretch | AH2: Pass-Stretch | AI2: Pass-Stretch | AJ2: Giveaway-Misplayed | AK2: Takeaway-BattleWon | AL2: ZoneEntry-Rush | AM2: ZoneExit-Rush | AN2: Zone-KeepIn | AO2: Penalty-Bench Penalty | AP2: Penalty-Bench Penalty | AQ2: Penalty-Bench Penalty | AR2: Stoppage-Icing | AS2: Stoppage-StartofShootout | AT2: Stoppage-ObjectsonIce | AU2: Shot-Wrist | AV2: Shot-Wrist | AW2: Shot-Wrist | AX2: Shot-Wrist | AY2: Shot-Wrist | AZ2: Shot-Wrist | BA2: Save-Glove | BB2: Save-Glove | BC2: Shot-Wrist | BD2: Shot-Wrist | BE2: Shot-Wrist | BF2: Shot-Wrist | BG2: Shot-Deflection | BH2: Shot-Deflection | BI2: Shot-Tip | BJ2: Shot-Wrist | BL2: Shot-Deflection | BM2: Goal-Wrist | BN2: Goal-Wrist | BO2: Goal-Wrist | BP2: Save-Glove | BQ2: Rebound_TeamRecovered | BS2: Play-PokeCheck | BT2: Breakaway | BU2: Shot | BV2: All | BW2: Shot-Wrist | BX2: event_team_player_1 | BY2: e | CA2: PeriodStart | CC2: - | CE2: Assist-Primary | CG2: OffensivePlay-DriveMiddle | CJ2: Offensive | CL2: OffensivePlay-Drive | CO2: AssistPrimary | CQ2: AttemptedBlockedShot | CS2: LowToHigh | CU2: Rush | CW2: LeadToBreakout | CY2: OffensivePlay_ | CZ2: Possession | DA2: DriveMiddle | DD2: Defensive_Play | DE2: Possession | DF2: PokeCheck | DG2: ZoneEntry-Rush | DH2: ZoneExit-Rush | DI2: Zone-KeepIn
A3: Faceoff | B3: None | C3: Faceoff | E3: Shot-Wrist | G3: DriveMiddle | I3: PokeCheck | K3: Away | L3: =K2 -> Home | N3: Y | O3: 24 | P3: -24 | Q3: =O3+O5 -> 26.375 | R3: -24 | T3: Play_Defensive | U3: Faceoff_AfterGoal | V3: Shot_Missed | W3: Pass_Missed | X3: Goal_Shootout | Y3: Turnover_Takeaway | Z3: Zone_Exit | AA3: Penalty_Offsetting | AB3: PenaltyShot_Missed | AC3: Stoppage_Play | AD3: LoosePuck_Battle | AE3: Save_Freeze | AF3: Pass-Rim/Wrap | AG3: Pass-Rim/Wrap | AH3: Pass-Rim/Wrap | AI3: Pass-Rim/Wrap | AJ3: Giveaway-BattleLost | AK3: Takeaway-PokeCheck | AL3: ZoneEntry-Pass | AM3: ZoneExit-Pass | AN3: Zone-Pinch | AO3: Penalty-Boarding | AP3: Penalty-Boarding | AQ3: Penalty-Boarding | AR3: Stoppage-Offsides | AS3: Stoppage-PeriodStart | AT3: Stoppage-HomeTimeout | AU3: Shot-Slap | AV3: Shot-Slap | AW3: Shot-Slap | AX3: Shot-Slap | AY3: Shot-Slap | AZ3: Shot-Slap | BA3: Save-Blocker | BB3: Save-Blocker | BC3: Shot-Slap | BD3: Shot-Slap | BE3: Shot-Slap | BF3: Shot-Slap | BG3: Shot-Wrist | BH3: Shot-Wrist | BI3: Shot-Wrist | BJ3: Shot-Slap | BK3: Shot-Wrist | BL3: Shot-Wrist | BM3: Goal-Slap | BN3: Goal-Slap | BO3: Goal-Slap | BP3: Save-Blocker | BQ3: Rebound_OppTeamRecovered | BR3: Play-DriveMiddle | BS3: Play-PokeCheckFailed | BT3: PuckRetrieval | BU3: Pass | BV3: Involved | BW3: Shot-Slap | BX3: event_team_player_2 | BY3: o | CA3: FaceoffAfterGoal | CC3: Period Start | CE3: Assist-Secondary | CG3: OffensivePlay-DriveWide | CJ3: Defensive | CO3: AssistSecondary | CQ3: AttemptedBreakOutClear | CS3: HighToLow | CU3: Cycle | CW3: LeadToZoneEntry | CY3: OffensivePlay_ | CZ3: Possession | DA3: DriveWide | DD3: Defensive_Play | DE3: Possession | DF3: SeperateFromPuck | DG3: ZoneEntry-Pass | DH3: ZoneExit-Pass | DI3: Zone-Pinch
A4: Shot | C4: Faceoff-AfterPenalty | E4: Shot-Slap | G4: DriveWide | I4: PokeCheckFailed | N4: PostX | O4: 2.375 | U4: Faceoff_PeriodStart | V4: Shot_Blocked | W4: Pass_Deflected | X4: Goal_PenaltyShot | Z4: Zone_Keepin | AA4: Penalty_Major | AB4: PenaltyShot_Saved | AC4: Stoppage_Other | AE4: Save_Played | AF4: Pass-Backhand | AG4: Pass-Backhand | AH4: Pass-Backhand | AI4: Pass-Backhand | AJ4: Giveaway-PassIntercepted | AK4: Takeaway-PassIntercepted | AL4: ZoneEntry-DumpIn | AM4: ZoneExit-Clear | AN4: Zone-Other | AO4: Penalty-Charging | AP4: Penalty-Charging | AQ4: Penalty-Charging | AR4: Stoppage-ClockProblem | AS4: Stoppage-PeriodEnd | AT4: Stoppage-VisitorTimeout | AU4: Shot-Backhand | AV4: Shot-Backhand | AW4: Shot-Backhand | AX4: Shot-Backhand | AY4: Shot-Backhand | AZ4: Shot-Backhand | BA4: Save-LeftPad | BB4: Save-LeftPad | BC4: Shot-Backhand | BD4: Shot-Backhand | BE4: Shot-Backhand | BF4: Shot-Backhand | BG4: Shot-Slap | BH4: Shot-Slap | BI4: Shot-Slap | BJ4: Shot-Backhand | BK4: Shot-Slap | BL4: Shot-Slap | BM4: Goal-Backhand | BN4: Goal-Backhand | BO4: Goal-Backhand | BP4: Save-LeftPad | BQ4: Rebound_ShotGenerated | BR4: Play-DriveWide | BS4: Play-SeperateFromPuck | BT4: PuckRecovery | BU4: Goal | BV4: All | BW4: Shot-Backhand | BX4: event_team_player_3 | CA4: GameStart | CC4: Period End | CE4: Breakout | CG4: OffensivePlay-DriveCorner | CO4: AssistTertiary | CQ4: AttemptedBreakOutPass | CS4: CrossIce | CU4: Forecheck | CW4: LeadToTurnover | CY4: OffensivePlay_ | CZ4: Possession | DA4: DriveCorner | DD4: Defensive_Play | DE4: Possession | DF4: Backcheck | DG4: ZoneEntry-DumpIn | DH4: ZoneExit-Clear | DI4: Zone-Other
A5: Pass | C5: Faceoff-AfterGoal | E5: Shot-Backhand | G5: DriveCorner | I5: SeperateFromPuck | N5: PostY | O5: 2.375 | U5: Faceoff_AfterStoppage | V5: Shot_BlockedSameTeam | W5: Pass_Intercepted | Z5: Zone_Entryfailed | AB5: ShootoutShot_OnNet | AC5: Stoppage_GameEnd | AF5: Pass-Forehand | AG5: Pass-Forehand | AH5: Pass-Forehand | AI5: Pass-Forehand | AJ5: Giveaway-PassMissed | AK5: Takeaway-PassBlocked | AL5: ZoneEntry-Chip | AM5: ZoneExit-Chip | AO5: Penalty-CrossChecking | AP5: Penalty-CrossChecking | AQ5: Penalty-CrossChecking | AR5: Stoppage-HighStick | AT5: Stoppage-RinkRepair | AU5: Shot-Snap | AV5: Shot-Snap | AW5: Shot-Snap | AX5: Shot-Snap | AY5: Shot-Snap | AZ5: Shot-Snap | BA5: Save-RightPad | BB5: Save-RightPad | BC5: Shot-Snap | BD5: Shot-Snap | BE5: Shot-Snap | BF5: Shot-Snap | BG5: Shot-Backhand | BH5: Shot-Backhand | BI5: Shot-Backhand | BJ5: Shot-Snap | BK5: Shot-Backhand | BL5: Shot-Backhand | BM5: Goal-Tip | BN5: Goal-Snap | BO5: Goal-Snap | BP5: Save-RightPad | BQ5: Rebound_FlurryGenerated | BR5: Play-DriveCorner | BS5: Play-Backcheck | BT5: Regroup | BU5: Turnover | BV5: Involved | BW5: Shot-Snap | BX5: event_team_player_4 | CA5: FaceoffAfterPenalty | CC5: Puck Out of Play | CE5: End-to-End-Rush | CG5: OffensivePlay-DriveNetMiddle | CO5: AttemptedBreakOutClear | CQ5: AttemptedBreakOutRush | CS5: Slot | CU5: Dumpin | CW5: LeadToShot | CY5: OffensivePlay_ | CZ5: Possession | DA5: DriveNetMiddle | DD5: Defensive_Play | DE5: Possession | DF5: FroceWide | DG5: ZoneEntry-Chip | DH5: ZoneExit-Chip
A6: Goal | C6: Faceoff-PeriodStart | E6: Shot-Tip | G6: DriveNetMiddle | I6: Backcheck | U6: Faceoff_GameStart | V6: Shot_Deflected | Z6: Zone_ExitFailed | AB6: ShootoutShot_Missed | AF6: Pass-Bank | AG6: Pass-Bank | AH6: Pass-Bank | AI6: Pass-Bank | AJ6: Giveaway-PassBlocked | AK6: Takeaway-ShotBlocked | AL6: ZoneEntry-FromExitClear | AM6: ZoneExit-PassMiss/Misplay | AO6: Penalty-DelayofGame | AP6: Penalty-DelayofGame | AQ6: Penalty-DelayofGame | AR6: Stoppage-HandPass | AT6: Stoppage-PlayerEquipment | AU6: Shot-WrapAround | AV6: Shot-WrapAround | AW6: Shot-WrapAround | AX6: Shot-WrapAround | AY6: Shot-WrapAround | AZ6: Shot-WrapAround | BA6: Save-Stick | BB6: Save-Stick | BC6: Shot-WrapAround | BD6: Shot-WrapAround | BE6: Shot-WrapAround | BF6: Shot-WrapAround | BG6: Shot-Snap | BH6: Shot-Snap | BI6: Shot-Snap | BJ6: Shot-WrapAround | BK6: Shot-Snap | BL6: Shot-Snap | BM6: Goal-Snap | BN6: Goal-WrapAround | BO6: Goal-WrapAround | BP6: Save-Stick | BR6: Play-DriveNetMiddle | BS6: Play-FroceWide | BU6: Zone_Entry_Exit | BV6: Involved | BW6: Shot-WrapAround | BX6: event_team_player_5 | CA6: OtherFaceoff | CC6: Injury | CG6: OffensivePlay-DriveNetWide | CO6: AttemptedBreakOutPass | CQ6: AttemptedEntryDumpIn | CU6: Regroup | CW6: LeadToGoal | CY6: OffensivePlay_ | CZ6: Possession | DA6: DriveNetWide | DD6: Defensive_Play | DE6: Possession | DF6: Contain | DG6: ZoneEntry-FromExitClear | DH6: ZoneExit-PassMiss/Misplay
A7: Turnover | C7: Shot-OnNet | E7: Shot-Snap | G7: DriveNetWide | I7: FroceWide | V7: Shot_DeflectedOnNetSaved | Z7: Zone_KeepinFailed | AB7: ShootoutShot_Saved | AF7: Pass-Dump | AG7: Pass-Dump | AH7: Pass-Dump | AI7: Pass-Dump | AJ7: Giveaway-PassReceiverMissed | AK7: Takeaway-ZoneClear/Dump | AL7: ZoneEntry-PassMiss/Misplay | AM7: ZoneExit-OppTeam | AO7: Penalty-Diving | AP7: Penalty-Diving | AQ7: Penalty-Diving | AR7: Stoppage-NetDislodged | AT7: Stoppage-Challenge | AU7: Shot-Bat | AV7: Shot-Bat | AW7: Shot-Bat | AX7: Shot-Bat | AY7: Shot-Bat | AZ7: Shot-Bat | BA7: Save-Scramble | BB7: Save-Scramble | BC7: Shot-Bat | BD7: Shot-Bat | BE7: Shot-Bat | BF7: Shot-Bat | BG7: Shot-WrapAround | BH7: Shot-WrapAround | BI7: Shot-WrapAround | BJ7: Shot-Bat | BK7: Shot-WrapAround | BL7: Shot-WrapAround | BM7: Goal-WrapAround | BN7: Goal-Bat | BO7: Goal-Bat | BP7: Save-Scramble | BR7: Play-DriveNetWide | BS7: Play-Contain | BU7: Penalty | BV7: Involved | BW7: Shot-Bat | BX7: event_team_player_6 | CA7: DeadIce/Stoppage | CC7: Home Penalty | CG7: OffensivePlay-CrashNet | CO7: AttemptedBreakOutRush | CQ7: AttemptedEntryPass | CU7: Counter | CW7: LeadToPenalty | CY7: OffensivePlay_ | CZ7: Possession | DA7: CrashNet | DD7: Defensive_Play | DE7: Possession | DF7: BeatMiddle | DG7: ZoneEntry-PassMiss/Misplay | DH7: ZoneExit-OppTeam
A8: Zone_Entry_Exit | C8: Shot-Missed | E8: Shot-WrapAround | G8: CrashNet | I8: Contain | V8: Shot_Tipped | AF8: Pass-Tipped | AG8: Pass-Tipped | AH8: Pass-Tipped | AI8: Pass-Tipped | AJ8: Giveaway-ShotBlocked | AK8: Takeaway-AttemptedZoneClear/Dump | AL8: ZoneEntry-OppTeam | AM8: ZoneExit-Lob | AO8: Penalty-Elbowing | AP8: Penalty-Elbowing | AQ8: Penalty-Elbowing | AR8: Stoppage-Injury | AT8: Stoppage-Other | AU8: Shot-Cradle | AV8: Shot-Cradle | AW8: Shot-Cradle | AX8: Shot-Cradle | AY8: Shot-Cradle | AZ8: Shot-Cradle | BA8: Save-Butterfly | BB8: Save-Butterfly | BC8: Shot-Cradle | BD8: Shot-Cradle | BE8: Shot-Cradle | BF8: Shot-Cradle | BG8: Shot-Bat | BH8: Shot-Bat | BI8: Shot-Bat | BJ8: Shot-Cradle | BK8: Shot-Bat | BL8: Shot-Bat | BM8: Goal-Bat | BN8: Goal-Cradle | BO8: Goal-Cradle | BP8: Save-Butterfly | BR8: Play-CrashNet | BS8: Play-BeatMiddle | BU8: PenaltyShot_Shootout | BV8: Involved | BW8: Shot-Cradle | BX8: opp_team_player_1 | CA8: Intermission | CC8: Away Penalty | CG8: OffensivePlay-Delay | CO8: AttemptedEntryDumpIn | CQ8: AttemptedEntryRush | CU8: ZoneExit | CW8: LeadToFailedBreakout | CY8: OffensivePlay_ | CZ8: Possession | DA8: Delay | DD8: Defensive_Play | DE8: Possession | DF8: BeatWide | DG8: ZoneEntry-OppTeam | DH8: ZoneExit-Lob
A9: Penalty | C9: Shot-Blocked | E9: Shot-Bat | G9: Delay | I9: BeatMiddle | V9: Shot_TippedOnNetSaved | AF9: Pass-Lob | AG9: Pass-Lob | AH9: Pass-Lob | AI9: Pass-Lob | AJ9: Giveaway-ShotMissed | AK9: Takeaway-Other | AL9: ZoneEntry-Lob | AM9: ZoneExit-CausedTurnover | AO9: Penalty-GoalieInterference | AP9: Penalty-GoalieInterference | AQ9: Penalty-GoalieInterference | AR9: Stoppage-GoalieStoppage | AU9: Shot-Poke | AV9: Shot-Poke | AW9: Shot-Poke | AX9: Shot-Poke | AY9: Shot-Poke | AZ9: Shot-Poke | BA9: Save-Chest | BB9: Save-Chest | BC9: Shot-Poke | BD9: Shot-Poke | BE9: Shot-Poke | BF9: Shot-Poke | BG9: Shot-Cradle | BH9: Shot-Cradle | BI9: Shot-Cradle | BJ9: Shot-Poke | BK9: Shot-Cradle | BL9: Shot-Cradle | BM9: Goal-Cradle | BN9: Goal-Poke | BO9: Goal-Poke | BP9: Save-Chest | BR9: Play-Delay | BS9: Play-BeatWide | BU9: Stoppage | BV9: None | BW9: Shot-Poke | BX9: opp_team_player_2 | CA9: DelayedPenalty | CC9: Home Goalie Stoppage | CG9: OffensivePlay-Deke | CO9: AttemptedEntryPass | CQ9: AttemptedKeepin | CU9: ZoneEntry | CW9: LeadToFailedZoneEntry | CY9: OffensivePlay_ | CZ9: Possession | DA9: Deke | DD9: Defensive_Play | DE9: Possession | DF9: BeatDeke | DG9: ZoneEntry-Lob | DH9: ZoneExit-CausedTurnover
A10: PenaltyShot_Shootout | C10: Shot-BlockedSameTeam | E10: Shot-Cradle | G10: Deke | I10: BeatWide | V10: Shot_OnNetGoal | AF10: Pass-Drop | AG10: Pass-Drop | AH10: Pass-Drop | AI10: Pass-Drop | AJ10: Giveaway-ZoneClear/Dump | AL10: ZoneEntry-RushBreakaway | AM10: ZoneExit-PenaltyKillClear | AO10: Penalty-HighSticking | AP10: Penalty-HighSticking | AQ10: Penalty-HighSticking | AR10: Stoppage-PuckOutofPlay | AU10: Shot-BetweenLegs | AV10: Shot-BetweenLegs | AW10: Shot-BetweenLegs | AX10: Shot-BetweenLegs | AY10: Shot-BetweenLegs | AZ10: Shot-BetweenLegs | BA10: Save-Shoulder | BB10: Save-Shoulder | BC10: Shot-BetweenLegs | BD10: Shot-BetweenLegs | BE10: Shot-BetweenLegs | BF10: Shot-BetweenLegs | BG10: Shot-Poke | BH10: Shot-Poke | BI10: Shot-Poke | BJ10: Shot-BetweenLegs | BK10: Shot-Poke | BL10: Shot-Poke | BM10: Goal-Poke | BN10: Goal-BetweenLegs | BO10: Goal-BetweenLegs | BP10: Save-Other | BR10: Play-Deke | BS10: Play-BeatDeke | BU10: Hit | BV10: Involved | BW10: Shot-BetweenLegs | BX10: opp_team_player_3 | CA10: GameStart | CC10: Away Goalie Stoppage | CG10: OffensivePlay-Chip | CO10: AttemptedEntryRush | CQ10: Backcheck | CU10: Clear | CY10: OffensivePlay_ | CZ10: Possession | DA10: Chip | DD10: Defensive_Play | DE10: Possession | DF10: BeatSpeed | DG10: ZoneEntry-RushBreakaway | DH10: ZoneExit-PenaltyKillClear
A11: Stoppage | C11: Shot-Deflected | E11: Shot-Poke | G11: Chip | I11: BeatDeke | V11: Shot_OnNetTippedGoal | AF11: Pass-Deflected/TippedShot | AG11: Pass-Deflected/TippedShot | AH11: Pass-Deflected/TippedShot | AI11: Pass-Deflected/TippedShot | AJ11: Giveaway-AttemptedZoneClear/Dump | AL11: ZoneEntry-CausedTurnover | AM11: ZoneExit-Shot | AO11: Penalty-Holding | AP11: Penalty-Holding | AQ11: Penalty-Holding | AR11: Stoppage-Penalty | AU11: Shot-Tip | AV11: Shot-Tip | AW11: Shot-Other | AX11: Shot-Other | AY11: Shot-Other | AZ11: Shot-Other | BA11: Save-Skate | BB11: Save-Skate | BC11: Shot-Dumpin | BD11: Shot-Dumpin | BE11: Shot-Dumpin | BF11: Shot-Dumpin | BG11: Shot-BetweenLegs | BH11: Shot-BetweenLegs | BI11: Shot-BetweenLegs | BJ11: Shot-Dumpin | BK11: Shot-BetweenLegs | BL11: Shot-BetweenLegs | BM11: Goal-BetweenLegs | BN11: Goal-Other | BO11: Goal-Other | BR11: Play-Chip | BS11: Play-BeatSpeed | BU11: Possession | BV11: Involved | BW11: Shot-Dumpin | BX11: opp_team_player_4 | CC11: Home Offside | CG11: OffensivePlay-Other | CO11: AttemptedKeepin | CQ11: BeatDeke | CY11: OffensivePlay_ | CZ11: Possession | DA11: Other | DD11: Defensive_Play | DE11: Possession | DF11: Pressure | DG11: ZoneEntry-CausedTurnover | DH11: ZoneExit-Other
A12: Hit | C12: Shot-DeflectedOnNet | E12: Shot-BetweenLegs | G12: Other | I12: BeatSpeed | V12: Shot_OnNetDeflectedGoal | AF12: Pass-ReceiverMissed | AG12: Pass-ReceiverMissed | AH12: Pass-ReceiverMissed | AI12: Pass-ReceiverMissed | AJ12: Giveaway-ZoneEntry/ExitMisplay | AL12: ZoneEntry-PenaltyKillClear | AM12: ZoneExit-Other | AO12: Penalty-Interference | AP12: Penalty-Interference | AQ12: Penalty-Interference | AR12: Stoppage-Goal | AU12: Shot-Other | AV12: Shot-Other | BA12: Save-Other | BB12: Save-Other | BC12: Shot-OneTime | BD12: Shot-OneTime | BE12: Shot-OneTime | BF12: Shot-OneTime | BG12: Shot-Dumpin | BH12: Shot-Dumpin | BI12: Shot-Dumpin | BJ12: Shot-OneTime | BK12: Shot-Dumpin | BL12: Shot-Dumpin | BM12: Goal-Dumpin | BR12: Play-Other | BS12: Play-BoxOut | BU12: LoosePuck | BV12: None | BW12: Shot-OneTime | BX12: opp_team_player_5 | CC12: Home Icing | CG12: OffensivePlay-DumpChase | CO12: Breakout | CQ12: BeatFake | CY12: OffensivePlay_ | CZ12: Possession | DA12: Speed | DD12: Defensive_Play | DE12: Possession | DF12: Zone | DG12: ZoneEntry-PenaltyKillClear
A13: Possession | C13: Shot-Tipped | E13: Shot-Dumpin | G13: DumpChase | I13: BoxOut | V13: Shot_Goal | AF13: Pass-OneTouch | AG13: Pass-Other | AH13: Pass-Other | AI13: Pass-Other | AJ13: Giveaway-DumpInZone | AL13: ZoneEntry-Shot | AO13: Penalty-Hooking | AP13: Penalty-Fighting | AQ13: Penalty-Fighting | BC13: Shot-Tip | BD13: Shot_Tipped | BE13: Shot_Tipped | BF13: Shot_Tipped | BG13: Shot-OneTime | BH13: Shot-OneTime | BI13: Shot-OneTime | BJ13: Shot-Other | BK13: Shot-OneTime | BL13: Shot-OneTime | BM13: Goal-Deflection | BR13: Play-DumpChase | BS13: Play-AttemptedClear | BU13: Save | BV13: Involved | BW13: Shot_Tipped | BX13: opp_team_player_6 | CC13: Away Offside | CG13: OffensivePlay-Forecheck | CO13: Breakout | CQ13: BeatMiddle | CY13: OffensivePlay_ | CZ13: Possession | DA13: OpenIceDeke | DD13: Defensive_Play | DE13: Possession | DF13: ManOnMan | DG13: ZoneEntry-Other
A14: LoosePuck | C14: Pass-Completed | E14: Shot-Deflection | G14: Forecheck | I14: Other | V14: Shot_MissedPost | AF14: Pass-SecondTouch | AG14: Pass-SecondTouch | AH14: Pass-SecondTouch | AI14: Pass-SecondTouch | AJ14: Giveaway-Other | AL14: ZoneEntry-Other | AO14: Penalty-Roughing | AP14: Penalty-Hooking | AQ14: Penalty-Hooking | BC14: Shot-Other | BD14: Shot-Other | BE14: Shot-Other | BF14: Shot-Other | BG14: Shot-Other | BH14: Shot-Other | BI14: Shot-Other | BJ14: Shot-Deflection | BK14: Shot-Other | BL14: Shot-Other | BM14: Goal-OneTime | BR14: Play-Forecheck | BS14: Play-Other | BU14: TeamPossessionChange | BV14: None | BW14: Shot-Other | CC14: Away Icing | CG14: OffensivePlay-Speed | CO14: CededZoneEntry | CQ14: BeatSpeed | CY14: OffensivePlay_ | CZ14: Possession | DA14: EndToEndRush | DD14: Defensive_Play | DE14: Possession | DF14: Tracker
A15: Save | C15: Pass-Missed | E15: Shot-OneTime | G15: Speed | AF15: Pass-QuickUp | AG15: Pass-QuickUp | AH15: Pass-QuickUp | AI15: Pass-QuickUp | AO15: Penalty-Slashing | AP15: Penalty-Roughing | AQ15: Penalty-Roughing | BJ15: Shot-Tip | BM15: Goal-Other | BR15: Play-Speed | BU15: Rebound | BV15: Invoived | CC15: Clock Problem | CG15: OffensivePlay-Dump/RimInZone | CO15: CededZoneExit | CQ15: BeatWide | CY15: OffensivePlay_ | CZ15: Possession | DA15: FrontofNet | DD15: Defensive_Play | DE15: Possession | DF15: Surf
A16: TeamPossessionChange | C16: Pass-Deflected | E16: Shot-Other | AF16: Pass-GiveAndGo | AG16: Pass-GiveAndGo | AH16: Pass-GiveAndGo | AI16: Pass-GiveAndGo | AO16: Penalty-TooManyMenontheIce | AP16: Penalty-Slashing | AQ16: Penalty-Slashing | BR16: Play-Dump/RimInZone | CC16: Puck Frozen | CG16: DefensivePlay-PokeCheck | CO16: Chip | CQ16: BlockedShot | CY16: OffensivePlay_ | CZ16: Possession | DA16: CutBack | DD16: Defensive_Play | DE16: Possession | DF16: StickCheck
A17: Rebound | C17: Pass-Intercepted | E17: Pass-Stretch | AF17: Pass-Reverse | AG17: Pass-Reverse | AH17: Pass-Reverse | AI17: Pass-Reverse | AO17: Penalty-Tripping | AP17: Penalty-Misconduct | AQ17: Penalty-Misconduct | CC17: Puck in Crowd | CG17: DefensivePlay-PokeCheckFailed | CO17: CrashNet | CQ17: BoxOut | CY17: OffensivePlay_ | CZ17: Possession | DA17: Wheel | DD17: Defensive_Play | DE17: Pass | DF17: PassBlocked
A18: DeadIce | C18: Turnover-Giveaway | E18: Pass-Rim/Wrap | AF18: Pass-Other | AG18: Pass-Other | AH18: Pass-Other | AI18: Pass-Other | AO18: Penalty-Other | AP18: Penalty-TooManyMenontheIce | AQ18: Penalty-TooManyMenontheIce | CC18: Goalie Stopped (after SOG) | CG18: DefensivePlay-SeperateFromPuck | CO18: CutBack | CQ18: CededZoneEntry | CY18: OffensivePlay_ | CZ18: Possession | DA18: ForecedOutside | DD18: Defensive_Play | DE18: Pass | DF18: PassIntercepted
A19: Play | C19: Turnover-Takeaway | E19: Pass-Backhand | AP19: Penalty-Tripping | AQ19: Penalty-Tripping | CC19: Referee or Linesperson | CG19: DefensivePlay-Backcheck | CO19: Cycle | CQ19: CededZoneExit | CY19: OffensivePlay_ | CZ19: Pass | DA19: AssistPrimary | DD19: Defensive_Play | DE19: Pass | DF19: InShotPassLane
A20: Timeout | C20: Zone-Entry | E20: Pass-Forehand | AP20: Penalty-UnsportsmanlikeConduct | AQ20: Penalty-UnsportsmanlikeConduct | CC20: High Stick | CG20: DefensivePlay-FroceWide | CO20: Deke | CQ20: ClearingAttempt | CY20: OffensivePlay_ | CZ20: Pass | DA20: AssistSecondary | DD20: Defensive_Play | DE20: Shot | DF20: BoxOut
A21: Intermission | C21: Zone-Exit | E21: Pass-Bank | AP21: Penalty-Other | AQ21: Penalty-Other | CC21: Objects on Ice | CG21: DefensivePlay-Contain | CO21: Delay | CQ21: Contain | CY21: OffensivePlay_ | CZ21: Pass | DA21: AssistTertiary | DD21: Defensive_Play | DE21: Shot | DF21: BlockedShot
A22: Clockstop | C22: Zone-Keepin | E22: Pass-Other | CC22: Hand Pass | CG22: DefensivePlay-BeatMiddle | CO22: DriveCorner | CQ22: ForcedDumpin/Clear | CY22: OffensivePlay_ | CZ22: Pass | DA22: GiveAndGo | DD22: Defensive_Play | DE22: Shot | DF22: FrontofNet
A23: GameStart | C23: Penalty | E23: Giveaway-Misplayed | CC23: Premature Substitution | CG23: DefensivePlay-BeatWide | CO23: DriveMiddle | CQ23: ForcedLostPossession | CY23: OffensivePlay_ | CZ23: Pass | DA23: Reverse | DD23: Defensive_Play | DE23: Zone | DF23: ClearingAttempt
A24: GameEnd | C24: Penalty-Offsetting | E24: Giveaway-BattleLost | CC24: Puck in Netting | CG24: DefensivePlay-BeatDeke | CO24: DriveNetMiddle | CQ24: ForcedMissedPass | CY24: OffensivePlay_ | CZ24: Pass | DA24: QuickUp | DD24: Defensive_Play | DE24: Zone | DF24: ZoneEntryDenial
A25: Penalty_Delayed | C25: Stoppage-Freeze | E25: Giveaway-PassIntercepted | CC25: Puck in Benches | CG25: DefensivePlay-BeatSpeed | CO25: DriveNetWide | CQ25: ForcedMissedShot | CY25: OffensivePlay_ | CZ25: Pass | DA25: SecondTouch | DD25: Defensive_Play | DE25: Zone | DF25: ZoneExitDenial
A26: Zone_Change | C26: Stoppage-OutfofPlay | E26: Giveaway-PassMissed | CC26: Net Dislodged Offensive Skater | CG26: DefensivePlay-BoxOut | CO26: DriveWide | CQ26: ForcedTurnover | CY26: OffensivePlay_ | CZ26: Pass | DA26: ReceiverMissed | DD26: Defensive_Play | DE26: Zone | DF26: PenaltyKillClear
C27: Stoppage-PeriodEnd | E27: Giveaway-PassBlocked | CC27: Puck Frzn-Goalie-Bynd Ctr | CG27: DefensivePlay-AttemptedClear | CO27: Dump/RimInZone | CQ27: ForceWide | CY27: OffensivePlay_ | CZ27: Shot | DA27: Screen | DD27: Defensive_Play | DE27: Zone | DF27: PuckRetrievalDumpIn
C28: Stoppage-Goal | E28: Giveaway-ShotBlocked | CC28: Skater Puck Frozen | CG28: DefensivePlay-Other | CO28: DumpChase | CQ28: Forecheck | CY28: OffensivePlay_ | CZ28: Zone | DA28: Breakout | DD28: Defensive_Play | DE28: Zone | DF28: PuckRetrievalShot
C29: Stoppage-Penalty | E29: Giveaway-ShotMissed | CC29: Valid stoppage type reasons (reason): | CG29: OffensivePlay-Shot | CO29: DumpInAttempt | CQ29: FrontofNet | CY29: OffensivePlay_ | CZ29: Zone | DA29: DumpChase | DD29: Defensive_Play | DE29: Zone | DF29: PuckRetreivalTurnover
C30: Shootout-OnNet | E30: Giveaway-Other | CC30: TV timeout | CG30: OffensivePlay-Pass | CO30: EndToEndRush | CQ30: GapControl | CY30: OffensivePlay_ | CZ30: Zone | DA30: Forecheck | DD30: Defensive_Play | DE30: Zone | DF30: PuckRetreivalPass
C31: Shootout-Missed | E31: Takeaway-BattleWon | CC31: Home Timeout | CG31: OffensivePlay_Breakout | CO31: FakeShot | CQ31: InShotPassLane | CY31: OffensivePlay_ | CZ31: Zone | DA31: Dump/RimInZone | DD31: Defensive_Play | DE31: Zone | DF31: PuckRetrievalRebound
C32: Shootout-Saved | E32: Takeaway-PokeCheck | CC32: Visitor Timeout | CG32: OffensivePlay-AssistPrimary | CO32: ForecedOutside | CQ32: LoosePuckBattleLost | CY32: OffensivePlay_ | CZ32: Zone | DA32: DumpInAttempt | DD32: Defensive_Play | DE32: Zone | DF32: PuckRecoveryDumpIn
C33: PenaltyShot-OnNet | E33: Takeaway-PassIntercepted | CC33: Player Injury | CG33: OffensivePlay-AssistSecondary | CO33: Forecheck | CQ33: LoosePuckBattleWon | CY33: OffensivePlay_ | CZ33: Zone | DA33: Breakout | DD33: Defensive_Play | DE33: Zone | DF33: PuckRecoveryShot
C34: PenaltyShot-Missed | E34: Takeaway-PassBlocked | CC34: Official Injury | CG34: DefensivePlay-BlockedShot | CO34: FrontofNet | CQ34: ManOnMan | CY34: OffensivePlay_ | CZ34: Zone | DA34: Cycle | DD34: Defensive_Play | DE34: Zone | DF34: PuckRecoveryTurnover
C35: PenaltyShot-Saved | E35: Takeaway-ShotBlocked | CC35: Rink Repair | CG35: DefensivePlay-PassBlocked | CO35: GiveAndGo | CQ35: PassDeflected | CY35: OffensivePlay_ | CZ35: Zone | DA35: PuckRetrievalDumpIn | DD35: Defensive_Play | DE35: Zone | DF35: PuckRecoveryPass
C36: LoosePuck-Forecheck | E36: Takeaway-Other | CC36: Ice problem | CG36: DefensivePlay-PassIntercepted | CO36: LoosePuckBattleLost | CQ36: PassIntercepted | CY36: OffensivePlay_ | CZ36: Zone | DA36: PuckRetrievalShot | DD36: Defensive_Play | DE36: Zone | DF36: PuckRecoveryRebound
C37: LoosePuck-Battle | E37: ZoneEntry-Rush | CC37: Player Equipment | CG37: OffensivePlay-FrontofNet | CO37: LoosePuckBattleWon | CQ37: PenaltyKillClear | CY37: OffensivePlay_ | CZ37: Zone | DA37: PuckRetreivalTurnover | DD37: Defensive_Play | DE37: Zone | DF37: ForcedDumpin/Clear
C38: Save-Rebound | E38: ZoneEntry-Pass | CC38: Video Review | CG38: DefensivePlay-FrontofNet | CO38: LostPuck | CQ38: PokeCheck | CY38: OffensivePlay_ | CZ38: Zone | DA38: PuckRetreivalPass
C39: Save-Freeze | E39: ZoneEntry-DumpIn | CC39: Chlg Hm - off-side | CG39: OffensivePlay-DumpInAttempt | CO39: MisplayedPuck | CQ39: Pressure | CY39: OffensivePlay_ | CZ39: Zone | DA39: PuckRetreivalRebound
C40: Save | E40: ZoneExit-Rush | CC40: Chlg Vis - off-side | CG40: DefensivePlay-ClearingAttempt | CO40: OpenIceDeke | CQ40: PuckRecoveryDumpIn | CY40: OffensivePlay_ | CZ40: Zone | DA40: PuckRetreivalShot
C41: DeadIce | E41: ZoneExit-Pass | CC41: Chlg Hm - goal interference | CG41: OffensivePlay-OpenIceDeke | CO41: Other | CQ41: PuckRecoveryFaceoff | CY41: OffensivePlay_ | CZ41: Zone | DA41: PuckRecoveryDumpIn
C42: Play | E42: ZoneExit-Clear | CC42: Chlg Vis - goal interference | CG42: OffensivePlay-PuckRetrievalDumpIn | CO42: PuckRecoveryDumpIn | CQ42: PuckRecoveryOther | CY42: OffensivePlay_ | CZ42: Zone | DA42: PuckRecoveryShot
C43: Faceoff-GameStart | E43: Zone-KeepIn | CC43: Chlg League - off-side | CG43: OffensivePlay-PuckRetrievalShot | CO43: PuckRecoveryFaceoff | CQ43: PuckRecoveryPass | CY43: OffensivePlay_ | CZ43: Zone | DA43: PuckRecoveryTurnover
E44: Zone-Pinch | CC44: Chlg League - goal interference | CG44: OffensivePlay-PuckRetreivalTurnover | CO44: PuckRecoveryOther | CQ44: PuckRecoveryRebound | CY44: OffensivePlay_ | CZ44: Zone | DA44: PuckRecoveryPass
E45: Zone-Other | CC45: Switch sides | CG45: OffensivePlay-PuckRetreivalPass | CO45: PuckRecoveryPass | CQ45: PuckRecoveryShot | CY45: OffensivePlay_ | CZ45: Zone | DA45: PuckRecoveryRebound
E46: Save-Glove | CC46: Chlg Hm - Missed stoppage | CG46: DefensivePlay-PuckRetrievalDumpIn | CO46: PuckRecoveryRebound | CQ46: PuckRecoveryTurnover
E47: Save-Blocker | CC47: Chlg Vis - Missed stoppage | CG47: DefensivePlay-PuckRetrievalShot | CO47: PuckRecoveryShot | CQ47: PuckRetreivalFaceoff
E48: Save-LeftPad | CC48: Chlg League - Missed stoppage | CG48: DefensivePlay-PuckRetreivalTurnover | CO48: PuckRecoveryTurnover | CQ48: PuckRetreivalOther
E49: Save-RightPad | CC49: Chlg Hm - puck over glass | CG49: DefensivePlay-PuckRetreivalPass | CO49: PuckRetreivalFaceoff | CQ49: PuckRetreivalPass
E50: Save-Stick | CC50: Chlg Vis - puck over glass | CG50: DefnsivePlay-ForceedDumpin/Clear | CO50: PuckRetreivalOther | CQ50: PuckRetreivalTurnover
E51: Save-Scramble | CC51: Chlg League - puck over glass | CG51: DefensivePlay-Pressure | CO51: PuckRetreivalPass | CQ51: PuckRetrievalDumpIn
E52: Save-Butterfly | CC52: Home Goal | CG52: DefensivePlay-ZoneEntryDenial | CO52: PuckRetreivalRebound | CQ52: PuckRetrievalRebound
E53: Save-Chest | CC53: Away Goal | CG53: DefensivePlay-ZoneExitDenial | CO53: PuckRetreivalShot | CQ53: PuckRetrievalShot
E54: Save-Other | CC54: Away Goalie Stopped (after Home SOG) | CG54: OffensivePlay-ZoneKeepin | CO54: PuckRetreivalTurnover | CQ54: RegroupClear
E55: Stoppage-StartofShootout | CC55: Home Goalie Stopped (after Away SOG) | CO55: PuckRetrievalDumpIn | CQ55: SeperateFromPuck
E56: Stoppage-PeriodStart | CC56: DeadIce/Stoppage | CO56: PuckRetrievalShot | CQ56: StickCheck
E57: Stoppage-PeriodEnd | CC57: Offset Penalty | CO57: QuickUp | CQ57: StoppedDeke
E58: Stoppage-PuckOutofPlay | CC58: GameEnd | CO58: ReceiverMissed | CQ58: Surf
E59: Stoppage-Penalty | CO59: Regroup | CQ59: Tracker
E60: Stoppage-Icing | CO60: RegroupDumpin | CQ60: Zone
E61: Stoppage-Offsides | CO61: Reverse | CQ61: ZoneEntryDenial
E62: Stoppage-GoalieStoppage | CO62: Screen | CQ62: ZoneExitDenial
E63: Stoppage-ClockProblem | CO63: SecondTouch
E64: Stoppage-HighStick | CO64: Speed
E65: Stoppage-ObjectsonIce | CO65: Wheel
E66: Stoppage-HandPass | CO66: ZoneKeepin
E67: Stoppage-NetDislodged
E68: Stoppage-HomeTimeout
E69: Stoppage-VisitorTimeout
E70: Stoppage-Injury
E71: Stoppage-OfficialInjury
E72: Stoppage-RinkRepair
E73: Stoppage-PlayerEquipment
E74: Stoppage-Challenge
E75: Stoppage-Other
E76: Penalty-Bench Penalty
E77: Penalty-Boarding
E78: Penalty-Charging
... E98: Play-Defensive

Sheet events
A1: event_index_ | B1: linked_event_index_ | C1: sequence_index | D1: play_index | E1: event_start_min_ | F1: event_start_sec_ | G1: event_end_min_ | H1: event_end_sec_ | I1: team_ | J1: player_game_number | K1: role_abrev_binary_ | L1: event_team_zone_ | M1: event_type_ | N1: event_detail_ | O1: event_detail_2_ | P1: event_successful_ | Q1: play_detail1 | R1: play_detail2 | S1: play_detail_successful | T1: pressured_pressurer | U1: period | V1: home_team_zone_ | W1: away_team_zone_ | X1: team_venue_ | Y1: team_venue_abv_ | Z1: event_start_min | AA1: event_start_sec | AB1: event_end_min | AC1: event_end_sec | AD1: role_abrev | AE1: Type | AF1: event_detail | AG1: event_detail_2 | AH1: event_successful | AI1: event_team_zone | AJ1: home_team_zone | AK1: away_team_zone | AL1: team_venue | AM1: team_venue_abv | AN1: side_of_puck | AO1: event_index | AP1: linked_event_index | AQ1: tracking_event_index | AR1: zone_change_index | AS1: game_id | AT1: home_team | AU1: away_team | AV1: duration | AW1: time_start_total_seconds | AX1: time_end_total_seconds | AY1: shift_index | AZ1: player_role | BA1: role_number | BB1: running_intermission_duration | BC1: period_start_total_running_seconds | BD1: running_video_time | BE1: event_running_start | BF1: event_running_end
A2: 0 | K2: x | U2: 1 | V2: =IF(I2="","",IF(I2="Home",L2,"")) | X2: =IF(I2="H","Home",IF(I2="A","Away","")) | AB2: =IF(G2<>"",G2,IF($A2=$A1,AB1,"")) | AC2: =IF(H2<>"",H2,IF($A2=$A1,AC1,"")) | AD2: =IF(K2="x","",IF(K2=1,"e","o")) | AE2: =IF(M2<>"",M2,IF(A2=A1,M2,"")) | AO2: =A2+1000 -> 1000 | AP2: =IF(B2<>"",9000+B2,"") | AQ2: =IF(AP2<>"",AP2,A2+1000) -> 1000 | AR2: 1 | AS2: 18965 | AT2: OS Offices | AU2: Velodrome | BC2: 0 | BD2: 0 | BE2: =IF(BD2<5,0,BD2-5) -> 0 | BF2: =BE2+AV2+5 -> 5
A3: 1 | E3: 18 | F3: 00 | I3: a | J3: 70 | K3: 1 | L3: n | M3: Faceoff | N3: Faceoff_GameStart | U3: =IF(M3="Intermission",U2+1,U2) -> 1 | V3: =IF($I3="","",IF(L3="","",IF($I3="Home",$L3,IF($L3="n","n",IF($L3="d","o",IF($L3="o","d","")))))) -> n | W3: =IF($I3="","",IF(L3="","",IF($I3="Away",$L3,IF($L3="n","n",IF($L3="d","o",IF($L3="o","d","")))))) -> n | X3: =IF(Y3="H","Home",IF(Y3="A","Away","")) -> Away | Y3: =IF($I3<>"",$I3,IF($A3=$A2,Y2,"")) -> a | Z3: =IF(E3<>"",E3,IF($AQ3=$AQ2,Z2,Z3)) -> 18 | AA3: =IF($AQ3=$AQ2,AA2,F3) -> 00 | AB3: =IF(G3<>"",G3,IF($AQ3=$AQ2,AB2,"")) | AC3: =IF(H3<>"",H3,IF($AQ3=$AQ2,AC2,"")) | AD3: =IF(K3="x","",IF(K3=1,"e","o")) -> e | AE3: =IF($M3<>"",$M3,IF($A3=$A2,AE2,"")) -> Faceoff | AF3: =IF(N3<>"",N3,IF($A3=$A2,AF2,"")) -> Faceoff_GameStart | AG3: =IF(O3<>"",O3,IF($A3=$A2,AG2,"")) | AH3: =IF($P3<>"",$P3,IF($A3=$A2,AH2,"")) | AI3: =IF($L3<>"",$L3,IF($A3=$A2,AI2,"")) -> n | AJ3: =IF(V3<>"",V3,IF($A3=$A2,AJ2,"")) -> n | AK3: =IF(W3<>"",W3,IF($A3=$A2,AK2,"")) -> n | AL3: =IF(X3<>"",X3,IF($A3=$A2,AL2,"")) -> Away | AM3: =IF(Y3<>"",Y3,IF($A3=$A2,AM2,"")) -> a | AN3: =IF(AND(AD3="e",OR(AE3="Save",AF3="Turnover_Takeaway",AF3="Play_Defensive")),"Defensive",IF(AND(AD3="o",OR(AE3="Save",AF3="Turnover_Takeaway",AF3="Play_Defensive")),"Offensive",IF(OR(AE3="Deadice",AE3="Stoppage",AE3="Intermission"),"",IF(AD3="e","Offensive",IF(AD3="o","Defensive",""))))) -> Offensive | AO3: =A3+1000 -> 1001 | AP3: =IF(B3<>"",9000+B3,"") | AQ3: =IF(AP3<>"",AP3,A3+1000) -> 1001 | AR3: =IF(OR(N3="Zone_Entry",N3="Zone_Exit"),AR2+1,AR2) -> 1 | AV3: =IF(AND(AB3="",AC3=""),0,((Z3*60)+AA3)-((AB3*60)+AC3)) -> 0 | AW3: =(Z3*60)+AA3 -> 1080 | AX3: =IF(AND(AB3="",AC3=""),AW3,((AB3*60)+AC3)) -> 1080 | AY3: {=_xlfn._xlws.FILTER(shifts!A:A,(shifts!B:B=events!U3)*(shifts!AG:AG>=events!AW3)*(shifts!AH:AH<=events!AX3))} -> 1 | AZ3: =IF(AD3="e","event_team_player_"&BA3,IF(AD3="o","opp_team_player_"&BA3,"")) -> event_team_player_1 | BA3: =COUNTIFS(A$3:A3,"="&A3,AD$3:AD3,"="&AD3) -> 1 | BB3: =SUMIFS(AV3:AV3,M3:M3,"=Intermission") -> 0 | BC3: =IF(U3=1,0,IF(U3=2,1080+BB3,IF(U3=3,(1080*2)+BB3,0))) -> 0 | BD3: =IF(M3="Intermission",BD2,((1080)-((Z3*60)+AA3))+BC3) -> 0 | BE3: =IF(BD3<5,0,BD3-5) -> 0 | BF3: =BE3+AV3+5 -> 5
A4: 1 | J4: 84 | U4: =IF(M4="Intermission",U3+1,U3) -> 1 | V4: =IF($I4="","",IF(L4="","",IF($I4="Home",$L4,IF($L4="n","n",IF($L4="d","o",IF($L4="o","d","")))))) | W4: =IF($I4="","",IF(L4="","",IF($I4="Away",$L4,IF($L4="n","n",IF($L4="d","o",IF($L4="o","d","")))))) | X4: =IF(Y4="H","Home",IF(Y4="A","Away","")) -> Away | Y4: =IF($I4<>"",$I4,IF($A4=$A3,Y3,"")) -> a | Z4: =IF($AQ4=$AQ3,Z3,E4) -> 18 | AA4: =IF($AQ4=$AQ3,AA3,F4) -> 00 | AB4: =IF(G4<>"",G4,IF($AQ4=$AQ3,AB3,"")) | AC4: =IF(H4<>"",H4,IF($AQ4=$AQ3,AC3,"")) | AD4: =IF(K4="x","",IF(K4=1,"e","o")) -> o | AE4: =IF(M4<>"",M4,IF($A4=$A3,AE3,"")) -> Faceoff | AF4: =IF(N4<>"",N4,IF($A4=$A3,AF3,"")) -> Faceoff_GameStart | AG4: =IF(O4<>"",O4,IF($A4=$A3,AG3,"")) | AN4: =IF(AND(AD4="e",OR(AE4="Save",AF4="Turnover_Takeaway",AF4="Play_Defensive")),"Defensive",IF(AND(AD4="o",OR(AE4="Save",AF4="Turnover_Takeaway",AF4="Play_Defensive")),"Offensive",IF(OR(AE4="Deadice",AE4="Stoppage",AE4="Intermission"),"",IF(AD4="e","Offensive",IF(AD4="o","Defensive",""))))) -> Defensive | AP4: =IF(B4<>"",9000+B4,"") | AQ4: =IF(AP4<>"",AP4,A4+1000) -> 1001 | AR4: =IF(OR(N4="Zone_Entry",N4="Zone_Exit"),AR3+1,AR3) -> 1 | AV4: =IF(AND(AB4="",AC4=""),0,((Z4*60)+AA4)-((AB4*60)+AC4)) -> 0 | AW4: =(Z4*60)+AA4 -> 1080 | AX4: =IF(AND(AB4="",AC4=""),AW4,((AB4*60)+AC4)) -> 1080 | AY4: {=_xlfn._xlws.FILTER(shifts!A:A,(shifts!B:B=events!U4)*(shifts!AG:AG>=events!AW4)*(shifts!AH:AH<=events!AX4))} -> 1 | AZ4: =IF(AD4="e","event_team_player_"&BA4,IF(AD4="o","opp_team_player_"&BA4,"")) -> opp_team_player_1 | BA4: =COUNTIFS(A$3:A4,"="&A4,AD$3:AD4,"="&AD4) -> 1 | BB4: =SUMIFS(AV4:AV4,M4:M4,"=Intermission") -> 0 | BC4: =IF(U4=1,0,IF(U4=2,1080+BB4,IF(U4=3,(1080*2)+BB4,0))) -> 0 | BD4: =IF(M4="Intermission",BD3,((1080)-((Z4*60)+AA4))+BC4) -> 0 | BE4: =IF(BD4<5,0,BD4-5) -> 0 | BF4: =BE4+AV4+5 -> 5
A5: 1 | J5: 46 | U5: =IF(M5="Intermission",U4+1,U4) -> 1 | V5: =IF($I5="","",IF(L5="","",IF($I5="Home",$L5,IF($L5="n","n",IF($L5="d","o",IF($L5="o","d","")))))) | W5: =IF($I5="","",IF(L5="","",IF($I5="Away",$L5,IF($L5="n","n",IF($L5="d","o",IF($L5="o","d","")))))) | Z5: =IF($AQ5=$AQ4,Z4,E5) -> 18 | AA5: =IF($AQ5=$AQ4,AA4,F5) -> 00 | AB5: =IF(G5<>"",G5,IF($AQ5=$AQ4,AB4,"")) | AC5: =IF(H5<>"",H5,IF($AQ5=$AQ4,AC4,"")) | AD5: =IF(K5="x","",IF(K5=1,"e","o")) -> o | AE5: =IF(M5<>"",M5,IF($A5=$A4,AE4,"")) -> Faceoff | AF5: =IF(N5<>"",N5,IF($A5=$A4,AF4,"")) -> Faceoff_GameStart | AG5: =IF(O5<>"",O5,IF($A5=$A4,AG4,"")) | AN5: =IF(AND(AD5="e",OR(AE5="Save",AF5="Turnover_Takeaway",AF5="Play_Defensive")),"Defensive",IF(AND(AD5="o",OR(AE5="Save",AF5="Turnover_Takeaway",AF5="Play_Defensive")),"Offensive",IF(OR(AE5="Deadice",AE5="Stoppage",AE5="Intermission"),"",IF(AD5="e","Offensive",IF(AD5="o","Defensive",""))))) -> Defensive | AP5: =IF(B5<>"",9000+B5,"") | AQ5: =IF(AP5<>"",AP5,A5+1000) -> 1001 | AV5: =IF(AND(AB5="",AC5=""),0,((Z5*60)+AA5)-((AB5*60)+AC5)) -> 0 | BB5: =SUMIFS(AV5:AV5,M5:M5,"=Intermission") -> 0 | BC5: =IF(U5=1,0,IF(U5=2,1080+BB5,IF(U5=3,(1080*2)+BB5,0))) -> 0 | BD5: =IF(M5="Intermission",BD4,((1080)-((Z5*60)+AA5))+BC5) -> 0 | BE5: =IF(BD5<5,0,BD5-5) -> 0 | BF5: =BE5+AV5+5 -> 5
A6: 2 | E6: 17 | F6: 59 | G6: 17 | H6: 56 | I6: a | J6: 52 | K6: 1 | L6: n | M6: Possession | T6: 1 | U6: =IF(M6="Intermission",U5+1,U5) -> 1 | Z6: =IF($AQ6=$AQ5,Z5,E6) -> 17 | AA6: =IF($AQ6=$AQ5,AA5,F6) -> 59 | AD6: =IF(K6="x","",IF(K6=1,"e","o")) -> e | AE6: =IF(M6<>"",M6,IF($A6=$A5,AE5,"")) -> Possession | AF6: =IF(N6<>"",N6,IF($A6=$A5,AF5,"")) | AG6: =IF(O6<>"",O6,IF($A6=$A5,AG5,"")) | AN6: =IF(AND(AD6="e",OR(AE6="Save",AF6="Turnover_Takeaway",AF6="Play_Defensive")),"Defensive",IF(AND(AD6="o",OR(AE6="Save",AF6="Turnover_Takeaway",AF6="Play_Defensive")),"Offensive",IF(OR(AE6="Deadice",AE6="Stoppage",AE6="Intermission"),"",IF(AD6="e","Offensive",IF(AD6="o","Defensive",""))))) -> Offensive | AP6: =IF(B6<>"",9000+B6,"") | AQ6: =IF(AP6<>"",AP6,A6+1000) -> 1002
A7: 2 | J7: 92 | Q7: Defensive_PlayPossession-StickCheck | T7: 1 | U7: =IF(M7="Intermission",U6+1,U6) -> 1 | Z7: =IF($AQ7=$AQ6,Z6,E7) -> 17 | AA7: =IF($AQ7=$AQ6,AA6,F7) -> 59 | AD7: =IF(K7="x","",IF(K7=1,"e","o")) -> o | AE7: =IF(M7<>"",M7,IF($A7=$A6,AE6,"")) -> Possession | AF7: =IF(N7<>"",N7,IF($A7=$A6,AF6,"")) | AG7: =IF(O7<>"",O7,IF($A7=$A6,AG6,"")) | AN7: =IF(AND(AD7="e",OR(AE7="Save",AF7="Turnover_Takeaway",AF7="Play_Defensive")),"Defensive",IF(AND(AD7="o",OR(AE7="Save",AF7="Turnover_Takeaway",AF7="Play_Defensive")),"Offensive",IF(OR(AE7="Deadice",AE7="Stoppage",AE7="Intermission"),"",IF(AD7="e","Offensive",IF(AD7="o","Defensive",""))))) -> Defensive | AP7: =IF(B7<>"",9000+B7,"") | AQ7: =IF(AP7<>"",AP7,A7+1000) -> 1002
A8: 3 | E8: 17 | F8: 56 | I8: h | J8: 92 | K8: 1 | L8: n | M8: Turnover | N8: Turnover_Takeaway | O8: Takeaway-PokeCheck | P8: s | Q8: Defensive_PlayPossession-PokeCheck | S8: s | T8: 1 | U8: =IF(M8="Intermission",U7+1,U7) -> 1 | Z8: =IF($AQ8=$AQ7,Z7,E8) -> 17 | AA8: =IF($AQ8=$AQ7,AA7,F8) -> 56 | AD8: =IF(K8="x","",IF(K8=1,"e","o")) -> e | AE8: =IF(M8<>"",M8,IF($A8=$A7,AE7,"")) -> Turnover | AF8: =IF(N8<>"",N8,IF($A8=$A7,AF7,"")) -> Turnover_Takeaway | AG8: =IF(O8<>"",O8,IF($A8=$A7,AG7,"")) -> Takeaway-PokeCheck | AN8: =IF(AND(AD8="e",OR(AE8="Save",AF8="Turnover_Takeaway",AF8="Play_Defensive")),"Defensive",IF(AND(AD8="o",OR(AE8="Save",AF8="Turnover_Takeaway",AF8="Play_Defensive")),"Offensive",IF(OR(AE8="Deadice",AE8="Stoppage",AE8="Intermission"),"",IF(AD8="e","Offensive",IF(AD8="o","Defensive",""))))) -> Defensive | AP8: =IF(B8<>"",9000+B8,"") | AQ8: =IF(AP8<>"",AP8,A8+1000) -> 1003
A9: 3 | J9: 52 | T9: 1 | U9: =IF(M9="Intermission",U8+1,U8) -> 1 | Z9: =IF($AQ9=$AQ8,Z8,E9) -> 17 | AA9: =IF($AQ9=$AQ8,AA8,F9) -> 56 | AD9: =IF(K9="x","",IF(K9=1,"e","o")) -> o | AE9: =IF(M9<>"",M9,IF($A9=$A8,AE8,"")) -> Turnover | AF9: =IF(N9<>"",N9,IF($A9=$A8,AF8,"")) -> Turnover_Takeaway | AG9: =IF(O9<>"",O9,IF($A9=$A8,AG8,"")) -> Takeaway-PokeCheck | AN9: =IF(AND(AD9="e",OR(AE9="Save",AF9="Turnover_Takeaway",AF9="Play_Defensive")),"Defensive",IF(AND(AD9="o",OR(AE9="Save",AF9="Turnover_Takeaway",AF9="Play_Defensive")),"Offensive",IF(OR(AE9="Deadice",AE9="Stoppage",AE9="Intermission"),"",IF(AD9="e","Offensive",IF(AD9="o","Defensive",""))))) -> Offensive | AP9: =IF(B9<>"",9000+B9,"") | AQ9: =IF(AP9<>"",AP9,A9+1000) -> 1003
A10: 4 | E10: 17 | F10: 52 | G10: 17 | H10: 50 | I10: h | J10: 92 | K10: 1 | L10: o | M10: Zone_Entry_Exit | N10: Zone_Entry | O10: ZoneEntry-Rush | P10: s | Q10: OffensivePlay_Possession-DriveMiddle | T10: 1 | U10: =IF(M10="Intermission",U9+1,U9) -> 1 | Z10: =IF($AQ10=$AQ9,Z9,E10) -> 17 | AA10: =IF($AQ10=$AQ9,AA9,F10) -> 52 | AD10: =IF(K10="x","",IF(K10=1,"e","o")) -> e | AE10: =IF(M10<>"",M10,IF($A10=$A9,AE9,"")) -> Zone_Entry_Exit | AF10: =IF(N10<>"",N10,IF($A10=$A9,AF9,"")) -> Zone_Entry | AG10: =IF(O10<>"",O10,IF($A10=$A9,AG9,"")) -> ZoneEntry-Rush | AN10: =IF(AND(AD10="e",OR(AE10="Save",AF10="Turnover_Takeaway",AF10="Play_Defensive")),"Defensive",IF(AND(AD10="o",OR(AE10="Save",AF10="Turnover_Takeaway",AF10="Play_Defensive")),"Offensive",IF(OR(AE10="Deadice",AE10="Stoppage",AE10="Intermission"),"",IF(AD10="e","Offensive",IF(AD10="o","Defensive",""))))) -> Offensive | AP10: =IF(B10<>"",9000+B10,"") | AQ10: =IF(AP10<>"",AP10,A10+1000) -> 1004
A11: 4 | J11: 70 | Q11: Defensive_PlayPossession-StickCheck | T11: 1 | U11: =IF(M11="Intermission",U10+1,U10) -> 1 | Z11: =IF($AQ11=$AQ10,Z10,E11) -> 17 | AA11: =IF($AQ11=$AQ10,AA10,F11) -> 52 | AD11: =IF(K11="x","",IF(K11=1,"e","o")) -> o | AE11: =IF(M11<>"",M11,IF($A11=$A10,AE10,"")) -> Zone_Entry_Exit | AF11: =IF(N11<>"",N11,IF($A11=$A10,AF10,"")) -> Zone_Entry | AG11: =IF(O11<>"",O11,IF($A11=$A10,AG10,"")) -> ZoneEntry-Rush | AN11: =IF(AND(AD11="e",OR(AE11="Save",AF11="Turnover_Takeaway",AF11="Play_Defensive")),"Defensive",IF(AND(AD11="o",OR(AE11="Save",AF11="Turnover_Takeaway",AF11="Play_Defensive")),"Offensive",IF(OR(AE11="Deadice",AE11="Stoppage",AE11="Intermission"),"",IF(AD11="e","Offensive",IF(AD11="o","Defensive",""))))) -> Defensive | AP11: =IF(B11<>"",9000+B11,"") | AQ11: =IF(AP11<>"",AP11,A11+1000) -> 1004
A12: 4 | J12: 91 | T12: 1 | U12: =IF(M12="Intermission",U11+1,U11) -> 1 | Z12: =IF($AQ12=$AQ11,Z11,E12) -> 17 | AA12: =IF($AQ12=$AQ11,AA11,F12) -> 52 | AD12: =IF(K12="x","",IF(K12=1,"e","o")) -> o | AE12: =IF(M12<>"",M12,IF($A12=$A11,AE11,"")) -> Zone_Entry_Exit | AF12: =IF(N12<>"",N12,IF($A12=$A11,AF11,"")) -> Zone_Entry | AG12: =IF(O12<>"",O12,IF($A12=$A11,AG11,"")) -> ZoneEntry-Rush | AN12: =IF(AND(AD12="e",OR(AE12="Save",AF12="Turnover_Takeaway",AF12="Play_Defensive")),"Defensive",IF(AND(AD12="o",OR(AE12="Save",AF12="Turnover_Takeaway",AF12="Play_Defensive")),"Offensive",IF(OR(AE12="Deadice",AE12="Stoppage",AE12="Intermission"),"",IF(AD12="e","Offensive",IF(AD12="o","Defensive",""))))) -> Defensive | AP12: =IF(B12<>"",9000+B12,"") | AQ12: =IF(AP12<>"",AP12,A12+1000) -> 1004
A13: 5 | E13: 17 | F13: 50 | G13: 17 | H13: 48 | I13: h | J13: 92 | K13: 1 | L13: o | M13: Possession | Q13: OffensivePlay_Possession-DriveWide | T13: 1 | U13: =IF(M13="Intermission",U12+1,U12) -> 1 | Z13: =IF($AQ13=$AQ12,Z12,E13) -> 17 | AA13: =IF($AQ13=$AQ12,AA12,F13) -> 50 | AD13: =IF(K13="x","",IF(K13=1,"e","o")) -> e | AE13: =IF(M13<>"",M13,IF($A13=$A12,AE12,"")) -> Possession | AF13: =IF(N13<>"",N13,IF($A13=$A12,AF12,"")) | AG13: =IF(O13<>"",O13,IF($A13=$A12,AG12,"")) | AN13: =IF(AND(AD13="e",OR(AE13="Save",AF13="Turnover_Takeaway",AF13="Play_Defensive")),"Defensive",IF(AND(AD13="o",OR(AE13="Save",AF13="Turnover_Takeaway",AF13="Play_Defensive")),"Offensive",IF(OR(AE13="Deadice",AE13="Stoppage",AE13="Intermission"),"",IF(AD13="e","Offensive",IF(AD13="o","Defensive",""))))) -> Offensive | AP13: =IF(B13<>"",9000+B13,"") | AQ13: =IF(AP13<>"",AP13,A13+1000) -> 1005
A14: 5 | J14: 70 | T14: 1 | U14: =IF(M14="Intermission",U13+1,U13) -> 1 | Z14: =IF($AQ14=$AQ13,Z13,E14) -> 17 | AA14: =IF($AQ14=$AQ13,AA13,F14) -> 50 | AD14: =IF(K14="x","",IF(K14=1,"e","o")) -> o | AE14: =IF(M14<>"",M14,IF($A14=$A13,AE13,"")) -> Possession | AF14: =IF(N14<>"",N14,IF($A14=$A13,AF13,"")) | AG14: =IF(O14<>"",O14,IF($A14=$A13,AG13,"")) | AN14: =IF(AND(AD14="e",OR(AE14="Save",AF14="Turnover_Takeaway",AF14="Play_Defensive")),"Defensive",IF(AND(AD14="o",OR(AE14="Save",AF14="Turnover_Takeaway",AF14="Play_Defensive")),"Offensive",IF(OR(AE14="Deadice",AE14="Stoppage",AE14="Intermission"),"",IF(AD14="e","Offensive",IF(AD14="o","Defensive",""))))) -> Defensive | AP14: =IF(B14<>"",9000+B14,"") | AQ14: =IF(AP14<>"",AP14,A14+1000) -> 1005
A15: 5 | J15: 91 | T15: 1 | U15: =IF(M15="Intermission",U14+1,U14) -> 1 | Z15: =IF($AQ15=$AQ14,Z14,E15) -> 17 | AA15: =IF($AQ15=$AQ14,AA14,F15) -> 50 | AD15: =IF(K15="x","",IF(K15=1,"e","o")) -> o | AE15: =IF(M15<>"",M15,IF($A15=$A14,AE14,"")) -> Possession | AF15: =IF(N15<>"",N15,IF($A15=$A14,AF14,"")) | AG15: =IF(O15<>"",O15,IF($A15=$A14,AG14,"")) | AN15: =IF(AND(AD15="e",OR(AE15="Save",AF15="Turnover_Takeaway",AF15="Play_Defensive")),"Defensive",IF(AND(AD15="o",OR(AE15="Save",AF15="Turnover_Takeaway",AF15="Play_Defensive")),"Offensive",IF(OR(AE15="Deadice",AE15="Stoppage",AE15="Intermission"),"",IF(AD15="e","Offensive",IF(AD15="o","Defensive",""))))) -> Defensive | AP15: =IF(B15<>"",9000+B15,"") | AQ15: =IF(AP15<>"",AP15,A15+1000) -> 1005
A16: 6 | B16: 1 | E16: 17 | F16: 48 | I16: h | J16: 92 | K16: 1 | L16: o | M16: Pass | N16: Pass_Missed | O16: Pass-Forehand | P16: u | T16: 1 | U16: =IF(M16="Intermission",U15+1,U15) -> 1 | Z16: =IF($AQ16=$AQ15,Z15,E16) -> 17 | AA16: =IF($AQ16=$AQ15,AA15,F16) -> 48 | AD16: =IF(K16="x","",IF(K16=1,"e","o")) -> e | AE16: =IF(M16<>"",M16,IF($A16=$A15,AE15,"")) -> Pass | AF16: =IF(N16<>"",N16,IF($A16=$A15,AF15,"")) -> Pass_Missed | AG16: =IF(O16<>"",O16,IF($A16=$A15,AG15,"")) -> Pass-Forehand | AN16: =IF(AND(AD16="e",OR(AE16="Save",AF16="Turnover_Takeaway",AF16="Play_Defensive")),"Defensive",IF(AND(AD16="o",OR(AE16="Save",AF16="Turnover_Takeaway",AF16="Play_Defensive")),"Offensive",IF(OR(AE16="Deadice",AE16="Stoppage",AE16="Intermission"),"",IF(AD16="e","Offensive",IF(AD16="o","Defensive",""))))) -> Offensive | AP16: =IF(B16<>"",9000+B16,"") -> 9001 | AQ16: =IF(AP16<>"",AP16,A16+1000) -> 9001
A17: 6 | B17: 1 | J17: 46 | K17: 1 | T17: 1 | U17: =IF(M17="Intermission",U16+1,U16) -> 1 | Z17: =IF($AQ17=$AQ16,Z16,E17) -> 17 | AA17: =IF($AQ17=$AQ16,AA16,F17) -> 48 | AD17: =IF(K17="x","",IF(K17=1,"e","o")) -> e | AE17: =IF(M17<>"",M17,IF($A17=$A16,AE16,"")) -> Pass | AF17: =IF(N17<>"",N17,IF($A17=$A16,AF16,"")) -> Pass_Missed | AG17: =IF(O17<>"",O17,IF($A17=$A16,AG16,"")) -> Pass-Forehand | AN17: =IF(AND(AD17="e",OR(AE17="Save",AF17="Turnover_Takeaway",AF17="Play_Defensive")),"Defensive",IF(AND(AD17="o",OR(AE17="Save",AF17="Turnover_Takeaway",AF17="Play_Defensive")),"Offensive",IF(OR(AE17="Deadice",AE17="Stoppage",AE17="Intermission"),"",IF(AD17="e","Offensive",IF(AD17="o","Defensive",""))))) -> Offensive | AP17: =IF(B17<>"",9000+B17,"") -> 9001 | AQ17: =IF(AP17<>"",AP17,A17+1000) -> 9001
A18: 6 | B18: 1 | J18: 91 | Q18: Defensive_PlayPossession-StickCheck | T18: 1 | U18: =IF(M18="Intermission",U17+1,U17) -> 1 | Z18: =IF($AQ18=$AQ17,Z17,E18) -> 17 | AA18: =IF($AQ18=$AQ17,AA17,F18) -> 48 | AD18: =IF(K18="x","",IF(K18=1,"e","o")) -> o | AE18: =IF(M18<>"",M18,IF($A18=$A17,AE17,"")) -> Pass | AF18: =IF(N18<>"",N18,IF($A18=$A17,AF17,"")) -> Pass_Missed | AG18: =IF(O18<>"",O18,IF($A18=$A17,AG17,"")) -> Pass-Forehand | AN18: =IF(AND(AD18="e",OR(AE18="Save",AF18="Turnover_Takeaway",AF18="Play_Defensive")),"Defensive",IF(AND(AD18="o",OR(AE18="Save",AF18="Turnover_Takeaway",AF18="Play_Defensive")),"Offensive",IF(OR(AE18="Deadice",AE18="Stoppage",AE18="Intermission"),"",IF(AD18="e","Offensive",IF(AD18="o","Defensive",""))))) -> Defensive | AP18: =IF(B18<>"",9000+B18,"") -> 9001 | AQ18: =IF(AP18<>"",AP18,A18+1000) -> 9001
A19: 6 | B19: 1 | J19: 52 | T19: 1 | U19: =IF(M19="Intermission",U18+1,U18) -> 1 | Z19: =IF($AQ19=$AQ18,Z18,E19) -> 17 | AA19: =IF($AQ19=$AQ18,AA18,F19) -> 48 | AD19: =IF(K19="x","",IF(K19=1,"e","o")) -> o | AE19: =IF(M19<>"",M19,IF($A19=$A18,AE18,"")) -> Pass | AF19: =IF(N19<>"",N19,IF($A19=$A18,AF18,"")) -> Pass_Missed | AG19: =IF(O19<>"",O19,IF($A19=$A18,AG18,"")) -> Pass-Forehand | AN19: =IF(AND(AD19="e",OR(AE19="Save",AF19="Turnover_Takeaway",AF19="Play_Defensive")),"Defensive",IF(AND(AD19="o",OR(AE19="Save",AF19="Turnover_Takeaway",AF19="Play_Defensive")),"Offensive",IF(OR(AE19="Deadice",AE19="Stoppage",AE19="Intermission"),"",IF(AD19="e","Offensive",IF(AD19="o","Defensive",""))))) -> Defensive | AP19: =IF(B19<>"",9000+B19,"") -> 9001 | AQ19: =IF(AP19<>"",AP19,A19+1000) -> 9001
A20: 7 | B20: 1 | I20: h | J20: 92 | K20: 1 | L20: o | M20: Turnover | N20: Turnover_Giveaway | O20: Giveaway-PassMissed | T20: 1 | U20: =IF(M20="Intermission",U19+1,U19) -> 1 | Z20: =IF($AQ20=$AQ19,Z19,E20) -> 17 | AA20: =IF($AQ20=$AQ19,AA19,F20) -> 48 | AD20: =IF(K20="x","",IF(K20=1,"e","o")) -> e | AE20: =IF(M20<>"",M20,IF($A20=$A19,AE19,"")) -> Turnover | AF20: =IF(N20<>"",N20,IF($A20=$A19,AF19,"")) -> Turnover_Giveaway | AG20: =IF(O20<>"",O20,IF($A20=$A19,AG19,"")) -> Giveaway-PassMissed | AN20: =IF(AND(AD20="e",OR(AE20="Save",AF20="Turnover_Takeaway",AF20="Play_Defensive")),"Defensive",IF(AND(AD20="o",OR(AE20="Save",AF20="Turnover_Takeaway",AF20="Play_Defensive")),"Offensive",IF(OR(AE20="Deadice",AE20="Stoppage",AE20="Intermission"),"",IF(AD20="e","Offensive",IF(AD20="o","Defensive",""))))) -> Offensive | AP20: =IF(B20<>"",9000+B20,"") -> 9001 | AQ20: =IF(AP20<>"",AP20,A20+1000) -> 9001
A21: 7 | B21: 1 | J21: 46 | K21: 1 | T21: 1 | U21: =IF(M21="Intermission",U20+1,U20) -> 1 | Z21: =IF($AQ21=$AQ20,Z20,E21) -> 17 | AA21: =IF($AQ21=$AQ20,AA20,F21) -> 48 | AD21: =IF(K21="x","",IF(K21=1,"e","o")) -> e | AE21: =IF(M21<>"",M21,IF($A21=$A20,AE20,"")) -> Turnover | AF21: =IF(N21<>"",N21,IF($A21=$A20,AF20,"")) -> Turnover_Giveaway | AG21: =IF(O21<>"",O21,IF($A21=$A20,AG20,"")) -> Giveaway-PassMissed | AN21: =IF(AND(AD21="e",OR(AE21="Save",AF21="Turnover_Takeaway",AF21="Play_Defensive")),"Defensive",IF(AND(AD21="o",OR(AE21="Save",AF21="Turnover_Takeaway",AF21="Play_Defensive")),"Offensive",IF(OR(AE21="Deadice",AE21="Stoppage",AE21="Intermission"),"",IF(AD21="e","Offensive",IF(AD21="o","Defensive",""))))) -> Offensive | AP21: =IF(B21<>"",9000+B21,"") -> 9001 | AQ21: =IF(AP21<>"",AP21,A21+1000) -> 9001
A22: 7 | B22: 1 | J22: 91 | Q22: Defensive_PlayPossession-SeperateFromPuck | T22: 1 | U22: =IF(M22="Intermission",U21+1,U21) -> 1 | Z22: =IF($AQ22=$AQ21,Z21,E22) -> 17 | AA22: =IF($AQ22=$AQ21,AA21,F22) -> 48 | AD22: =IF(K22="x","",IF(K22=1,"e","o")) -> o | AE22: =IF(M22<>"",M22,IF($A22=$A21,AE21,"")) -> Turnover | AF22: =IF(N22<>"",N22,IF($A22=$A21,AF21,"")) -> Turnover_Giveaway | AG22: =IF(O22<>"",O22,IF($A22=$A21,AG21,"")) -> Giveaway-PassMissed | AN22: =IF(AND(AD22="e",OR(AE22="Save",AF22="Turnover_Takeaway",AF22="Play_Defensive")),"Defensive",IF(AND(AD22="o",OR(AE22="Save",AF22="Turnover_Takeaway",AF22="Play_Defensive")),"Offensive",IF(OR(AE22="Deadice",AE22="Stoppage",AE22="Intermission"),"",IF(AD22="e","Offensive",IF(AD22="o","Defensive",""))))) -> Defensive | AP22: =IF(B22<>"",9000+B22,"") -> 9001 | AQ22: =IF(AP22<>"",AP22,A22+1000) -> 9001
A23: 7 | B23: 1 | J23: 52 | T23: 1 | U23: =IF(M23="Intermission",U22+1,U22) -> 1 | AD23: =IF(K23="x","",IF(K23=1,"e","o")) -> o | AE23: =IF(M23<>"",M23,IF($A23=$A22,AE22,"")) -> Turnover | AF23: =IF(N23<>"",N23,IF($A23=$A22,AF22,"")) -> Turnover_Giveaway | AG23: =IF(O23<>"",O23,IF($A23=$A22,AG22,"")) -> Giveaway-PassMissed | AN23: =IF(AND(AD23="e",OR(AE23="Save",AF23="Turnover_Takeaway",AF23="Play_Defensive")),"Defensive",IF(AND(AD23="o",OR(AE23="Save",AF23="Turnover_Takeaway",AF23="Play_Defensive")),"Offensive",IF(OR(AE23="Deadice",AE23="Stoppage",AE23="Intermission"),"",IF(AD23="e","Offensive",IF(AD23="o","Defensive",""))))) -> Defensive
A24: 8 | E24: 17 | F24: 46 | G24: 17 | H24: 44 | I24: a | J24: 14 | K24: 1 | L24: d | M24: Possession | N24: PuckRetrieval | P24: u | Q24: OffensivePlay_Zone-PuckRetreivalPass | S24: u | U24: =IF(M24="Intermission",U23+1,U23) -> 1 | AD24: =IF(K24="x","",IF(K24=1,"e","o")) -> e | AE24: =IF(M24<>"",M24,IF($A24=$A23,AE23,"")) -> Possession | AF24: =IF(N24<>"",N24,IF($A24=$A23,AF23,"")) -> PuckRetrieval | AG24: =IF(O24<>"",O24,IF($A24=$A23,AG23,"")) | AN24: =IF(AND(AD24="e",OR(AE24="Save",AF24="Turnover_Takeaway",AF24="Play_Defensive")),"Defensive",IF(AND(AD24="o",OR(AE24="Save",AF24="Turnover_Takeaway",AF24="Play_Defensive")),"Offensive",IF(OR(AE24="Deadice",AE24="Stoppage",AE24="Intermission"),"",IF(AD24="e","Offensive",IF(AD24="o","Defensive",""))))) -> Offensive
A25: 9 | E25: 17 | F25: 44 | I25: a | J25: 14 | K25: 1 | L25: d | M25: Turnover | N25: Turnover_Giveaway | O25: Giveaway-PassMissed | P25: u | U25: =IF(M25="Intermission",U24+1,U24) -> 1 | AD25: =IF(K25="x","",IF(K25=1,"e","o")) -> e | AE25: =IF(M25<>"",M25,IF($A25=$A24,AE24,"")) -> Turnover | AF25: =IF(N25<>"",N25,IF($A25=$A24,AF24,"")) -> Turnover_Giveaway | AG25: =IF(O25<>"",O25,IF($A25=$A24,AG24,"")) -> Giveaway-PassMissed | AN25: =IF(AND(AD25="e",OR(AE25="Save",AF25="Turnover_Takeaway",AF25="Play_Defensive")),"Defensive",IF(AND(AD25="o",OR(AE25="Save",AF25="Turnover_Takeaway",AF25="Play_Defensive")),"Offensive",IF(OR(AE25="Deadice",AE25="Stoppage",AE25="Intermission"),"",IF(AD25="e","Offensive",IF(AD25="o","Defensive",""))))) -> Offensive
A26: 10 | E26: 17 | F26: 40 | G26: 17 | H26: 37 | I26: h | J26: 92 | K26: 1 | L26: o | M26: Possession | N26: PuckRetrieval | P26: s | Q26: OffensivePlay_Zone-PuckRetreivalTurnover | S26: s | T26: 1 | U26: =IF(M26="Intermission",U25+1,U25) -> 1 | AD26: =IF(K26="x","",IF(K26=1,"e","o")) -> e | AE26: =IF(M26<>"",M26,IF($A26=$A25,AE25,"")) -> Possession | AF26: =IF(N26<>"",N26,IF($A26=$A25,AF25,"")) -> PuckRetrieval | AG26: =IF(O26<>"",O26,IF($A26=$A25,AG25,"")) | AN26: =IF(AND(AD26="e",OR(AE26="Save",AF26="Turnover_Takeaway",AF26="Play_Defensive")),"Defensive",IF(AND(AD26="o",OR(AE26="Save",AF26="Turnover_Takeaway",AF26="Play_Defensive")),"Offensive",IF(OR(AE26="Deadice",AE26="Stoppage",AE26="Intermission"),"",IF(AD26="e","Offensive",IF(AD26="o","Defensive",""))))) -> Offensive
A27: 10 | J27: 91 | Q27: Defensive_PlayZone-PuckRecoveryTurnover | S27: u | T27: 1 | U27: =IF(M27="Intermission",U26+1,U26) -> 1 | AD27: =IF(K27="x","",IF(K27=1,"e","o")) -> o | AE27: =IF(M27<>"",M27,IF($A27=$A26,AE26,"")) -> Possession | AF27: =IF(N27<>"",N27,IF($A27=$A26,AF26,"")) -> PuckRetrieval | AG27: =IF(O27<>"",O27,IF($A27=$A26,AG26,"")) | AN27: =IF(AND(AD27="e",OR(AE27="Save",AF27="Turnover_Takeaway",AF27="Play_Defensive")),"Defensive",IF(AND(AD27="o",OR(AE27="Save",AF27="Turnover_Takeaway",AF27="Play_Defensive")),"Offensive",IF(OR(AE27="Deadice",AE27="Stoppage",AE27="Intermission"),"",IF(AD27="e","Offensive",IF(AD27="o","Defensive",""))))) -> Defensive
A28: 11 | E28: 17 | F28: 37 | G28: 17 | H28: 33 | I28: h | J28: 92 | K28: 1 | L28: o | M28: Possession | Q28: OffensivePlay_Possession-CutBack | T28: 1 | U28: =IF(M28="Intermission",U27+1,U27) -> 1 | AD28: =IF(K28="x","",IF(K28=1,"e","o")) -> e | AE28: =IF(M28<>"",M28,IF($A28=$A27,AE27,"")) -> Possession | AF28: =IF(N28<>"",N28,IF($A28=$A27,AF27,"")) | AG28: =IF(O28<>"",O28,IF($A28=$A27,AG27,"")) | AN28: =IF(AND(AD28="e",OR(AE28="Save",AF28="Turnover_Takeaway",AF28="Play_Defensive")),"Defensive",IF(AND(AD28="o",OR(AE28="Save",AF28="Turnover_Takeaway",AF28="Play_Defensive")),"Offensive",IF(OR(AE28="Deadice",AE28="Stoppage",AE28="Intermission"),"",IF(AD28="e","Offensive",IF(AD28="o","Defensive",""))))) -> Offensive
A29: 11 | J29: 91 | T29: 1 | U29: =IF(M29="Intermission",U28+1,U28) -> 1 | AD29: =IF(K29="x","",IF(K29=1,"e","o")) -> o | AE29: =IF(M29<>"",M29,IF($A29=$A28,AE28,"")) -> Possession | AF29: =IF(N29<>"",N29,IF($A29=$A28,AF28,"")) | AG29: =IF(O29<>"",O29,IF($A29=$A28,AG28,"")) | AN29: =IF(AND(AD29="e",OR(AE29="Save",AF29="Turnover_Takeaway",AF29="Play_Defensive")),"Defensive",IF(AND(AD29="o",OR(AE29="Save",AF29="Turnover_Takeaway",AF29="Play_Defensive")),"Offensive",IF(OR(AE29="Deadice",AE29="Stoppage",AE29="Intermission"),"",IF(AD29="e","Offensive",IF(AD29="o","Defensive",""))))) -> Defensive
A30: 11 | J30: 70 | T30: 1 | U30: =IF(M30="Intermission",U29+1,U29) -> 1 | AD30: =IF(K30="x","",IF(K30=1,"e","o")) -> o | AE30: =IF(M30<>"",M30,IF($A30=$A29,AE29,"")) -> Possession | AF30: =IF(N30<>"",N30,IF($A30=$A29,AF29,"")) | AG30: =IF(O30<>"",O30,IF($A30=$A29,AG29,"")) | AN30: =IF(AND(AD30="e",OR(AE30="Save",AF30="Turnover_Takeaway",AF30="Play_Defensive")),"Defensive",IF(AND(AD30="o",OR(AE30="Save",AF30="Turnover_Takeaway",AF30="Play_Defensive")),"Offensive",IF(OR(AE30="Deadice",AE30="Stoppage",AE30="Intermission"),"",IF(AD30="e","Offensive",IF(AD30="o","Defensive",""))))) -> Defensive
A31: 12 | E31: 17 | F31: 32 | I31: h | J31: 92 | K31: 1 | L31: o | M31: Pass | N31: Pass_Completed | O31: Pass-Forehand | P31: s | U31: =IF(M31="Intermission",U30+1,U30) -> 1 | AD31: =IF(K31="x","",IF(K31=1,"e","o")) -> e | AE31: =IF(M31<>"",M31,IF($A31=$A30,AE30,"")) -> Pass | AF31: =IF(N31<>"",N31,IF($A31=$A30,AF30,"")) -> Pass_Completed | AG31: =IF(O31<>"",O31,IF($A31=$A30,AG30,"")) -> Pass-Forehand | AN31: =IF(AND(AD31="e",OR(AE31="Save",AF31="Turnover_Takeaway",AF31="Play_Defensive")),"Defensive",IF(AND(AD31="o",OR(AE31="Save",AF31="Turnover_Takeaway",AF31="Play_Defensive")),"Offensive",IF(OR(AE31="Deadice",AE31="Stoppage",AE31="Intermission"),"",IF(AD31="e","Offensive",IF(AD31="o","Defensive",""))))) -> Offensive
A32: 12 | J32: 46 | K32: 1 | U32: =IF(M32="Intermission",U31+1,U31) -> 1 | AD32: =IF(K32="x","",IF(K32=1,"e","o")) -> e | AE32: =IF(M32<>"",M32,IF($A32=$A31,AE31,"")) -> Pass | AF32: =IF(N32<>"",N32,IF($A32=$A31,AF31,"")) -> Pass_Completed | AG32: =IF(O32<>"",O32,IF($A32=$A31,AG31,"")) -> Pass-Forehand | AN32: =IF(AND(AD32="e",OR(AE32="Save",AF32="Turnover_Takeaway",AF32="Play_Defensive")),"Defensive",IF(AND(AD32="o",OR(AE32="Save",AF32="Turnover_Takeaway",AF32="Play_Defensive")),"Offensive",IF(OR(AE32="Deadice",AE32="Stoppage",AE32="Intermission"),"",IF(AD32="e","Offensive",IF(AD32="o","Defensive",""))))) -> Offensive
A33: 13 | E33: 17 | F33: 31 | I33: h | J33: 46 | K33: 1 | L33: o | M33: Pass | N33: Pass_Completed | O33: Pass-Backhand | P33: s | Q33: OffensivePlay_Pass-SecondTouch | S33: s | T33: 1 | U33: =IF(M33="Intermission",U32+1,U32) -> 1 | AD33: =IF(K33="x","",IF(K33=1,"e","o")) -> e | AE33: =IF(M33<>"",M33,IF($A33=$A32,AE32,"")) -> Pass | AF33: =IF(N33<>"",N33,IF($A33=$A32,AF32,"")) -> Pass_Completed | AG33: =IF(O33<>"",O33,IF($A33=$A32,AG32,"")) -> Pass-Backhand | AN33: =IF(AND(AD33="e",OR(AE33="Save",AF33="Turnover_Takeaway",AF33="Play_Defensive")),"Defensive",IF(AND(AD33="o",OR(AE33="Save",AF33="Turnover_Takeaway",AF33="Play_Defensive")),"Offensive",IF(OR(AE33="Deadice",AE33="Stoppage",AE33="Intermission"),"",IF(AD33="e","Offensive",IF(AD33="o","Defensive",""))))) -> Offensive
A34: 13 | J34: 92 | K34: 1 | U34: =IF(M34="Intermission",U33+1,U33) -> 1 | AD34: =IF(K34="x","",IF(K34=1,"e","o")) -> e | AE34: =IF(M34<>"",M34,IF($A34=$A33,AE33,"")) -> Pass | AF34: =IF(N34<>"",N34,IF($A34=$A33,AF33,"")) -> Pass_Completed | AG34: =IF(O34<>"",O34,IF($A34=$A33,AG33,"")) -> Pass-Backhand | AN34: =IF(AND(AD34="e",OR(AE34="Save",AF34="Turnover_Takeaway",AF34="Play_Defensive")),"Defensive",IF(AND(AD34="o",OR(AE34="Save",AF34="Turnover_Takeaway",AF34="Play_Defensive")),"Offensive",IF(OR(AE34="Deadice",AE34="Stoppage",AE34="Intermission"),"",IF(AD34="e","Offensive",IF(AD34="o","Defensive",""))))) -> Offensive
A35: 13 | J35: 91 | T35: 1 | U35: =IF(M35="Intermission",U34+1,U34) -> 1 | AD35: =IF(K35="x","",IF(K35=1,"e","o")) -> o | AE35: =IF(M35<>"",M35,IF($A35=$A34,AE34,"")) -> Pass | AF35: =IF(N35<>"",N35,IF($A35=$A34,AF34,"")) -> Pass_Completed | AG35: =IF(O35<>"",O35,IF($A35=$A34,AG34,"")) -> Pass-Backhand | AN35: =IF(AND(AD35="e",OR(AE35="Save",AF35="Turnover_Takeaway",AF35="Play_Defensive")),"Defensive",IF(AND(AD35="o",OR(AE35="Save",AF35="Turnover_Takeaway",AF35="Play_Defensive")),"Offensive",IF(OR(AE35="Deadice",AE35="Stoppage",AE35="Intermission"),"",IF(AD35="e","Offensive",IF(AD35="o","Defensive",""))))) -> Defensive
A36: 14 | E36: 17 | F36: 30 | G36: 17 | H36: 27 | I36: h | J36: 92 | K36: 1 | L36: o | M36: Possession | T36: 1 | U36: =IF(M36="Intermission",U35+1,U35) -> 1 | AD36: =IF(K36="x","",IF(K36=1,"e","o")) -> e | AE36: =IF(M36<>"",M36,IF($A36=$A35,AE35,"")) -> Possession | AF36: =IF(N36<>"",N36,IF($A36=$A35,AF35,"")) | AG36: =IF(O36<>"",O36,IF($A36=$A35,AG35,"")) | AN36: =IF(AND(AD36="e",OR(AE36="Save",AF36="Turnover_Takeaway",AF36="Play_Defensive")),"Defensive",IF(AND(AD36="o",OR(AE36="Save",AF36="Turnover_Takeaway",AF36="Play_Defensive")),"Offensive",IF(OR(AE36="Deadice",AE36="Stoppage",AE36="Intermission"),"",IF(AD36="e","Offensive",IF(AD36="o","Defensive",""))))) -> Offensive
A37: 14 | J37: 70 | T37: 1 | U37: =IF(M37="Intermission",U36+1,U36) -> 1 | AD37: =IF(K37="x","",IF(K37=1,"e","o")) -> o | AE37: =IF(M37<>"",M37,IF($A37=$A36,AE36,"")) -> Possession | AF37: =IF(N37<>"",N37,IF($A37=$A36,AF36,"")) | AG37: =IF(O37<>"",O37,IF($A37=$A36,AG36,"")) | AN37: =IF(AND(AD37="e",OR(AE37="Save",AF37="Turnover_Takeaway",AF37="Play_Defensive")),"Defensive",IF(AND(AD37="o",OR(AE37="Save",AF37="Turnover_Takeaway",AF37="Play_Defensive")),"Offensive",IF(OR(AE37="Deadice",AE37="Stoppage",AE37="Intermission"),"",IF(AD37="e","Offensive",IF(AD37="o","Defensive",""))))) -> Defensive
A38: 15 | B38: 2 | E38: 17 | F38: 27 | I38: h | J38: 92 | K38: 1 | L38: o | M38: Shot | N38: Shot_OnNetSaved | O38: Shot-Backhand | P38: s | T38: 1 | U38: =IF(M38="Intermission",U37+1,U37) -> 1 | AD38: =IF(K38="x","",IF(K38=1,"e","o")) -> e | AE38: =IF(M38<>"",M38,IF($A38=$A37,AE37,"")) -> Shot | AF38: =IF(N38<>"",N38,IF($A38=$A37,AF37,"")) -> Shot_OnNetSaved | AG38: =IF(O38<>"",O38,IF($A38=$A37,AG37,"")) -> Shot-Backhand | AN38: =IF(AND(AD38="e",OR(AE38="Save",AF38="Turnover_Takeaway",AF38="Play_Defensive")),"Defensive",IF(AND(AD38="o",OR(AE38="Save",AF38="Turnover_Takeaway",AF38="Play_Defensive")),"Offensive",IF(OR(AE38="Deadice",AE38="Stoppage",AE38="Intermission"),"",IF(AD38="e","Offensive",IF(AD38="o","Defensive",""))))) -> Offensive
A39: 15 | B39: 2 | J39: 46 | K39: 1 | Q39: OffensivePlay_Shot-Screen | U39: =IF(M39="Intermission",U38+1,U38) -> 1 | AD39: =IF(K39="x","",IF(K39=1,"e","o")) -> e | AE39: =IF(M39<>"",M39,IF($A39=$A38,AE38,"")) -> Shot | AF39: =IF(N39<>"",N39,IF($A39=$A38,AF38,"")) -> Shot_OnNetSaved | AG39: =IF(O39<>"",O39,IF($A39=$A38,AG38,"")) -> Shot-Backhand | AN39: =IF(AND(AD39="e",OR(AE39="Save",AF39="Turnover_Takeaway",AF39="Play_Defensive")),"Defensive",IF(AND(AD39="o",OR(AE39="Save",AF39="Turnover_Takeaway",AF39="Play_Defensive")),"Offensive",IF(OR(AE39="Deadice",AE39="Stoppage",AE39="Intermission"),"",IF(AD39="e","Offensive",IF(AD39="o","Defensive",""))))) -> Offensive
A40: 15 | B40: 2 | J40: 39 | U40: =IF(M40="Intermission",U39+1,U39) -> 1 | AD40: =IF(K40="x","",IF(K40=1,"e","o")) -> o | AE40: =IF(M40<>"",M40,IF($A40=$A39,AE39,"")) -> Shot | AF40: =IF(N40<>"",N40,IF($A40=$A39,AF39,"")) -> Shot_OnNetSaved | AG40: =IF(O40<>"",O40,IF($A40=$A39,AG39,"")) -> Shot-Backhand | AN40: =IF(AND(AD40="e",OR(AE40="Save",AF40="Turnover_Takeaway",AF40="Play_Defensive")),"Defensive",IF(AND(AD40="o",OR(AE40="Save",AF40="Turnover_Takeaway",AF40="Play_Defensive")),"Offensive",IF(OR(AE40="Deadice",AE40="Stoppage",AE40="Intermission"),"",IF(AD40="e","Offensive",IF(AD40="o","Defensive",""))))) -> Defensive
A41: 15 | B41: 2 | J41: 14 | Q41: Defensive_PlayPossession-StickCheck | T41: 1 | U41: =IF(M41="Intermission",U40+1,U40) -> 1 | AD41: =IF(K41="x","",IF(K41=1,"e","o")) -> o | AE41: =IF(M41<>"",M41,IF($A41=$A40,AE40,"")) -> Shot | AF41: =IF(N41<>"",N41,IF($A41=$A40,AF40,"")) -> Shot_OnNetSaved | AG41: =IF(O41<>"",O41,IF($A41=$A40,AG40,"")) -> Shot-Backhand | AN41: =IF(AND(AD41="e",OR(AE41="Save",AF41="Turnover_Takeaway",AF41="Play_Defensive")),"Defensive",IF(AND(AD41="o",OR(AE41="Save",AF41="Turnover_Takeaway",AF41="Play_Defensive")),"Offensive",IF(OR(AE41="Deadice",AE41="Stoppage",AE41="Intermission"),"",IF(AD41="e","Offensive",IF(AD41="o","Defensive",""))))) -> Defensive
A42: 15 | B42: 2 | J42: 91 | U42: =IF(M42="Intermission",U41+1,U41) -> 1 | AD42: =IF(K42="x","",IF(K42=1,"e","o")) -> o | AE42: =IF(M42<>"",M42,IF($A42=$A41,AE41,"")) -> Shot | AF42: =IF(N42<>"",N42,IF($A42=$A41,AF41,"")) -> Shot_OnNetSaved | AG42: =IF(O42<>"",O42,IF($A42=$A41,AG41,"")) -> Shot-Backhand | AN42: =IF(AND(AD42="e",OR(AE42="Save",AF42="Turnover_Takeaway",AF42="Play_Defensive")),"Defensive",IF(AND(AD42="o",OR(AE42="Save",AF42="Turnover_Takeaway",AF42="Play_Defensive")),"Offensive",IF(OR(AE42="Deadice",AE42="Stoppage",AE42="Intermission"),"",IF(AD42="e","Offensive",IF(AD42="o","Defensive",""))))) -> Defensive
A43: 16 | B43: 2 | E43: 17 | F43: 27 | I43: a | J43: 39 | K43: 1 | L43: d | M43: Save | N43: Save_Rebound | O43: Save-Chest | U43: =IF(M43="Intermission",U42+1,U42) -> 1 | AD43: =IF(K43="x","",IF(K43=1,"e","o")) -> e | AE43: =IF(M43<>"",M43,IF($A43=$A42,AE42,"")) -> Save | AF43: =IF(N43<>"",N43,IF($A43=$A42,AF42,"")) -> Save_Rebound | AG43: =IF(O43<>"",O43,IF($A43=$A42,AG42,"")) -> Save-Chest | AN43: =IF(AND(AD43="e",OR(AE43="Save",AF43="Turnover_Takeaway",AF43="Play_Defensive")),"Defensive",IF(AND(AD43="o",OR(AE43="Save",AF43="Turnover_Takeaway",AF43="Play_Defensive")),"Offensive",IF(OR(AE43="Deadice",AE43="Stoppage",AE43="Intermission"),"",IF(AD43="e","Offensive",IF(AD43="o","Defensive",""))))) -> Defensive
A44: 16 | B44: 2 | J44: 14 | K44: 1 | Q44: Defensive_PlayPossession-StickCheck | T44: 1 | U44: =IF(M44="Intermission",U43+1,U43) -> 1 | AD44: =IF(K44="x","",IF(K44=1,"e","o")) -> e | AE44: =IF(M44<>"",M44,IF($A44=$A43,AE43,"")) -> Save | AF44: =IF(N44<>"",N44,IF($A44=$A43,AF43,"")) -> Save_Rebound | AG44: =IF(O44<>"",O44,IF($A44=$A43,AG43,"")) -> Save-Chest | AN44: =IF(AND(AD44="e",OR(AE44="Save",AF44="Turnover_Takeaway",AF44="Play_Defensive")),"Defensive",IF(AND(AD44="o",OR(AE44="Save",AF44="Turnover_Takeaway",AF44="Play_Defensive")),"Offensive",IF(OR(AE44="Deadice",AE44="Stoppage",AE44="Intermission"),"",IF(AD44="e","Offensive",IF(AD44="o","Defensive",""))))) -> Defensive
A45: 16 | B45: 2 | J45: 91 | K45: 1 | U45: =IF(M45="Intermission",U44+1,U44) -> 1 | AD45: =IF(K45="x","",IF(K45=1,"e","o")) -> e | AE45: =IF(M45<>"",M45,IF($A45=$A44,AE44,"")) -> Save | AF45: =IF(N45<>"",N45,IF($A45=$A44,AF44,"")) -> Save_Rebound | AG45: =IF(O45<>"",O45,IF($A45=$A44,AG44,"")) -> Save-Chest | AN45: =IF(AND(AD45="e",OR(AE45="Save",AF45="Turnover_Takeaway",AF45="Play_Defensive")),"Defensive",IF(AND(AD45="o",OR(AE45="Save",AF45="Turnover_Takeaway",AF45="Play_Defensive")),"Offensive",IF(OR(AE45="Deadice",AE45="Stoppage",AE45="Intermission"),"",IF(AD45="e","Offensive",IF(AD45="o","Defensive",""))))) -> Defensive
A46: 16 | B46: 2 | J46: 92 | T46: 1 | U46: =IF(M46="Intermission",U45+1,U45) -> 1 | AD46: =IF(K46="x","",IF(K46=1,"e","o")) -> o | AE46: =IF(M46<>"",M46,IF($A46=$A45,AE45,"")) -> Save | AF46: =IF(N46<>"",N46,IF($A46=$A45,AF45,"")) -> Save_Rebound | AG46: =IF(O46<>"",O46,IF($A46=$A45,AG45,"")) -> Save-Chest | AN46: =IF(AND(AD46="e",OR(AE46="Save",AF46="Turnover_Takeaway",AF46="Play_Defensive")),"Defensive",IF(AND(AD46="o",OR(AE46="Save",AF46="Turnover_Takeaway",AF46="Play_Defensive")),"Offensive",IF(OR(AE46="Deadice",AE46="Stoppage",AE46="Intermission"),"",IF(AD46="e","Offensive",IF(AD46="o","Defensive",""))))) -> Offensive
A47: 16 | B47: 2 | J47: 46 | Q47: OffensivePlay_Shot-Screen | U47: =IF(M47="Intermission",U46+1,U46) -> 1 | AD47: =IF(K47="x","",IF(K47=1,"e","o")) -> o | AE47: =IF(M47<>"",M47,IF($A47=$A46,AE46,"")) -> Save | AF47: =IF(N47<>"",N47,IF($A47=$A46,AF46,"")) -> Save_Rebound | AG47: =IF(O47<>"",O47,IF($A47=$A46,AG46,"")) -> Save-Chest | AN47: =IF(AND(AD47="e",OR(AE47="Save",AF47="Turnover_Takeaway",AF47="Play_Defensive")),"Defensive",IF(AND(AD47="o",OR(AE47="Save",AF47="Turnover_Takeaway",AF47="Play_Defensive")),"Offensive",IF(OR(AE47="Deadice",AE47="Stoppage",AE47="Intermission"),"",IF(AD47="e","Offensive",IF(AD47="o","Defensive",""))))) -> Offensive
A48: 17 | B48: 2 | E48: 17 | F48: 26 | I48: a | J48: 39 | K48: 1 | L48: d | M48: Rebound | N48: Rebound_ShotGenerated | U48: =IF(M48="Intermission",U47+1,U47) -> 1 | AD48: =IF(K48="x","",IF(K48=1,"e","o")) -> e | AE48: =IF(M48<>"",M48,IF($A48=$A47,AE47,"")) -> Rebound | AF48: =IF(N48<>"",N48,IF($A48=$A47,AF47,"")) -> Rebound_ShotGenerated | AG48: =IF(O48<>"",O48,IF($A48=$A47,AG47,"")) | AN48: =IF(AND(AD48="e",OR(AE48="Save",AF48="Turnover_Takeaway",AF48="Play_Defensive")),"Defensive",IF(AND(AD48="o",OR(AE48="Save",AF48="Turnover_Takeaway",AF48="Play_Defensive")),"Offensive",IF(OR(AE48="Deadice",AE48="Stoppage",AE48="Intermission"),"",IF(AD48="e","Offensive",IF(AD48="o","Defensive",""))))) -> Offensive
A49: 18 | B49: 3 | E49: 17 | F49: 25 | I49: h | J49: 46 | K49: 1 | L49: o | M49: Shot | N49: Shot_Blocked | O49: Shot-Wrist | P49: u | T49: 1 | U49: =IF(M49="Intermission",U48+1,U48) -> 1 | AD49: =IF(K49="x","",IF(K49=1,"e","o")) -> e | AE49: =IF(M49<>"",M49,IF($A49=$A48,AE48,"")) -> Shot | AF49: =IF(N49<>"",N49,IF($A49=$A48,AF48,"")) -> Shot_Blocked | AG49: =IF(O49<>"",O49,IF($A49=$A48,AG48,"")) -> Shot-Wrist | AN49: =IF(AND(AD49="e",OR(AE49="Save",AF49="Turnover_Takeaway",AF49="Play_Defensive")),"Defensive",IF(AND(AD49="o",OR(AE49="Save",AF49="Turnover_Takeaway",AF49="Play_Defensive")),"Offensive",IF(OR(AE49="Deadice",AE49="Stoppage",AE49="Intermission"),"",IF(AD49="e","Offensive",IF(AD49="o","Defensive",""))))) -> Offensive
A50: 18 | B50: 3 | J50: 52 | Q50: Defensive_PlayShot-BlockedShot | S50: s | T50: 1 | U50: =IF(M50="Intermission",U49+1,U49) -> 1 | AD50: =IF(K50="x","",IF(K50=1,"e","o")) -> o | AE50: =IF(M50<>"",M50,IF($A50=$A49,AE49,"")) -> Shot | AF50: =IF(N50<>"",N50,IF($A50=$A49,AF49,"")) -> Shot_Blocked | AG50: =IF(O50<>"",O50,IF($A50=$A49,AG49,"")) -> Shot-Wrist | AN50: =IF(AND(AD50="e",OR(AE50="Save",AF50="Turnover_Takeaway",AF50="Play_Defensive")),"Defensive",IF(AND(AD50="o",OR(AE50="Save",AF50="Turnover_Takeaway",AF50="Play_Defensive")),"Offensive",IF(OR(AE50="Deadice",AE50="Stoppage",AE50="Intermission"),"",IF(AD50="e","Offensive",IF(AD50="o","Defensive",""))))) -> Defensive
A51: 19 | B51: 3 | E51: 17 | F51: 25 | I51: h | J51: 46 | K51: 1 | L51: o | M51: Turnover | N51: Turnover_Giveaway | O51: Giveaway-ShotBlocked | P51: u | T51: 1 | U51: =IF(M51="Intermission",U50+1,U50) -> 1 | AD51: =IF(K51="x","",IF(K51=1,"e","o")) -> e | AE51: =IF(M51<>"",M51,IF($A51=$A50,AE50,"")) -> Turnover | AF51: =IF(N51<>"",N51,IF($A51=$A50,AF50,"")) -> Turnover_Giveaway | AG51: =IF(O51<>"",O51,IF($A51=$A50,AG50,"")) -> Giveaway-ShotBlocked | AN51: =IF(AND(AD51="e",OR(AE51="Save",AF51="Turnover_Takeaway",AF51="Play_Defensive")),"Defensive",IF(AND(AD51="o",OR(AE51="Save",AF51="Turnover_Takeaway",AF51="Play_Defensive")),"Offensive",IF(OR(AE51="Deadice",AE51="Stoppage",AE51="Intermission"),"",IF(AD51="e","Offensive",IF(AD51="o","Defensive",""))))) -> Offensive
A52: 19 | B52: 3 | J52: 52 | Q52: Defensive_PlayShot-BlockedShot | S52: s | T52: 1 | U52: =IF(M52="Intermission",U51+1,U51) -> 1 | AD52: =IF(K52="x","",IF(K52=1,"e","o")) -> o | AE52: =IF(M52<>"",M52,IF($A52=$A51,AE51,"")) -> Turnover | AF52: =IF(N52<>"",N52,IF($A52=$A51,AF51,"")) -> Turnover_Giveaway | AG52: =IF(O52<>"",O52,IF($A52=$A51,AG51,"")) -> Giveaway-ShotBlocked | AN52: =IF(AND(AD52="e",OR(AE52="Save",AF52="Turnover_Takeaway",AF52="Play_Defensive")),"Defensive",IF(AND(AD52="o",OR(AE52="Save",AF52="Turnover_Takeaway",AF52="Play_Defensive")),"Offensive",IF(OR(AE52="Deadice",AE52="Stoppage",AE52="Intermission"),"",IF(AD52="e","Offensive",IF(AD52="o","Defensive",""))))) -> Defensive
A53: 20 | E53: 17 | F53: 23 | G53: 17 | H53: 22 | I53: a | J53: 70 | K53: 1 | L53: d | M53: Possession | N53: PuckRetrieval | P53: u | Q53: OffensivePlay_Zone-PuckRetrievalShot | S53: u | U53: =IF(M53="Intermission",U52+1,U52) -> 1 | AD53: =IF(K53="x","",IF(K53=1,"e","o")) -> e | AE53: =IF(M53<>"",M53,IF($A53=$A52,AE52,"")) -> Possession | AF53: =IF(N53<>"",N53,IF($A53=$A52,AF52,"")) -> PuckRetrieval | AG53: =IF(O53<>"",O53,IF($A53=$A52,AG52,"")) | AN53: =IF(AND(AD53="e",OR(AE53="Save",AF53="Turnover_Takeaway",AF53="Play_Defensive")),"Defensive",IF(AND(AD53="o",OR(AE53="Save",AF53="Turnover_Takeaway",AF53="Play_Defensive")),"Offensive",IF(OR(AE53="Deadice",AE53="Stoppage",AE53="Intermission"),"",IF(AD53="e","Offensive",IF(AD53="o","Defensive",""))))) -> Offensive
A54: 21 | B54: 4 | E54: 17 | F54: 21 | I54: a | J54: 70 | K54: 1 | L54: d | M54: Pass | N54: Pass_Missed | O54: Pass-Forehand | P54: u | Q54: Defensive_Zone-AttemptedBreakOutPass | S54: u | T54: 1 | U54: =IF(M54="Intermission",U53+1,U53) -> 1 | AD54: =IF(K54="x","",IF(K54=1,"e","o")) -> e | AE54: =IF(M54<>"",M54,IF($A54=$A53,AE53,"")) -> Pass | AF54: =IF(N54<>"",N54,IF($A54=$A53,AF53,"")) -> Pass_Missed | AG54: =IF(O54<>"",O54,IF($A54=$A53,AG53,"")) -> Pass-Forehand | AN54: =IF(AND(AD54="e",OR(AE54="Save",AF54="Turnover_Takeaway",AF54="Play_Defensive")),"Defensive",IF(AND(AD54="o",OR(AE54="Save",AF54="Turnover_Takeaway",AF54="Play_Defensive")),"Offensive",IF(OR(AE54="Deadice",AE54="Stoppage",AE54="Intermission"),"",IF(AD54="e","Offensive",IF(AD54="o","Defensive",""))))) -> Offensive
A55: 21 | B55: 4 | J55: 14 | K55: 1 | U55: =IF(M55="Intermission",U54+1,U54) -> 1 | AD55: =IF(K55="x","",IF(K55=1,"e","o")) -> e | AE55: =IF(M55<>"",M55,IF($A55=$A54,AE54,"")) -> Pass | AF55: =IF(N55<>"",N55,IF($A55=$A54,AF54,"")) -> Pass_Missed | AG55: =IF(O55<>"",O55,IF($A55=$A54,AG54,"")) -> Pass-Forehand | AN55: =IF(AND(AD55="e",OR(AE55="Save",AF55="Turnover_Takeaway",AF55="Play_Defensive")),"Defensive",IF(AND(AD55="o",OR(AE55="Save",AF55="Turnover_Takeaway",AF55="Play_Defensive")),"Offensive",IF(OR(AE55="Deadice",AE55="Stoppage",AE55="Intermission"),"",IF(AD55="e","Offensive",IF(AD55="o","Defensive",""))))) -> Offensive
A56: 21 | B56: 4 | J56: 92 | T56: 1 | U56: =IF(M56="Intermission",U55+1,U55) -> 1 | AD56: =IF(K56="x","",IF(K56=1,"e","o")) -> o | AE56: =IF(M56<>"",M56,IF($A56=$A55,AE55,"")) -> Pass | AF56: =IF(N56<>"",N56,IF($A56=$A55,AF55,"")) -> Pass_Missed | AG56: =IF(O56<>"",O56,IF($A56=$A55,AG55,"")) -> Pass-Forehand | AN56: =IF(AND(AD56="e",OR(AE56="Save",AF56="Turnover_Takeaway",AF56="Play_Defensive")),"Defensive",IF(AND(AD56="o",OR(AE56="Save",AF56="Turnover_Takeaway",AF56="Play_Defensive")),"Offensive",IF(OR(AE56="Deadice",AE56="Stoppage",AE56="Intermission"),"",IF(AD56="e","Offensive",IF(AD56="o","Defensive",""))))) -> Defensive
A57: 22 | B57: 4 | E57: 17 | F57: 21 | I57: a | J57: 70 | K57: 1 | L57: d | M57: Zone_Entry_Exit | N57: Zone_Exit | O57: ZoneExit-PassMiss/Misplay | P57: u | Q57: Defensive_Zone-AttemptedBreakOutPass | S57: u | T57: 1 | U57: =IF(M57="Intermission",U56+1,U56) -> 1 | AD57: =IF(K57="x","",IF(K57=1,"e","o")) -> e | AE57: =IF(M57<>"",M57,IF($A57=$A56,AE56,"")) -> Zone_Entry_Exit | AF57: =IF(N57<>"",N57,IF($A57=$A56,AF56,"")) -> Zone_Exit | AG57: =IF(O57<>"",O57,IF($A57=$A56,AG56,"")) -> ZoneExit-PassMiss/Misplay | AN57: =IF(AND(AD57="e",OR(AE57="Save",AF57="Turnover_Takeaway",AF57="Play_Defensive")),"Defensive",IF(AND(AD57="o",OR(AE57="Save",AF57="Turnover_Takeaway",AF57="Play_Defensive")),"Offensive",IF(OR(AE57="Deadice",AE57="Stoppage",AE57="Intermission"),"",IF(AD57="e","Offensive",IF(AD57="o","Defensive",""))))) -> Offensive
A58: 22 | B58: 4 | J58: 14 | K58: 1 | U58: =IF(M58="Intermission",U57+1,U57) -> 1 | AD58: =IF(K58="x","",IF(K58=1,"e","o")) -> e | AE58: =IF(M58<>"",M58,IF($A58=$A57,AE57,"")) -> Zone_Entry_Exit | AF58: =IF(N58<>"",N58,IF($A58=$A57,AF57,"")) -> Zone_Exit | AG58: =IF(O58<>"",O58,IF($A58=$A57,AG57,"")) -> ZoneExit-PassMiss/Misplay | AN58: =IF(AND(AD58="e",OR(AE58="Save",AF58="Turnover_Takeaway",AF58="Play_Defensive")),"Defensive",IF(AND(AD58="o",OR(AE58="Save",AF58="Turnover_Takeaway",AF58="Play_Defensive")),"Offensive",IF(OR(AE58="Deadice",AE58="Stoppage",AE58="Intermission"),"",IF(AD58="e","Offensive",IF(AD58="o","Defensive",""))))) -> Offensive
A59: 22 | B59: 4 | J59: 7 | Q59: Offensive_Zone-CededZoneExit | S59: u | T59: 1 | U59: =IF(M59="Intermission",U58+1,U58) -> 1 | AD59: =IF(K59="x","",IF(K59=1,"e","o")) -> o | AE59: =IF(M59<>"",M59,IF($A59=$A58,AE58,"")) -> Zone_Entry_Exit | AF59: =IF(N59<>"",N59,IF($A59=$A58,AF58,"")) -> Zone_Exit | AG59: =IF(O59<>"",O59,IF($A59=$A58,AG58,"")) -> ZoneExit-PassMiss/Misplay | AN59: =IF(AND(AD59="e",OR(AE59="Save",AF59="Turnover_Takeaway",AF59="Play_Defensive")),"Defensive",IF(AND(AD59="o",OR(AE59="Save",AF59="Turnover_Takeaway",AF59="Play_Defensive")),"Offensive",IF(OR(AE59="Deadice",AE59="Stoppage",AE59="Intermission"),"",IF(AD59="e","Offensive",IF(AD59="o","Defensive",""))))) -> Defensive
A60: 23 | B60: 5 | E60: 17 | F60: 21 | I60: a | J60: 70 | K60: 1 | L60: d | M60: Turnover | N60: Turnover_Giveaway | O60: Giveaway-PassMissed | P60: u | Q60: Defensive_Zone-AttemptedBreakOutPass | S60: u | T60: 1 | U60: =IF(M60="Intermission",U59+1,U59) -> 1 | AD60: =IF(K60="x","",IF(K60=1,"e","o")) -> e | AE60: =IF(M60<>"",M60,IF($A60=$A59,AE59,"")) -> Turnover | AF60: =IF(N60<>"",N60,IF($A60=$A59,AF59,"")) -> Turnover_Giveaway | AG60: =IF(O60<>"",O60,IF($A60=$A59,AG59,"")) -> Giveaway-PassMissed | AN60: =IF(AND(AD60="e",OR(AE60="Save",AF60="Turnover_Takeaway",AF60="Play_Defensive")),"Defensive",IF(AND(AD60="o",OR(AE60="Save",AF60="Turnover_Takeaway",AF60="Play_Defensive")),"Offensive",IF(OR(AE60="Deadice",AE60="Stoppage",AE60="Intermission"),"",IF(AD60="e","Offensive",IF(AD60="o","Defensive",""))))) -> Offensive
A61: 23 | B61: 5 | J61: 14 | K61: 1 | U61: =IF(M61="Intermission",U60+1,U60) -> 1 | AD61: =IF(K61="x","",IF(K61=1,"e","o")) -> e | AE61: =IF(M61<>"",M61,IF($A61=$A60,AE60,"")) -> Turnover | AF61: =IF(N61<>"",N61,IF($A61=$A60,AF60,"")) -> Turnover_Giveaway | AG61: =IF(O61<>"",O61,IF($A61=$A60,AG60,"")) -> Giveaway-PassMissed | AN61: =IF(AND(AD61="e",OR(AE61="Save",AF61="Turnover_Takeaway",AF61="Play_Defensive")),"Defensive",IF(AND(AD61="o",OR(AE61="Save",AF61="Turnover_Takeaway",AF61="Play_Defensive")),"Offensive",IF(OR(AE61="Deadice",AE61="Stoppage",AE61="Intermission"),"",IF(AD61="e","Offensive",IF(AD61="o","Defensive",""))))) -> Offensive
A62: 23 | B62: 5 | J62: 92 | T62: 1 | U62: =IF(M62="Intermission",U61+1,U61) -> 1 | AD62: =IF(K62="x","",IF(K62=1,"e","o")) -> o | AE62: =IF(M62<>"",M62,IF($A62=$A61,AE61,"")) -> Turnover | AF62: =IF(N62<>"",N62,IF($A62=$A61,AF61,"")) -> Turnover_Giveaway | AG62: =IF(O62<>"",O62,IF($A62=$A61,AG61,"")) -> Giveaway-PassMissed | AN62: =IF(AND(AD62="e",OR(AE62="Save",AF62="Turnover_Takeaway",AF62="Play_Defensive")),"Defensive",IF(AND(AD62="o",OR(AE62="Save",AF62="Turnover_Takeaway",AF62="Play_Defensive")),"Offensive",IF(OR(AE62="Deadice",AE62="Stoppage",AE62="Intermission"),"",IF(AD62="e","Offensive",IF(AD62="o","Defensive",""))))) -> Defensive
A63: 24 | E63: 17 | F63: 21 | G63: 17 | H63: 19 | I63: h | J63: 7 | K63: 1 | L63: n | M63: Possession | N63: PuckRetrieval | P63: s | Q63: OffensivePlay_Zone-PuckRetreivalTurnover | S63: s | U63: =IF(M63="Intermission",U62+1,U62) -> 1 | AD63: =IF(K63="x","",IF(K63=1,"e","o")) -> e | AE63: =IF(M63<>"",M63,IF($A63=$A62,AE62,"")) -> Possession | AF63: =IF(N63<>"",N63,IF($A63=$A62,AF62,"")) -> PuckRetrieval | AG63: =IF(O63<>"",O63,IF($A63=$A62,AG62,"")) | AN63: =IF(AND(AD63="e",OR(AE63="Save",AF63="Turnover_Takeaway",AF63="Play_Defensive")),"Defensive",IF(AND(AD63="o",OR(AE63="Save",AF63="Turnover_Takeaway",AF63="Play_Defensive")),"Offensive",IF(OR(AE63="Deadice",AE63="Stoppage",AE63="Intermission"),"",IF(AD63="e","Offensive",IF(AD63="o","Defensive",""))))) -> Offensive
A64: 25 | E64: 17 | F64: 19 | I64: h | J64: 7 | K64: 1 | L64: n | M64: Pass | N64: Pass_Completed | O64: Pass-Forehand | P64: s | U64: =IF(M64="Intermission",U63+1,U63) -> 1 | AD64: =IF(K64="x","",IF(K64=1,"e","o")) -> e | AE64: =IF(M64<>"",M64,IF($A64=$A63,AE63,"")) -> Pass | AF64: =IF(N64<>"",N64,IF($A64=$A63,AF63,"")) -> Pass_Completed | AG64: =IF(O64<>"",O64,IF($A64=$A63,AG63,"")) -> Pass-Forehand | AN64: =IF(AND(AD64="e",OR(AE64="Save",AF64="Turnover_Takeaway",AF64="Play_Defensive")),"Defensive",IF(AND(AD64="o",OR(AE64="Save",AF64="Turnover_Takeaway",AF64="Play_Defensive")),"Offensive",IF(OR(AE64="Deadice",AE64="Stoppage",AE64="Intermission"),"",IF(AD64="e","Offensive",IF(AD64="o","Defensive",""))))) -> Offensive
A65: 25 | J65: 83 | K65: 1 | U65: =IF(M65="Intermission",U64+1,U64) -> 1 | AD65: =IF(K65="x","",IF(K65=1,"e","o")) -> e | AE65: =IF(M65<>"",M65,IF($A65=$A64,AE64,"")) -> Pass | AF65: =IF(N65<>"",N65,IF($A65=$A64,AF64,"")) -> Pass_Completed | AG65: =IF(O65<>"",O65,IF($A65=$A64,AG64,"")) -> Pass-Forehand | AN65: =IF(AND(AD65="e",OR(AE65="Save",AF65="Turnover_Takeaway",AF65="Play_Defensive")),"Defensive",IF(AND(AD65="o",OR(AE65="Save",AF65="Turnover_Takeaway",AF65="Play_Defensive")),"Offensive",IF(OR(AE65="Deadice",AE65="Stoppage",AE65="Intermission"),"",IF(AD65="e","Offensive",IF(AD65="o","Defensive",""))))) -> Offensive
A66: 26 | B66: 6 | E66: 17 | F66: 18 | I66: h | J66: 83 | K66: 1 | L66: n | M66: Pass | N66: Pass_Completed | O66: Pass-Forehand | P66: s | U66: =IF(M66="Intermission",U65+1,U65) -> 1 | AD66: =IF(K66="x","",IF(K66=1,"e","o")) -> e | AE66: =IF(M66<>"",M66,IF($A66=$A65,AE65,"")) -> Pass | AF66: =IF(N66<>"",N66,IF($A66=$A65,AF65,"")) -> Pass_Completed | AG66: =IF(O66<>"",O66,IF($A66=$A65,AG65,"")) -> Pass-Forehand | AN66: =IF(AND(AD66="e",OR(AE66="Save",AF66="Turnover_Takeaway",AF66="Play_Defensive")),"Defensive",IF(AND(AD66="o",OR(AE66="Save",AF66="Turnover_Takeaway",AF66="Play_Defensive")),"Offensive",IF(OR(AE66="Deadice",AE66="Stoppage",AE66="Intermission"),"",IF(AD66="e","Offensive",IF(AD66="o","Defensive",""))))) -> Offensive
A67: 26 | B67: 6 | J67: 46 | K67: 1 | U67: =IF(M67="Intermission",U66+1,U66) -> 1 | AD67: =IF(K67="x","",IF(K67=1,"e","o")) -> e | AE67: =IF(M67<>"",M67,IF($A67=$A66,AE66,"")) -> Pass | AF67: =IF(N67<>"",N67,IF($A67=$A66,AF66,"")) -> Pass_Completed | AG67: =IF(O67<>"",O67,IF($A67=$A66,AG66,"")) -> Pass-Forehand | AN67: =IF(AND(AD67="e",OR(AE67="Save",AF67="Turnover_Takeaway",AF67="Play_Defensive")),"Defensive",IF(AND(AD67="o",OR(AE67="Save",AF67="Turnover_Takeaway",AF67="Play_Defensive")),"Offensive",IF(OR(AE67="Deadice",AE67="Stoppage",AE67="Intermission"),"",IF(AD67="e","Offensive",IF(AD67="o","Defensive",""))))) -> Offensive
A68: 27 | B68: 6 | E68: 17 | F68: 15 | G68: 17 | H68: 14 | I68: h | J68: 83 | K68: 1 | L68: n | M68: Zone_Entry_Exit | N68: Zone_Entry | O68: ZoneEntry-Pass | P68: u | U68: =IF(M68="Intermission",U67+1,U67) -> 1 | AD68: =IF(K68="x","",IF(K68=1,"e","o")) -> e | AE68: =IF(M68<>"",M68,IF($A68=$A67,AE67,"")) -> Zone_Entry_Exit | AF68: =IF(N68<>"",N68,IF($A68=$A67,AF67,"")) -> Zone_Entry | AG68: =IF(O68<>"",O68,IF($A68=$A67,AG67,"")) -> ZoneEntry-Pass | AN68: =IF(AND(AD68="e",OR(AE68="Save",AF68="Turnover_Takeaway",AF68="Play_Defensive")),"Defensive",IF(AND(AD68="o",OR(AE68="Save",AF68="Turnover_Takeaway",AF68="Play_Defensive")),"Offensive",IF(OR(AE68="Deadice",AE68="Stoppage",AE68="Intermission"),"",IF(AD68="e","Offensive",IF(AD68="o","Defensive",""))))) -> Offensive
A69: 27 | B69: 6 | J69: 46 | K69: 1 | U69: =IF(M69="Intermission",U68+1,U68) -> 1 | AD69: =IF(K69="x","",IF(K69=1,"e","o")) -> e | AE69: =IF(M69<>"",M69,IF($A69=$A68,AE68,"")) -> Zone_Entry_Exit | AF69: =IF(N69<>"",N69,IF($A69=$A68,AF68,"")) -> Zone_Entry | AG69: =IF(O69<>"",O69,IF($A69=$A68,AG68,"")) -> ZoneEntry-Pass | AN69: =IF(AND(AD69="e",OR(AE69="Save",AF69="Turnover_Takeaway",AF69="Play_Defensive")),"Defensive",IF(AND(AD69="o",OR(AE69="Save",AF69="Turnover_Takeaway",AF69="Play_Defensive")),"Offensive",IF(OR(AE69="Deadice",AE69="Stoppage",AE69="Intermission"),"",IF(AD69="e","Offensive",IF(AD69="o","Defensive",""))))) -> Offensive
A70: 28 | E70: 17 | F70: 14 | I70: a | J70: 91 | K70: 1 | L70: d | M70: Turnover | N70: Turnover_Takeaway | O70: Takeaway-PokeCheck | P70: s | Q70: Defensive_PlayPossession-PokeCheck | R70: Defensive_PlayZone-ZoneEntryDenial | S70: s | T70: 1 | U70: =IF(M70="Intermission",U69+1,U69) -> 1 | AD70: =IF(K70="x","",IF(K70=1,"e","o")) -> e | AE70: =IF(M70<>"",M70,IF($A70=$A69,AE69,"")) -> Turnover | AF70: =IF(N70<>"",N70,IF($A70=$A69,AF69,"")) -> Turnover_Takeaway | AG70: =IF(O70<>"",O70,IF($A70=$A69,AG69,"")) -> Takeaway-PokeCheck | AN70: =IF(AND(AD70="e",OR(AE70="Save",AF70="Turnover_Takeaway",AF70="Play_Defensive")),"Defensive",IF(AND(AD70="o",OR(AE70="Save",AF70="Turnover_Takeaway",AF70="Play_Defensive")),"Offensive",IF(OR(AE70="Deadice",AE70="Stoppage",AE70="Intermission"),"",IF(AD70="e","Offensive",IF(AD70="o","Defensive",""))))) -> Defensive
A71: 28 | J71: 46 | Q71: Offensive_Zone-AttemptedEntryPass | S71: u | T71: 1 | U71: =IF(M71="Intermission",U70+1,U70) -> 1 | AD71: =IF(K71="x","",IF(K71=1,"e","o")) -> o | AE71: =IF(M71<>"",M71,IF($A71=$A70,AE70,"")) -> Turnover | AF71: =IF(N71<>"",N71,IF($A71=$A70,AF70,"")) -> Turnover_Takeaway | AG71: =IF(O71<>"",O71,IF($A71=$A70,AG70,"")) -> Takeaway-PokeCheck | AN71: =IF(AND(AD71="e",OR(AE71="Save",AF71="Turnover_Takeaway",AF71="Play_Defensive")),"Defensive",IF(AND(AD71="o",OR(AE71="Save",AF71="Turnover_Takeaway",AF71="Play_Defensive")),"Offensive",IF(OR(AE71="Deadice",AE71="Stoppage",AE71="Intermission"),"",IF(AD71="e","Offensive",IF(AD71="o","Defensive",""))))) -> Offensive
A72: 29 | E72: 17 | F72: 12 | I72: a | J72: 75 | K72: 1 | L72: d | M72: Possession | N72: PuckRetrieval | P72: u | Q72: OffensivePlay_Zone-PuckRetreivalTurnover | S72: u | U72: =IF(M72="Intermission",U71+1,U71) -> 1 | AD72: =IF(K72="x","",IF(K72=1,"e","o")) -> e | AE72: =IF(M72<>"",M72,IF($A72=$A71,AE71,"")) -> Possession | AF72: =IF(N72<>"",N72,IF($A72=$A71,AF71,"")) -> PuckRetrieval | AG72: =IF(O72<>"",O72,IF($A72=$A71,AG71,"")) | AN72: =IF(AND(AD72="e",OR(AE72="Save",AF72="Turnover_Takeaway",AF72="Play_Defensive")),"Defensive",IF(AND(AD72="o",OR(AE72="Save",AF72="Turnover_Takeaway",AF72="Play_Defensive")),"Offensive",IF(OR(AE72="Deadice",AE72="Stoppage",AE72="Intermission"),"",IF(AD72="e","Offensive",IF(AD72="o","Defensive",""))))) -> Offensive
A73: 30 | B73: 7 | E73: 17 | F73: 12 | I73: a | J73: 75 | K73: 1 | L73: d | M73: Pass | N73: Pass_Missed | O73: Pass-Forehand | P73: u | Q73: OffensivePlay_Pass-SecondTouch | R73: Defensive_Zone-AttemptedBreakOutPass | S73: u | U73: =IF(M73="Intermission",U72+1,U72) -> 1 | AD73: =IF(K73="x","",IF(K73=1,"e","o")) -> e | AE73: =IF(M73<>"",M73,IF($A73=$A72,AE72,"")) -> Pass | AF73: =IF(N73<>"",N73,IF($A73=$A72,AF72,"")) -> Pass_Missed | AG73: =IF(O73<>"",O73,IF($A73=$A72,AG72,"")) -> Pass-Forehand | AN73: =IF(AND(AD73="e",OR(AE73="Save",AF73="Turnover_Takeaway",AF73="Play_Defensive")),"Defensive",IF(AND(AD73="o",OR(AE73="Save",AF73="Turnover_Takeaway",AF73="Play_Defensive")),"Offensive",IF(OR(AE73="Deadice",AE73="Stoppage",AE73="Intermission"),"",IF(AD73="e","Offensive",IF(AD73="o","Defensive",""))))) -> Offensive
A74: 30 | B74: 7 | J74: 14 | K74: 1 | U74: =IF(M74="Intermission",U73+1,U73) -> 1 | AD74: =IF(K74="x","",IF(K74=1,"e","o")) -> e | AE74: =IF(M74<>"",M74,IF($A74=$A73,AE73,"")) -> Pass | AF74: =IF(N74<>"",N74,IF($A74=$A73,AF73,"")) -> Pass_Missed | AG74: =IF(O74<>"",O74,IF($A74=$A73,AG73,"")) -> Pass-Forehand | AN74: =IF(AND(AD74="e",OR(AE74="Save",AF74="Turnover_Takeaway",AF74="Play_Defensive")),"Defensive",IF(AND(AD74="o",OR(AE74="Save",AF74="Turnover_Takeaway",AF74="Play_Defensive")),"Offensive",IF(OR(AE74="Deadice",AE74="Stoppage",AE74="Intermission"),"",IF(AD74="e","Offensive",IF(AD74="o","Defensive",""))))) -> Offensive
A75: 31 | B75: 7 | E75: 17 | F75: 12 | I75: a | J75: 75 | K75: 1 | L75: d | M75: Zone_Entry_Exit | N75: Zone_Exit | O75: ZoneExit-PassMiss/Misplay | P75: u | Q75: OffensivePlay_Pass-SecondTouch | R75: Defensive_Zone-AttemptedBreakOutPass | S75: u | U75: =IF(M75="Intermission",U74+1,U74) -> 1 | AD75: =IF(K75="x","",IF(K75=1,"e","o")) -> e | AE75: =IF(M75<>"",M75,IF($A75=$A74,AE74,"")) -> Zone_Entry_Exit | AF75: =IF(N75<>"",N75,IF($A75=$A74,AF74,"")) -> Zone_Exit | AG75: =IF(O75<>"",O75,IF($A75=$A74,AG74,"")) -> ZoneExit-PassMiss/Misplay | AN75: =IF(AND(AD75="e",OR(AE75="Save",AF75="Turnover_Takeaway",AF75="Play_Defensive")),"Defensive",IF(AND(AD75="o",OR(AE75="Save",AF75="Turnover_Takeaway",AF75="Play_Defensive")),"Offensive",IF(OR(AE75="Deadice",AE75="Stoppage",AE75="Intermission"),"",IF(AD75="e","Offensive",IF(AD75="o","Defensive",""))))) -> Offensive
A76: 31 | B76: 7 | J76: 14 | K76: 1 | U76: =IF(M76="Intermission",U75+1,U75) -> 1 | AD76: =IF(K76="x","",IF(K76=1,"e","o")) -> e | AE76: =IF(M76<>"",M76,IF($A76=$A75,AE75,"")) -> Zone_Entry_Exit | AF76: =IF(N76<>"",N76,IF($A76=$A75,AF75,"")) -> Zone_Exit | AG76: =IF(O76<>"",O76,IF($A76=$A75,AG75,"")) -> ZoneExit-PassMiss/Misplay | AN76: =IF(AND(AD76="e",OR(AE76="Save",AF76="Turnover_Takeaway",AF76="Play_Defensive")),"Defensive",IF(AND(AD76="o",OR(AE76="Save",AF76="Turnover_Takeaway",AF76="Play_Defensive")),"Offensive",IF(OR(AE76="Deadice",AE76="Stoppage",AE76="Intermission"),"",IF(AD76="e","Offensive",IF(AD76="o","Defensive",""))))) -> Offensive
A77: 32 | E77: 17 | F77: 09 | G77: 17 | H77: 07 | I77: a | J77: 14 | K77: 1 | L77: n | M77: Possession | N77: PuckRecovery | P77: s | Q77: OffensivePlay_Zone-PuckRecoveryPass | S77: s | U77: =IF(M77="Intermission",U76+1,U76) -> 1 | AD77: =IF(K77="x","",IF(K77=1,"e","o")) -> e | AE77: =IF(M77<>"",M77,IF($A77=$A76,AE76,"")) -> Possession | AF77: =IF(N77<>"",N77,IF($A77=$A76,AF76,"")) -> PuckRecovery | AG77: =IF(O77<>"",O77,IF($A77=$A76,AG76,"")) | AN77: =IF(AND(AD77="e",OR(AE77="Save",AF77="Turnover_Takeaway",AF77="Play_Defensive")),"Defensive",IF(AND(AD77="o",OR(AE77="Save",AF77="Turnover_Takeaway",AF77="Play_Defensive")),"Offensive",IF(OR(AE77="Deadice",AE77="Stoppage",AE77="Intermission"),"",IF(AD77="e","Offensive",IF(AD77="o","Defensive",""))))) -> Offensive
A78: 33 | B78: 8 | E78: 17 | F78: 07 | I78: a | J78: 14 | K78: 1 | L78: n | M78: Zone_Entry_Exit | N78: Zone_Entry | O78: ZoneEntry-DumpIn | P78: u | Q78: OffensivePlay_Zone-DumpChase | S78: u | U78: =IF(M78="Intermission",U77+1,U77) -> 1 | AD78: =IF(K78="x","",IF(K78=1,"e","o")) -> e | AE78: =IF(M78<>"",M78,IF($A78=$A77,AE77,"")) -> Zone_Entry_Exit | AF78: =IF(N78<>"",N78,IF($A78=$A77,AF77,"")) -> Zone_Entry | AG78: =IF(O78<>"",O78,IF($A78=$A77,AG77,"")) -> ZoneEntry-DumpIn | AN78: =IF(AND(AD78="e",OR(AE78="Save",AF78="Turnover_Takeaway",AF78="Play_Defensive")),"Defensive",IF(AND(AD78="o",OR(AE78="Save",AF78="Turnover_Takeaway",AF78="Play_Defensive")),"Offensive",IF(OR(AE78="Deadice",AE78="Stoppage",AE78="Intermission"),"",IF(AD78="e","Offensive",IF(AD78="o","Defensive",""))))) -> Offensive
A79: 34 | B79: 8 | E79: 17 | F79: 07 | I79: a | J79: 14 | K79: 1 | L79: n | M79: Turnover | N79: Turnover_Giveaway | O79: Giveaway-ZoneClear/Dump | P79: u | Q79: OffensivePlay_Zone-DumpChase | S79: u | U79: =IF(M79="Intermission",U78+1,U78) -> 1 | AD79: =IF(K79="x","",IF(K79=1,"e","o")) -> e | AE79: =IF(M79<>"",M79,IF($A79=$A78,AE78,"")) -> Turnover | AF79: =IF(N79<>"",N79,IF($A79=$A78,AF78,"")) -> Turnover_Giveaway | AG79: =IF(O79<>"",O79,IF($A79=$A78,AG78,"")) -> Giveaway-ZoneClear/Dump | AN79: =IF(AND(AD79="e",OR(AE79="Save",AF79="Turnover_Takeaway",AF79="Play_Defensive")),"Defensive",IF(AND(AD79="o",OR(AE79="Save",AF79="Turnover_Takeaway",AF79="Play_Defensive")),"Offensive",IF(OR(AE79="Deadice",AE79="Stoppage",AE79="Intermission"),"",IF(AD79="e","Offensive",IF(AD79="o","Defensive",""))))) -> Offensive
A80: 35 | E80: 17 | F80: 03 | I80: h | J80: 83 | K80: 1 | L80: d | M80: Possession | N80: PuckRetrieval | P80: s | Q80: OffensivePlay_Zone-PuckRetrievalDumpIn | S80: s | U80: =IF(M80="Intermission",U79+1,U79) -> 1 | AD80: =IF(K80="x","",IF(K80=1,"e","o")) -> e | AE80: =IF(M80<>"",M80,IF($A80=$A79,AE79,"")) -> Possession | AF80: =IF(N80<>"",N80,IF($A80=$A79,AF79,"")) -> PuckRetrieval | AG80: =IF(O80<>"",O80,IF($A80=$A79,AG79,"")) | AN80: =IF(AND(AD80="e",OR(AE80="Save",AF80="Turnover_Takeaway",AF80="Play_Defensive")),"Defensive",IF(AND(AD80="o",OR(AE80="Save",AF80="Turnover_Takeaway",AF80="Play_Defensive")),"Offensive",IF(OR(AE80="Deadice",AE80="Stoppage",AE80="Intermission"),"",IF(AD80="e","Offensive",IF(AD80="o","Defensive",""))))) -> Offensive
A81: 36 | E81: 17 | F81: 03 | I81: h | J81: 83 | K81: 1 | L81: d | M81: Pass | N81: Pass_Completed | O81: Pass-Backhand | P81: s | Q81: OffensivePlay_Pass-SecondTouch | S81: s | U81: =IF(M81="Intermission",U80+1,U80) -> 1 | AD81: =IF(K81="x","",IF(K81=1,"e","o")) -> e | AE81: =IF(M81<>"",M81,IF($A81=$A80,AE80,"")) -> Pass | AF81: =IF(N81<>"",N81,IF($A81=$A80,AF80,"")) -> Pass_Completed | AG81: =IF(O81<>"",O81,IF($A81=$A80,AG80,"")) -> Pass-Backhand | AN81: =IF(AND(AD81="e",OR(AE81="Save",AF81="Turnover_Takeaway",AF81="Play_Defensive")),"Defensive",IF(AND(AD81="o",OR(AE81="Save",AF81="Turnover_Takeaway",AF81="Play_Defensive")),"Offensive",IF(OR(AE81="Deadice",AE81="Stoppage",AE81="Intermission"),"",IF(AD81="e","Offensive",IF(AD81="o","Defensive",""))))) -> Offensive
A82: 36 | J82: 7 | K82: 1 | U82: =IF(M82="Intermission",U81+1,U81) -> 1 | AD82: =IF(K82="x","",IF(K82=1,"e","o")) -> e | AE82: =IF(M82<>"",M82,IF($A82=$A81,AE81,"")) -> Pass | AF82: =IF(N82<>"",N82,IF($A82=$A81,AF81,"")) -> Pass_Completed | AG82: =IF(O82<>"",O82,IF($A82=$A81,AG81,"")) -> Pass-Backhand | AN82: =IF(AND(AD82="e",OR(AE82="Save",AF82="Turnover_Takeaway",AF82="Play_Defensive")),"Defensive",IF(AND(AD82="o",OR(AE82="Save",AF82="Turnover_Takeaway",AF82="Play_Defensive")),"Offensive",IF(OR(AE82="Deadice",AE82="Stoppage",AE82="Intermission"),"",IF(AD82="e","Offensive",IF(AD82="o","Defensive",""))))) -> Offensive
A83: 37 | E83: 17 | F83: 01 | I83: h | J83: 7 | K83: 1 | L83: d | M83: Turnover | N83: Turnover_Giveaway | O83: Giveaway-AttemptedZoneClear/Dump | P83: u | Q83: Defensive_Zone-AttemptedBreakOutClear | S83: u | U83: =IF(M83="Intermission",U82+1,U82) -> 1 | AD83: =IF(K83="x","",IF(K83=1,"e","o")) -> e | AE83: =IF(M83<>"",M83,IF($A83=$A82,AE82,"")) -> Turnover | AF83: =IF(N83<>"",N83,IF($A83=$A82,AF82,"")) -> Turnover_Giveaway | AG83: =IF(O83<>"",O83,IF($A83=$A82,AG82,"")) -> Giveaway-AttemptedZoneClear/Dump | AN83: =IF(AND(AD83="e",OR(AE83="Save",AF83="Turnover_Takeaway",AF83="Play_Defensive")),"Defensive",IF(AND(AD83="o",OR(AE83="Save",AF83="Turnover_Takeaway",AF83="Play_Defensive")),"Offensive",IF(OR(AE83="Deadice",AE83="Stoppage",AE83="Intermission"),"",IF(AD83="e","Offensive",IF(AD83="o","Defensive",""))))) -> Offensive
A84: 38 | B84: 9 | E84: 16 | F84: 58 | I84: a | J84: 91 | K84: 1 | L84: o | M84: Zone_Entry_Exit | N84: Zone_Keepin | O84: Zone-KeepIn | P84: s | U84: =IF(M84="Intermission",U83+1,U83) -> 1 | AD84: =IF(K84="x","",IF(K84=1,"e","o")) -> e | AE84: =IF(M84<>"",M84,IF($A84=$A83,AE83,"")) -> Zone_Entry_Exit | AF84: =IF(N84<>"",N84,IF($A84=$A83,AF83,"")) -> Zone_Keepin | AG84: =IF(O84<>"",O84,IF($A84=$A83,AG83,"")) -> Zone-KeepIn | AN84: =IF(AND(AD84="e",OR(AE84="Save",AF84="Turnover_Takeaway",AF84="Play_Defensive")),"Defensive",IF(AND(AD84="o",OR(AE84="Save",AF84="Turnover_Takeaway",AF84="Play_Defensive")),"Offensive",IF(OR(AE84="Deadice",AE84="Stoppage",AE84="Intermission"),"",IF(AD84="e","Offensive",IF(AD84="o","Defensive",""))))) -> Offensive
A85: 39 | B85: 9 | E85: 16 | F85: 58 | I85: a | J85: 91 | K85: 1 | L85: o | M85: Possession | N85: PuckRetrieval | P85: u | Q85: OffensivePlay_Zone-PuckRetreivalTurnover | S85: u | U85: =IF(M85="Intermission",U84+1,U84) -> 1 | AD85: =IF(K85="x","",IF(K85=1,"e","o")) -> e | AE85: =IF(M85<>"",M85,IF($A85=$A84,AE84,"")) -> Possession | AF85: =IF(N85<>"",N85,IF($A85=$A84,AF84,"")) -> PuckRetrieval | AG85: =IF(O85<>"",O85,IF($A85=$A84,AG84,"")) | AN85: =IF(AND(AD85="e",OR(AE85="Save",AF85="Turnover_Takeaway",AF85="Play_Defensive")),"Defensive",IF(AND(AD85="o",OR(AE85="Save",AF85="Turnover_Takeaway",AF85="Play_Defensive")),"Offensive",IF(OR(AE85="Deadice",AE85="Stoppage",AE85="Intermission"),"",IF(AD85="e","Offensive",IF(AD85="o","Defensive",""))))) -> Offensive
A86: 40 | E86: 16 | F86: 57 | I86: a | J86: 91 | K86: 1 | L86: o | M86: Turnover | N86: Turnover_Giveaway | O86: Giveaway-DumpInZone | P86: u | Q86: OffensivePlay_Zone-Dump/RimInZone | S86: u | U86: =IF(M86="Intermission",U85+1,U85) -> 1 | AD86: =IF(K86="x","",IF(K86=1,"e","o")) -> e | AE86: =IF(M86<>"",M86,IF($A86=$A85,AE85,"")) -> Turnover | AF86: =IF(N86<>"",N86,IF($A86=$A85,AF85,"")) -> Turnover_Giveaway | AG86: =IF(O86<>"",O86,IF($A86=$A85,AG85,"")) -> Giveaway-DumpInZone | AN86: =IF(AND(AD86="e",OR(AE86="Save",AF86="Turnover_Takeaway",AF86="Play_Defensive")),"Defensive",IF(AND(AD86="o",OR(AE86="Save",AF86="Turnover_Takeaway",AF86="Play_Defensive")),"Offensive",IF(OR(AE86="Deadice",AE86="Stoppage",AE86="Intermission"),"",IF(AD86="e","Offensive",IF(AD86="o","Defensive",""))))) -> Offensive
A87: 41 | E87: 16 | F87: 53 | G87: 16 | H87: 51 | I87: h | J87: 83 | K87: 1 | L87: d | M87: Possession | N87: PuckRetrieval | P87: s | Q87: OffensivePlay_Zone-PuckRetrievalDumpIn | S87: s | U87: =IF(M87="Intermission",U86+1,U86) -> 1 | AD87: =IF(K87="x","",IF(K87=1,"e","o")) -> e | AE87: =IF(M87<>"",M87,IF($A87=$A86,AE86,"")) -> Possession | AF87: =IF(N87<>"",N87,IF($A87=$A86,AF86,"")) -> PuckRetrieval | AG87: =IF(O87<>"",O87,IF($A87=$A86,AG86,"")) | AN87: =IF(AND(AD87="e",OR(AE87="Save",AF87="Turnover_Takeaway",AF87="Play_Defensive")),"Defensive",IF(AND(AD87="o",OR(AE87="Save",AF87="Turnover_Takeaway",AF87="Play_Defensive")),"Offensive",IF(OR(AE87="Deadice",AE87="Stoppage",AE87="Intermission"),"",IF(AD87="e","Offensive",IF(AD87="o","Defensive",""))))) -> Offensive
A88: 42 | E88: 16 | F88: 51 | G88: 16 | H88: 48 | I88: h | J88: 83 | K88: 1 | L88: d | M88: Possession | Q88: OffensivePlay_Possession-Deke | S88: s | T88: 1 | U88: =IF(M88="Intermission",U87+1,U87) -> 1 | AD88: =IF(K88="x","",IF(K88=1,"e","o")) -> e | AE88: =IF(M88<>"",M88,IF($A88=$A87,AE87,"")) -> Possession | AF88: =IF(N88<>"",N88,IF($A88=$A87,AF87,"")) | AG88: =IF(O88<>"",O88,IF($A88=$A87,AG87,"")) | AN88: =IF(AND(AD88="e",OR(AE88="Save",AF88="Turnover_Takeaway",AF88="Play_Defensive")),"Defensive",IF(AND(AD88="o",OR(AE88="Save",AF88="Turnover_Takeaway",AF88="Play_Defensive")),"Offensive",IF(OR(AE88="Deadice",AE88="Stoppage",AE88="Intermission"),"",IF(AD88="e","Offensive",IF(AD88="o","Defensive",""))))) -> Offensive
A89: 42 | J89: 75 | Q89: Defensive_PlayPossession-StickCheck | S89: u | T89: 1 | U89: =IF(M89="Intermission",U88+1,U88) -> 1 | AD89: =IF(K89="x","",IF(K89=1,"e","o")) -> o | AE89: =IF(M89<>"",M89,IF($A89=$A88,AE88,"")) -> Possession | AF89: =IF(N89<>"",N89,IF($A89=$A88,AF88,"")) | AG89: =IF(O89<>"",O89,IF($A89=$A88,AG88,"")) | AN89: =IF(AND(AD89="e",OR(AE89="Save",AF89="Turnover_Takeaway",AF89="Play_Defensive")),"Defensive",IF(AND(AD89="o",OR(AE89="Save",AF89="Turnover_Takeaway",AF89="Play_Defensive")),"Offensive",IF(OR(AE89="Deadice",AE89="Stoppage",AE89="Intermission"),"",IF(AD89="e","Offensive",IF(AD89="o","Defensive",""))))) -> Defensive
A90: 43 | B90: 10 | E90: 16 | F90: 48 | I90: h | J90: 83 | K90: 1 | L90: d | M90: Pass | N90: Pass_Completed | O90: Pass-Forehand | P90: s | Q90: OffensivePlay_Zone-Breakout | S90: s | U90: =IF(M90="Intermission",U89+1,U89) -> 1 | AD90: =IF(K90="x","",IF(K90=1,"e","o")) -> e | AE90: =IF(M90<>"",M90,IF($A90=$A89,AE89,"")) -> Pass | AF90: =IF(N90<>"",N90,IF($A90=$A89,AF89,"")) -> Pass_Completed | AG90: =IF(O90<>"",O90,IF($A90=$A89,AG89,"")) -> Pass-Forehand | AN90: =IF(AND(AD90="e",OR(AE90="Save",AF90="Turnover_Takeaway",AF90="Play_Defensive")),"Defensive",IF(AND(AD90="o",OR(AE90="Save",AF90="Turnover_Takeaway",AF90="Play_Defensive")),"Offensive",IF(OR(AE90="Deadice",AE90="Stoppage",AE90="Intermission"),"",IF(AD90="e","Offensive",IF(AD90="o","Defensive",""))))) -> Offensive
A91: 43 | B91: 10 | J91: 46 | U91: =IF(M91="Intermission",U90+1,U90) -> 1 | AD91: =IF(K91="x","",IF(K91=1,"e","o")) -> o | AE91: =IF(M91<>"",M91,IF($A91=$A90,AE90,"")) -> Pass | AF91: =IF(N91<>"",N91,IF($A91=$A90,AF90,"")) -> Pass_Completed | AG91: =IF(O91<>"",O91,IF($A91=$A90,AG90,"")) -> Pass-Forehand | AN91: =IF(AND(AD91="e",OR(AE91="Save",AF91="Turnover_Takeaway",AF91="Play_Defensive")),"Defensive",IF(AND(AD91="o",OR(AE91="Save",AF91="Turnover_Takeaway",AF91="Play_Defensive")),"Offensive",IF(OR(AE91="Deadice",AE91="Stoppage",AE91="Intermission"),"",IF(AD91="e","Offensive",IF(AD91="o","Defensive",""))))) -> Defensive
A92: 44 | B92: 10 | E92: 16 | F92: 48 | I92: h | J92: 83 | K92: 1 | L92: d | M92: Zone_Entry_Exit | N92: Zone_Exit | O92: ZoneExit-Pass | P92: s | Q92: OffensivePlay_Zone-Breakout | S92: s | U92: =IF(M92="Intermission",U91+1,U91) -> 1 | AD92: =IF(K92="x","",IF(K92=1,"e","o")) -> e | AE92: =IF(M92<>"",M92,IF($A92=$A91,AE91,"")) -> Zone_Entry_Exit | AF92: =IF(N92<>"",N92,IF($A92=$A91,AF91,"")) -> Zone_Exit | AG92: =IF(O92<>"",O92,IF($A92=$A91,AG91,"")) -> ZoneExit-Pass | AN92: =IF(AND(AD92="e",OR(AE92="Save",AF92="Turnover_Takeaway",AF92="Play_Defensive")),"Defensive",IF(AND(AD92="o",OR(AE92="Save",AF92="Turnover_Takeaway",AF92="Play_Defensive")),"Offensive",IF(OR(AE92="Deadice",AE92="Stoppage",AE92="Intermission"),"",IF(AD92="e","Offensive",IF(AD92="o","Defensive",""))))) -> Offensive
A93: 44 | B93: 10 | J93: 46 | U93: =IF(M93="Intermission",U92+1,U92) -> 1 | AD93: =IF(K93="x","",IF(K93=1,"e","o")) -> o | AE93: =IF(M93<>"",M93,IF($A93=$A92,AE92,"")) -> Zone_Entry_Exit | AF93: =IF(N93<>"",N93,IF($A93=$A92,AF92,"")) -> Zone_Exit | AG93: =IF(O93<>"",O93,IF($A93=$A92,AG92,"")) -> ZoneExit-Pass | AN93: =IF(AND(AD93="e",OR(AE93="Save",AF93="Turnover_Takeaway",AF93="Play_Defensive")),"Defensive",IF(AND(AD93="o",OR(AE93="Save",AF93="Turnover_Takeaway",AF93="Play_Defensive")),"Offensive",IF(OR(AE93="Deadice",AE93="Stoppage",AE93="Intermission"),"",IF(AD93="e","Offensive",IF(AD93="o","Defensive",""))))) -> Defensive
A94: 45 | E94: 16 | F94: 47 | G94: 16 | H94: 45 | I94: h | J94: 46 | K94: 1 | L94: n | M94: Possession | U94: =IF(M94="Intermission",U93+1,U93) -> 1 | AD94: =IF(K94="x","",IF(K94=1,"e","o")) -> e | AE94: =IF(M94<>"",M94,IF($A94=$A93,AE93,"")) -> Possession | AF94: =IF(N94<>"",N94,IF($A94=$A93,AF93,"")) | AG94: =IF(O94<>"",O94,IF($A94=$A93,AG93,"")) | AN94: =IF(AND(AD94="e",OR(AE94="Save",AF94="Turnover_Takeaway",AF94="Play_Defensive")),"Defensive",IF(AND(AD94="o",OR(AE94="Save",AF94="Turnover_Takeaway",AF94="Play_Defensive")),"Offensive",IF(OR(AE94="Deadice",AE94="Stoppage",AE94="Intermission"),"",IF(AD94="e","Offensive",IF(AD94="o","Defensive",""))))) -> Offensive
A95: 46 | E95: 16 | F95: 45 | G95: 16 | H95: 44 | I95: h | J95: 46 | K95: 1 | L95: o | M95: Zone_Entry_Exit | N95: Zone_Entry | O95: ZoneEntry-Rush | P95: s | T95: 1 | U95: =IF(M95="Intermission",U94+1,U94) -> 1 | AD95: =IF(K95="x","",IF(K95=1,"e","o")) -> e | AE95: =IF(M95<>"",M95,IF($A95=$A94,AE94,"")) -> Zone_Entry_Exit | AF95: =IF(N95<>"",N95,IF($A95=$A94,AF94,"")) -> Zone_Entry | AG95: =IF(O95<>"",O95,IF($A95=$A94,AG94,"")) -> ZoneEntry-Rush | AN95: =IF(AND(AD95="e",OR(AE95="Save",AF95="Turnover_Takeaway",AF95="Play_Defensive")),"Defensive",IF(AND(AD95="o",OR(AE95="Save",AF95="Turnover_Takeaway",AF95="Play_Defensive")),"Offensive",IF(OR(AE95="Deadice",AE95="Stoppage",AE95="Intermission"),"",IF(AD95="e","Offensive",IF(AD95="o","Defensive",""))))) -> Offensive
A96: 46 | J96: 92 | K96: 1 | U96: =IF(M96="Intermission",U95+1,U95) -> 1 | AD96: =IF(K96="x","",IF(K96=1,"e","o")) -> e | AE96: =IF(M96<>"",M96,IF($A96=$A95,AE95,"")) -> Zone_Entry_Exit | AF96: =IF(N96<>"",N96,IF($A96=$A95,AF95,"")) -> Zone_Entry | AG96: =IF(O96<>"",O96,IF($A96=$A95,AG95,"")) -> ZoneEntry-Rush | AN96: =IF(AND(AD96="e",OR(AE96="Save",AF96="Turnover_Takeaway",AF96="Play_Defensive")),"Defensive",IF(AND(AD96="o",OR(AE96="Save",AF96="Turnover_Takeaway",AF96="Play_Defensive")),"Offensive",IF(OR(AE96="Deadice",AE96="Stoppage",AE96="Intermission"),"",IF(AD96="e","Offensive",IF(AD96="o","Defensive",""))))) -> Offensive
A97: 46 | J97: 91 | U97: =IF(M97="Intermission",U96+1,U96) -> 1 | AD97: =IF(K97="x","",IF(K97=1,"e","o")) -> o | AE97: =IF(M97<>"",M97,IF($A97=$A96,AE96,"")) -> Zone_Entry_Exit | AF97: =IF(N97<>"",N97,IF($A97=$A96,AF96,"")) -> Zone_Entry | AG97: =IF(O97<>"",O97,IF($A97=$A96,AG96,"")) -> ZoneEntry-Rush | AN97: =IF(AND(AD97="e",OR(AE97="Save",AF97="Turnover_Takeaway",AF97="Play_Defensive")),"Defensive",IF(AND(AD97="o",OR(AE97="Save",AF97="Turnover_Takeaway",AF97="Play_Defensive")),"Offensive",IF(OR(AE97="Deadice",AE97="Stoppage",AE97="Intermission"),"",IF(AD97="e","Offensive",IF(AD97="o","Defensive",""))))) -> Defensive
A98: 46 | J98: 52 | U98: =IF(M98="Intermission",U97+1,U97) -> 1 | AD98: =IF(K98="x","",IF(K98=1,"e","o")) -> o | AE98: =IF(M98<>"",M98,IF($A98=$A97,AE97,"")) -> Zone_Entry_Exit | AF98: =IF(N98<>"",N98,IF($A98=$A97,AF97,"")) -> Zone_Entry | AG98: =IF(O98<>"",O98,IF($A98=$A97,AG97,"")) -> ZoneEntry-Rush | AN98: =IF(AND(AD98="e",OR(AE98="Save",AF98="Turnover_Takeaway",AF98="Play_Defensive")),"Defensive",IF(AND(AD98="o",OR(AE98="Save",AF98="Turnover_Takeaway",AF98="Play_Defensive")),"Offensive",IF(OR(AE98="Deadice",AE98="Stoppage",AE98="Intermission"),"",IF(AD98="e","Offensive",IF(AD98="o","Defensive",""))))) -> Defensive
A99: 47 | E99: 16 | F99: 44 | I99: h | J99: 46 | K99: 1 | L99: o | M99: Pass | N99: Pass_Completed | O99: Pass-Forehand | P99: s | U99: =IF(M99="Intermission",U98+1,U98) -> 1 | AD99: =IF(K99="x","",IF(K99=1,"e","o")) -> e | AE99: =IF(M99<>"",M99,IF($A99=$A98,AE98,"")) -> Pass | AF99: =IF(N99<>"",N99,IF($A99=$A98,AF98,"")) -> Pass_Completed | AG99: =IF(O99<>"",O99,IF($A99=$A98,AG98,"")) -> Pass-Forehand | AN99: =IF(AND(AD99="e",OR(AE99="Save",AF99="Turnover_Takeaway",AF99="Play_Defensive")),"Defensive",IF(AND(AD99="o",OR(AE99="Save",AF99="Turnover_Takeaway",AF99="Play_Defensive")),"Offensive",IF(OR(AE99="Deadice",AE99="Stoppage",AE99="Intermission"),"",IF(AD99="e","Offensive",IF(AD99="o","Defensive",""))))) -> Offensive
A100: 47 | J100: 92 | K100: 1 | U100: =IF(M100="Intermission",U99+1,U99) -> 1 | AD100: =IF(K100="x","",IF(K100=1,"e","o")) -> e | AE100: =IF(M100<>"",M100,IF($A100=$A99,AE99,"")) -> Pass | AF100: =IF(N100<>"",N100,IF($A100=$A99,AF99,"")) -> Pass_Completed | AG100: =IF(O100<>"",O100,IF($A100=$A99,AG99,"")) -> Pass-Forehand | AN100: =IF(AND(AD100="e",OR(AE100="Save",AF100="Turnover_Takeaway",AF100="Play_Defensive")),"Defensive",IF(AND(AD100="o",OR(AE100="Save",AF100="Turnover_Takeaway",AF100="Play_Defensive")),"Offensive",IF(OR(AE100="Deadice",AE100="Stoppage",AE100="Intermission"),"",IF(AD100="e","Offensive",IF(AD100="o","Defensive",""))))) -> Offensive
...

Sheet shifts
A1: shift_index | B1: Period | C1: shift_start_min | D1: shift_start_sec | E1: shift_end_min | F1: shift_end_sec | G1: shift_start_type | H1: shift_stop_type | I1: home_forward_1 | J1: home_forward_2 | K1: home_forward_3 | L1: home_defense_1 | M1: home_defense_2 | N1: home_xtra | O1: home_goalie | P1: away_forward_1 | Q1: away_forward_2 | R1: away_forward_3 | S1: away_defense_1 | T1: away_defense_2 | U1: away_xtra | V1: away_goalie | W1: stoppage_time | X1: home_ozone_start | Y1: home_ozone_end | Z1: home_dzone_start | AA1: home_dzone_end | AB1: home_nzone_start | AC1: home_nzone_end | AD1: game_id | AE1: home_team | AF1: away_team | AG1: shift_start_total_seconds | AH1: shift_end_total_seconds | AI1: shift_duration | AJ1: home_team_strength | AK1: away_team_strength | AL1: home_team_en | AM1: away_team_en | AN1: home_team_pk | AO1: home_team_pp | AP1: away_team_pp | AQ1: away_team_pk | AR1: situation | AS1: strength | AT1: home_goals | AU1: away_goals | AV1: period_start_total_running_seconds | AW1: running_video_time | AX1: shift_start_running_time | AY1: shift_end_running_time
A2: 1 | B2: 1 | C2: 18 | D2: 00 | G2: GameStart | O2: 38 | V2: 39 | W2: =SUMIFS(events!AV:AV,events!M:M,"=DeadIce",events!AW:AW,"<="&shifts!AG2,events!AX:AX,">"&shifts!AH2,events!U:U,"="&shifts!B3)+SUMIFS(events!AV:AV,events!M:M,"=Timeout",events!AW:AW,"<="&shifts!AG2,events!AX:AX,">"&shifts!AH2,events!U:U,"="&shifts!B3) -> 0 | AB2: 1 | AD2: 18965 | AE2: OS Offices | AF2: Velodrome | AG2: =((C2*60)+D2) -> 1080 | AH2: =((E2*60)+F2) -> 0 | AI2: =ROUND(AG2-AH2,0) -> 1080 | AJ2: =COUNTIF(I2:N2,">0") -> 0 | AK2: =COUNTIF(P2:U2,">0") -> 0 | AL2: =IF(O2="",1,0) -> 0 | AM2: =IF(V2="",1,0) -> 0 | AN2: =IF(AND($AL2<>1,$AJ2<$AK2,AM2<>1),1,) -> 0 | AO2: =IF(AND($AL2<>1,$AJ2>$AK2),1,) -> 0 | AP2: =IF(AN2=1,1,0) -> 0 | AQ2: =IF(AO2=1,1,0) -> 0 | AR2: =IF(AND(AJ2=5,AK2=5,AL2=0,AM2=0),"Full Strength",IF(AP2=1,"Away PowerPlay",IF(AO2=1,"Home PowerPlay",IF(AL2=1,"Home EmptyNet",IF(AM2=1,"Away EmptyNet",""))))) | AS2: =IF(AND(AL2=0,AM2=0),AJ2&"v"&AK2,IF(AL2=1,AJ2&"v"&AK2&" Home EN",IF(AM2=1,AJ2&"v"&AK2&" Away EN",""))) -> 0v0 | AT2: 0 | AU2: 0 | AV2: =IFERROR(VLOOKUP(B2,events!U:BC,24,FALSE),0) -> 1 | AW2: =ROUND(IF(G2="Intermission",AW1,((1080)-((C2*60)+D2))+AV2),0) -> 1 | AX2: =IF(AW2<5,0,AW2-5) -> 0 | AY2: =AX2+AI2+3 -> 1083
A3: 2 | B3: =IF(G3="PeriodStart",B2+1,B2) -> 1 | C3: =IF(G3<>"PeriodStart",E2,18) -> 0 | D3: =F2 -> 0 | I3: =IF($D3>0,I2,"") | J3: =IF($D3>0,J2,"") | K3: =IF($D3>0,K2,"") | L3: =IF($D3>0,L2,"") | M3: =IF($D3>0,M2,"") | O3: =O2 -> 38 | P3: =IF($D3>0,P2,"") | Q3: =IF($D3>0,Q2,"") | R3: =IF($D3>0,R2,"") | S3: =IF($D3>0,S2,"") | T3: =IF($D3>0,T2,"") | V3: =V2 -> 39 | W3: =SUMIFS(events!AV:AV,events!M:M,"=DeadIce",events!AW:AW,"<="&shifts!AG3,events!AX:AX,">"&shifts!AH3,events!U:U,"="&shifts!B4)+SUMIFS(events!AV:AV,events!M:M,"=Timeout",events!AW:AW,"<="&shifts!AG3,events!AX:AX,">"&shifts!AH3,events!U:U,"="&shifts!B4) -> 0 | X3: =IF(OR($H2="Home Goal",$H2="Away Goal",$H2="Period End"),"",IF(Y2=1,1,"")) | Z3: =IF(OR($H2="Home Goal",$H2="Away Goal",$H2="Period End"),"",IF(AA2=1,1,"")) | AB3: =IF(OR($H2="Home Goal",$H2="Away Goal",$H2="Period End"),1,IF(AC2=1,1,"")) | AG3: =((C3*60)+D3) -> 0 | AH3: =((E3*60)+F3) -> 0 | AI3: =ROUND(AG3-AH3,0) -> 0 | AJ3: =COUNTIF(I3:N3,">0") -> 0 | AK3: =COUNTIF(P3:U3,">0") -> 0 | AL3: =IF(O3="",1,0) -> 0 | AM3: =IF(V3="",1,0) -> 0 | AN3: =IF(AND($AL3<>1,$AJ3<$AK3,AM3<>1),1,) -> 0 | AO3: =IF(AND($AL3<>1,$AJ3>$AK3),1,) -> 0 | AP3: =IF(AN3=1,1,0) -> 0 | AQ3: =IF(AO3=1,1,0) -> 0 | AT3: =IF($H2="Home Goal",AT2+1,AT2) -> 0 | AU3: =IF($H2="Away Goal",AU2+1,AU2) -> 0 | AV3: =IFERROR(VLOOKUP(B3,events!U:BC,24,FALSE),AV2) -> 1 | AW3: =ROUND(IF(G3="Intermission",AW2,((1080)-((C3*60)+D3))+AV3),0) -> 1081 | AX3: =IF(AW3<5,0,AW3-5) -> 1076 | AY3: =AX3+AI3+3 -> 1079
A4: 3 | B4: =IF(G4="PeriodStart",B3+1,B3) -> 1 | C4: =IF(G4<>"PeriodStart",E3,18) -> 0 | D4: =F3 -> 0 | I4: =IF($D4>0,I3,"") | J4: =IF($D4>0,J3,"") | K4: =IF($D4>0,K3,"") | L4: =IF($D4>0,L3,"") | M4: =IF($D4>0,M3,"") | O4: =O3 -> 38 | P4: =IF($D4>0,P3,"") | Q4: =IF($D4>0,Q3,"") | R4: =IF($D4>0,R3,"") | S4: =IF($D4>0,S3,"") | T4: =IF($D4>0,T3,"") | V4: =V3 -> 39
A5: =A4+1 -> 4 | B5: =IF(G5="PeriodStart",B4+1,B4) -> 1 | C5: =IF(G5<>"PeriodStart",E4,18) -> 0 | D5: =F4 -> 0 | I5: =IF($D5>0,I4,"") | J5: =IF($D5>0,J4,"") | K5: =IF($D5>0,K4,"") | L5: =IF($D5>0,L4,"") | M5: =IF($D5>0,M4,"") | O5: =O4 -> 38 | P5: =IF($D5>0,P4,"") | Q5: =IF($D5>0,Q4,"") | R5: =IF($D5>0,R4,"") | S5: =IF($D5>0,S4,"") | T5: =IF($D5>0,T4,"") | V5: =V4 -> 39
A6: =A5+1 -> 5 | B6: =IF(G6="PeriodStart",B5+1,B5) -> 1 | C6: =IF(G6<>"PeriodStart",E5,18) -> 0 | D6: =F5 -> 0 | I6: =IF($D6>0,I5,"") | J6: =IF($D6>0,J5,"") | K6: =IF($D6>0,K5,"") | L6: =IF($D6>0,L5,"") | M6: =IF($D6>0,M5,"") | N6: =N5 -> 0 | O6: =O5 -> 38 | P6: =IF($D6>0,P5,"") | Q6: =IF($D6>0,Q5,"") | R6: =IF($D6>0,R5,"") | S6: =IF($D6>0,S5,"") | T6: =IF($D6>0,T5,"") | V6: =V5 -> 39
A7: =A6+1 -> 6 | B7: =IF(G7="PeriodStart",B6+1,B6) -> 1 | C7: =IF(G7<>"PeriodStart",E6,18) -> 0 | D7: =F6 -> 0 | I7: =IF($D7>0,I6,"") | J7: =IF($D7>0,J6,"") | K7: =IF($D7>0,K6,"") | L7: =IF($D7>0,L6,"") | M7: =IF($D7>0,M6,"") | O7: =O6 -> 38 | P7: =IF($D7>0,P6,"") | Q7: =IF($D7>0,Q6,"") | R7: =IF($D7>0,R6,"") | S7: =IF($D7>0,S6,"") | T7: =IF($D7>0,T6,"") | V7: =V6 -> 39
A8: =A7+1 -> 7 | B8: =IF(G8="PeriodStart",B7+1,B7) -> 1 | C8: =IF(G8<>"PeriodStart",E7,18) -> 0 | D8: =F7 -> 0 | I8: =IF($D8>0,I7,"") | J8: =IF($D8>0,J7,"") | K8: =IF($D8>0,K7,"") | L8: =IF($D8>0,L7,"") | M8: =IF($D8>0,M7,"") | O8: =O7 -> 38 | P8: =IF($D8>0,P7,"") | Q8: =IF($D8>0,Q7,"") | R8: =IF($D8>0,R7,"") | S8: =IF($D8>0,S7,"") | T8: =IF($D8>0,T7,"") | V8: =V7 -> 39
A9: =A8+1 -> 8 | B9: =IF(G9="PeriodStart",B8+1,B8) -> 1 | C9: =IF(G9<>"PeriodStart",E8,18) -> 0 | D9: =F8 -> 0 | I9: =IF($D9>0,I8,"") | J9: =IF($D9>0,J8,"") | K9: =IF($D9>0,K8,"") | L9: =IF($D9>0,L8,"") | M9: =IF($D9>0,M8,"") | O9: =O8 -> 38 | P9: =IF($D9>0,P8,"") | Q9: =IF($D9>0,Q8,"") | R9: =IF($D9>0,R8,"") | S9: =IF($D9>0,S8,"") | T9: =IF($D9>0,T8,"") | V9: =V8 -> 39
A10: =A9+1 -> 9 | B10: =IF(G10="PeriodStart",B9+1,B9) -> 1 | C10: =IF(G10<>"PeriodStart",E9,18) -> 0 | D10: =F9 -> 0 | I10: =IF($D10>0,I9,"") | J10: =IF($D10>0,J9,"") | K10: =IF($D10>0,K9,"") | L10: =IF($D10>0,L9,"") | M10: =IF($D10>0,M9,"") | O10: =O9 -> 38 | P10: =IF($D10>0,P9,"") | Q10: =IF($D10>0,Q9,"") | R10: =IF($D10>0,R9,"") | S10: =IF($D10>0,S9,"") | T10: =IF($D10>0,T9,"") | V10: =V9 -> 39
A11: =A10+1 -> 10 | B11: =IF(G11="PeriodStart",B10+1,B10) -> 1 | C11: =IF(G11<>"PeriodStart",E10,18) -> 0 | D11: =F10 -> 0 | I11: =IF($D11>0,I10,"") | J11: =IF($D11>0,J10,"") | K11: =IF($D11>0,K10,"") | L11: =IF($D11>0,L10,"") | M11: =IF($D11>0,M10,"") | O11: =O10 -> 38 | P11: =IF($D11>0,P10,"") | Q11: =IF($D11>0,Q10,"") | R11: =IF($D11>0,R10,"") | S11: =IF($D11>0,S10,"") | T11: =IF($D11>0,T10,"") | V11: =V10 -> 39
A12: =A11+1 -> 11 | B12: =IF(G12="PeriodStart",B11+1,B11) -> 1 | C12: =IF(G12<>"PeriodStart",E11,18) -> 0 | D12: =F11 -> 0 | I12: =IF($D12>0,I11,"") | J12: =IF($D12>0,J11,"") | K12: =IF($D12>0,K11,"") | L12: =IF($D12>0,L11,"") | M12: =IF($D12>0,M11,"") | O12: =O11 -> 38 | P12: =IF($D12>0,P11,"") | Q12: =IF($D12>0,Q11,"") | R12: =IF($D12>0,R11,"") | S12: =IF($D12>0,S11,"") | T12: =IF($D12>0,T11,"") | V12: =V11 -> 39
A13: =A12+1 -> 12 | B13: =IF(G13="PeriodStart",B12+1,B12) -> 1 | C13: =IF(G13<>"PeriodStart",E12,18) -> 0 | D13: =F12 -> 0 | I13: =IF($D13>0,I12,"") | J13: =IF($D13>0,J12,"") | K13: =IF($D13>0,K12,"") | L13: =IF($D13>0,L12,"") | M13: =IF($D13>0,M12,"") | O13: =O12 -> 38 | P13: =IF($D13>0,P12,"") | Q13: =IF($D13>0,Q12,"") | R13: =IF($D13>0,R12,"") | S13: =IF($D13>0,S12,"") | T13: =IF($D13>0,T12,"") | V13: =V12 -> 39
A14: =A13+1 -> 13 | B14: =IF(G14="PeriodStart",B13+1,B13) -> 1 | C14: =IF(G14<>"PeriodStart",E13,18) -> 0 | D14: =F13 -> 0 | I14: =IF($D14>0,I13,"") | J14: =IF($D14>0,J13,"") | K14: =IF($D14>0,K13,"") | L14: =IF($D14>0,L13,"") | M14: =IF($D14>0,M13,"") | O14: =O13 -> 38 | P14: =IF($D14>0,P13,"") | Q14: =IF($D14>0,Q13,"") | R14: =IF($D14>0,R13,"") | S14: =IF($D14>0,S13,"") | T14: =IF($D14>0,T13,"") | V14: =V13 -> 39
A15: =A14+1 -> 14 | B15: =IF(G15="PeriodStart",B14+1,B14) -> 1 | C15: =IF(G15<>"PeriodStart",E14,18) -> 0 | D15: =F14 -> 0 | I15: =IF($D15>0,I14,"") | J15: =IF($D15>0,J14,"") | K15: =IF($D15>0,K14,"") | L15: =IF($D15>0,L14,"") | M15: =IF($D15>0,M14,"") | O15: =O14 -> 38 | P15: =IF($D15>0,P14,"") | Q15: =IF($D15>0,Q14,"") | R15: =IF($D15>0,R14,"") | S15: =IF($D15>0,S14,"") | T15: =IF($D15>0,T14,"") | V15: =V14 -> 39
A16: =A15+1 -> 15 | B16: =IF(G16="PeriodStart",B15+1,B15) -> 1 | C16: =IF(G16<>"PeriodStart",E15,18) -> 0 | D16: =F15 -> 0 | I16: =IF($D16>0,I15,"") | J16: =IF($D16>0,J15,"") | K16: =IF($D16>0,K15,"") | L16: =IF($D16>0,L15,"") | M16: =IF($D16>0,M15,"") | O16: =O15 -> 38 | P16: =IF($D16>0,P15,"") | Q16: =IF($D16>0,Q15,"") | R16: =IF($D16>0,R15,"") | S16: =IF($D16>0,S15,"") | T16: =IF($D16>0,T15,"") | V16: =V15 -> 39
A17: =A16+1 -> 16 | B17: =IF(G17="PeriodStart",B16+1,B16) -> 1 | C17: =IF(G17<>"PeriodStart",E16,18) -> 0 | D17: =F16 -> 0 | I17: =IF($D17>0,I16,"") | J17: =IF($D17>0,J16,"") | K17: =IF($D17>0,K16,"") | L17: =IF($D17>0,L16,"") | M17: =IF($D17>0,M16,"") | O17: =O16 -> 38 | P17: =IF($D17>0,P16,"") | Q17: =IF($D17>0,Q16,"") | R17: =IF($D17>0,R16,"") | S17: =IF($D17>0,S16,"") | T17: =IF($D17>0,T16,"") | V17: =V16 -> 39
A18: =A17+1 -> 17 | B18: =IF(G18="PeriodStart",B17+1,B17) -> 1 | C18: =IF(G18<>"PeriodStart",E17,18) -> 0 | D18: =F17 -> 0 | I18: =IF($D18>0,I17,"") | J18: =IF($D18>0,J17,"") | K18: =IF($D18>0,K17,"") | L18: =IF($D18>0,L17,"") | M18: =IF($D18>0,M17,"") | O18: =O17 -> 38 | P18: =IF($D18>0,P17,"") | Q18: =IF($D18>0,Q17,"") | R18: =IF($D18>0,R17,"") | S18: =IF($D18>0,S17,"") | T18: =IF($D18>0,T17,"") | V18: =V17 -> 39
... A42: =A41+1 -> 41 | B42: =IF(G42="PeriodStart",B41+1,B41) -> 1 | C42: =IF(G42<>"PeriodStart",E41,18) -> 0 | D42: =F41 -> 0 | I42: =IF($D42>0,I41,"") | J42: =IF($D42>0,J41,"") | K42: =IF($D42>0,K41,"") | L42: =IF($D42>0,L41,"") | M42: =IF($D42>0,M41,"") | O42: =O41 -> 38 | P42: =IF($D42>0,P41,"") | Q42: =IF($D42>0,Q41,"") | R42: =IF($D42>0,R41,"") | S42: =IF($D42>0,S41,"") | T42: =IF($D42>0,T41,"") | V42: =V41 -> 39
A43: =A42+1 -> 42 | B43: 1 | C43: =IF(G43<>"PeriodStart",E42,18) -> 0 | D43: =F42 -> 0 | I43: =IF($D43>0,I42,"") | J43: =IF($D43>0,J42,"") | K43: =IF($D43>0,K42,"") | L43: =IF($D43>0,L42,"") | M43: =IF($D43>0,M42,"") | O43: =O42 -> 38 | P43: =IF($D43>0,P42,"") | Q43: =IF($D43>0,Q42,"") | R43: =IF($D43>0,R42,"") | S43: =IF($D43>0,S42,"") | T43: =IF($D43>0,T42,"") | V43: =V42 -> 39
A44: =A43+1 -> 43 | B44: =IF(G44="PeriodStart",B43+1,B43) -> 1 | C44: =IF(G44<>"PeriodStart",E43,18) -> 0 | D44: =F43 -> 0 | I44: =IF($D44>0,I43,"") | J44: =IF($D44>0,J43,"") | K44: =IF($D44>0,K43,"") | L44: =IF($D44>0,L43,"") | M44: =IF($D44>0,M43,"") | O44: =O43 -> 38 | P44: =IF($D44>0,P43,"") | Q44: =IF($D44>0,Q43,"") | R44: =IF($D44>0,R43,"") | S44: =IF($D44>0,S43,"") | T44: =IF($D44>0,T43,"") | V44: =V43 -> 39
A45: =A44+1 -> 44 | B45: =IF(G45="PeriodStart",B44+1,B44) -> 1 | C45: =IF(G45<>"PeriodStart",E44,18) -> 0 | D45: =F44 -> 0 | I45: =IF($D45>0,I44,"") | J45: =IF($D45>0,J44,"") | K45: =IF($D45>0,K44,"") | L45: =IF($D45>0,L44,"") | M45: =IF($D45>0,M44,"") | O45: =O44 -> 38 | P45: =IF($D45>0,P44,"") | Q45: =IF($D45>0,Q44,"") | R45: =IF($D45>0,R44,"") | S45: =IF($D45>0,S44,"") | T45: =IF($D45>0,T44,"") | V45: =V44 -> 39
A46: =A45+1 -> 45 | B46: =IF(G46="PeriodStart",B45+1,B45) -> 1 | C46: =IF(G46<>"PeriodStart",E45,18) -> 0 | D46: =F45 -> 0 | I46: =IF($D46>0,I45,"") | J46: =IF($D46>0,J45,"") | K46: =IF($D46>0,K45,"") | L46: =IF($D46>0,L45,"") | M46: =IF($D46>0,M45,"") | O46: =O45 -> 38 | P46: =IF($D46>0,P45,"") | Q46: =IF($D46>0,Q45,"") | R46: =IF($D46>0,R45,"") | S46: =IF($D46>0,S45,"") | T46: =IF($D46>0,T45,"") | V46: =V45 -> 39
A47: =A46+1 -> 46 | B47: =IF(G47="PeriodStart",B46+1,B46) -> 1 | C47: =IF(G47<>"PeriodStart",E46,18) -> 0 | D47: =F46 -> 0 | I47: =IF($D47>0,I46,"") | J47: =IF($D47>0,J46,"") | K47: =IF($D47>0,K46,"") | L47: =IF($D47>0,L46,"") | M47: =IF($D47>0,M46,"") | O47: =O46 -> 38 | P47: =IF($D47>0,P46,"") | Q47: =IF($D47>0,Q46,"") | R47: =IF($D47>0,R46,"") | S47: =IF($D47>0,S46,"") | T47: =IF($D47>0,T46,"") | V47: =V46 -> 39
A48: =A47+1 -> 47 | B48: =IF(G48="PeriodStart",B47+1,B47) -> 1 | C48: =IF(G48<>"PeriodStart",E47,18) -> 0 | D48: =F47 -> 0 | I48: =IF($D48>0,I47,"") | J48: =IF($D48>0,J47,"") | K48: =IF($D48>0,K47,"") | L48: =IF($D48>0,L47,"") | M48: =IF($D48>0,M47,"") | O48: =O47 -> 38 | P48: =IF($D48>0,P47,"") | Q48: =IF($D48>0,Q47,"") | R48: =IF($D48>0,R47,"") | S48: =IF($D48>0,S47,"") | T48: =IF($D48>0,T47,"") | V48: =V47 -> 39
A49: =A48+1 -> 48 | B49: =IF(G49="PeriodStart",B48+1,B48) -> 1 | C49: =IF(G49<>"PeriodStart",E48,18) -> 0 | D49: =F48 -> 0 | I49: =IF($D49>0,I48,"") | J49: =IF($D49>0,J48,"") | K49: =IF($D49>0,K48,"") | L49: =IF($D49>0,L48,"") | M49: =IF($D49>0,M48,"") | O49: =O48 -> 38 | P49: =IF($D49>0,P48,"") | Q49: =IF($D49>0,Q48,"") | R49: =IF($D49>0,R48,"") | S49: =IF($D49>0,S48,"") | T49: =IF($D49>0,T48,"") | V49: =V48 -> 39
A50: =A49+1 -> 49 | B50: =IF(G50="PeriodStart",B49+1,B49) -> 1 | C50: =IF(G50<>"PeriodStart",E49,18) -> 0 | D50: =F49 -> 0 | I50: =IF($D50>0,I49,"") | J50: =IF($D50>0,J49,"") | K50: =IF($D50>0,K49,"") | L50: =IF($D50>0,L49,"") | M50: =IF($D50>0,M49,"") | O50: =O49 -> 38 | P50: =IF($D50>0,P49,"") | Q50: =IF($D50>0,Q49,"") | R50: =IF($D50>0,R49,"") | S50: =IF($D50>0,S49,"") | T50: =IF($D50>0,T49,"") | V50: =V49 -> 39
A51: =A50+1 -> 50 | B51: =IF(G51="PeriodStart",B50+1,B50) -> 1 | C51: =IF(G51<>"PeriodStart",E50,18) -> 0 | D51: =F50 -> 0 | I51: =IF($D51>0,I50,"") | J51: =IF($D51>0,J50,"") | K51: =IF($D51>0,K50,"") | L51: =IF($D51>0,L50,"") | M51: =IF($D51>0,M50,"") | O51: =O50 -> 38 | P51: =IF($D51>0,P50,"") | Q51: =IF($D51>0,Q50,"") | R51: =IF($D51>0,R50,"") | S51: =IF($D51>0,S50,"") | T51: =IF($D51>0,T50,"") | V51: =V50 -> 39
A52: =A51+1 -> 51 | B52: =IF(G52="PeriodStart",B51+1,B51) -> 1 | C52: =IF(G52<>"PeriodStart",E51,18) -> 0 | D52: =F51 -> 0 | I52: =IF($D52>0,I51,"") | J52: =IF($D52>0,J51,"") | K52: =IF($D52>0,K51,"") | L52: =IF($D52>0,L51,"") | M52: =IF($D52>0,M51,"") | O52: =O51 -> 38 | P52: =IF($D52>0,P51,"") | Q52: =IF($D52>0,Q51,"") | R52: =IF($D52>0,R51,"") | S52: =IF($D52>0,S51,"") | T52: =IF($D52>0,T51,"") | V52: =V51 -> 39
A53: =A52+1 -> 52 | B53: =IF(G53="PeriodStart",B52+1,B52) -> 1 | C53: =IF(G53<>"PeriodStart",E52,18) -> 0 | D53: =F52 -> 0 | I53: =IF($D53>0,I52,"") | J53: =IF($D53>0,J52,"") | K53: =IF($D53>0,K52,"") | L53: =IF($D53>0,L52,"") | M53: =IF($D53>0,M52,"") | O53: =O52 -> 38 | P53: =IF($D53>0,P52,"") | Q53: =IF($D53>0,Q52,"") | R53: =IF($D53>0,R52,"") | S53: =IF($D53>0,S52,"") | T53: =IF($D53>0,T52,"") | V53: =V52 -> 39
A54: =A53+1 -> 53 | B54: =IF(G54="PeriodStart",B53+1,B53) -> 1 | C54: =IF(G54<>"PeriodStart",E53,18) -> 0 | D54: =F53 -> 0 | I54: =IF($D54>0,I53,"") | J54: =IF($D54>0,J53,"") | K54: =IF($D54>0,K53,"") | L54: =IF($D54>0,L53,"") | M54: =IF($D54>0,M53,"") | O54: =O53 -> 38 | P54: =IF($D54>0,P53,"") | Q54: =IF($D54>0,Q53,"") | R54: =IF($D54>0,R53,"") | S54: =IF($D54>0,S53,"") | T54: =IF($D54>0,T53,"") | V54: =V53 -> 39
A55: =A54+1 -> 54 | B55: =IF(G55="PeriodStart",B54+1,B54) -> 1 | C55: =IF(G55<>"PeriodStart",E54,18) -> 0 | D55: =F54 -> 0 | I55: =IF($D55>0,I54,"") | J55: =IF($D55>0,J54,"") | K55: =IF($D55>0,K54,"") | L55: =IF($D55>0,L54,"") | M55: =IF($D55>0,M54,"") | O55: =O54 -> 38 | P55: =IF($D55>0,P54,"") | Q55: =IF($D55>0,Q54,"") | R55: =IF($D55>0,R54,"") | S55: =IF($D55>0,S54,"") | T55: =IF($D55>0,T54,"") | V55: =V54 -> 39
... A78: =A77+1 -> 77 | B78: =IF(G78="PeriodStart",B77+1,B77) -> 1 | C78: =IF(G78<>"PeriodStart",E77,18) -> 0 | D78: =F77 -> 0 | I78: =IF($D78>0,I77,"") | J78: =IF($D78>0,J77,"") | K78: =IF($D78>0,K77,"") | L78: =IF($D78>0,L77,"") | M78: =IF($D78>0,M77,"") | O78: =O77 -> 38 | P78: =IF($D78>0,P77,"") | Q78: =IF($D78>0,Q77,"") | R78: =IF($D78>0,R77,"") | S78: =IF($D78>0,S77,"") | T78: =IF($D78>0,T77,"") | V78: =V77 -> 39
A79: =A78+1 -> 78 | B79: 2 | I79: =IF($D79>0,I78,"") | J79: =IF($D79>0,J78,"") | K79: =IF($D79>0,K78,"") | L79: =IF($D79>0,L78,"") | M79: =IF($D79>0,M78,"") | O79: =O78 -> 38 | P79: =IF($D79>0,P78,"") | Q79: =IF($D79>0,Q78,"") | R79: =IF($D79>0,R78,"") | S79: =IF($D79>0,S78,"") | T79: =IF($D79>0,T78,"") | V79: =V78 -> 39
A80: =A79+1 -> 79 | B80: =IF(G80="PeriodStart",B79+1,B79) -> 2 | C80: =IF(G80<>"PeriodStart",E79,18) -> 0 | D80: =F79 -> 0 | I80: =IF($D80>0,I79,"") | J80: =IF($D80>0,J79,"") | K80: =IF($D80>0,K79,"") | L80: =IF($D80>0,L79,"") | M80: =IF($D80>0,M79,"") | O80: =O79 -> 38 | P80: =IF($D80>0,P79,"") | Q80: =IF($D80>0,Q79,"") | R80: =IF($D80>0,R79,"") | S80: =IF($D80>0,S79,"") | T80: =IF($D80>0,T79,"") | V80: =V79 -> 39
A81: =A80+1 -> 80 | B81: =IF(G81="PeriodStart",B80+1,B80) -> 2 | C81: =IF(G81<>"PeriodStart",E80,18) -> 0 | D81: =F80 -> 0 | I81: =IF($D81>0,I80,"") | J81: =IF($D81>0,J80,"") | K81: =IF($D81>0,K80,"") | L81: =IF($D81>0,L80,"") | M81: =IF($D81>0,M80,"") | O81: =O80 -> 38 | P81: =IF($D81>0,P80,"") | Q81: =IF($D81>0,Q80,"") | R81: =IF($D81>0,R80,"") | S81: =IF($D81>0,S80,"") | T81: =IF($D81>0,T80,"") | V81: =V80 -> 39
A82: =A81+1 -> 81 | B82: =IF(G82="PeriodStart",B81+1,B81) -> 2 | C82: =IF(G82<>"PeriodStart",E81,18) -> 0 | D82: =F81 -> 0 | I82: =IF($D82>0,I81,"") | J82: =IF($D82>0,J81,"") | K82: =IF($D82>0,K81,"") | L82: =IF($D82>0,L81,"") | M82: =IF($D82>0,M81,"") | O82: =O81 -> 38 | P82: =IF($D82>0,P81,"") | Q82: =IF($D82>0,Q81,"") | R82: =IF($D82>0,R81,"") | S82: =IF($D82>0,S81,"") | T82: =IF($D82>0,T81,"") | V82: =V81 -> 39
A83: =A82+1 -> 82 | B83: =IF(G83="PeriodStart",B82+1,B82) -> 2 | C83: =IF(G83<>"PeriodStart",E82,18) -> 0 | D83: =F82 -> 0 | I83: =IF($D83>0,I82,"") | J83: =IF($D83>0,J82,"") | K83: =IF($D83>0,K82,"") | L83: =IF($D83>0,L82,"") | M83: =IF($D83>0,M82,"") | O83: =O82 -> 38 | P83: =IF($D83>0,P82,"") | Q83: =IF($D83>0,Q82,"") | R83: =IF($D83>0,R82,"") | S83: =IF($D83>0,S82,"") | T83: =IF($D83>0,T82,"") | V83: =V82 -> 39
A84: =A83+1 -> 83 | B84: =IF(G84="PeriodStart",B83+1,B83) -> 2 | C84: =IF(G84<>"PeriodStart",E83,18) -> 0 | D84: =F83 -> 0 | I84: =IF($D84>0,I83,"") | J84: =IF($D84>0,J83,"") | K84: =IF($D84>0,K83,"") | L84: =IF($D84>0,L83,"") | M84: =IF($D84>0,M83,"") | O84: =O83 -> 38 | P84: =IF($D84>0,P83,"") | Q84: =IF($D84>0,Q83,"") | R84: =IF($D84>0,R83,"") | S84: =IF($D84>0,S83,"") | T84: =IF($D84>0,T83,"") | V84: =V83 -> 39
A85: =A84+1 -> 84 | B85: =IF(G85="PeriodStart",B84+1,B84) -> 2 | C85: =IF(G85<>"PeriodStart",E84,18) -> 0 | D85: =F84 -> 0 | I85: =IF($D85>0,I84,"") | J85: =IF($D85>0,J84,"") | K85: =IF($D85>0,K84,"") | L85: =IF($D85>0,L84,"") | M85: =IF($D85>0,M84,"") | O85: =O84 -> 38 | P85: =IF($D85>0,P84,"") | Q85: =IF($D85>0,Q84,"") | R85: =IF($D85>0,R84,"") | S85: =IF($D85>0,S84,"") | T85: =IF($D85>0,T84,"") | V85: =V84 -> 39
A86: =A85+1 -> 85 | B86: =IF(G86="PeriodStart",B85+1,B85) -> 2 | C86: =IF(G86<>"PeriodStart",E85,18) -> 0 | D86: =F85 -> 0 | I86: =IF($D86>0,I85,"") | J86: =IF($D86>0,J85,"") | K86: =IF($D86>0,K85,"") | L86: =IF($D86>0,L85,"") | M86: =IF($D86>0,M85,"") | O86: =O85 -> 38 | P86: =IF($D86>0,P85,"") | Q86: =IF($D86>0,Q85,"") | R86: =IF($D86>0,R85,"") | S86: =IF($D86>0,S85,"") | T86: =IF($D86>0,T85,"") | V86: =V85 -> 39
A87: =A86+1 -> 86 | B87: =IF(G87="PeriodStart",B86+1,B86) -> 2 | C87: =IF(G87<>"PeriodStart",E86,18) -> 0 | D87: =F86 -> 0 | I87: =IF($D87>0,I86,"") | J87: =IF($D87>0,J86,"") | K87: =IF($D87>0,K86,"") | L87: =IF($D87>0,L86,"") | M87: =IF($D87>0,M86,"") | O87: =O86 -> 38 | P87: =IF($D87>0,P86,"") | Q87: =IF($D87>0,Q86,"") | R87: =IF($D87>0,R86,"") | S87: =IF($D87>0,S86,"") | T87: =IF($D87>0,T86,"") | V87: =V86 -> 39
A88: =A87+1 -> 87 | B88: =IF(G88="PeriodStart",B87+1,B87) -> 2 | C88: =IF(G88<>"PeriodStart",E87,18) -> 0 | D88: =F87 -> 0 | I88: =IF($D88>0,I87,"") | J88: =IF($D88>0,J87,"") | K88: =IF($D88>0,K87,"") | L88: =IF($D88>0,L87,"") | M88: =IF($D88>0,M87,"") | O88: =O87 -> 38 | P88: =IF($D88>0,P87,"") | Q88: =IF($D88>0,Q87,"") | R88: =IF($D88>0,R87,"") | S88: =IF($D88>0,S87,"") | T88: =IF($D88>0,T87,"") | V88: =V87 -> 39
A89: =A88+1 -> 88 | B89: =IF(G89="PeriodStart",B88+1,B88) -> 2 | C89: =IF(G89<>"PeriodStart",E88,18) -> 0 | D89: =F88 -> 0 | I89: =IF($D89>0,I88,"") | J89: =IF($D89>0,J88,"") | K89: =IF($D89>0,K88,"") | L89: =IF($D89>0,L88,"") | M89: =IF($D89>0,M88,"") | O89: =O88 -> 38 | P89: =IF($D89>0,P88,"") | Q89: =IF($D89>0,Q88,"") | R89: =IF($D89>0,R88,"") | S89: =IF($D89>0,S88,"") | T89: =IF($D89>0,T88,"") | V89: =V88 -> 39
A90: =A89+1 -> 89 | B90: =IF(G90="PeriodStart",B89+1,B89) -> 2 | C90: =IF(G90<>"PeriodStart",E89,18) -> 0 | D90: =F89 -> 0 | I90: =IF($D90>0,I89,"") | J90: =IF($D90>0,J89,"") | K90: =IF($D90>0,K89,"") | L90: =IF($D90>0,L89,"") | M90: =IF($D90>0,M89,"") | O90: =O89 -> 38 | P90: =IF($D90>0,P89,"") | Q90: =IF($D90>0,Q89,"") | R90: =IF($D90>0,R89,"") | S90: =IF($D90>0,S89,"") | T90: =IF($D90>0,T89,"") | V90: =V89 -> 39
A91: =A90+1 -> 90 | B91: =IF(G91="PeriodStart",B90+1,B90) -> 2 | C91: =IF(G91<>"PeriodStart",E90,18) -> 0 | D91: =F90 -> 0 | I91: =IF($D91>0,I90,"") | J91: =IF($D91>0,J90,"") | K91: =IF($D91>0,K90,"") | L91: =IF($D91>0,L90,"") | M91: =IF($D91>0,M90,"") | O91: =O90 -> 38 | P91: =IF($D91>0,P90,"") | Q91: =IF($D91>0,Q90,"") | R91: =IF($D91>0,R90,"") | S91: =IF($D91>0,S90,"") | T91: =IF($D91>0,T90,"") | V91: =V90 -> 39
... A199: =A198+1 -> 198 | B199: =IF(G199="PeriodStart",B198+1,B198) -> 2 | C199: =IF(G199<>"PeriodStart",E198,18) -> 0 | D199: =F198 -> 0 | I199: =IF($D199>0,I198,"") | J199: =IF($D199>0,J198,"") | K199: =IF($D199>0,K198,"") | L199: =IF($D199>0,L198,"") | M199: =IF($D199>0,M198,"") | O199: =O198 -> 38 | P199: =IF($D199>0,P198,"") | Q199: =IF($D199>0,Q198,"") | R199: =IF($D199>0,R198,"") | S199: =IF($D199>0,S198,"") | T199: =IF($D199>0,T198,"") | V199: =V198 -> 39
X200: =IF(OR($H199="Home Goal",$H199="Away Goal",$H199="Period End"),"",IF(Y199=1,1,"")) | Z200: =IF(OR($H199="Home Goal",$H199="Away Goal",$H199="Period End"),"",IF(AA199=1,1,"")) | AB200: =IF(OR($H199="Home Goal",$H199="Away Goal",$H199="Period End"),1,IF(AC199=1,1,""))
X201: =IF(OR($H200="Home Goal",$H200="Away Goal",$H200="Period End"),"",IF(Y200=1,1,"")) | Z201: =IF(OR($H200="Home Goal",$H200="Away Goal",$H200="Period End"),"",IF(AA200=1,1,"")) | AB201: =IF(OR($H200="Home Goal",$H200="Away Goal",$H200="Period End"),1,IF(AC200=1,1,""))
X202: =IF(OR($H201="Home Goal",$H201="Away Goal",$H201="Period End"),"",IF(Y201=1,1,"")) | Z202: =IF(OR($H201="Home Goal",$H201="Away Goal",$H201="Period End"),"",IF(AA201=1,1,"")) | AB202: =IF(OR($H201="Home Goal",$H201="Away Goal",$H201="Period End"),1,IF(AC201=1,1,""))
