Workbook
Name DEfensive: Lists!$BL:$BL
Name EventType: Lists!$A$2:$A$16
Name Faceoff: Lists!$G$2:$G$1048576
Name Goal: Lists!$J$2:$J$1048576
Name Goal_PenaltyShot: Lists!$BA$2:$BA$1048576
Name Goal_Scored: Lists!$AY$2:$AY$1048576
Name Goal_Shootout: Lists!$AZ$2:$AZ$1048576
Name LoosePuck: Lists!$P$2:$P$1048576
Name Offensive: Lists!$BK:$BK
Name Pass: Lists!$I$2:$I$1048576
Name Pass_Completed: Lists!$R$2:$R$1048576
Name Pass_Deflected: Lists!$T$2:$T$1048576
Name Pass_Intercepted: Lists!$U$2:$U$1048576
Name Pass_Missed: Lists!$S$2:$S$1048576
Name Penalty: Lists!$M$2:$M$1048576
Name Penalty_Major: Lists!$AA$2:$AA$1048576
Name Penalty_Minor: Lists!$AB$2:$AB$1048576
Name Penalty_Offsetting: Lists!$AC$2:$AC$1048576
Name PenaltyShot_Missed: Lists!$AK$2:$AK$1048576
Name PenaltyShot_OnNet: Lists!$AJ$2:$AJ$1048576
Name PenaltyShot_Saved: Lists!$AL$2:$AL$1048576
Name PenaltyShot_Shootout: Lists!$N$2:$N$1048576
Name Play: Lists!$F:$F
Name Play_Defensive: Lists!$BE:$BE
Name Play_Offensive: Lists!$BD:$BD
Name Possession: Lists!$BF:$BF
Name Rebound: Lists!$BC$2:$BC$1048576
Name Save: Lists!$Q$2:$Q$1048576
Name Save_Freeze: Lists!$AN$2:$AN$1048576
Name Save_Played: Lists!$BB:$BB
Name Save_Rebound: Lists!$AM$2:$AM$1048576
Name Shootout_Missed: Lists!$AH$2:$AH$1048576
Name Shootout_OnNet: Lists!$AG$2:$AG$1048576
Name Shootout_Saved: Lists!$AI$2:$AI$1048576
Name Shot: Lists!$H$2:$H$1048576
Name Shot_Blocked: Lists!$AQ$2:$AQ$1048576
Name Shot_BlockedSameTeam: Lists!$AR$2:$AR$1048576
Name Shot_Deflected: Lists!$AS$2:$AS$1048576
Name Shot_DeflectedGoal: Lists!$AX$2:$AX$1048576
Name Shot_DeflectedOnNetSaved: Lists!$AT$2:$AT$1048576
Name Shot_Missed: Lists!$AP$2:$AP$1048576
Name Shot_MissedPost: Lists!$BH:$BH
Name Shot_OnNetGoal: Lists!$AV$2:$AV$1048576
Name Shot_OnNetSaved: Lists!$AO$2:$AO$1048576
Name Shot_TippedGoal: Lists!$AW$2:$AW$1048576
Name Shot_TippedOnNetSaved: Lists!$AU$2:$AU$1048576
Name Stoppage: Lists!$O$2:$O$1048576
Name Stoppage_Other: Lists!$AF$2:$AF$1048576
Name Stoppage_Period: Lists!$AE$2:$AE$1048576
Name Stoppage_Play: Lists!$AD$2:$AD$1048576
Name Turnover: Lists!$K$2:$K$1048576
Name Turnover_Giveaway: Lists!$V$2:$V$1048576
Name Turnover_Takeaway: Lists!$W$2:$W$1048576
Name Zone_Entry: Lists!$X$2:$X$1048576
Name Zone_Entry_Exit: Lists!$L$2:$L$1048576
Name Zone_EntryFailed: Lists!$BM:$BM
Name Zone_Exit: Lists!$Y$2:$Y$1048576
Name Zone_ExitFailed: Lists!$BN:$BN
Name Zone_Keepin: Lists!$Z$2:$Z$1048576

Sheet examples
A1: shift_index | B1: Period | C1: shift_start_min | D1: shift_start_sec | E1: shift_end_min | F1: shift_end_sec | G1: shift_start_type | H1: shift_stop_type | I1: home_forward_1 | J1: home_forward_2 | K1: home_forward_3 | L1: home_defense_1 | M1: home_defense_2 | N1: home_xtra | O1: home_goalie | P1: away_forward_1 | Q1: away_forward_2 | R1: away_forward_3 | S1: away_defense_1 | T1: away_defense_2 | U1: away_xtra | V1: away_goalie | W1: stoppage_time | X1: home_ozone_start | Y1: home_ozone_end | Z1: home_dzone_start | AA1: home_dzone_end | AB1: home_nzone_start | AC1: home_nzone_end | AD1: game_id | AE1: home_team | AF1: away_team | AG1: shift_start_total_seconds | AH1: shift_end_total_seconds | AI1: shift_duration | AJ1: home_team_strength | AK1: away_team_strength | AL1: home_team_en | AM1: away_team_en | AN1: home_team_pk | AO1: home_team_pp | AP1: away_team_pp | AQ1: away_team_pk | AR1: situation | AS1: strength | AT1: home_goals | AU1: away_goals | AV1: period_start_total_running_seconds | AW1: running_video_time | AX1: shift_start_running_time | AY1: shift_end_running_time
A2: 40 | B2: 1 | C2: 2 | D2: 07 | E2: 0 | F2: 35 | G2: OtherFaceoff | H2: Away Goalie Stopped (after Home SOG) | I2: 42 | J2: 14 | K2: 61 | L2: 22 | M2: 9 | O2: 39 | P2: 91 | Q2: 80 | R2: 89 | S2: 4 | T2: 25 | V2: 30 | Y2: 1
A3: 41 | B3: 1 | C3: 0 | D3: 35 | E3: 0 | F3: 0.01 | G3: OtherFaceoff | H3: Period End | I3: 42 | J3: 14 | K3: 61 | L3: 22 | M3: 9 | O3: 39 | P3: 77 | Q3: 13 | R3: 68 | S3: 4 | T3: 25 | V3: 30 | Y3: 1
A4: 42 | B4: 1 | G4: Intermission
A5: 43 | B5: 2 | C5: 18 | D5: 0 | E5: 17 | F5: 18 | G5: PeriodStart | H5: Away Goalie Stopped (after Home SOG) | I5: 70 | J5: 14 | K5: 55 | L5: 91 | M5: 84 | O5: 39 | P5: 77 | Q5: 13 | R5: 68 | S5: 44 | T5: 18 | V5: 30 | Y5: 1
A8: 105 | B8: 3 | C8: 1 | D8: 01 | E8: 0 | F8: 49 | I8: 42 | J8: 24 | K8: 61 | L8: 91 | M8: 84 | O8: 39 | P8: 77 | Q8: 12 | R8: 68 | S8: 44 | T8: 18 | V8: 30 | AA8: 1
A9: 106 | B9: 3 | C9: 0 | D9: 49 | E9: 0 | F9: 0.01 | H9: GameEnd | I9: 42 | J9: 24 | K9: 61 | L9: 91 | M9: 84 | O9: 39 | P9: 77 | Q9: 12 | R9: 56 | S9: 44 | T9: 18 | U9: 3 | AA9: 1
A10: 107 | B10: 3 | C10: 0 | D10: 0.01
A25: event_index | B25: linked_event_index_ | C25: linked_event_index | D25: tracking_event_index | E25: sequence_index | F25: play_index | G25: zone_change_index | H25: Period | I25: event_start_min_ | J25: event_start_sec_ | K25: event_end_min_ | L25: event_end_sec_ | M25: event_start_min | N25: event_start_sec | O25: event_end_min | P25: event_end_sec | Q25: Team_ | R25: Player | S25: role_abrev_binary | T25: role_abrev | U25: Type_ | V25: event_detail_ | W25: event_detail_2_ | X25: successful | Y25: play_detail1 | Z25: play_detail2 | AA25: play_detail_successful | AB25: context | AC25: play_tag1 | AD25: play_tag2 | AE25: high_danger | AF25: event_team_zone | AG25: home_team_zone | AH25: away_team_zone | AI25: forced_forcer | AJ25: pressured_pressurer
A27: 599 | H27: 1 | I27: 0 | J27: 01 | Q27: a | R27: 13 | S27: 1 | T27: e | U27: Shot | V27: Shot_Missed | W27: Shot-Backhand | X27: u | AF27: o | AJ27: 1 | AM27: Shot | AN27: Shot_Missed | AP27: Offensive
A28: 599 | H28: 1 | R28: 9 | T28: o | Y28: Defensive_PlayPossession-StickCheck | AA28: s | AJ28: 1 | AM28: Shot | AN28: Shot_Missed | AP28: Defensive
A29: 600 | H29: 1 | I29: 0 | J29: 00 | T29: o | U29: Stoppage | V29: Stoppage_Period | W29: Stoppage-PeriodEnd | AM29: Stoppage | AN29: Stoppage_Period
A30: 601 | H30: 2 | I30: 56 | J30: 46 | K30: 55 | L30: 39 | T30: o | U30: Intermission | AM30: Intermission
A31: 602 | H31: 2 | I31: 18 | J31: 00 | Q31: h | R31: 70 | S31: 1 | T31: e | U31: Faceoff | V31: Faceoff_PeriodStart | AF31: n | AM31: Faceoff | AN31: Faceoff_PeriodStart | AP31: Offensive
A34: 1438 | B34: 223 | H34: 3 | I34: 5 | J34: 55 | Q34: h | R34: 61 | S34: 1 | T34: e | U34: Shot | V34: Shot_Goal | AF34: o | AM34: Shot | AN34: Shot_Goal | AP34: Offensive
A35: 1438 | B35: 223 | H35: 3 | R35: 30 | T35: o | AM35: Shot | AN35: Shot_Goal | AP35: Defensive
A36: 1439 | B36: 223 | H36: 3 | I36: 5 | J36: 55 | Q36: h | R36: 61 | S36: 1 | T36: e | U36: Goal | V36: Goal_Scored | W36: Goal-Wrist | AF36: o | AM36: Goal | AN36: Goal_Scored | AP36: Offensive
A37: 1439 | B37: 223 | H37: 3 | R37: 30 | T37: o | AM37: Goal | AN37: Goal_Scored | AP37: Defensive
A38: 1440 | B38: 223 | H38: 3 | I38: 5 | J38: 55 | Q38: h | R38: 61 | S38: 1 | T38: e | U38: Stoppage | V38: Stoppage_Play | W38: Stoppage-Goal | AF38: o | AJ38: 1 | AM38: Stoppage | AN38: Stoppage_Play
A39: 1441 | B39: 223 | H39: 3 | I39: 5 | J39: 55 | K39: 5 | L39: 31 | Q39: h | R39: 61 | S39: 1 | T39: e | U39: DeadIce | AF39: o | AJ39: 1 | AM39: DeadIce
A43: 1590 | H43: 3 | I43: 0 | J43: 26 | Q43: h | R43: 84 | S43: 1 | T43: e | U43: Penalty_Delayed | AF43: d | AJ43: 1 | AM43: Penalty_Delayed | AP43: Offensive
A44: 1590 | H44: 3 | R44: 3 | T44: o | AJ44: 1 | AM44: Penalty_Delayed | AP44: Defensive
A45: 1591 | B45: 247 | H45: 3 | I45: 0 | J45: 25 | Q45: a | R45: 18 | S45: 1 | T45: e | U45: Shot | V45: Shot_OnNetSaved | W45: Shot-Wrist | X45: s | AF45: o | AM45: Shot | AN45: Shot_OnNetSaved | AP45: Offensive
A46: 1591 | B46: 247 | H46: 3 | R46: 77 | S46: 1 | T46: e | Y46: OffensivePlay_Shot-Screen | AM46: Shot | AN46: Shot_OnNetSaved | AP46: Offensive
A47: 1591 | B47: 247 | H47: 3 | R47: 39 | T47: o | AM47: Shot | AN47: Shot_OnNetSaved | AP47: Defensive
A48: 1592 | B48: 247 | H48: 3 | I48: 0 | J48: 25 | Q48: h | R48: 39 | S48: 1 | T48: e | U48: Save | V48: Save_Rebound | W48: Save-Blocker | AF48: d | AM48: Save | AN48: Save_Rebound | AP48: Defensive
A49: 1592 | B49: 247 | H49: 3 | R49: 18 | T49: o | AM49: Save | AN49: Save_Rebound | AP49: Offensive
A50: 1592 | B50: 247 | H50: 3 | R50: 77 | T50: o | Y50: OffensivePlay_Shot-Screen | AM50: Save | AN50: Save_Rebound | AP50: Offensive
A51: 1593 | B51: 247 | H51: 3 | I51: 0 | J51: 25 | Q51: h | R51: 39 | S51: 1 | T51: e | AF51: d | AP51: Offensive
A52: 1594 | H52: 3 | I52: 0 | J52: 21 | Q52: a | R52: 56 | S52: 1 | T52: e | U52: Possession | V52: PuckRecovery | X52: u | Y52: OffensivePlay_Zone-PuckRecoveryShot | AA52: u | AF52: o | AM52: Possession | AN52: PuckRecovery | AP52: Offensive
A53: 1595 | H53: 3 | I53: 0 | J53: 21 | Q53: a | R53: 56 | S53: 1 | T53: e | U53: Pass | V53: Pass_Missed | W53: Pass-Forehand | X53: u | Y53: OffensivePlay_Pass-SecondTouch | AA53: u | AF53: o | AJ53: 1 | AM53: Pass | AN53: Pass_Missed | AP53: Offensive
A54: 1595 | H54: 3 | R54: 3 | S54: 1 | T54: e | AM54: Pass | AN54: Pass_Missed | AP54: Offensive
A55: 1595 | H55: 3 | R55: 91 | T55: o | AJ55: 1 | AM55: Pass | AN55: Pass_Missed | AP55: Defensive
A56: 1596 | H56: 3 | I56: 0 | J56: 21 | Q56: h | S56: 1 | T56: e | U56: Zone_Entry_Exit | V56: Zone_Exit | W56: ZoneExit-OppTeam | AF56: d | AM56: Zone_Entry_Exit | AN56: Zone_Exit | AP56: Offensive
A57: 1597 | H57: 3 | I57: 0 | J57: 17 | K57: 0 | L57: 15 | Q57: a | R57: 44 | S57: 1 | T57: e | U57: Possession | V57: PuckRecovery | X57: s | Y57: OffensivePlay_Zone-PuckRecoveryTurnover | AA57: s | AF57: n | AM57: Possession | AN57: PuckRecovery | AP57: Offensive
A58: 1598 | H58: 3 | I58: 0 | J58: 15 | Q58: a | R58: 44 | S58: 1 | T58: e | U58: Pass | V58: Pass_Completed | W58: Pass-Forehand | X58: s | AF58: n | AM58: Pass | AN58: Pass_Completed | AP58: Offensive
A59: 1598 | H59: 3 | R59: 18 | S59: 1 | T59: e | AM59: Pass | AN59: Pass_Completed | AP59: Offensive
A60: 1599 | H60: 3 | I60: 0 | J60: 14 | Q60: a | R60: 18 | S60: 1 | T60: e | U60: Zone_Entry_Exit | V60: Zone_Entry | W60: ZoneEntry-Rush | X60: u | AF60: o | AJ60: 1 | AM60: Zone_Entry_Exit | AN60: Zone_Entry | AP60: Offensive
A61: 1599 | H61: 3 | R61: 24 | T61: o | AJ61: 1 | AM61: Zone_Entry_Exit | AN61: Zone_Entry | AP61: Defensive
A62: 1600 | H62: 3 | I62: 0 | J62: 12 | Q62: h | R62: 24 | S62: 1 | T62: e | U62: Turnover | V62: Turnover_Takeaway | W62: Takeaway-BattleWon | X62: s | Y62: Defensive_PlayPossession-SeperateFromPuck | AA62: s | AF62: d | AJ62: 1 | AM62: Turnover | AN62: Turnover_Takeaway | AP62: Defensive
A63: 1600 | H63: 3 | R63: 91 | S63: 1 | T63: e | Y63: Defensive_PlayPossession-StickCheck | AA63: s | AJ63: 1 | AM63: Turnover | AN63: Turnover_Takeaway | AP63: Defensive
A64: 1600 | H64: 3 | R64: 18 | T64: o | AJ64: 1 | AM64: Turnover | AN64: Turnover_Takeaway | AP64: Offensive
A65: 1601 | B65: 248 | H65: 3 | I65: 0 | J65: 11 | Q65: h | R65: 84 | S65: 1 | T65: e | U65: Penalty | V65: Penalty_Minor | W65: Penalty-Tripping | AF65: d | AM65: Penalty | AN65: Penalty_Minor | AP65: Offensive
A66: 1602 | B66: 248 | H66: 3 | I66: 0 | J66: 11 | K66: 0 | L66: 00 | Q66: h | R66: 84 | S66: 1 | T66: e | U66: Stoppage | V66: Stoppage_Period | W66: Stoppage-PeriodEnd | AF66: d | AM66: Stoppage | AN66: Stoppage_Period

Sheet Sheet1
A1: duration | C1: context
A2: time_start_total_seconds | C2: play_tag1
A3: time_end_total_seconds | C3: play_tag2
A4: shift_index | C4: high_danger
A5: player_role
A6: role_number
A7: running_intermission_duration
A8: period_start_total_running_seconds
A9: running_video_time
A10: event_running_start
A11: event_running_end
A12: event_id
A13: linked_event_id
A14: play_id
A15: sequence_id
A16: zone_change_id
... A72: possession_change

Sheet Rules
A1: EventType | B1: Definition | C1: Next Event | D1: Uses | E1: Linked Events | F1: Successful/Unsuccessful | G1: Successful Def | J1: EventTypeDetail | K1: Definition | L1: Next Event | M1: Uses | N1: Linked Events | O1: Successful/Unsuccessful | P1: Successful Def | S1: EventTypeDetail2 | T1: Definition | U1: Next Event | V1: Uses | W1: Linked Events | X1: Successful/Unsuccessful | Y1: Successful Def | AC1: Definition | AD1: Next Event | AE1: Uses | AF1: Linked Events | AG1: Successful/Unsuccessful | AH1: Successful Def | AL1: Definition | AM1: Next Event | AN1: Uses | AO1: Linked Events | AP1: Linked Events | AQ1: Successful/Unsuccessful | AR1: Successful Def | AT1: play_tag1 | AU1: Definition | AV1: Next Event | AW1: Uses | AX1: Linked Events | AZ1: play_tag2 | BA1: Definition | BB1: Next Event | BC1: Uses | BD1: Linked Events | BF1: Context | BG1: Definition | BH1: Next Event | BI1: Uses | BJ1: Linked Events | BM1: shift_start | BN1: Definition | BO1: Next Event | BP1: Linked Events | BR1: shift_end | BS1: Definition | BT1: Next Event | BU1: Linked Events
A2: Faceoff | J2: Faceoff | S2: PenaltyShot/Shootout | AB2: Offensive | AH2: sucessful if next play positive | AK2: Defensive | AR2: sucessful if next play positive | AT2: LowToHigh | AZ2: Rush | BF2: LeadToBreakout | BM2: PeriodStart | BR2: -
A3: Shot | E3: Save | J3: Faceoff-AfterPenalty | S3: PenaltyShot_OnNet | X3: s | AB3: OffensivePlay_Possession-DriveMiddle | AK3: Defensive_PlayPossession-PokeCheck | AT3: HighToLow | AZ3: Cycle | BF3: LeadToZoneEntry | BM3: FaceoffAfterGoal | BR3: Period Start
A4: Pass | J4: Faceoff-AfterGoal | S4: PenaltyShot_Missed | X4: u | AB4: OffensivePlay_Possession-DriveWide | AK4: Defensive_PlayPossession-SeperateFromPuck | AT4: CrossIce | AZ4: Forecheck | BF4: LeadToTurnover | BM4: GameStart | BR4: Period End
A5: Goal | E5: Shot | J5: Faceoff-PeriodStart | S5: PenaltyShot_Saved | X5: s | AB5: OffensivePlay_Possession-DriveCorner | AK5: Defensive_PlayPossession-Backcheck | AT5: Slot | AZ5: Dumpin | BF5: LeadToShot | BM5: FaceoffAfterPenalty | BR5: Puck Out of Play
A6: Turnover | E6: Pass, Shot, Play | J6: Shot-OnNet | S6: ShootoutShot_OnNet | X6: s | AB6: OffensivePlay_Possession-DriveNetMiddle | AK6: Defensive_PlayPossession-FroceWide | AZ6: Regroup | BF6: LeadToGoal | BM6: OtherFaceoff | BR6: Injury
A7: Zone_Entry_Exit | E7: Pass, Turnover, Attempted Failed, Keepins | J7: Shot-Missed | S7: ShootoutShot_Missed | X7: u | AB7: OffensivePlay_Possession-DriveNetWide | AK7: Defensive_PlayPossession-Contain | AZ7: Counter | BF7: LeadToPenalty | BM7: DeadIce/Stoppage | BR7: Home Penalty
A8: Penalty | J8: Shot-Blocked | S8: ShootoutShot_Saved | X8: s | AB8: OffensivePlay_Possession-CrashNet | AK8: Defensive_PlayPossession-BeatMiddle | AZ8: ZoneExit | BF8: LeadToFailedBreakout | BM8: Intermission | BR8: Away Penalty
A9: PenaltyShot_Shootout | J9: Shot-BlockedSameTeam | AB9: OffensivePlay_Possession-Delay | AK9: Defensive_PlayPossession-BeatWide | AZ9: ZoneEntry | BF9: LeadToFailedZoneEntry | BM9: DelayedPenalty | BR9: Home Goalie Stoppage
A10: Stoppage | E10: Save Freeze | J10: Shot-Deflected | S10: Stoppage_Period | AB10: OffensivePlay_Possession-Deke | AK10: Defensive_PlayPossession-BeatDeke | AZ10: Clear | BM10: GameStart | BR10: Away Goalie Stoppage
A11: Hit | J11: Shot-DeflectedOnNet | S11: Stoppage_Play | AB11: OffensivePlay_Possession-Chip | AK11: Defensive_PlayPossession-BeatSpeed | BR11: Home Offside
A12: Possession | J12: Shot-Tipped | S12: Stoppage_Other | AB12: OffensivePlay_Possession-Other | AK12: Defensive_PlayPossession-Pressure | BR12: Home Icing
A13: LoosePuck | J13: Pass-Completed | S13: Stoppage_GameEnd | AB13: OffensivePlay_Possession-Speed | AK13: Defensive_PlayPossession-Zone | BR13: Away Offside
A14: Save | E14: Shot, Stoppage, Deadice | J14: Pass-Missed | AB14: OffensivePlay_Possession-OpenIceDeke | AK14: Defensive_PlayPossession-ManOnMan | BR14: Away Icing
A15: TeamPossessionChange | J15: Pass-Deflected | S15: Save_Rebound | AB15: OffensivePlay_Possession-EndToEndRush | AK15: Defensive_PlayPossession-Tracker | BR15: Clock Problem
A16: Rebound | E16: Shot, Save | J16: Pass-Intercepted | S16: Save_Freeze | AB16: OffensivePlay_Possession-FrontofNet | AK16: Defensive_PlayPossession-Surf | BR16: Puck Frozen
A17: DeadIce | J17: Turnover-Giveaway | S17: Save_Played | AB17: OffensivePlay_Possession-CutBack | AK17: Defensive_PlayPossession-StickCheck | BR17: Puck in Crowd
A18: Play | J18: Turnover-Takeaway | AB18: OffensivePlay_Possession-Wheel | AK18: Defensive_PlayPass-PassIntercepted | BR18: Goalie Stopped (after SOG)
A19: Timeout | J19: Zone-Entry | S19: Pass-Stretch | X19: s/u | AB19: OffensivePlay_Possession-ForecedOutside | AK19: Defensive_PlayPass-InShotPassLane | BR19: Referee or Linesperson
A20: Intermission | J20: Zone-Exit | S20: Pass-Rim/Wrap | X20: s/u | AB20: OffensivePlay_Pass-AssistPrimary | AK20: Defensive_PlayShot-BoxOut | BR20: High Stick
A21: Clockstop | J21: Zone-Keepin | S21: Pass-Backhand | X21: s/u | AB21: OffensivePlay_Pass-AssistSecondary | AK21: Defensive_PlayShot-BlockedShot | BR21: Objects on Ice
A22: GameStart | J22: Zone_Entryfailed | S22: Pass-Forehand | X22: s/u | AB22: OffensivePlay_Pass-AssistTertiary | AK22: Defensive_PlayShot-FrontofNet | BR22: Hand Pass
A23: GameEnd | J23: Zone_ExitFailed | S23: Pass-Bank | X23: s/u | AB23: OffensivePlay_Pass-GiveAndGo | AK23: Defensive_PlayZone-ClearingAttempt | BR23: Premature Substitution
A24: Penalty_Delayed | J24: Zone_KeepinFailed | S24: Pass-Dump | X24: s/u | AB24: OffensivePlay_Pass-Reverse | AK24: Defensive_PlayZone-ZoneEntryDenial | BR24: Puck in Netting
A25: Zone_Change | J25: Penalty | S25: Pass-Tipped | X25: s/u | AB25: OffensivePlay_Pass-QuickUp | AK25: Defensive_PlayZone-ZoneExitDenial | BR25: Puck in Benches
J26: Penalty-Offsetting | S26: Pass-Lob | X26: s/u | AB26: OffensivePlay_Pass-SecondTouch | AK26: Defensive_PlayZone-PenaltyKillClear | BR26: Net Dislodged Offensive Skater
J27: Stoppage-Freeze | S27: Pass-Drop | X27: s/u | AB27: OffensivePlay_Pass-ReceiverMissed | AK27: Defensive_PlayZone-PuckRetrievalDumpIn | BR27: Puck Frzn-Goalie-Bynd Ctr
J28: Stoppage-OutfofPlay | S28: Pass-Deflected/TippedShot | X28: s/u | AB28: OffensivePlay_Shot-Screen | AK28: Defensive_PlayZone-PuckRetrievalShot | BR28: Skater Puck Frozen
J29: Stoppage-PeriodEnd | S29: Pass-ReceiverMissed | X29: s/u | AB29: OffensivePlay_Zone-Breakout | AK29: Defensive_PlayZone-PuckRetreivalTurnover | BR29: Valid stoppage type reasons (reason):
J30: Stoppage-Goal | S30: Pass-OneTouch | X30: s/u | AB30: OffensivePlay_Zone-DumpChase | AK30: Defensive_PlayZone-PuckRetreivalPass | BR30: TV timeout
J31: Stoppage-Penalty | S31: Pass-SecondTouch | X31: s/u | AB31: OffensivePlay_Zone-Forecheck | AK31: Defensive_PlayZone-PuckRetrievalRebound | BR31: Home Timeout
J32: Shootout-OnNet | S32: Pass-QuickUp | X32: s/u | AB32: OffensivePlay_Zone-Dump/RimInZone | AK32: Defensive_PlayZone-PuckRecoveryDumpIn | BR32: Visitor Timeout
J33: Shootout-Missed | S33: Pass-GiveAndGo | X33: s/u | AB33: OffensivePlay_Zone-DumpInAttempt | AK33: Defensive_PlayZone-PuckRecoveryShot | BR33: Player Injury
J34: Shootout-Saved | S34: Pass-Reverse | X34: s/u | AB34: OffensivePlay_Zone-Breakout | AK34: Defensive_PlayZone-PuckRecoveryTurnover | BR34: Official Injury
J35: PenaltyShot-OnNet | S35: Pass-Other | X35: s/u | AB35: OffensivePlay_Zone-Cycle | AK35: Defensive_PlayZone-PuckRecoveryPass | BR35: Rink Repair
J36: PenaltyShot-Missed | AB36: OffensivePlay_Zone-PuckRetrievalDumpIn | AK36: Defensive_PlayZone-PuckRecoveryRebound | BR36: Ice problem
J37: PenaltyShot-Saved | S37: Giveaway-Misplayed | AB37: OffensivePlay_Zone-PuckRetrievalShot | AK37: Defensive_PlayZone-ForcedDumpin/Clear | BR37: Player Equipment
J38: LoosePuck-Forecheck | S38: Giveaway-BattleLost | AB38: OffensivePlay_Zone-PuckRetreivalTurnover | AK38: Offensive_Zone-AttemptedKeepin | BR38: Video Review
J39: LoosePuck-Battle | S39: Giveaway-PassIntercepted | AB39: OffensivePlay_Zone-PuckRetreivalPass | AK39: Defensive_Zone-AttemptedBreakOutPass | BR39: Chlg Hm - off-side
J40: Save-Rebound | S40: Giveaway-PassMissed | AB40: OffensivePlay_Zone-PuckRetreivalRebound | AK40: Defensive_Zone-AttemptedBreakOutRush | BR40: Chlg Vis - off-side
J41: Save-Freeze | S41: Giveaway-PassBlocked | AB41: OffensivePlay_Zone-PuckRetreivalShot | AK41: Defensive_Zone-AttemptedBreakOutClear | BR41: Chlg Hm - goal interference
J42: Save | S42: Giveaway-PassReceiverMissed | AB42: OffensivePlay_Zone-PuckRecoveryDumpIn | AK42: Offensive_Zone-AttemptedEntryDumpIn | BR42: Chlg Vis - goal interference
J43: DeadIce | S43: Giveaway-ShotBlocked | AB43: OffensivePlay_Zone-PuckRecoveryShot | AK43: Offensive_Zone-AttemptedEntryPass | BR43: Chlg League - off-side
J44: Play | S44: Giveaway-ShotMissed | AB44: OffensivePlay_Zone-PuckRecoveryTurnover | AK44: Offensive_Zone-AttemptedEntryRush | BR44: Chlg League - goal interference
J45: Faceoff-GameStart | S45: Giveaway-ZoneClear/Dump | AB45: OffensivePlay_Zone-PuckRecoveryPass | BR45: Switch sides
J46: Breakaway | K46: Possession on zone entry when on breakaway | S46: Giveaway-AttemptedZoneClear/Dump | AB46: OffensivePlay_Zone-PuckRecoveryRebound | BR46: Chlg Hm - Missed stoppage
J47: PuckRetrieval | K47: Puck reterived after opp team touch/turnover' | O47: s/u | P47: successful if next play positive | S47: Giveaway-ZoneEntry/ExitMisplay | AB47: Offensive_Zone-AttemptedKeepin | BR47: Chlg Vis - Missed stoppage
J48: PuckRecovery | K48: Puck recovered after same team touch/turnover | O48: s/u | S48: Giveaway-DumpInZone | AB48: Defensive_Zone-AttemptedBreakOutPass | BR48: Chlg League - Missed stoppage
J49: Regroup | K49: Circle back in Nzone/Dzone | O49: s/u | S49: Giveaway-Other | AB49: Defensive_Zone-AttemptedBreakOutRush | BR49: Chlg Hm - puck over glass
O50: s/u | AB50: Defensive_Zone-AttemptedBreakOutClear | BR50: Chlg Vis - puck over glass
S51: Takeaway-BattleWon | AB51: Offensive_Zone-AttemptedEntryDumpIn | BR51: Chlg League - puck over glass
S52: Takeaway-PokeCheck | AB52: Offensive_Zone-AttemptedEntryPass | BR52: Home Goal
S53: Takeaway-PassIntercepted | AB53: Offensive_Zone-AttemptedEntryRush | BR53: Away Goal
S54: Takeaway-PassBlocked | BR54: Away Goalie Stopped (after Home SOG)
S55: Takeaway-ShotBlocked | BR55: Home Goalie Stopped (after Away SOG)
S56: Takeaway-ZoneClear/Dump | BR56: DeadIce/Stoppage
S57: Takeaway-AttemptedZoneClear/Dump | BR57: Offset Penalty
S58: Takeaway-Other | BR58: GameEnd
S60: Zone-EntryFailed | X60: s/u
S61: ZoneEntry-Rush | X61: s/u
S62: ZoneEntry-Pass | X62: s/u
S63: ZoneEntry-DumpIn | X63: s/u
S64: ZoneEntry-Chip | X64: s/u
S65: ZoneEntry-FromExitClear | X65: s/u
S66: ZoneEntry-PassMiss/Misplay | X66: s/u
S67: ZoneEntry-OppTeam | X67: s/u
S68: ZoneEntry-Lob | X68: s/u
S69: ZoneEntry-RushBreakaway | X69: s/u
S70: ZoneEntry-CausedTurnover | X70: s/u
S71: ZoneEntry-PenaltyKillClear | X71: s/u
... S89: Zone-Other | X89: s/u
S91: OffensivePlay | Y91: successful if positive play made next
S92: DriveMiddle | T92: Cut to middle of ice | X92: s/u
S93: DriveWide | T93: drive wide either foreced /unforced | X93: s/u
S94: DriveCorner | T94: drive to offensive corner forced/unforced | X94: s/u
S95: DriveNetMiddle | T95: drive to slot from middle | X95: s/u
S96: DriveNetWide | T96: drive to slot from wide | X96: s/u
S97: CrashNet | T97: crash net for rebound | X97: s/u
S98: Delay | X98: s/u
S99: Deke | X99: s/u
S100: Chip | X100: s/u
S101: Other | X101: s/u
S102: DumpChase | T102: dumped into ozone form ozone/nzone | X102: s/u
S103: Forecheck | T103: offensive players crashing puck after dumpin | X103: s/u
S104: Speed | X104: s/u
S106: DefensivePlay | Y106: successful if positive play made next
S107: PokeCheck | X107: s/u
S108: PokeCheckFailed | X108: s/u
S109: SeperateFromPuck | X109: s/u
S110: Backcheck | X110: s/u
S111: FroceWide | X111: s/u
S112: Contain | X112: s/u
S113: BeatMiddle | X113: s/u
S114: BeatWide | X114: s/u
S115: BeatDeke | X115: s/u
S116: BeatSpeed | X116: s/u
S117: BoxOut | X117: s/u
S118: Other | X118: s/u
... S130: Shot-Other | X130: s/u
S132: Save-Glove
...

Sheet Lists
A1: EventType | B1: EventTypeDetail | C1: EventTypeDetail2 | D1: OffensivePlay | E1: DefensivePlay | F1: Play | G1: Faceoff | H1: Shot | I1: Pass | J1: Goal | K1: Turnover | L1: Zone_Entry_Exit | M1: Penalty | N1: PenaltyShot/Shootout | O1: Stoppage | P1: LoosePuck | Q1: Save | R1: Pass_Completed | S1: Pass_Missed | T1: Pass_Deflected | U1: Pass_Intercepted | V1: Turnover_Giveaway | W1: Turnover_Takeaway | X1: Zone_Entry | Y1: Zone_Exit | Z1: Zone_Keepin | AA1: Penalty_Major | AB1: Penalty_Minor | AC1: Penalty_Offsetting | AD1: Stoppage_Play | AE1: Stoppage_Period | AF1: Stoppage_Other | AG1: Shootout_OnNet | AH1: Shootout_Missed | AI1: Shootout_Saved | AJ1: PenaltyShot_OnNet | AK1: PenaltyShot_Missed | AL1: PenaltyShot_Saved | AM1: Save_Rebound | AN1: Save_Freeze | AO1: Shot_OnNetSaved | AP1: Shot_Missed | AQ1: Shot_Blocked | AR1: Shot_BlockedSameTeam | AS1: Shot_Deflected | AT1: Shot_DeflectedOnNetSaved | AU1: Shot_TippedOnNetSaved | AV1: Shot_OnNetGoal | AW1: Shot_TippedGoal | AX1: Shot_DeflectedGoal | AY1: Goal_Scored | AZ1: Goal_Shootout | BA1: Goal_PenaltyShot | BB1: Save_Played | BC1: Rebound | BD1: Play_Offensive | BE1: Play_Defensive | BF1: Possession | BG1: Faceoff | BH1: Shot_MissedPost | BI1: shift_start | BJ1: shift_end | BK1: Offensive | BL1: Defensive | BM1: Zone_EntryFailed | BN1: Zone_ExitFailed | BO1: Zone_KeepinFailed | BQ1: play_details
F2: Play_Offensive | G2: Faceoff_AfterPenalty | H2: Shot_OnNetSaved | I2: Pass_Completed | J2: Goal_Scored | K2: Turnover_Giveaway | L2: Zone_Entry | M2: Penalty_Minor | N2: PenaltyShot_OnNet | O2: Stoppage_Period | P2: LoosePuck_Forecheck | Q2: Save_Rebound | R2: Pass-Stretch | S2: Pass-Stretch | T2: Pass-Stretch | U2: Pass-Stretch | V2: Giveaway-Misplayed | W2: Takeaway-BattleWon | X2: ZoneEntry-Rush | Y2: ZoneExit-Rush | Z2: Zone-KeepIn | AA2: Penalty-Bench Penalty | AB2: Penalty-Bench Penalty | AC2: Penalty-Bench Penalty | AD2: Stoppage-Icing | AE2: Stoppage-StartofShootout | AF2: Stoppage-ObjectsonIce | AG2: Shot-Wrist | AH2: Shot-Wrist | AI2: Shot-Wrist | AJ2: Shot-Wrist | AK2: Shot-Wrist | AL2: Shot-Wrist | AM2: Save-Glove | AN2: Save-Glove | AO2: Shot-Wrist | AP2: Shot-Wrist | AQ2: Shot-Wrist | AR2: Shot-Wrist | AS2: Shot-Deflection | AT2: Shot-Deflection | AU2: Shot-Tip | AV2: Shot-Wrist | AX2: Shot-Deflection | AY2: Goal-Wrist | AZ2: Goal-Wrist | BA2: Goal-Wrist | BB2: Save-Glove | BC2: Rebound_TeamRecovered | BE2: Play-PokeCheck | BF2: Breakaway | BG2: Shot | BH2: Shot-Wrist | BI2: PeriodStart | BJ2: - | BK2: AssistPrimary | BL2: AttemptedBlockedShot | BM2: ZoneEntry-Rush | BN2: ZoneExit-Rush | BO2: Zone-KeepIn | BQ2: {=_xlfn._xlws.SORT(_xlfn.UNIQUE(BK2:BK1000))} -> AssistPrimary
A3: Faceoff | B3: Faceoff | C3: Shot-Wrist | D3: DriveMiddle | E3: PokeCheck | F3: Play_Defensive | G3: Faceoff_AfterGoal | H3: Shot_Missed | I3: Pass_Missed | J3: Goal_Shootout | K3: Turnover_Takeaway | L3: Zone_Exit | M3: Penalty_Offsetting | N3: PenaltyShot_Missed | O3: Stoppage_Play | P3: LoosePuck_Battle | Q3: Save_Freeze | R3: Pass-Rim/Wrap | S3: Pass-Rim/Wrap | T3: Pass-Rim/Wrap | U3: Pass-Rim/Wrap | V3: Giveaway-BattleLost | W3: Takeaway-PokeCheck | X3: ZoneEntry-Pass | Y3: ZoneExit-Pass | Z3: Zone-Pinch | AA3: Penalty-Boarding | AB3: Penalty-Boarding | AC3: Penalty-Boarding | AD3: Stoppage-Offsides | AE3: Stoppage-PeriodStart | AF3: Stoppage-HomeTimeout | AG3: Shot-Slap | AH3: Shot-Slap | AI3: Shot-Slap | AJ3: Shot-Slap | AK3: Shot-Slap | AL3: Shot-Slap | AM3: Save-Blocker | AN3: Save-Blocker | AO3: Shot-Slap | AP3: Shot-Slap | AQ3: Shot-Slap | AR3: Shot-Slap | AS3: Shot-Wrist | AT3: Shot-Wrist | AU3: Shot-Wrist | AV3: Shot-Slap | AW3: Shot-Wrist | AX3: Shot-Wrist | AY3: Goal-Slap | AZ3: Goal-Slap | BA3: Goal-Slap | BB3: Save-Blocker | BC3: Rebound_OppTeamRecovered | BD3: Play-DriveMiddle | BE3: Play-PokeCheckFailed | BF3: PuckRetrieval | BG3: Pass | BH3: Shot-Slap | BI3: FaceoffAfterGoal | BJ3: Period Start | BK3: AssistSecondary | BL3: AttemptedBreakOutClear | BM3: ZoneEntry-Pass | BN3: ZoneExit-Pass | BO3: Zone-Pinch | BQ3: AssistSecondary
A4: Shot | B4: Faceoff-AfterPenalty | C4: Shot-Slap | D4: DriveWide | E4: PokeCheckFailed | G4: Faceoff_PeriodStart | H4: Shot_Blocked | I4: Pass_Deflected | J4: Goal_PenaltyShot | L4: Zone_Keepin | M4: Penalty_Major | N4: PenaltyShot_Saved | O4: Stoppage_Other | Q4: Save_Played | R4: Pass-Backhand | S4: Pass-Backhand | T4: Pass-Backhand | U4: Pass-Backhand | V4: Giveaway-PassIntercepted | W4: Takeaway-PassIntercepted | X4: ZoneEntry-DumpIn | Y4: ZoneExit-Clear | Z4: Zone-Other | AA4: Penalty-Charging | AB4: Penalty-Charging | AC4: Penalty-Charging | AD4: Stoppage-ClockProblem | AE4: Stoppage-PeriodEnd | AF4: Stoppage-VisitorTimeout | AG4: Shot-Backhand | AH4: Shot-Backhand | AI4: Shot-Backhand | AJ4: Shot-Backhand | AK4: Shot-Backhand | AL4: Shot-Backhand | AM4: Save-LeftPad | AN4: Save-LeftPad | AO4: Shot-Backhand | AP4: Shot-Backhand | AQ4: Shot-Backhand | AR4: Shot-Backhand | AS4: Shot-Slap | AT4: Shot-Slap | AU4: Shot-Slap | AV4: Shot-Backhand | AW4: Shot-Slap | AX4: Shot-Slap | AY4: Goal-Backhand | AZ4: Goal-Backhand | BA4: Goal-Backhand | BB4: Save-LeftPad | BC4: Rebound_ShotGenerated | BD4: Play-DriveWide | BE4: Play-SeperateFromPuck | BF4: PuckRecovery | BG4: Goal | BH4: Shot-Backhand | BI4: GameStart | BJ4: Period End | BK4: AssistTertiary | BL4: AttemptedBreakOutPass | BM4: ZoneEntry-DumpIn | BN4: ZoneExit-Clear | BO4: Zone-Other | BQ4: AssistTertiary
A5: Pass | B5: Faceoff-AfterGoal | C5: Shot-Backhand | D5: DriveCorner | E5: SeperateFromPuck | G5: Faceoff_AfterStoppage | H5: Shot_BlockedSameTeam | I5: Pass_Intercepted | L5: Zone_Entryfailed | N5: ShootoutShot_OnNet | O5: Stoppage_GameEnd | R5: Pass-Forehand | S5: Pass-Forehand | T5: Pass-Forehand | U5: Pass-Forehand | V5: Giveaway-PassMissed | W5: Takeaway-PassBlocked | X5: ZoneEntry-Chip | Y5: ZoneExit-Chip | AA5: Penalty-CrossChecking | AB5: Penalty-CrossChecking | AC5: Penalty-CrossChecking | AD5: Stoppage-HighStick | AF5: Stoppage-RinkRepair | AG5: Shot-Snap | AH5: Shot-Snap | AI5: Shot-Snap | AJ5: Shot-Snap | AK5: Shot-Snap | AL5: Shot-Snap | AM5: Save-RightPad | AN5: Save-RightPad | AO5: Shot-Snap | AP5: Shot-Snap | AQ5: Shot-Snap | AR5: Shot-Snap | AS5: Shot-Backhand | AT5: Shot-Backhand | AU5: Shot-Backhand | AV5: Shot-Snap | AW5: Shot-Backhand | AX5: Shot-Backhand | AY5: Goal-Tip | AZ5: Goal-Snap | BA5: Goal-Snap | BB5: Save-RightPad | BC5: Rebound_FlurryGenerated | BD5: Play-DriveCorner | BE5: Play-Backcheck | BF5: Regroup | BG5: Turnover | BH5: Shot-Snap | BI5: FaceoffAfterPenalty | BJ5: Puck Out of Play | BK5: AttemptedBreakOutClear | BL5: AttemptedBreakOutRush | BM5: ZoneEntry-Chip | BN5: ZoneExit-Chip | BQ5: AttemptedBlockedShot
A6: Goal | B6: Faceoff-PeriodStart | C6: Shot-Tip | D6: DriveNetMiddle | E6: Backcheck | G6: Faceoff_GameStart | H6: Shot_Deflected | L6: Zone_ExitFailed | N6: ShootoutShot_Missed | R6: Pass-Bank | S6: Pass-Bank | T6: Pass-Bank | U6: Pass-Bank | V6: Giveaway-PassBlocked | W6: Takeaway-ShotBlocked | X6: ZoneEntry-FromExitClear | Y6: ZoneExit-PassMiss/Misplay | AA6: Penalty-DelayofGame | AB6: Penalty-DelayofGame | AC6: Penalty-DelayofGame | AD6: Stoppage-HandPass | AF6: Stoppage-PlayerEquipment | AG6: Shot-WrapAround | AH6: Shot-WrapAround | AI6: Shot-WrapAround | AJ6: Shot-WrapAround | AK6: Shot-WrapAround | AL6: Shot-WrapAround | AM6: Save-Stick | AN6: Save-Stick | AO6: Shot-WrapAround | AP6: Shot-WrapAround | AQ6: Shot-WrapAround | AR6: Shot-WrapAround | AS6: Shot-Snap | AT6: Shot-Snap | AU6: Shot-Snap | AV6: Shot-WrapAround | AW6: Shot-Snap | AX6: Shot-Snap | AY6: Goal-Snap | AZ6: Goal-WrapAround | BA6: Goal-WrapAround | BB6: Save-Stick | BD6: Play-DriveNetMiddle | BE6: Play-FroceWide | BG6: Zone_Entry_Exit | BH6: Shot-WrapAround | BI6: OtherFaceoff | BJ6: Injury | BK6: AttemptedBreakOutPass | BL6: AttemptedEntryDumpIn | BM6: ZoneEntry-FromExitClear | BN6: ZoneExit-PassMiss/Misplay | BQ6: AttemptedBreakOutClear
A7: Turnover | B7: Shot-OnNet | C7: Shot-Snap | D7: DriveNetWide | E7: FroceWide | H7: Shot_DeflectedOnNetSaved | L7: Zone_KeepinFailed | N7: ShootoutShot_Saved | R7: Pass-Dump | S7: Pass-Dump | T7: Pass-Dump | U7: Pass-Dump | V7: Giveaway-PassReceiverMissed | W7: Takeaway-ZoneClear/Dump | X7: ZoneEntry-PassMiss/Misplay | Y7: ZoneExit-OppTeam | AA7: Penalty-Diving | AB7: Penalty-Diving | AC7: Penalty-Diving | AD7: Stoppage-NetDislodged | AF7: Stoppage-Challenge | AG7: Shot-Bat | AH7: Shot-Bat | AI7: Shot-Bat | AJ7: Shot-Bat | AK7: Shot-Bat | AL7: Shot-Bat | AM7: Save-Scramble | AN7: Save-Scramble | AO7: Shot-Bat | AP7: Shot-Bat | AQ7: Shot-Bat | AR7: Shot-Bat | AS7: Shot-WrapAround | AT7: Shot-WrapAround | AU7: Shot-WrapAround | AV7: Shot-Bat | AW7: Shot-WrapAround | AX7: Shot-WrapAround | AY7: Goal-WrapAround | AZ7: Goal-Bat | BA7: Goal-Bat | BB7: Save-Scramble | BD7: Play-DriveNetWide | BE7: Play-Contain | BG7: Penalty | BH7: Shot-Bat | BI7: DeadIce/Stoppage | BJ7: Home Penalty | BK7: AttemptedBreakOutRush | BL7: AttemptedEntryPass | BM7: ZoneEntry-PassMiss/Misplay | BN7: ZoneExit-OppTeam | BQ7: AttemptedBreakOutPass
A8: Zone_Entry_Exit | B8: Shot-Missed | C8: Shot-WrapAround | D8: CrashNet | E8: Contain | H8: Shot_Tipped | R8: Pass-Tipped | S8: Pass-Tipped | T8: Pass-Tipped | U8: Pass-Tipped | V8: Giveaway-ShotBlocked | W8: Takeaway-AttemptedZoneClear/Dump | X8: ZoneEntry-OppTeam | Y8: ZoneExit-Lob | AA8: Penalty-Elbowing | AB8: Penalty-Elbowing | AC8: Penalty-Elbowing | AD8: Stoppage-Injury | AF8: Stoppage-Other | AG8: Shot-Cradle | AH8: Shot-Cradle | AI8: Shot-Cradle | AJ8: Shot-Cradle | AK8: Shot-Cradle | AL8: Shot-Cradle | AM8: Save-Butterfly | AN8: Save-Butterfly | AO8: Shot-Cradle | AP8: Shot-Cradle | AQ8: Shot-Cradle | AR8: Shot-Cradle | AS8: Shot-Bat | AT8: Shot-Bat | AU8: Shot-Bat | AV8: Shot-Cradle | AW8: Shot-Bat | AX8: Shot-Bat | AY8: Goal-Bat | AZ8: Goal-Cradle | BA8: Goal-Cradle | BB8: Save-Butterfly | BD8: Play-CrashNet | BE8: Play-BeatMiddle | BG8: PenaltyShot_Shootout | BH8: Shot-Cradle | BI8: Intermission | BJ8: Away Penalty | BK8: AttemptedEntryDumpIn | BL8: AttemptedEntryRush | BM8: ZoneEntry-OppTeam | BN8: ZoneExit-Lob | BQ8: AttemptedBreakOutRush
A9: Penalty | B9: Shot-Blocked | C9: Shot-Bat | D9: Delay | E9: BeatMiddle | H9: Shot_TippedOnNetSaved | R9: Pass-Lob | S9: Pass-Lob | T9: Pass-Lob | U9: Pass-Lob | V9: Giveaway-ShotMissed | W9: Takeaway-Other | X9: ZoneEntry-Lob | Y9: ZoneExit-CausedTurnover | AA9: Penalty-GoalieInterference | AB9: Penalty-GoalieInterference | AC9: Penalty-GoalieInterference | AD9: Stoppage-GoalieStoppage | AG9: Shot-Poke | AH9: Shot-Poke | AI9: Shot-Poke | AJ9: Shot-Poke | AK9: Shot-Poke | AL9: Shot-Poke | AM9: Save-Chest | AN9: Save-Chest | AO9: Shot-Poke | AP9: Shot-Poke | AQ9: Shot-Poke | AR9: Shot-Poke | AS9: Shot-Cradle | AT9: Shot-Cradle | AU9: Shot-Cradle | AV9: Shot-Poke | AW9: Shot-Cradle | AX9: Shot-Cradle | AY9: Goal-Cradle | AZ9: Goal-Poke | BA9: Goal-Poke | BB9: Save-Chest | BD9: Play-Delay | BE9: Play-BeatWide | BG9: Stoppage | BH9: Shot-Poke | BI9: DelayedPenalty | BJ9: Home Goalie Stoppage | BK9: AttemptedEntryPass | BL9: AttemptedKeepin | BM9: ZoneEntry-Lob | BN9: ZoneExit-CausedTurnover | BQ9: AttemptedEntryDumpIn
A10: PenaltyShot_Shootout | B10: Shot-BlockedSameTeam | C10: Shot-Cradle | D10: Deke | E10: BeatWide | H10: Shot_OnNetGoal | R10: Pass-Drop | S10: Pass-Drop | T10: Pass-Drop | U10: Pass-Drop | V10: Giveaway-ZoneClear/Dump | X10: ZoneEntry-RushBreakaway | Y10: ZoneExit-PenaltyKillClear | AA10: Penalty-HighSticking | AB10: Penalty-HighSticking | AC10: Penalty-HighSticking | AD10: Stoppage-PuckOutofPlay | AG10: Shot-BetweenLegs | AH10: Shot-BetweenLegs | AI10: Shot-BetweenLegs | AJ10: Shot-BetweenLegs | AK10: Shot-BetweenLegs | AL10: Shot-BetweenLegs | AM10: Save-Shoulder | AN10: Save-Shoulder | AO10: Shot-BetweenLegs | AP10: Shot-BetweenLegs | AQ10: Shot-BetweenLegs | AR10: Shot-BetweenLegs | AS10: Shot-Poke | AT10: Shot-Poke | AU10: Shot-Poke | AV10: Shot-BetweenLegs | AW10: Shot-Poke | AX10: Shot-Poke | AY10: Goal-Poke | AZ10: Goal-BetweenLegs | BA10: Goal-BetweenLegs | BB10: Save-Other | BD10: Play-Deke | BE10: Play-BeatDeke | BG10: Hit | BH10: Shot-BetweenLegs | BI10: GameStart | BJ10: Away Goalie Stoppage | BK10: AttemptedEntryRush | BL10: Backcheck | BM10: ZoneEntry-RushBreakaway | BN10: ZoneExit-PenaltyKillClear | BQ10: AttemptedEntryPass
A11: Stoppage | B11: Shot-Deflected | C11: Shot-Poke | D11: Chip | E11: BeatDeke | H11: Shot_OnNetTippedGoal | R11: Pass-Deflected/TippedShot | S11: Pass-Deflected/TippedShot | T11: Pass-Deflected/TippedShot | U11: Pass-Deflected/TippedShot | V11: Giveaway-AttemptedZoneClear/Dump | X11: ZoneEntry-CausedTurnover | Y11: ZoneExit-Shot | AA11: Penalty-Holding | AB11: Penalty-Holding | AC11: Penalty-Holding | AD11: Stoppage-Penalty | AG11: Shot-Tip | AH11: Shot-Tip | AI11: Shot-Other | AJ11: Shot-Other | AK11: Shot-Other | AL11: Shot-Other | AM11: Save-Skate | AN11: Save-Skate | AO11: Shot-Dumpin | AP11: Shot-Dumpin | AQ11: Shot-Dumpin | AR11: Shot-Dumpin | AS11: Shot-BetweenLegs | AT11: Shot-BetweenLegs | AU11: Shot-BetweenLegs | AV11: Shot-Dumpin | AW11: Shot-BetweenLegs | AX11: Shot-BetweenLegs | AY11: Goal-BetweenLegs | AZ11: Goal-Other | BA11: Goal-Other | BD11: Play-Chip | BE11: Play-BeatSpeed | BG11: Possession | BH11: Shot-Dumpin | BJ11: Home Offside | BK11: AttemptedKeepin | BL11: BeatDeke | BM11: ZoneEntry-CausedTurnover | BN11: ZoneExit-Other | BQ11: AttemptedEntryRush
A12: Hit | B12: Shot-DeflectedOnNet | C12: Shot-BetweenLegs | D12: Other | E12: BeatSpeed | H12: Shot_OnNetDeflectedGoal | R12: Pass-ReceiverMissed | S12: Pass-ReceiverMissed | T12: Pass-ReceiverMissed | U12: Pass-ReceiverMissed | V12: Giveaway-ZoneEntry/ExitMisplay | X12: ZoneEntry-PenaltyKillClear | Y12: ZoneExit-Other | AA12: Penalty-Interference | AB12: Penalty-Interference | AC12: Penalty-Interference | AD12: Stoppage-Goal | AG12: Shot-Other | AH12: Shot-Other | AM12: Save-Other | AN12: Save-Other | AO12: Shot-OneTime | AP12: Shot-OneTime | AQ12: Shot-OneTime | AR12: Shot-OneTime | AS12: Shot-Dumpin | AT12: Shot-Dumpin | AU12: Shot-Dumpin | AV12: Shot-OneTime | AW12: Shot-Dumpin | AX12: Shot-Dumpin | AY12: Goal-Dumpin | BD12: Play-Other | BE12: Play-BoxOut | BG12: LoosePuck | BH12: Shot-OneTime | BJ12: Home Icing | BK12: Breakout | BL12: BeatFake | BM12: ZoneEntry-PenaltyKillClear | BQ12: AttemptedKeepin
A13: Possession | B13: Shot-Tipped | C13: Shot-Dumpin | D13: DumpChase | E13: BoxOut | H13: Shot_Goal | R13: Pass-OneTouch | S13: Pass-Other | T13: Pass-Other | U13: Pass-Other | V13: Giveaway-DumpInZone | X13: ZoneEntry-Shot | AA13: Penalty-Hooking | AB13: Penalty-Fighting | AC13: Penalty-Fighting | AO13: Shot-Tip | AP13: Shot_Tipped | AQ13: Shot_Tipped | AR13: Shot_Tipped | AS13: Shot-OneTime | AT13: Shot-OneTime | AU13: Shot-OneTime | AV13: Shot-Other | AW13: Shot-OneTime | AX13: Shot-OneTime | AY13: Goal-Deflection | BD13: Play-DumpChase | BE13: Play-AttemptedClear | BG13: Save | BH13: Shot_Tipped | BJ13: Away Offside | BK13: Breakout | BL13: BeatMiddle | BM13: ZoneEntry-Other | BQ13: AttemptedPass
A14: LoosePuck | B14: Pass-Completed | C14: Shot-Deflection | D14: Forecheck | E14: Other | H14: Shot_MissedPost | R14: Pass-SecondTouch | S14: Pass-SecondTouch | T14: Pass-SecondTouch | U14: Pass-SecondTouch | V14: Giveaway-Other | X14: ZoneEntry-Other | AA14: Penalty-Roughing | AB14: Penalty-Hooking | AC14: Penalty-Hooking | AO14: Shot-Other | AP14: Shot-Other | AQ14: Shot-Other | AR14: Shot-Other | AS14: Shot-Other | AT14: Shot-Other | AU14: Shot-Other | AV14: Shot-Deflection | AW14: Shot-Other | AX14: Shot-Other | AY14: Goal-OneTime | BD14: Play-Forecheck | BE14: Play-Other | BG14: TeamPossessionChange | BH14: Shot-Other | BJ14: Away Icing | BK14: CededZoneEntry | BL14: BeatSpeed | BQ14: AttemptedShot
A15: Save | B15: Pass-Missed | C15: Shot-OneTime | D15: Speed | R15: Pass-QuickUp | S15: Pass-QuickUp | T15: Pass-QuickUp | U15: Pass-QuickUp | AA15: Penalty-Slashing | AB15: Penalty-Roughing | AC15: Penalty-Roughing | AV15: Shot-Tip | AY15: Goal-Other | BD15: Play-Speed | BG15: Rebound | BJ15: Clock Problem | BK15: CededZoneExit | BL15: BeatWide | BQ15: AttemptedTip/Deflection
A16: TeamPossessionChange | B16: Pass-Deflected | C16: Shot-Other | R16: Pass-GiveAndGo | S16: Pass-GiveAndGo | T16: Pass-GiveAndGo | U16: Pass-GiveAndGo | AA16: Penalty-TooManyMenontheIce | AB16: Penalty-Slashing | AC16: Penalty-Slashing | BD16: Play-Dump/RimInZone | BJ16: Puck Frozen | BK16: Chip | BL16: BlockedShot | BQ16: Backcheck
A17: Rebound | B17: Pass-Intercepted | C17: Pass-Stretch | R17: Pass-Reverse | S17: Pass-Reverse | T17: Pass-Reverse | U17: Pass-Reverse | AA17: Penalty-Tripping | AB17: Penalty-Misconduct | AC17: Penalty-Misconduct | BJ17: Puck in Crowd | BK17: CrashNet | BL17: BoxOut | BQ17: BeatDeke
A18: DeadIce | B18: Turnover-Giveaway | C18: Pass-Rim/Wrap | R18: Pass-Other | S18: Pass-Other | T18: Pass-Other | U18: Pass-Other | AA18: Penalty-Other | AB18: Penalty-TooManyMenontheIce | AC18: Penalty-TooManyMenontheIce | BJ18: Goalie Stopped (after SOG) | BK18: CutBack | BL18: CededZoneEntry | BQ18: BeatFake
A19: Play | B19: Turnover-Takeaway | C19: Pass-Backhand | AB19: Penalty-Tripping | AC19: Penalty-Tripping | BJ19: Referee or Linesperson | BK19: Cycle | BL19: CededZoneExit | BQ19: BeatMiddle
A20: Timeout | B20: Zone-Entry | C20: Pass-Forehand | AB20: Penalty-UnsportsmanlikeConduct | AC20: Penalty-UnsportsmanlikeConduct | BJ20: High Stick | BK20: Deke | BL20: ClearingAttempt | BQ20: BeatSpeed
A21: Intermission | B21: Zone-Exit | C21: Pass-Bank | AB21: Penalty-Other | AC21: Penalty-Other | BJ21: Objects on Ice | BK21: Delay | BL21: Contain | BQ21: BeatWide
A22: Clockstop | B22: Zone-Keepin | C22: Pass-Other | BJ22: Hand Pass | BK22: DriveCorner | BL22: ForcedDumpin/Clear | BQ22: BlockedShot
A23: GameStart | B23: Penalty | C23: Giveaway-Misplayed | BJ23: Premature Substitution | BK23: DriveMiddle | BL23: ForcedLostPossession | BQ23: BoxOut
A24: GameEnd | B24: Penalty-Offsetting | C24: Giveaway-BattleLost | BJ24: Puck in Netting | BK24: DriveNetMiddle | BL24: ForcedMissedPass | BQ24: Breakout
A25: Penalty_Delayed | B25: Stoppage-Freeze | C25: Giveaway-PassIntercepted | BJ25: Puck in Benches | BK25: DriveNetWide | BL25: ForcedMissedShot | BQ25: CededZoneEntry
A26: Zone_Change | B26: Stoppage-OutfofPlay | C26: Giveaway-PassMissed | BJ26: Net Dislodged Offensive Skater | BK26: DriveWide | BL26: ForcedTurnover | BQ26: CededZoneExit
B27: Stoppage-PeriodEnd | C27: Giveaway-PassBlocked | BJ27: Puck Frzn-Goalie-Bynd Ctr | BK27: Dump/RimInZone | BL27: ForceWide | BQ27: Chip
B28: Stoppage-Goal | C28: Giveaway-ShotBlocked | BJ28: Skater Puck Frozen | BK28: DumpChase | BL28: Forecheck | BQ28: ClearingAttempt
B29: Stoppage-Penalty | C29: Giveaway-ShotMissed | BJ29: Valid stoppage type reasons (reason): | BK29: DumpInAttempt | BL29: FrontofNet | BQ29: Contain
B30: Shootout-OnNet | C30: Giveaway-Other | BJ30: TV timeout | BK30: EndToEndRush | BL30: GapControl | BQ30: CrashNet
B31: Shootout-Missed | C31: Takeaway-BattleWon | BJ31: Home Timeout | BK31: FakeShot | BL31: InShotPassLane | BQ31: CutBack
B32: Shootout-Saved | C32: Takeaway-PokeCheck | BJ32: Visitor Timeout | BK32: ForecedOutside | BL32: LoosePuckBattleLost | BQ32: Cycle
B33: PenaltyShot-OnNet | C33: Takeaway-PassIntercepted | BJ33: Player Injury | BK33: Forecheck | BL33: LoosePuckBattleWon | BQ33: DeflectedShot
B34: PenaltyShot-Missed | C34: Takeaway-PassBlocked | BJ34: Official Injury | BK34: FrontofNet | BL34: ManOnMan | BQ34: Deke
B35: PenaltyShot-Saved | C35: Takeaway-ShotBlocked | BJ35: Rink Repair | BK35: GiveAndGo | BL35: PassDeflected | BQ35: Delay
B36: LoosePuck-Forecheck | C36: Takeaway-Other | BJ36: Ice problem | BK36: LoosePuckBattleLost | BL36: PassIntercepted | BQ36: DelayedOffside
B37: LoosePuck-Battle | C37: ZoneEntry-Rush | BJ37: Player Equipment | BK37: LoosePuckBattleWon | BL37: PenaltyKillClear | BQ37: DriveCorner
B38: Save-Rebound | C38: ZoneEntry-Pass | BJ38: Video Review | BK38: LostPuck | BL38: PokeCheck | BQ38: DriveMiddle
... B43: Faceoff-GameStart | C43: Zone-KeepIn | BJ43: Chlg League - off-side | BK43: RecoveryRetreivalFaceoff | BL43: PuckRecoveryPass | BQ43: DumpChase
C44: Zone-Pinch | BJ44: Chlg League - goal interference | BK44: RecoveryRetreivalOther | BL44: PuckRecoveryRebound | BQ44: DumpInAttempt
C45: Zone-Other | BJ45: Switch sides | BK45: RecoveryRetreivalPass | BL45: PuckRecoveryShot | BQ45: EndToEndRush
C46: Save-Glove | BJ46: Chlg Hm - Missed stoppage | BK46: RecoveryRetreivalRebound | BL46: PuckRecoveryTurnover | BQ46: FakeShot
C47: Save-Blocker | BJ47: Chlg Vis - Missed stoppage | BK47: RecoveryRetreivalShot | BL47: PuckRetreivalFaceoff | BQ47: ForcedDumpin/Clear
C48: Save-LeftPad | BJ48: Chlg League - Missed stoppage | BK48: RecoveryRetreivalTurnover | BL48: PuckRetreivalOther | BQ48: ForcedLostPossession
C49: Save-RightPad | BJ49: Chlg Hm - puck over glass | BK49: RecoveryRetreivalFaceoff | BL49: PuckRetreivalPass | BQ49: ForcedMissedPass
C50: Save-Stick | BJ50: Chlg Vis - puck over glass | BK50: RecoveryRetreivalOther | BL50: PuckRetreivalTurnover | BQ50: ForcedMissedShot
C51: Save-Scramble | BJ51: Chlg League - puck over glass | BK51: RecoveryRetreivalPass | BL51: PuckRetrievalDumpIn | BQ51: ForcedTurnover
C52: Save-Butterfly | BJ52: Home Goal | BK52: RecoveryRetreivalRebound | BL52: PuckRetrievalRebound | BQ52: ForceWide
C53: Save-Chest | BJ53: Away Goal | BK53: RecoveryRetreivalShot | BL53: PuckRetrievalShot | BQ53: ForecedOutside
C54: Save-Other | BJ54: Away Goalie Stopped (after Home SOG) | BK54: RecoveryRetreivalTurnover | BL54: RegroupClear | BQ54: Forecheck
C55: Stoppage-StartofShootout | BJ55: Home Goalie Stopped (after Away SOG) | BK55: RecoveryRetrievalDumpIn | BL55: SeperateFromPuck | BQ55: FrontofNet
... C58: Stoppage-PuckOutofPlay | BJ58: GameEnd | BK58: ReceiverMissed | BL58: Surf | BQ58: InShotPassLane
C59: Stoppage-Penalty | BK59: Regroup | BL59: Tracker | BQ59: LoosePuckBattleLost
C60: Stoppage-Icing | BK60: RegroupDumpin | BL60: Zone | BQ60: LoosePuckBattleWon
C61: Stoppage-Offsides | BK61: Reverse | BL61: ZoneEntryDenial | BQ61: LostPuck
C62: Stoppage-GoalieStoppage | BK62: Screen | BL62: ZoneExitDenial | BQ62: ManOnMan
C63: Stoppage-ClockProblem | BK63: SecondTouch | BQ63: MisplayedPuck
C64: Stoppage-HighStick | BK64: Speed | BQ64: OpenIceDeke
C65: Stoppage-ObjectsonIce | BK65: Wheel | BQ65: Other
C66: Stoppage-HandPass | BK66: ZoneKeepin | BQ66: PassDeflected
C67: Stoppage-NetDislodged | BK67: AttemptedBlockedShot | BQ67: PassForTip
C68: Stoppage-HomeTimeout | BK68: AttemptedBreakOutClear | BQ68: PassIntercepted
C69: Stoppage-VisitorTimeout | BK69: AttemptedBreakOutPass | BQ69: PenaltyKillClear
C70: Stoppage-Injury | BK70: AttemptedBreakOutRush | BQ70: PokeCheck
C71: Stoppage-OfficialInjury | BK71: AttemptedEntryDumpIn | BQ71: Pressure
C72: Stoppage-RinkRepair | BK72: AttemptedEntryPass | BQ72: PuckRecoveryRetreivalAttemptedClear
C73: Stoppage-PlayerEquipment | BK73: AttemptedEntryRush | BQ73: PuckRecoveryRetreivalClear
C74: Stoppage-Challenge | BK74: AttemptedKeepin | BQ74: PuckRecoveryRetreivalDumpIn
... C98: Play-Defensive | BK98: LoosePuckBattleWon | BQ98: RegroupDumpin
BK99: ManOnMan | BQ99: Reverse
BK100: PassDeflected | BQ100: Screen
BK101: PassIntercepted | BQ101: SecondTouch
BK102: PenaltyKillClear | BQ102: SeperateFromPuck
BK103: PokeCheck | BQ103: Speed
BK104: Pressure | BQ104: StickCheck
BK105: PuckRecoveryRetreivalDumpIn | BQ105: StoppedDeke
BK106: PuckRecoveryRetreivalFaceoff | BQ106: Surf
BK107: PuckRecoveryRetreivalOther | BQ107: Tracker
BK108: PuckRecoveryRetreivalPass | BQ108: Wheel
BK109: PuckRecoveryRetreivalRebound | BQ109: Zone
BK110: PuckRecoveryRetreivalShot | BQ110: ZoneEntryDenial
... BK112: PuckRecoveryRetreivalFaceoff | BQ112: ZoneKeepin
BK113: PuckRecoveryRetreivalOther | BQ113: 0
BK114: PuckRecoveryRetreivalPass
BK115: PuckRecoveryRetreivalTurnover
BK116: PuckRetrievalDumpIn
BK117: PuckRetrievalRebound
BK118: PuckRetrievalShot
BK119: RegroupClear
BK120: SeperateFromPuck
BK121: StickCheck
BK122: StoppedDeke
BK123: Surf
BK124: Tracker
BK125: Zone
... BK139: PassForTip

Sheet events
A1: event_index_flag_ | B1: sequence_index_flag_ | C1: play_index_flag_ | D1: linked_event_index_flag_ | E1: event_start_min_ | F1: event_start_sec_ | G1: event_end_min_ | H1: event_end_sec_ | I1: player_game_number_ | J1: event_team_zone_ | K1: event_type_ | L1: event_detail_ | M1: event_detail_2_ | N1: event_successful_ | O1: play_detail1_ | P1: play_detail2_ | Q1: play_detail_successful_ | R1: pressured_pressurer_ | S1: event_index_ | T1: linked_event_index_ | U1: sequence_index_ | V1: play_index_ | W1: team_ | X1: player_game_number | Y1: role_abrev_binary_ | Z1: period | AA1: event_index | AB1: linked_event_index | AC1: tracking_event_index | AD1: event_start_min | AE1: event_start_sec | AF1: event_end_min | AG1: event_end_sec | AH1: role_abrev | AI1: event_team_zone2_ | AJ1: event_team_zone | AK1: home_team_zone_ | AL1: away_team_zone_ | AM1: team_venue_ | AN1: team_venue_abv_ | AO1: home_team_zone | AP1: away_team_zone | AQ1: team_venue | AR1: team_venue_abv | AS1: side_of_puck | AT1: sequence_index | AU1: play_index | AV1: play_detail1 | AW1: play_detail_2 | AX1: play_detail_successful | AY1: pressured_pressurer | AZ1: zone_change_index | BA1: game_id | BB1: home_team | BC1: away_team | BD1: Type | BE1: event_detail | BF1: event_detail_2 | BG1: event_successful | BH1: shift_index | BI1: duration | BJ1: time_start_total_seconds | BK1: time_end_total_seconds | BL1: running_intermission_duration | BM1: period_start_total_running_seconds | BN1: running_video_time | BO1: event_running_start | BP1: event_running_end | BQ1: player_role | BR1: role_number | BS1: player_id | BT1: player_team
K2: GameStart | S2: 0 | Y2: x | Z2: 1 | AA2: =S2+1000 -> 1000 | AB2: =IF(T2<>"",9000+T2,"") | AC2: =IF(AB2<>"",AB2,S2+1000) -> 1000 | AF2: =IF(G2<>"",G2,IF($S2=$S1,AF1,"")) | AG2: =IF(H2<>"",H2,IF($S2=$S1,AG1,"")) | AH2: =IF(Y2="x","",IF(Y2=1,"e","o")) | AI2: =IF($J2<>"",$J2,IF($AC2=$AC1,AI1,"")) | AJ2: =IF($J2<>"",$J2,IF($AC2=$AC1,AJ1,"")) | AK2: =IF($W2="","",IF($AI2="","",IF($W2="h",$AI2,IF($AI2="n","n",IF(AND($W2="a",$AI2="d"),"o",IF(AND($W2="a",$AI2="o"),"d")))))) | AL2: =IF($W2="","",IF(J2="","",IF(AK2="n","n",IF(AK2="d","o",IF(AK2="o","d",""))))) | AM2: =IF(AN2="H","Home",IF(AN2="A","Away","")) | AN2: =IF($W2<>"",$W2,IF($AC2=$AC1,AN1,"")) | AO2: =IF(AK2<>"",AK2,IF($AC2=$AC1,AO1,"")) | AP2: =IF(AL2<>"",AL2,IF($AC2=$AC1,AP1,"")) | AQ2: =IF(AM2<>"",AM2,IF($AC2=$AC1,AQ1,"")) | AR2: =IF(AN2<>"",AN2,IF($AC2=$AC1,AR1,"")) | AS2: =IF(AND(AH2="e",OR(BD2="Save",BE2="Turnover_Takeaway",BE2="Play_Defensive")),"Defensive",IF(AND(AH2="o",OR(BD2="Save",BE2="Turnover_Takeaway",BE2="Play_Defensive")),"Offensive",IF(OR(BD2="Deadice",BD2="Stoppage",BD2="Intermission"),"",IF(AH2="e","Offensive",IF(AH2="o","Defensive",""))))) | AT2: =IF(U2<>"",U2+5000,"") | AU2: =IF(V2<>"",V2+6000,"") | AV2: {=IFERROR(IF(O2<>"",O2,IF(OR($S2="",$T2=""),"",IF(O2<>"",O2,IF($T2<>"",_xlfn._xlws.FILTER(O:O,($BT:$BT=$BT2)*($I:$I=$I2)*($T:$T=$T2)*($S:$S=_xlfn.MINIFS($S:$S,$T:$T,"="&$T2)),"")))))&"",IF(O2="","",""))&""} | AW2: {=IFERROR(IF(P2<>"",P2,IF(OR($S2="",$T2=""),"",IF($T2<>"",_xlfn._xlws.FILTER(P:P,($BT:$BT=$BT2)*($I:$I=$I2)*($T:$T=$T2)*($S:$S=_xlfn.MINIFS($S:$S,$T:$T,"="&$T2)),""))))&"",IF(P2="","",""))&""} | AX2: {=IFERROR(IF(Q2<>"",Q2,IF(OR($S2="",$T2=""),"",IF($T2<>"",_xlfn._xlws.FILTER(Q:Q,($BT:$BT=$BT2)*($I:$I=$I2)*($T:$T=$T2)*($S:$S=_xlfn.MINIFS($S:$S,$T:$T,"="&$T2)),""))))&"",IF(Q2="","",""))&""} | AY2: {=IFERROR(IF(R2<>"",R2,IF(OR($S2="",$T2=""),"",IF($T2<>"",_xlfn._xlws.FILTER(R:R,($BT:$BT=$BT2)*($I:$I=$I2)*($T:$T=$T2)*($S:$S=_xlfn.MINIFS($S:$S,$T:$T,"="&$T2)),""))))&"",IF(R2="","",""))&""} | AZ2: 1 | BA2: 18991 | BB2: Triple J | BC2: Velodrome | BD2: =IF(K2<>"",K2,IF(S2=S1,K2,"")) -> GameStart | BM2: 0 | BN2: 0 | BO2: =IF(BN2<5,0,BN2-5) -> 0 | BP2: =BO2+BI2+5 -> 5 | BS2: =IFERROR(VLOOKUP(BA2&BT2&I2,game_rosters!U:W,3,FALSE),"") | BT2: =IF(AQ2="","",IF(AND(AQ2="Away",AH2="e"),BC2,IF(AND(AQ2="Home",AH2="e"),BB2,IF(AND(AQ2="Away",AH2="o"),BB2,IF(AND(AQ2="Home",AH2="o"),BC2)))))
A3: 1 | E3: 18 | F3: 00 | I3: 70 | J3: n | K3: Faceoff | L3: Faceoff_GameStart | N3: =IF(K3="","",IF(K3="Goal","s",IF(AND(K3="Zone_Entry_Exit",OR(ISNUMBER(SEARCH("fail",L3)),ISNUMBER(SEARCH("FromExitClear",M3)),ISNUMBER(SEARCH("miss",M3)))),"u",IF(AND(K3="Zone_Entry_Exit",OR(NOT(ISNUMBER(SEARCH("fail",L3))),NOT(ISNUMBER(SEARCH("FromExitClear",M3))),NOT(ISNUMBER(SEARCH("miss",M3))))),"s",IF(AND(OR(K3="Shot",K3="Pass"),OR(ISNUMBER(SEARCH("complete",L3)),ISNUMBER(SEARCH("goal",L3)),ISNUMBER(SEARCH("OnNet",L3)))),"s",IF(L3="Turnover_Giveaway","u",IF(AND(OR(K3="Shot",K3="Pass"),OR(ISNUMBER(SEARCH("fail",L3)),NOT(ISNUMBER(SEARCH("complete",L3))),NOT(ISNUMBER(SEARCH("OnNet",L3))))),"u",""))))))) | Q3: =IF(O3="","",IF(AND(N3<>"",OR(O3<>"",P3<>"")),N3,IF(OR(ISNUMBER(SEARCH("attemp",O3)),ISNUMBER(SEARCH("mis",O3)),ISNUMBER(SEARCH("fail",O3)),ISNUMBER(SEARCH("loss",O3)),ISNUMBER(SEARCH("lost",O3)),ISNUMBER(SEARCH("attemp",P3)),ISNUMBER(SEARCH("mis",P3)),ISNUMBER(SEARCH("fail",P3)),ISNUMBER(SEARCH("loss",P3)),ISNUMBER(SEARCH("lost",P3))),"u",""))) | R3: , | S3: =IF(A3=1,MAX($S$2:$S2)+1,IF(OR($I3<>"",A3="x"),$S2,"")) -> 1 | T3: =IF(D3=1,MAX($T$2:$T2)+1,IF(S3=S2,$T2,IF(D3="x",T2,IF(D2="x","","")))) | U3: =IF(B3=1,MAX($U$2:$U2)+1,IF(AND($T3<>"",$T3=$T2),$U2,IF(B3="x",U2,""))) | V3: =IF(C3=1,MAX($V$2:$V2)+1,IF(AND($T3<>"",$T3=$T2),$U2,IF(C3="x",V2,""))) | W3: {=_xlfn._xlws.FILTER(game_rosters!AC:AC,(game_rosters!J:J=events!X3)*(K3<>""))} -> a | X3: {=IF($I3<>"",$I3,INDEX($I$1:$I3,ROW()-COUNTIFS($T$1:$T3,"="&$T3,$S$1:$S3,"<"&$S3)))} -> 70 | Y3: {=IFERROR(IF(_xlfn._xlws.FILTER(game_rosters!$J:$J,(game_rosters!$G:$G=events!$AM3)*(game_rosters!$J:$J=events!$X3))>0,1,""),"")} -> 1 | Z3: =IF(K3="Intermission",Z2+1,Z2) -> 1 | AA3: =S3+1000 -> 1001 | AB3: =IF(T3<>"",9000+T3,"") | AC3: =IF(AB3<>"",AB3,S3+1000) -> 1001 | AD3: =IF(E3<>"",E3,IF($AC3=$AC2,AD2,IF(AF2<>"",AF2,IF(AD2<>"",AD2,"")))) -> 18 | AE3: =IF(F3<>"",F3,IF($AC3=$AC2,AE2,IF(AG2<>"",AG2,IF(AE2<>"",AE2,"")))) -> 00 | AF3: =IF(G3<>"",G3,IF($AC3=$AC2,AF2,IF(H3="","",AD3))) | AG3: =IF(H3<>"",H3,IF($S3=$S2,AG2,"")) | AH3: =IF(Y3="x","",IF(Y3=1,"e","o")) -> e | AI3: =IF($J3<>"",$J3,IF($AC3=$AC2,AI2,"")) -> n | AJ3: =IF($J3<>"",$J3,IF($AC3=$AC2,AJ2,"")) -> n | AK3: =IF($W3="","",IF($AI3="","",IF($W3="h",$AI3,IF($AI3="n","n",IF(AND($W3="a",$AI3="d"),"o",IF(AND($W3="a",$AI3="o"),"d")))))) -> n | AL3: =IF($W3="","",IF(J3="","",IF(AK3="n","n",IF(AK3="d","o",IF(AK3="o","d",""))))) -> n | AM3: =IF(AN3="H","Home",IF(AN3="A","Away","")) -> Away | AN3: =IF($W3<>"",$W3,IF($AC3=$AC2,AN2,"")) -> a | AO3: =IF(AK3<>"",AK3,IF($AC3=$AC2,AO2,"")) -> n | AP3: =IF(AL3<>"",AL3,IF($AC3=$AC2,AP2,"")) -> n | AQ3: =IF(AM3<>"",AM3,IF($AC3=$AC2,AQ2,"")) -> Away | AR3: =IF(AN3<>"",AN3,IF($AC3=$AC2,AR2,"")) -> a | AS3: =IF(AND(AH3="e",OR(BD3="Save",BE3="Turnover_Takeaway",BE3="Play_Defensive")),"Defensive",IF(AND(AH3="o",OR(BD3="Save",BE3="Turnover_Takeaway",BE3="Play_Defensive")),"Offensive",IF(OR(BD3="Deadice",BD3="Stoppage",BD3="Intermission"),"",IF(AH3="e","Offensive",IF(AH3="o","Defensive",""))))) -> Offensive | AT3: =IF(U3<>"",U3+5000,"") | AU3: =IF(V3<>"",V3+6000,"") | AV3: {=IFERROR(IF(O3<>"",O3,IF(OR($S3="",$T3=""),"",IF(O3<>"",O3,IF($T3<>"",_xlfn._xlws.FILTER(O:O,($BT:$BT=$BT3)*($I:$I=$I3)*($T:$T=$T3)*($S:$S=_xlfn.MINIFS($S:$S,$T:$T,"="&$T3)),"")))))&"",IF(O3="","",""))&""} | AW3: {=IFERROR(IF(P3<>"",P3,IF(OR($S3="",$T3=""),"",IF($T3<>"",_xlfn._xlws.FILTER(P:P,($BT:$BT=$BT3)*($I:$I=$I3)*($T:$T=$T3)*($S:$S=_xlfn.MINIFS($S:$S,$T:$T,"="&$T3)),""))))&"",IF(P3="","",""))&""} | AX3: {=IFERROR(IF(Q3<>"",Q3,IF(OR($S3="",$T3=""),"",IF($T3<>"",_xlfn._xlws.FILTER(Q:Q,($BT:$BT=$BT3)*($I:$I=$I3)*($T:$T=$T3)*($S:$S=_xlfn.MINIFS($S:$S,$T:$T,"="&$T3)),""))))&"",IF(Q3="","",""))&""} | AY3: {=IFERROR(IF(R3<>"",R3,IF(OR($S3="",$T3=""),"",IF($T3<>"",_xlfn._xlws.FILTER(R:R,($BT:$BT=$BT3)*($I:$I=$I3)*($T:$T=$T3)*($S:$S=_xlfn.MINIFS($S:$S,$T:$T,"="&$T3)),""))))&"",IF(R3="","",""))&""} -> , | AZ3: =IF(OR(L3="Zone_Entry",L3="Zone_Exit"),AZ2+1,AZ2) -> 1 | BA3: =BA2 -> 18991 | BB3: =BB2 -> Triple J | BC3: =BC2 -> Velodrome | BD3: =IF($K3<>"",$K3,IF($S3=$S2,BD2,"")) -> Faceoff | BE3: =IF(L3<>"",L3,IF($S3=$S2,BE2,"")) -> Faceoff_GameStart | BF3: =IF(M3<>"",M3,IF($S3=$S2,BF2,"")) | BG3: =IF($N3<>"",$N3,IF($S3=$S2,BG2,"")) | BH3: {=IFERROR(_xlfn._xlws.FILTER(shifts!A:A,(shifts!B:B=events!Z3)*(shifts!AG:AG>=events!BJ3)*(shifts!AH:AH<=events!BK3)),BH2)} -> 1 | BI3: =IF(AND(AF3="",AG3=""),0,((AD3*60)+AE3)-((AF3*60)+AG3)) -> 0 | BJ3: =(AD3*60)+AE3 -> 1080 | BK3: =IF(AND(AF3="",AG3=""),BJ3,((AF3*60)+AG3)) -> 1080 | BL3: =SUMIFS(BI$2:BI3,K$2:K3,"=Intermission")+SUMIFS(BI$2:BI3,K$2:K3,"=Timeout") -> 0 | BM3: =IF(Z3=1,0,IF(Z3=2,1080+BL3,IF(Z3=3,(1080*2)+BL3,0))) -> 0 | BN3: =IF(K3="Intermission",BN2,((1080)-((AD3*60)+AE3))+BM3) -> 0 | BO3: =IF(BN3<5,0,BN3-5) -> 0 | BP3: =BO3+BI3+5 -> 5 | BQ3: =IF(AH3="e","event_team_player_"&BR3,IF(AH3="o","opp_team_player_"&BR3,"")) -> event_team_player_1 | BR3: =COUNTIFS(S$3:S3,"="&S3,AH$3:AH3,"="&AH3) -> 1 | BS3: =IFERROR(VLOOKUP(BA3&BT3&X3,game_rosters!U:W,3,FALSE),"") -> P100001 | BT3: =IF(AQ3="","",IF(AND(AQ3="Away",AH3="e"),BC3,IF(AND(AQ3="Home",AH3="e"),BB3,IF(AND(AQ3="Away",AH3="o"),BB3,IF(AND(AQ3="Home",AH3="o"),BC3))))) -> Velodrome
A4: =IF(K4<>"",1,IF(D4="x","x","")) | I4: 73 | N4: =IF(K4="","",IF(K4="Goal","s",IF(AND(K4="Zone_Entry_Exit",OR(ISNUMBER(SEARCH("fail",L4)),ISNUMBER(SEARCH("FromExitClear",M4)),ISNUMBER(SEARCH("miss",M4)))),"u",IF(AND(K4="Zone_Entry_Exit",OR(NOT(ISNUMBER(SEARCH("fail",L4))),NOT(ISNUMBER(SEARCH("FromExitClear",M4))),NOT(ISNUMBER(SEARCH("miss",M4))))),"s",IF(AND(OR(K4="Shot",K4="Pass"),OR(ISNUMBER(SEARCH("complete",L4)),ISNUMBER(SEARCH("goal",L4)),ISNUMBER(SEARCH("OnNet",L4)))),"s",IF(L4="Turnover_Giveaway","u",IF(AND(OR(K4="Shot",K4="Pass"),OR(ISNUMBER(SEARCH("fail",L4)),NOT(ISNUMBER(SEARCH("complete",L4))),NOT(ISNUMBER(SEARCH("OnNet",L4))))),"u",""))))))) | Q4: =IF(O4="","",IF(AND(N4<>"",OR(O4<>"",P4<>"")),N4,IF(OR(ISNUMBER(SEARCH("attemp",O4)),ISNUMBER(SEARCH("mis",O4)),ISNUMBER(SEARCH("fail",O4)),ISNUMBER(SEARCH("loss",O4)),ISNUMBER(SEARCH("lost",O4)),ISNUMBER(SEARCH("attemp",P4)),ISNUMBER(SEARCH("mis",P4)),ISNUMBER(SEARCH("fail",P4)),ISNUMBER(SEARCH("loss",P4)),ISNUMBER(SEARCH("lost",P4))),"u",""))) | S4: =IF(A4=1,MAX($S$2:$S3)+1,IF(OR($I4<>"",A4="x"),$S3,"")) -> 1 | T4: =IF(D4=1,MAX($T$2:$T3)+1,IF(S4=S3,$T3,IF(D4="x",T3,IF(D3="x","","")))) | U4: =IF(B4=1,MAX($U$2:$U3)+1,IF(AND($T4<>"",$T4=$T3),$U3,IF(B4="x",U3,""))) | V4: =IF(C4=1,MAX($V$2:$V3)+1,IF(AND($T4<>"",$T4=$T3),$U3,IF(C4="x",V3,""))) | W4: {=IFERROR(_xlfn._xlws.FILTER(game_rosters!AC:AC,(game_rosters!J:J=events!X4)*(K4<>"")),"")} | X4: {=IF($I4<>"",$I4,INDEX($I$1:$I4,ROW()-COUNTIFS($T$1:$T4,"="&$T4,$S$1:$S4,"<"&$S4)))} -> 73 | Y4: {=IFERROR(IF(_xlfn._xlws.FILTER(game_rosters!$J:$J,(game_rosters!$G:$G=events!$AM4)*(game_rosters!$J:$J=events!$X4))>0,1,""),"")} | Z4: =IF(K4="Intermission",Z3+1,Z3) -> 1 | AA4: =S4+1000 -> 1001 | AB4: =IF(T4<>"",9000+T4,"") | AC4: =IF(AB4<>"",AB4,S4+1000) -> 1001 | AD4: =IF(E4<>"",E4,IF($AC4=$AC3,AD3,IF(AF3<>"",AF3,IF(AD3<>"",AD3,"")))) -> 18 | AE4: =IF(F4<>"",F4,IF($AC4=$AC3,AE3,IF(AG3<>"",AG3,IF(AE3<>"",AE3,"")))) -> 00 | AF4: =IF(G4<>"",G4,IF($AC4=$AC3,AF3,IF(H4="","",AD4))) | AG4: =IF(H4<>"",H4,IF($S4=$S3,AG3,"")) | AH4: =IF(Y4="x","",IF(Y4=1,"e","o")) -> o | AI4: =IF($J4<>"",$J4,IF($AC4=$AC3,AI3,"")) -> n | AJ4: =IF($J4<>"",$J4,IF($AC4=$AC3,AJ3,"")) -> n | AK4: =IF($W4="","",IF($AI4="","",IF($W4="h",$AI4,IF($AI4="n","n",IF(AND($W4="a",$AI4="d"),"o",IF(AND($W4="a",$AI4="o"),"d")))))) | AL4: =IF($W4="","",IF(J4="","",IF(AK4="n","n",IF(AK4="d","o",IF(AK4="o","d",""))))) | AM4: =IF(AN4="H","Home",IF(AN4="A","Away","")) -> Away | AN4: =IF($W4<>"",$W4,IF($AC4=AC3,AN3,"")) -> a | AO4: =IF(AK4<>"",AK4,IF($AC4=AC3,AO3,"")) -> n | AP4: =IF(AL4<>"",AL4,IF($AC4=AC3,AP3,"")) -> n | AQ4: =IF(AM4<>"",AM4,IF($AC4=#REF!,#REF!,"")) -> Away | AR4: =IF(AN4<>"",AN4,IF($AC4=AC3,AQ3,"")) -> a | AS4: =IF(AND(AH4="e",OR(BD4="Save",BE4="Turnover_Takeaway",BE4="Play_Defensive")),"Defensive",IF(AND(AH4="o",OR(BD4="Save",BE4="Turnover_Takeaway",BE4="Play_Defensive")),"Offensive",IF(OR(BD4="Deadice",BD4="Stoppage",BD4="Intermission"),"",IF(AH4="e","Offensive",IF(AH4="o","Defensive",""))))) -> Defensive | AT4: =IF(U4<>"",U4+5000,"") | AU4: =IF(V4<>"",V4+6000,"") | AV4: {=IFERROR(IF(O4<>"",O4,IF(OR($S4="",$T4=""),"",IF(O4<>"",O4,IF($T4<>"",_xlfn._xlws.FILTER(O:O,($BT:$BT=$BT4)*($I:$I=$I4)*($T:$T=$T4)*($S:$S=_xlfn.MINIFS($S:$S,$T:$T,"="&$T4)),"")))))&"",IF(O4="","",""))&""} | AW4: {=IFERROR(IF(P4<>"",P4,IF(OR($S4="",$T4=""),"",IF($T4<>"",_xlfn._xlws.FILTER(P:P,($BT:$BT=$BT4)*($I:$I=$I4)*($T:$T=$T4)*($S:$S=_xlfn.MINIFS($S:$S,$T:$T,"="&$T4)),""))))&"",IF(P4="","",""))&""} | AX4: {=IFERROR(IF(Q4<>"",Q4,IF(OR($S4="",$T4=""),"",IF($T4<>"",_xlfn._xlws.FILTER(Q:Q,($BT:$BT=$BT4)*($I:$I=$I4)*($T:$T=$T4)*($S:$S=_xlfn.MINIFS($S:$S,$T:$T,"="&$T4)),""))))&"",IF(Q4="","",""))&""} | AY4: {=IFERROR(IF(R4<>"",R4,IF(OR($S4="",$T4=""),"",IF($T4<>"",_xlfn._xlws.FILTER(R:R,($BT:$BT=$BT4)*($I:$I=$I4)*($T:$T=$T4)*($S:$S=_xlfn.MINIFS($S:$S,$T:$T,"="&$T4)),""))))&"",IF(R4="","",""))&""} | AZ4: =IF(OR(L4="Zone_Entry",L4="Zone_Exit"),AZ3+1,AZ3) -> 1 | BA4: =BA3 -> 18991 | BB4: =BB3 -> Triple J | BC4: =BC3 -> Velodrome | BD4: =IF($K4<>"",$K4,IF($S4=$S3,BD3,"")) -> Faceoff | BE4: =IF(L4<>"",L4,IF($S4=$S3,BE3,"")) -> Faceoff_GameStart | BF4: =IF(M4<>"",M4,IF($S4=$S3,BF3,"")) | BG4: =IF($N4<>"",$N4,IF($S4=$S3,BG3,"")) | BH4: {=IFERROR(_xlfn._xlws.FILTER(shifts!A:A,(shifts!B:B=events!Z4)*(shifts!AG:AG>=events!BJ4)*(shifts!AH:AH<=events!BK4)),BH3)} -> 1 | BI4: =IF(AND(AF4="",AG4=""),0,((AD4*60)+AE4)-((AF4*60)+AG4)) -> 0 | BJ4: =(AD4*60)+AE4 -> 1080 | BK4: =IF(AND(AF4="",AG4=""),BJ4,((AF4*60)+AG4)) -> 1080 | BL4: =SUMIFS(BI$2:BI4,K$2:K4,"=Intermission")+SUMIFS(BI$2:BI4,K$2:K4,"=Timeout") -> 0 | BM4: =IF(Z4=1,0,IF(Z4=2,1080+BL4,IF(Z4=3,(1080*2)+BL4,0))) -> 0 | BN4: =IF(K4="Intermission",BN3,((1080)-((AD4*60)+AE4))+BM4) -> 0 | BO4: =IF(BN4<5,0,BN4-5) -> 0 | BP4: =BO4+BI4+5 -> 5 | BQ4: =IF(AH4="e","event_team_player_"&BR4,IF(AH4="o","opp_team_player_"&BR4,"")) -> opp_team_player_1 | BR4: =COUNTIFS(S$3:S4,"="&S4,AH$3:AH4,"="&AH4) -> 1 | BS4: =IFERROR(VLOOKUP(BA4&BT4&X4,game_rosters!U:W,3,FALSE),"") -> P100021 | BT4: =IF(AQ4="","",IF(AND(AQ4="Away",AH4="e"),BC4,IF(AND(AQ4="Home",AH4="e"),BB4,IF(AND(AQ4="Away",AH4="o"),BB4,IF(AND(AQ4="Home",AH4="o"),BC4))))) -> Triple J
A5: =IF(K5<>"",1,IF(D5="x","x","")) -> 1 | E5: 17 | F5: 59 | G5: 17 | H5: 58 | I5: 70 | J5: n | K5: Possession | N5: =IF(K5="","",IF(K5="Goal","s",IF(AND(K5="Zone_Entry_Exit",OR(ISNUMBER(SEARCH("fail",L5)),ISNUMBER(SEARCH("FromExitClear",M5)),ISNUMBER(SEARCH("miss",M5)))),"u",IF(AND(K5="Zone_Entry_Exit",OR(NOT(ISNUMBER(SEARCH("fail",L5))),NOT(ISNUMBER(SEARCH("FromExitClear",M5))),NOT(ISNUMBER(SEARCH("miss",M5))))),"s",IF(AND(OR(K5="Shot",K5="Pass"),OR(ISNUMBER(SEARCH("complete",L5)),ISNUMBER(SEARCH("goal",L5)),ISNUMBER(SEARCH("OnNet",L5)))),"s",IF(L5="Turnover_Giveaway","u",IF(AND(OR(K5="Shot",K5="Pass"),OR(ISNUMBER(SEARCH("fail",L5)),NOT(ISNUMBER(SEARCH("complete",L5))),NOT(ISNUMBER(SEARCH("OnNet",L5))))),"u",""))))))) | Q5: =IF(O5="","",IF(AND(N5<>"",OR(O5<>"",P5<>"")),N5,IF(OR(ISNUMBER(SEARCH("attemp",O5)),ISNUMBER(SEARCH("beat",O5)),ISNUMBER(SEARCH("mis",O5)),ISNUMBER(SEARCH("fail",O5)),ISNUMBER(SEARCH("loss",O5)),ISNUMBER(SEARCH("lost",O5)),ISNUMBER(SEARCH("attemp",P5)),ISNUMBER(SEARCH("mis",P5)),ISNUMBER(SEARCH("fail",P5)),ISNUMBER(SEARCH("loss",P5)),ISNUMBER(SEARCH("beat",P5)),ISNUMBER(SEARCH("lost",P5))),"u",""))) | S5: =IF(A5=1,MAX($S$2:$S4)+1,IF(OR($I5<>"",A5="x"),$S4,"")) -> 2 | T5: =IF(D5=1,MAX($T$2:$T4)+1,IF(S5=S4,$T4,IF(D5="x",T4,IF(D4="x","","")))) | U5: =IF(B5=1,MAX($U$2:$U4)+1,IF(AND($T5<>"",$T5=$T4),$U4,IF(B5="x",U4,""))) | V5: =IF(C5=1,MAX($V$2:$V4)+1,IF(AND($T5<>"",$T5=$T4),$U4,IF(C5="x",V4,""))) | W5: {=IFERROR(_xlfn._xlws.FILTER(game_rosters!AC:AC,(game_rosters!J:J=events!X5)*(K5<>"")),"")} -> a | X5: {=IF($I5<>"",$I5,INDEX($I$1:$I5,ROW()-COUNTIFS($T$1:$T5,"="&$T5,$S$1:$S5,"<"&$S5)))} -> 70 | Y5: {=IFERROR(IF(_xlfn._xlws.FILTER(game_rosters!$J:$J,(game_rosters!$G:$G=events!$AM5)*(game_rosters!$J:$J=events!$X5))>0,1,""),"")} -> 1 | Z5: =IF(K5="Intermission",Z4+1,Z4) -> 1 | AA5: =S5+1000 -> 1002 | AB5: =IF(T5<>"",9000+T5,"") | AC5: =IF(AB5<>"",AB5,S5+1000) -> 1002 | AD5: =IF(E5<>"",E5,IF($AC5=$AC4,AD4,IF(AF4<>"",AF4,IF(AD4<>"",AD4,"")))) -> 17 | AE5: =IF(F5<>"",F5,IF($AC5=$AC4,AE4,IF(AG4<>"",AG4,IF(AE4<>"",AE4,"")))) -> 59 | AF5: =IF(G5<>"",G5,IF($AC5=$AC4,AF4,IF(H5="","",AD5))) -> 17 | AG5: =IF(H5<>"",H5,IF($S5=$S4,AG4,"")) -> 58 | AH5: =IF(Y5="x","",IF(Y5=1,"e","o")) -> e | AI5: =IF($J5<>"",$J5,IF($AC5=$AC4,AI4,"")) -> n | AJ5: =IF($J5<>"",$J5,IF($AC5=$AC4,AJ4,"")) -> n | AK5: =IF($W5="","",IF($AI5="","",IF($W5="h",$AI5,IF($AI5="n","n",IF(AND($W5="a",$AI5="d"),"o",IF(AND($W5="a",$AI5="o"),"d")))))) -> n | AL5: =IF($W5="","",IF(J5="","",IF(AK5="n","n",IF(AK5="d","o",IF(AK5="o","d",""))))) -> n | AM5: =IF(AN5="H","Home",IF(AN5="A","Away","")) -> Away | AN5: =IF($W5<>"",$W5,IF($AC5=AC4,AN4,"")) -> a | AO5: =IF(AK5<>"",AK5,IF($AC5=AC4,AO4,"")) -> n | AP5: =IF(AL5<>"",AL5,IF($AC5=AC4,AP4,"")) -> n | AQ5: =IF(AM5<>"",AM5,IF($AC5=#REF!,#REF!,"")) -> Away | AR5: =IF(AN5<>"",AN5,IF($AC5=AC4,AQ4,"")) -> a | AS5: =IF(AND(AH5="e",OR(BD5="Save",BE5="Turnover_Takeaway",BE5="Play_Defensive")),"Defensive",IF(AND(AH5="o",OR(BD5="Save",BE5="Turnover_Takeaway",BE5="Play_Defensive")),"Offensive",IF(OR(BD5="Deadice",BD5="Stoppage",BD5="Intermission"),"",IF(AH5="e","Offensive",IF(AH5="o","Defensive",""))))) -> Offensive | AT5: =IF(U5<>"",U5+5000,"") | AU5: =IF(V5<>"",V5+6000,"") | AV5: {=IFERROR(IF(O5<>"",O5,IF(OR($S5="",$T5=""),"",IF(O5<>"",O5,IF($T5<>"",_xlfn._xlws.FILTER(O:O,($BT:$BT=$BT5)*($I:$I=$I5)*($T:$T=$T5)*($S:$S=_xlfn.MINIFS($S:$S,$T:$T,"="&$T5)),"")))))&"",IF(O5="","",""))&""} | AW5: {=IFERROR(IF(P5<>"",P5,IF(OR($S5="",$T5=""),"",IF($T5<>"",_xlfn._xlws.FILTER(P:P,($BT:$BT=$BT5)*($I:$I=$I5)*($T:$T=$T5)*($S:$S=_xlfn.MINIFS($S:$S,$T:$T,"="&$T5)),""))))&"",IF(P5="","",""))&""} | AX5: {=IFERROR(IF(Q5<>"",Q5,IF(OR($S5="",$T5=""),"",IF($T5<>"",_xlfn._xlws.FILTER(Q:Q,($BT:$BT=$BT5)*($I:$I=$I5)*($T:$T=$T5)*($S:$S=_xlfn.MINIFS($S:$S,$T:$T,"="&$T5)),""))))&"",IF(Q5="","",""))&""} | AY5: {=IFERROR(IF(R5<>"",R5,IF(OR($S5="",$T5=""),"",IF($T5<>"",_xlfn._xlws.FILTER(R:R,($BT:$BT=$BT5)*($I:$I=$I5)*($T:$T=$T5)*($S:$S=_xlfn.MINIFS($S:$S,$T:$T,"="&$T5)),""))))&"",IF(R5="","",""))&""} | AZ5: =IF(OR(L5="Zone_Entry",L5="Zone_Exit"),AZ4+1,AZ4) -> 1 | BA5: =BA4 -> 18991 | BB5: =BB4 -> Triple J | BC5: =BC4 -> Velodrome | BD5: =IF($K5<>"",$K5,IF($S5=$S4,BD4,"")) -> Possession | BE5: =IF(L5<>"",L5,IF($S5=$S4,BE4,"")) | BF5: =IF(M5<>"",M5,IF($S5=$S4,BF4,"")) | BG5: =IF($N5<>"",$N5,IF($S5=$S4,BG4,"")) | BH5: {=IFERROR(_xlfn._xlws.FILTER(shifts!A:A,(shifts!B:B=events!Z5)*(shifts!AG:AG>=events!BJ5)*(shifts!AH:AH<=events!BK5)),BH4)} -> 1 | BI5: =IF(AND(AF5="",AG5=""),0,((AD5*60)+AE5)-((AF5*60)+AG5)) -> 1 | BJ5: =(AD5*60)+AE5 -> 1079 | BK5: =IF(AND(AF5="",AG5=""),BJ5,((AF5*60)+AG5)) -> 1078 | BL5: =SUMIFS(BI$2:BI5,K$2:K5,"=Intermission")+SUMIFS(BI$2:BI5,K$2:K5,"=Timeout") -> 0 | BM5: =IF(Z5=1,0,IF(Z5=2,1080+BL5,IF(Z5=3,(1080*2)+BL5,0))) -> 0 | BN5: =IF(K5="Intermission",BN4,((1080)-((AD5*60)+AE5))+BM5) -> 1 | BO5: =IF(BN5<5,0,BN5-5) -> 0 | BP5: =BO5+BI5+5 -> 6 | BQ5: =IF(AH5="e","event_team_player_"&BR5,IF(AH5="o","opp_team_player_"&BR5,"")) -> event_team_player_1 | BR5: =COUNTIFS(S$3:S5,"="&S5,AH$3:AH5,"="&AH5) -> 1 | BS5: =IFERROR(VLOOKUP(BA5&BT5&X5,game_rosters!U:W,3,FALSE),"") -> P100001 | BT5: =IF(AQ5="","",IF(AND(AQ5="Away",AH5="e"),BC5,IF(AND(AQ5="Home",AH5="e"),BB5,IF(AND(AQ5="Away",AH5="o"),BB5,IF(AND(AQ5="Home",AH5="o"),BC5))))) -> Velodrome
A6: =IF(K6<>"",1,IF(D6="x","x","")) -> 1 | H6: 54 | I6: 70 | J6: =IF(OR(K6="Goal",K6="Shot",L6="Zone_Entry",M6="Stoppage-Goal",M5="Stoppage-Goal"),"o",IF(OR(K6="Save",K6="Rebound",L6="Zone_Exit",M6="Stoppage-GoalieStoppage",M5="Stoppage-GoalieStoppage"),"d",IF(OR(L6="Faceoff_AfterGoal",L6="Faceoff_PeriodStart",698="Faceoff_GameStart",M5="Stoppage-Goal"),"n",""))) -> o | K6: Zone_Entry_Exit | L6: Zone_Entry | M6: ZoneEntry-Rush | N6: u | O6: DriveMiddle | Q6: =IF(O6="","",IF(AND(N6<>"",OR(O6<>"",P6<>"")),N6,IF(OR(ISNUMBER(SEARCH("attemp",O6)),ISNUMBER(SEARCH("beat",O6)),ISNUMBER(SEARCH("mis",O6)),ISNUMBER(SEARCH("fail",O6)),ISNUMBER(SEARCH("loss",O6)),ISNUMBER(SEARCH("lost",O6)),ISNUMBER(SEARCH("attemp",P6)),ISNUMBER(SEARCH("mis",P6)),ISNUMBER(SEARCH("fail",P6)),ISNUMBER(SEARCH("loss",P6)),ISNUMBER(SEARCH("beat",P6)),ISNUMBER(SEARCH("lost",P6))),"u",""))) -> u | S6: =IF(A6=1,MAX($S$2:$S5)+1,IF(OR($I6<>"",A6="x"),$S5,"")) -> 3 | T6: =IF(D6=1,MAX($T$2:$T5)+1,IF(S6=S5,$T5,IF(D6="x",T5,IF(D5="x","","")))) | U6: =IF(B6=1,MAX($U$2:$U5)+1,IF(AND($T6<>"",$T6=$T5),$U5,IF(B6="x",U5,""))) | V6: =IF(C6=1,MAX($V$2:$V5)+1,IF(AND($T6<>"",$T6=$T5),$U5,IF(C6="x",V5,""))) | W6: {=IFERROR(_xlfn._xlws.FILTER(game_rosters!AC:AC,(game_rosters!J:J=events!X6)*(K6<>"")),"")} -> a | X6: {=IF($I6<>"",$I6,INDEX($I$1:$I6,ROW()-COUNTIFS($T$1:$T6,"="&$T6,$S$1:$S6,"<"&$S6)))} -> 70 | Y6: {=IFERROR(IF(_xlfn._xlws.FILTER(game_rosters!$J:$J,(game_rosters!$G:$G=events!$AM6)*(game_rosters!$J:$J=events!$X6))>0,1,""),"")} -> 1 | Z6: =IF(K6="Intermission",Z5+1,Z5) -> 1 | AA6: =S6+1000 -> 1003 | AB6: =IF(T6<>"",9000+T6,"") | AC6: =IF(AB6<>"",AB6,S6+1000) -> 1003 | AD6: =IF(E6<>"",E6,IF($AC6=$AC5,AD5,IF(AF5<>"",AF5,IF(AD5<>"",AD5,"")))) -> 17 | AE6: =IF(F6<>"",F6,IF($AC6=$AC5,AE5,IF(AG5<>"",AG5,IF(AE5<>"",AE5,"")))) -> 58 | AF6: =IF(G6<>"",G6,IF($AC6=$AC5,AF5,IF(H6="","",AD6))) -> 17 | AG6: =IF(H6<>"",H6,IF($S6=$S5,AG5,"")) -> 54 | AH6: =IF(Y6="x","",IF(Y6=1,"e","o")) -> e | AI6: =IF($J6<>"",$J6,IF($AC6=$AC5,AI5,"")) -> o | AJ6: =IF($J6<>"",$J6,IF($AC6=$AC5,AJ5,"")) -> o | AK6: =IF($W6="","",IF($AI6="","",IF($W6="h",$AI6,IF($AI6="n","n",IF(AND($W6="a",$AI6="d"),"o",IF(AND($W6="a",$AI6="o"),"d")))))) -> d | AL6: =IF($W6="","",IF(J6="","",IF(AK6="n","n",IF(AK6="d","o",IF(AK6="o","d",""))))) -> o | AM6: =IF(AN6="H","Home",IF(AN6="A","Away","")) -> Away | AN6: =IF($W6<>"",$W6,IF($AC6=AC5,AN5,"")) -> a | AO6: =IF(AK6<>"",AK6,IF($AC6=AC5,AO5,"")) -> d | AP6: =IF(AL6<>"",AL6,IF($AC6=AC5,AP5,"")) -> o | AQ6: =IF(AM6<>"",AM6,IF($AC6=#REF!,#REF!,"")) -> Away | AR6: =IF(AN6<>"",AN6,IF($AC6=AC5,AQ5,"")) -> a | AS6: =IF(AND(AH6="e",OR(BD6="Save",BE6="Turnover_Takeaway",BE6="Play_Defensive")),"Defensive",IF(AND(AH6="o",OR(BD6="Save",BE6="Turnover_Takeaway",BE6="Play_Defensive")),"Offensive",IF(OR(BD6="Deadice",BD6="Stoppage",BD6="Intermission"),"",IF(AH6="e","Offensive",IF(AH6="o","Defensive",""))))) -> Offensive | AT6: =IF(U6<>"",U6+5000,"") | AU6: =IF(V6<>"",V6+6000,"") | AV6: {=IFERROR(IF(O6<>"",O6,IF(OR($S6="",$T6=""),"",IF(O6<>"",O6,IF($T6<>"",_xlfn._xlws.FILTER(O:O,($BT:$BT=$BT6)*($I:$I=$I6)*($T:$T=$T6)*($S:$S=_xlfn.MINIFS($S:$S,$T:$T,"="&$T6)),"")))))&"",IF(O6="","",""))&""} -> DriveMiddle | AW6: {=IFERROR(IF(P6<>"",P6,IF(OR($S6="",$T6=""),"",IF($T6<>"",_xlfn._xlws.FILTER(P:P,($BT:$BT=$BT6)*($I:$I=$I6)*($T:$T=$T6)*($S:$S=_xlfn.MINIFS($S:$S,$T:$T,"="&$T6)),""))))&"",IF(P6="","",""))&""} | AX6: {=IFERROR(IF(Q6<>"",Q6,IF(OR($S6="",$T6=""),"",IF($T6<>"",_xlfn._xlws.FILTER(Q:Q,($BT:$BT=$BT6)*($I:$I=$I6)*($T:$T=$T6)*($S:$S=_xlfn.MINIFS($S:$S,$T:$T,"="&$T6)),""))))&"",IF(Q6="","",""))&""} -> u | AY6: {=IFERROR(IF(R6<>"",R6,IF(OR($S6="",$T6=""),"",IF($T6<>"",_xlfn._xlws.FILTER(R:R,($BT:$BT=$BT6)*($I:$I=$I6)*($T:$T=$T6)*($S:$S=_xlfn.MINIFS($S:$S,$T:$T,"="&$T6)),""))))&"",IF(R6="","",""))&""} | AZ6: =IF(OR(L6="Zone_Entry",L6="Zone_Exit"),AZ5+1,AZ5) -> 2 | BA6: =BA5 -> 18991 | BB6: =BB5 -> Triple J | BC6: =BC5 -> Velodrome | BD6: =IF($K6<>"",$K6,IF($S6=$S5,BD5,"")) -> Zone_Entry_Exit | BE6: =IF(L6<>"",L6,IF($S6=$S5,BE5,"")) -> Zone_Entry | BF6: =IF(M6<>"",M6,IF($S6=$S5,BF5,"")) -> ZoneEntry-Rush | BG6: =IF($N6<>"",$N6,IF($S6=$S5,BG5,"")) -> u | BH6: {=IFERROR(_xlfn._xlws.FILTER(shifts!A:A,(shifts!B:B=events!Z6)*(shifts!AG:AG>=events!BJ6)*(shifts!AH:AH<=events!BK6)),BH5)} -> 1 | BI6: =IF(AND(AF6="",AG6=""),0,((AD6*60)+AE6)-((AF6*60)+AG6)) -> 4 | BJ6: =(AD6*60)+AE6 -> 1078 | BK6: =IF(AND(AF6="",AG6=""),BJ6,((AF6*60)+AG6)) -> 1074 | BL6: =SUMIFS(BI$2:BI6,K$2:K6,"=Intermission")+SUMIFS(BI$2:BI6,K$2:K6,"=Timeout") -> 0 | BM6: =IF(Z6=1,0,IF(Z6=2,1080+BL6,IF(Z6=3,(1080*2)+BL6,0))) -> 0 | BN6: =IF(K6="Intermission",BN5,((1080)-((AD6*60)+AE6))+BM6) -> 2 | BO6: =IF(BN6<5,0,BN6-5) -> 0 | BP6: =BO6+BI6+5 -> 9 | BQ6: =IF(AH6="e","event_team_player_"&BR6,IF(AH6="o","opp_team_player_"&BR6,"")) -> event_team_player_1 | BR6: =COUNTIFS(S$3:S6,"="&S6,AH$3:AH6,"="&AH6) -> 1 | BS6: =IFERROR(VLOOKUP(BA6&BT6&X6,game_rosters!U:W,3,FALSE),"") -> P100001 | BT6: =IF(AQ6="","",IF(AND(AQ6="Away",AH6="e"),BC6,IF(AND(AQ6="Home",AH6="e"),BB6,IF(AND(AQ6="Away",AH6="o"),BB6,IF(AND(AQ6="Home",AH6="o"),BC6))))) -> Velodrome
A7: =IF(K7<>"",1,IF(D7="x","x","")) | I7: 10 | J7: =IF(OR(K7="Goal",K7="Shot",L7="Zone_Entry",M7="Stoppage-Goal",M6="Stoppage-Goal"),"o",IF(OR(K7="Save",K7="Rebound",L7="Zone_Exit",M7="Stoppage-GoalieStoppage",M6="Stoppage-GoalieStoppage"),"d",IF(OR(L7="Faceoff_AfterGoal",L7="Faceoff_PeriodStart",698="Faceoff_GameStart",M6="Stoppage-Goal"),"n",""))) | N7: =IF(K7="","",IF(K7="Goal","s",IF(AND(K7="Zone_Entry_Exit",OR(ISNUMBER(SEARCH("fail",L7)),ISNUMBER(SEARCH("FromExitClear",M7)),ISNUMBER(SEARCH("miss",M7)))),"u",IF(AND(K7="Zone_Entry_Exit",OR(NOT(ISNUMBER(SEARCH("fail",L7))),NOT(ISNUMBER(SEARCH("FromExitClear",M7))),NOT(ISNUMBER(SEARCH("miss",M7))))),"s",IF(AND(OR(K7="Shot",K7="Pass"),OR(ISNUMBER(SEARCH("complete",L7)),ISNUMBER(SEARCH("goal",L7)),ISNUMBER(SEARCH("OnNet",L7)))),"s",IF(L7="Turnover_Giveaway","u",IF(AND(OR(K7="Shot",K7="Pass"),OR(ISNUMBER(SEARCH("fail",L7)),NOT(ISNUMBER(SEARCH("complete",L7))),NOT(ISNUMBER(SEARCH("OnNet",L7))))),"u",""))))))) | Q7: =IF(O7="","",IF(AND(N7<>"",OR(O7<>"",P7<>"")),N7,IF(OR(ISNUMBER(SEARCH("attemp",O7)),ISNUMBER(SEARCH("beat",O7)),ISNUMBER(SEARCH("mis",O7)),ISNUMBER(SEARCH("fail",O7)),ISNUMBER(SEARCH("loss",O7)),ISNUMBER(SEARCH("lost",O7)),ISNUMBER(SEARCH("attemp",P7)),ISNUMBER(SEARCH("mis",P7)),ISNUMBER(SEARCH("fail",P7)),ISNUMBER(SEARCH("loss",P7)),ISNUMBER(SEARCH("beat",P7)),ISNUMBER(SEARCH("lost",P7))),"u",""))) | S7: =IF(A7=1,MAX($S$2:$S6)+1,IF(OR($I7<>"",A7="x"),$S6,"")) -> 3 | T7: =IF(D7=1,MAX($T$2:$T6)+1,IF(S7=S6,$T6,IF(D7="x",T6,IF(D6="x","","")))) | U7: =IF(B7=1,MAX($U$2:$U6)+1,IF(AND($T7<>"",$T7=$T6),$U6,IF(B7="x",U6,""))) | V7: =IF(C7=1,MAX($V$2:$V6)+1,IF(AND($T7<>"",$T7=$T6),$U6,IF(C7="x",V6,""))) | W7: {=IFERROR(_xlfn._xlws.FILTER(game_rosters!AC:AC,(game_rosters!J:J=events!X7)*(K7<>"")),"")} | X7: {=IF($I7<>"",$I7,INDEX($I$1:$I7,ROW()-COUNTIFS($T$1:$T7,"="&$T7,$S$1:$S7,"<"&$S7)))} -> 10 | Y7: {=IFERROR(IF(_xlfn._xlws.FILTER(game_rosters!$J:$J,(game_rosters!$G:$G=events!$AM7)*(game_rosters!$J:$J=events!$X7))>0,1,""),"")} | Z7: =IF(K7="Intermission",Z6+1,Z6) -> 1 | AA7: =S7+1000 -> 1003 | AB7: =IF(T7<>"",9000+T7,"") | AC7: =IF(AB7<>"",AB7,S7+1000) -> 1003 | AD7: =IF(E7<>"",E7,IF($AC7=$AC6,AD6,IF(AF6<>"",AF6,IF(AD6<>"",AD6,"")))) -> 17 | AE7: =IF(F7<>"",F7,IF($AC7=$AC6,AE6,IF(AG6<>"",AG6,IF(AE6<>"",AE6,"")))) -> 58 | AF7: =IF(G7<>"",G7,IF($AC7=$AC6,AF6,IF(H7="","",AD7))) -> 17 | AG7: =IF(H7<>"",H7,IF($S7=$S6,AG6,"")) -> 54 | AH7: =IF(Y7="x","",IF(Y7=1,"e","o")) -> o | AI7: =IF($J7<>"",$J7,IF($AC7=$AC6,AI6,"")) -> o | AJ7: =IF($J7<>"",$J7,IF($AC7=$AC6,AJ6,"")) -> o | AK7: =IF($W7="","",IF($AI7="","",IF($W7="h",$AI7,IF($AI7="n","n",IF(AND($W7="a",$AI7="d"),"o",IF(AND($W7="a",$AI7="o"),"d")))))) | AL7: =IF($W7="","",IF(J7="","",IF(AK7="n","n",IF(AK7="d","o",IF(AK7="o","d",""))))) | AM7: =IF(AN7="H","Home",IF(AN7="A","Away","")) -> Away | AN7: =IF($W7<>"",$W7,IF($AC7=AC6,AN6,"")) -> a | AO7: =IF(AK7<>"",AK7,IF($AC7=AC6,AO6,"")) -> d | AP7: =IF(AL7<>"",AL7,IF($AC7=AC6,AP6,"")) -> o | AQ7: =IF(AM7<>"",AM7,IF($AC7=#REF!,#REF!,"")) -> Away | AR7: =IF(AN7<>"",AN7,IF($AC7=AC6,AQ6,"")) -> a | AS7: =IF(AND(AH7="e",OR(BD7="Save",BE7="Turnover_Takeaway",BE7="Play_Defensive")),"Defensive",IF(AND(AH7="o",OR(BD7="Save",BE7="Turnover_Takeaway",BE7="Play_Defensive")),"Offensive",IF(OR(BD7="Deadice",BD7="Stoppage",BD7="Intermission"),"",IF(AH7="e","Offensive",IF(AH7="o","Defensive",""))))) -> Defensive | AT7: =IF(U7<>"",U7+5000,"") | AU7: =IF(V7<>"",V7+6000,"") | AV7: {=IFERROR(IF(O7<>"",O7,IF(OR($S7="",$T7=""),"",IF(O7<>"",O7,IF($T7<>"",_xlfn._xlws.FILTER(O:O,($BT:$BT=$BT7)*($I:$I=$I7)*($T:$T=$T7)*($S:$S=_xlfn.MINIFS($S:$S,$T:$T,"="&$T7)),"")))))&"",IF(O7="","",""))&""} | AW7: {=IFERROR(IF(P7<>"",P7,IF(OR($S7="",$T7=""),"",IF($T7<>"",_xlfn._xlws.FILTER(P:P,($BT:$BT=$BT7)*($I:$I=$I7)*($T:$T=$T7)*($S:$S=_xlfn.MINIFS($S:$S,$T:$T,"="&$T7)),""))))&"",IF(P7="","",""))&""} | AX7: {=IFERROR(IF(Q7<>"",Q7,IF(OR($S7="",$T7=""),"",IF($T7<>"",_xlfn._xlws.FILTER(Q:Q,($BT:$BT=$BT7)*($I:$I=$I7)*($T:$T=$T7)*($S:$S=_xlfn.MINIFS($S:$S,$T:$T,"="&$T7)),""))))&"",IF(Q7="","",""))&""} | AY7: {=IFERROR(IF(R7<>"",R7,IF(OR($S7="",$T7=""),"",IF($T7<>"",_xlfn._xlws.FILTER(R:R,($BT:$BT=$BT7)*($I:$I=$I7)*($T:$T=$T7)*($S:$S=_xlfn.MINIFS($S:$S,$T:$T,"="&$T7)),""))))&"",IF(R7="","",""))&""} | AZ7: =IF(OR(L7="Zone_Entry",L7="Zone_Exit"),AZ6+1,AZ6) -> 2 | BA7: =BA6 -> 18991 | BB7: =BB6 -> Triple J | BC7: =BC6 -> Velodrome | BD7: =IF($K7<>"",$K7,IF($S7=$S6,BD6,"")) -> Zone_Entry_Exit | BE7: =IF(L7<>"",L7,IF($S7=$S6,BE6,"")) -> Zone_Entry | BF7: =IF(M7<>"",M7,IF($S7=$S6,BF6,"")) -> ZoneEntry-Rush | BG7: =IF($N7<>"",$N7,IF($S7=$S6,BG6,"")) -> u | BH7: {=IFERROR(_xlfn._xlws.FILTER(shifts!A:A,(shifts!B:B=events!Z7)*(shifts!AG:AG>=events!BJ7)*(shifts!AH:AH<=events!BK7)),BH6)} -> 1 | BI7: =IF(AND(AF7="",AG7=""),0,((AD7*60)+AE7)-((AF7*60)+AG7)) -> 4 | BJ7: =(AD7*60)+AE7 -> 1078 | BK7: =IF(AND(AF7="",AG7=""),BJ7,((AF7*60)+AG7)) -> 1074 | BL7: =SUMIFS(BI$2:BI7,K$2:K7,"=Intermission")+SUMIFS(BI$2:BI7,K$2:K7,"=Timeout") -> 0 | BM7: =IF(Z7=1,0,IF(Z7=2,1080+BL7,IF(Z7=3,(1080*2)+BL7,0))) -> 0 | BN7: =IF(K7="Intermission",BN6,((1080)-((AD7*60)+AE7))+BM7) -> 2 | BO7: =IF(BN7<5,0,BN7-5) -> 0 | BP7: =BO7+BI7+5 -> 9 | BQ7: =IF(AH7="e","event_team_player_"&BR7,IF(AH7="o","opp_team_player_"&BR7,"")) -> opp_team_player_1 | BR7: =COUNTIFS(S$3:S7,"="&S7,AH$3:AH7,"="&AH7) -> 1 | BS7: =IFERROR(VLOOKUP(BA7&BT7&X7,game_rosters!U:W,3,FALSE),"") -> P100183 | BT7: =IF(AQ7="","",IF(AND(AQ7="Away",AH7="e"),BC7,IF(AND(AQ7="Home",AH7="e"),BB7,IF(AND(AQ7="Away",AH7="o"),BB7,IF(AND(AQ7="Home",AH7="o"),BC7))))) -> Triple J
A8: =IF(K8<>"",1,IF(D8="x","x","")) | I8: 41 | J8: =IF(OR(K8="Goal",K8="Shot",L8="Zone_Entry",M8="Stoppage-Goal",M7="Stoppage-Goal"),"o",IF(OR(K8="Save",K8="Rebound",L8="Zone_Exit",M8="Stoppage-GoalieStoppage",M7="Stoppage-GoalieStoppage"),"d",IF(OR(L8="Faceoff_AfterGoal",L8="Faceoff_PeriodStart",698="Faceoff_GameStart",M7="Stoppage-Goal"),"n",""))) | N8: =IF(K8="","",IF(K8="Goal","s",IF(AND(K8="Zone_Entry_Exit",OR(ISNUMBER(SEARCH("fail",L8)),ISNUMBER(SEARCH("FromExitClear",M8)),ISNUMBER(SEARCH("miss",M8)))),"u",IF(AND(K8="Zone_Entry_Exit",OR(NOT(ISNUMBER(SEARCH("fail",L8))),NOT(ISNUMBER(SEARCH("FromExitClear",M8))),NOT(ISNUMBER(SEARCH("miss",M8))))),"s",IF(AND(OR(K8="Shot",K8="Pass"),OR(ISNUMBER(SEARCH("complete",L8)),ISNUMBER(SEARCH("goal",L8)),ISNUMBER(SEARCH("OnNet",L8)))),"s",IF(L8="Turnover_Giveaway","u",IF(AND(OR(K8="Shot",K8="Pass"),OR(ISNUMBER(SEARCH("fail",L8)),NOT(ISNUMBER(SEARCH("complete",L8))),NOT(ISNUMBER(SEARCH("OnNet",L8))))),"u",""))))))) | Q8: =IF(O8="","",IF(AND(N8<>"",OR(O8<>"",P8<>"")),N8,IF(OR(ISNUMBER(SEARCH("attemp",O8)),ISNUMBER(SEARCH("beat",O8)),ISNUMBER(SEARCH("mis",O8)),ISNUMBER(SEARCH("fail",O8)),ISNUMBER(SEARCH("loss",O8)),ISNUMBER(SEARCH("lost",O8)),ISNUMBER(SEARCH("attemp",P8)),ISNUMBER(SEARCH("mis",P8)),ISNUMBER(SEARCH("fail",P8)),ISNUMBER(SEARCH("loss",P8)),ISNUMBER(SEARCH("beat",P8)),ISNUMBER(SEARCH("lost",P8))),"u",""))) | S8: =IF(A8=1,MAX($S$2:$S7)+1,IF(OR($I8<>"",A8="x"),$S7,"")) -> 3 | T8: =IF(D8=1,MAX($T$2:$T7)+1,IF(S8=S7,$T7,IF(D8="x",T7,IF(D7="x","","")))) | U8: =IF(B8=1,MAX($U$2:$U7)+1,IF(AND($T8<>"",$T8=$T7),$U7,IF(B8="x",U7,""))) | V8: =IF(C8=1,MAX($V$2:$V7)+1,IF(AND($T8<>"",$T8=$T7),$U7,IF(C8="x",V7,""))) | W8: {=IFERROR(_xlfn._xlws.FILTER(game_rosters!AC:AC,(game_rosters!J:J=events!X8)*(K8<>"")),"")} | X8: {=IF($I8<>"",$I8,INDEX($I$1:$I8,ROW()-COUNTIFS($T$1:$T8,"="&$T8,$S$1:$S8,"<"&$S8)))} -> 41 | Y8: {=IFERROR(IF(_xlfn._xlws.FILTER(game_rosters!$J:$J,(game_rosters!$G:$G=events!$AM8)*(game_rosters!$J:$J=events!$X8))>0,1,""),"")} | Z8: =IF(K8="Intermission",Z7+1,Z7) -> 1 | AA8: =S8+1000 -> 1003 | AB8: =IF(T8<>"",9000+T8,"") | AC8: =IF(AB8<>"",AB8,S8+1000) -> 1003 | AD8: =IF(E8<>"",E8,IF($AC8=$AC7,AD7,IF(AF7<>"",AF7,IF(AD7<>"",AD7,"")))) -> 17 | AE8: =IF(F8<>"",F8,IF($AC8=$AC7,AE7,IF(AG7<>"",AG7,IF(AE7<>"",AE7,"")))) -> 58 | AF8: =IF(G8<>"",G8,IF($AC8=$AC7,AF7,IF(H8="","",AD8))) -> 17 | AG8: =IF(H8<>"",H8,IF($S8=$S7,AG7,"")) -> 54 | AH8: =IF(Y8="x","",IF(Y8=1,"e","o")) -> o | AI8: =IF($J8<>"",$J8,IF($AC8=$AC7,AI7,"")) -> o | AJ8: =IF($J8<>"",$J8,IF($AC8=$AC7,AJ7,"")) -> o | AK8: =IF($W8="","",IF($AI8="","",IF($W8="h",$AI8,IF($AI8="n","n",IF(AND($W8="a",$AI8="d"),"o",IF(AND($W8="a",$AI8="o"),"d")))))) | AL8: =IF($W8="","",IF(J8="","",IF(AK8="n","n",IF(AK8="d","o",IF(AK8="o","d",""))))) | AM8: =IF(AN8="H","Home",IF(AN8="A","Away","")) -> Away | AN8: =IF($W8<>"",$W8,IF($AC8=AC7,AN7,"")) -> a | AO8: =IF(AK8<>"",AK8,IF($AC8=AC7,AO7,"")) -> d | AP8: =IF(AL8<>"",AL8,IF($AC8=AC7,AP7,"")) -> o | AQ8: =IF(AM8<>"",AM8,IF($AC8=#REF!,#REF!,"")) -> Away | AR8: =IF(AN8<>"",AN8,IF($AC8=AC7,AQ7,"")) -> a | AS8: =IF(AND(AH8="e",OR(BD8="Save",BE8="Turnover_Takeaway",BE8="Play_Defensive")),"Defensive",IF(AND(AH8="o",OR(BD8="Save",BE8="Turnover_Takeaway",BE8="Play_Defensive")),"Offensive",IF(OR(BD8="Deadice",BD8="Stoppage",BD8="Intermission"),"",IF(AH8="e","Offensive",IF(AH8="o","Defensive",""))))) -> Defensive | AT8: =IF(U8<>"",U8+5000,"") | AU8: =IF(V8<>"",V8+6000,"") | AV8: {=IFERROR(IF(O8<>"",O8,IF(OR($S8="",$T8=""),"",IF(O8<>"",O8,IF($T8<>"",_xlfn._xlws.FILTER(O:O,($BT:$BT=$BT8)*($I:$I=$I8)*($T:$T=$T8)*($S:$S=_xlfn.MINIFS($S:$S,$T:$T,"="&$T8)),"")))))&"",IF(O8="","",""))&""} | AW8: {=IFERROR(IF(P8<>"",P8,IF(OR($S8="",$T8=""),"",IF($T8<>"",_xlfn._xlws.FILTER(P:P,($BT:$BT=$BT8)*($I:$I=$I8)*($T:$T=$T8)*($S:$S=_xlfn.MINIFS($S:$S,$T:$T,"="&$T8)),""))))&"",IF(P8="","",""))&""} | AX8: {=IFERROR(IF(Q8<>"",Q8,IF(OR($S8="",$T8=""),"",IF($T8<>"",_xlfn._xlws.FILTER(Q:Q,($BT:$BT=$BT8)*($I:$I=$I8)*($T:$T=$T8)*($S:$S=_xlfn.MINIFS($S:$S,$T:$T,"="&$T8)),""))))&"",IF(Q8="","",""))&""} | AY8: {=IFERROR(IF(R8<>"",R8,IF(OR($S8="",$T8=""),"",IF($T8<>"",_xlfn._xlws.FILTER(R:R,($BT:$BT=$BT8)*($I:$I=$I8)*($T:$T=$T8)*($S:$S=_xlfn.MINIFS($S:$S,$T:$T,"="&$T8)),""))))&"",IF(R8="","",""))&""} | AZ8: =IF(OR(L8="Zone_Entry",L8="Zone_Exit"),AZ7+1,AZ7) -> 2 | BA8: =BA7 -> 18991 | BB8: =BB7 -> Triple J | BC8: =BC7 -> Velodrome | BD8: =IF($K8<>"",$K8,IF($S8=$S7,BD7,"")) -> Zone_Entry_Exit | BE8: =IF(L8<>"",L8,IF($S8=$S7,BE7,"")) -> Zone_Entry | BF8: =IF(M8<>"",M8,IF($S8=$S7,BF7,"")) -> ZoneEntry-Rush | BG8: =IF($N8<>"",$N8,IF($S8=$S7,BG7,"")) -> u | BH8: {=IFERROR(_xlfn._xlws.FILTER(shifts!A:A,(shifts!B:B=events!Z8)*(shifts!AG:AG>=events!BJ8)*(shifts!AH:AH<=events!BK8)),BH7)} -> 1 | BI8: =IF(AND(AF8="",AG8=""),0,((AD8*60)+AE8)-((AF8*60)+AG8)) -> 4 | BJ8: =(AD8*60)+AE8 -> 1078 | BK8: =IF(AND(AF8="",AG8=""),BJ8,((AF8*60)+AG8)) -> 1074 | BL8: =SUMIFS(BI$2:BI8,K$2:K8,"=Intermission")+SUMIFS(BI$2:BI8,K$2:K8,"=Timeout") -> 0 | BM8: =IF(Z8=1,0,IF(Z8=2,1080+BL8,IF(Z8=3,(1080*2)+BL8,0))) -> 0 | BN8: =IF(K8="Intermission",BN7,((1080)-((AD8*60)+AE8))+BM8) -> 2 | BO8: =IF(BN8<5,0,BN8-5) -> 0 | BP8: =BO8+BI8+5 -> 9 | BQ8: =IF(AH8="e","event_team_player_"&BR8,IF(AH8="o","opp_team_player_"&BR8,"")) -> opp_team_player_2 | BR8: =COUNTIFS(S$3:S8,"="&S8,AH$3:AH8,"="&AH8) -> 2 | BS8: =IFERROR(VLOOKUP(BA8&BT8&X8,game_rosters!U:W,3,FALSE),"") -> P100206 | BT8: =IF(AQ8="","",IF(AND(AQ8="Away",AH8="e"),BC8,IF(AND(AQ8="Home",AH8="e"),BB8,IF(AND(AQ8="Away",AH8="o"),BB8,IF(AND(AQ8="Home",AH8="o"),BC8))))) -> Triple J
A9: =IF(K9<>"",1,IF(D9="x","x","")) -> 1 | I9: 70 | J9: =IF(OR(K9="Goal",K9="Shot",L9="Zone_Entry",M9="Stoppage-Goal",M8="Stoppage-Goal"),"o",IF(OR(K9="Save",K9="Rebound",L9="Zone_Exit",M9="Stoppage-GoalieStoppage",M8="Stoppage-GoalieStoppage"),"d",IF(OR(L9="Faceoff_AfterGoal",L9="Faceoff_PeriodStart",698="Faceoff_GameStart",M8="Stoppage-Goal"),"n",""))) -> o | K9: Shot | L9: Shot_Missed | M9: Shot-Backhand | N9: =IF(K9="","",IF(K9="Goal","s",IF(AND(K9="Zone_Entry_Exit",OR(ISNUMBER(SEARCH("fail",L9)),ISNUMBER(SEARCH("FromExitClear",M9)),ISNUMBER(SEARCH("miss",M9)))),"u",IF(AND(K9="Zone_Entry_Exit",OR(NOT(ISNUMBER(SEARCH("fail",L9))),NOT(ISNUMBER(SEARCH("FromExitClear",M9))),NOT(ISNUMBER(SEARCH("miss",M9))))),"s",IF(AND(OR(K9="Shot",K9="Pass"),OR(ISNUMBER(SEARCH("complete",L9)),ISNUMBER(SEARCH("goal",L9)),ISNUMBER(SEARCH("OnNet",L9)))),"s",IF(L9="Turnover_Giveaway","u",IF(AND(OR(K9="Shot",K9="Pass"),OR(ISNUMBER(SEARCH("fail",L9)),NOT(ISNUMBER(SEARCH("complete",L9))),NOT(ISNUMBER(SEARCH("OnNet",L9))))),"u",""))))))) -> u | Q9: =IF(O9="","",IF(AND(N9<>"",OR(O9<>"",P9<>"")),N9,IF(OR(ISNUMBER(SEARCH("attemp",O9)),ISNUMBER(SEARCH("beat",O9)),ISNUMBER(SEARCH("mis",O9)),ISNUMBER(SEARCH("fail",O9)),ISNUMBER(SEARCH("loss",O9)),ISNUMBER(SEARCH("lost",O9)),ISNUMBER(SEARCH("attemp",P9)),ISNUMBER(SEARCH("mis",P9)),ISNUMBER(SEARCH("fail",P9)),ISNUMBER(SEARCH("loss",P9)),ISNUMBER(SEARCH("beat",P9)),ISNUMBER(SEARCH("lost",P9))),"u",""))) | S9: =IF(A9=1,MAX($S$2:$S8)+1,IF(OR($I9<>"",A9="x"),$S8,"")) -> 4 | T9: =IF(D9=1,MAX($T$2:$T8)+1,IF(S9=S8,$T8,IF(D9="x",T8,IF(D8="x","","")))) | U9: =IF(B9=1,MAX($U$2:$U8)+1,IF(AND($T9<>"",$T9=$T8),$U8,IF(B9="x",U8,""))) | V9: =IF(C9=1,MAX($V$2:$V8)+1,IF(AND($T9<>"",$T9=$T8),$U8,IF(C9="x",V8,""))) | W9: {=IFERROR(_xlfn._xlws.FILTER(game_rosters!AC:AC,(game_rosters!J:J=events!X9)*(K9<>"")),"")} -> a | X9: {=IF($I9<>"",$I9,INDEX($I$1:$I9,ROW()-COUNTIFS($T$1:$T9,"="&$T9,$S$1:$S9,"<"&$S9)))} -> 70 | Y9: {=IFERROR(IF(_xlfn._xlws.FILTER(game_rosters!$J:$J,(game_rosters!$G:$G=events!$AM9)*(game_rosters!$J:$J=events!$X9))>0,1,""),"")} -> 1 | Z9: =IF(K9="Intermission",Z8+1,Z8) -> 1 | AA9: =S9+1000 -> 1004 | AB9: =IF(T9<>"",9000+T9,"") | AC9: =IF(AB9<>"",AB9,S9+1000) -> 1004 | AD9: =IF(E9<>"",E9,IF($AC9=$AC8,AD8,IF(AF8<>"",AF8,IF(AD8<>"",AD8,"")))) -> 17 | AE9: =IF(F9<>"",F9,IF($AC9=$AC8,AE8,IF(AG8<>"",AG8,IF(AE8<>"",AE8,"")))) -> 54 | AF9: =IF(G9<>"",G9,IF($AC9=$AC8,AF8,IF(H9="","",AD9))) | AG9: =IF(H9<>"",H9,IF($S9=$S8,AG8,"")) | AH9: =IF(Y9="x","",IF(Y9=1,"e","o")) -> e | AI9: =IF($J9<>"",$J9,IF($AC9=$AC8,AI8,"")) -> o | AJ9: =IF($J9<>"",$J9,IF($AC9=$AC8,AJ8,"")) -> o | AK9: =IF($W9="","",IF($AI9="","",IF($W9="h",$AI9,IF($AI9="n","n",IF(AND($W9="a",$AI9="d"),"o",IF(AND($W9="a",$AI9="o"),"d")))))) -> d | AL9: =IF($W9="","",IF(J9="","",IF(AK9="n","n",IF(AK9="d","o",IF(AK9="o","d",""))))) -> o | AM9: =IF(AN9="H","Home",IF(AN9="A","Away","")) -> Away | AN9: =IF($W9<>"",$W9,IF($AC9=AC8,AN8,"")) -> a | AO9: =IF(AK9<>"",AK9,IF($AC9=AC8,AO8,"")) -> d | AP9: =IF(AL9<>"",AL9,IF($AC9=AC8,AP8,"")) -> o | AQ9: =IF(AM9<>"",AM9,IF($AC9=#REF!,#REF!,"")) -> Away | AR9: =IF(AN9<>"",AN9,IF($AC9=AC8,AQ8,"")) -> a | AS9: =IF(AND(AH9="e",OR(BD9="Save",BE9="Turnover_Takeaway",BE9="Play_Defensive")),"Defensive",IF(AND(AH9="o",OR(BD9="Save",BE9="Turnover_Takeaway",BE9="Play_Defensive")),"Offensive",IF(OR(BD9="Deadice",BD9="Stoppage",BD9="Intermission"),"",IF(AH9="e","Offensive",IF(AH9="o","Defensive",""))))) -> Offensive | AT9: =IF(U9<>"",U9+5000,"") | AU9: =IF(V9<>"",V9+6000,"") | AV9: {=IFERROR(IF(O9<>"",O9,IF(OR($S9="",$T9=""),"",IF(O9<>"",O9,IF($T9<>"",_xlfn._xlws.FILTER(O:O,($BT:$BT=$BT9)*($I:$I=$I9)*($T:$T=$T9)*($S:$S=_xlfn.MINIFS($S:$S,$T:$T,"="&$T9)),"")))))&"",IF(O9="","",""))&""} | AW9: {=IFERROR(IF(P9<>"",P9,IF(OR($S9="",$T9=""),"",IF($T9<>"",_xlfn._xlws.FILTER(P:P,($BT:$BT=$BT9)*($I:$I=$I9)*($T:$T=$T9)*($S:$S=_xlfn.MINIFS($S:$S,$T:$T,"="&$T9)),""))))&"",IF(P9="","",""))&""} | AX9: {=IFERROR(IF(Q9<>"",Q9,IF(OR($S9="",$T9=""),"",IF($T9<>"",_xlfn._xlws.FILTER(Q:Q,($BT:$BT=$BT9)*($I:$I=$I9)*($T:$T=$T9)*($S:$S=_xlfn.MINIFS($S:$S,$T:$T,"="&$T9)),""))))&"",IF(Q9="","",""))&""} | AY9: {=IFERROR(IF(R9<>"",R9,IF(OR($S9="",$T9=""),"",IF($T9<>"",_xlfn._xlws.FILTER(R:R,($BT:$BT=$BT9)*($I:$I=$I9)*($T:$T=$T9)*($S:$S=_xlfn.MINIFS($S:$S,$T:$T,"="&$T9)),""))))&"",IF(R9="","",""))&""} | AZ9: =IF(OR(L9="Zone_Entry",L9="Zone_Exit"),AZ8+1,AZ8) -> 2 | BA9: =BA8 -> 18991 | BB9: =BB8 -> Triple J | BC9: =BC8 -> Velodrome | BD9: =IF($K9<>"",$K9,IF($S9=$S8,BD8,"")) -> Shot | BE9: =IF(L9<>"",L9,IF($S9=$S8,BE8,"")) -> Shot_Missed | BF9: =IF(M9<>"",M9,IF($S9=$S8,BF8,"")) -> Shot-Backhand | BG9: =IF($N9<>"",$N9,IF($S9=$S8,BG8,"")) -> u | BH9: {=IFERROR(_xlfn._xlws.FILTER(shifts!A:A,(shifts!B:B=events!Z9)*(shifts!AG:AG>=events!BJ9)*(shifts!AH:AH<=events!BK9)),BH8)} -> 1 | BI9: =IF(AND(AF9="",AG9=""),0,((AD9*60)+AE9)-((AF9*60)+AG9)) -> 0 | BJ9: =(AD9*60)+AE9 -> 1074 | BK9: =IF(AND(AF9="",AG9=""),BJ9,((AF9*60)+AG9)) -> 1074 | BL9: =SUMIFS(BI$2:BI9,K$2:K9,"=Intermission")+SUMIFS(BI$2:BI9,K$2:K9,"=Timeout") -> 0 | BM9: =IF(Z9=1,0,IF(Z9=2,1080+BL9,IF(Z9=3,(1080*2)+BL9,0))) -> 0 | BN9: =IF(K9="Intermission",BN8,((1080)-((AD9*60)+AE9))+BM9) -> 6 | BO9: =IF(BN9<5,0,BN9-5) -> 1 | BP9: =BO9+BI9+5 -> 6 | BQ9: =IF(AH9="e","event_team_player_"&BR9,IF(AH9="o","opp_team_player_"&BR9,"")) -> event_team_player_1 | BR9: =COUNTIFS(S$3:S9,"="&S9,AH$3:AH9,"="&AH9) -> 1 | BS9: =IFERROR(VLOOKUP(BA9&BT9&X9,game_rosters!U:W,3,FALSE),"") -> P100001 | BT9: =IF(AQ9="","",IF(AND(AQ9="Away",AH9="e"),BC9,IF(AND(AQ9="Home",AH9="e"),BB9,IF(AND(AQ9="Away",AH9="o"),BB9,IF(AND(AQ9="Home",AH9="o"),BC9))))) -> Velodrome
A10: =IF(K10<>"",1,IF(D10="x","x","")) -> 1 | F10: 53 | I10: 75 | J10: o | K10: Possession | L10: PuckRecovery | N10: u | O10: PuckRecoveryRetreivalShot | Q10: =IF(O10="","",IF(AND(N10<>"",OR(O10<>"",P10<>"")),N10,IF(OR(ISNUMBER(SEARCH("attemp",O10)),ISNUMBER(SEARCH("beat",O10)),ISNUMBER(SEARCH("mis",O10)),ISNUMBER(SEARCH("fail",O10)),ISNUMBER(SEARCH("loss",O10)),ISNUMBER(SEARCH("lost",O10)),ISNUMBER(SEARCH("attemp",P10)),ISNUMBER(SEARCH("mis",P10)),ISNUMBER(SEARCH("fail",P10)),ISNUMBER(SEARCH("loss",P10)),ISNUMBER(SEARCH("beat",P10)),ISNUMBER(SEARCH("lost",P10))),"u",""))) -> u | R10: 1 | S10: =IF(A10=1,MAX($S$2:$S9)+1,IF(OR($I10<>"",A10="x"),$S9,"")) -> 5 | T10: =IF(D10=1,MAX($T$2:$T9)+1,IF(S10=S9,$T9,IF(D10="x",T9,IF(D9="x","","")))) | U10: =IF(B10=1,MAX($U$2:$U9)+1,IF(AND($T10<>"",$T10=$T9),$U9,IF(B10="x",U9,""))) | V10: =IF(C10=1,MAX($V$2:$V9)+1,IF(AND($T10<>"",$T10=$T9),$U9,IF(C10="x",V9,""))) | W10: {=IFERROR(_xlfn._xlws.FILTER(game_rosters!AC:AC,(game_rosters!J:J=events!X10)*(K10<>"")),"")} -> a | X10: {=IF($I10<>"",$I10,INDEX($I$1:$I10,ROW()-COUNTIFS($T$1:$T10,"="&$T10,$S$1:$S10,"<"&$S10)))} -> 75 | Y10: {=IFERROR(IF(_xlfn._xlws.FILTER(game_rosters!$J:$J,(game_rosters!$G:$G=events!$AM10)*(game_rosters!$J:$J=events!$X10))>0,1,""),"")} -> 1 | Z10: =IF(K10="Intermission",Z9+1,Z9) -> 1 | AA10: =S10+1000 -> 1005 | AB10: =IF(T10<>"",9000+T10,"") | AC10: =IF(AB10<>"",AB10,S10+1000) -> 1005 | AD10: =IF(E10<>"",E10,IF($AC10=$AC9,AD9,IF(AF9<>"",AF9,IF(AD9<>"",AD9,"")))) -> 17 | AE10: =IF(F10<>"",F10,IF($AC10=$AC9,AE9,IF(AG9<>"",AG9,IF(AE9<>"",AE9,"")))) -> 53 | AF10: =IF(G10<>"",G10,IF($AC10=$AC9,AF9,IF(H10="","",AD10))) | AG10: =IF(H10<>"",H10,IF($S10=$S9,AG9,"")) | AH10: =IF(Y10="x","",IF(Y10=1,"e","o")) -> e | AI10: =IF($J10<>"",$J10,IF($AC10=$AC9,AI9,"")) -> o | AJ10: =IF($J10<>"",$J10,IF($AC10=$AC9,AJ9,"")) -> o | AK10: =IF($W10="","",IF($AI10="","",IF($W10="h",$AI10,IF($AI10="n","n",IF(AND($W10="a",$AI10="d"),"o",IF(AND($W10="a",$AI10="o"),"d")))))) -> d | AL10: =IF($W10="","",IF(J10="","",IF(AK10="n","n",IF(AK10="d","o",IF(AK10="o","d",""))))) -> o | AM10: =IF(AN10="H","Home",IF(AN10="A","Away","")) -> Away | AN10: =IF($W10<>"",$W10,IF($AC10=AC9,AN9,"")) -> a | AO10: =IF(AK10<>"",AK10,IF($AC10=AC9,AO9,"")) -> d | AP10: =IF(AL10<>"",AL10,IF($AC10=AC9,AP9,"")) -> o | AQ10: =IF(AM10<>"",AM10,IF($AC10=#REF!,#REF!,"")) -> Away | AR10: =IF(AN10<>"",AN10,IF($AC10=AC9,AQ9,"")) -> a | AS10: =IF(AND(AH10="e",OR(BD10="Save",BE10="Turnover_Takeaway",BE10="Play_Defensive")),"Defensive",IF(AND(AH10="o",OR(BD10="Save",BE10="Turnover_Takeaway",BE10="Play_Defensive")),"Offensive",IF(OR(BD10="Deadice",BD10="Stoppage",BD10="Intermission"),"",IF(AH10="e","Offensive",IF(AH10="o","Defensive",""))))) -> Offensive | AT10: =IF(U10<>"",U10+5000,"") | AU10: =IF(V10<>"",V10+6000,"") | AV10: {=IFERROR(IF(O10<>"",O10,IF(OR($S10="",$T10=""),"",IF(O10<>"",O10,IF($T10<>"",_xlfn._xlws.FILTER(O:O,($BT:$BT=$BT10)*($I:$I=$I10)*($T:$T=$T10)*($S:$S=_xlfn.MINIFS($S:$S,$T:$T,"="&$T10)),"")))))&"",IF(O10="","",""))&""} -> PuckRecoveryRetreivalShot | AW10: {=IFERROR(IF(P10<>"",P10,IF(OR($S10="",$T10=""),"",IF($T10<>"",_xlfn._xlws.FILTER(P:P,($BT:$BT=$BT10)*($I:$I=$I10)*($T:$T=$T10)*($S:$S=_xlfn.MINIFS($S:$S,$T:$T,"="&$T10)),""))))&"",IF(P10="","",""))&""} | AX10: {=IFERROR(IF(Q10<>"",Q10,IF(OR($S10="",$T10=""),"",IF($T10<>"",_xlfn._xlws.FILTER(Q:Q,($BT:$BT=$BT10)*($I:$I=$I10)*($T:$T=$T10)*($S:$S=_xlfn.MINIFS($S:$S,$T:$T,"="&$T10)),""))))&"",IF(Q10="","",""))&""} -> u | AY10: {=IFERROR(IF(R10<>"",R10,IF(OR($S10="",$T10=""),"",IF($T10<>"",_xlfn._xlws.FILTER(R:R,($BT:$BT=$BT10)*($I:$I=$I10)*($T:$T=$T10)*($S:$S=_xlfn.MINIFS($S:$S,$T:$T,"="&$T10)),""))))&"",IF(R10="","",""))&""} -> 1 | AZ10: =IF(OR(L10="Zone_Entry",L10="Zone_Exit"),AZ9+1,AZ9) -> 2 | BA10: =BA9 -> 18991 | BB10: =BB9 -> Triple J | BC10: =BC9 -> Velodrome | BD10: =IF($K10<>"",$K10,IF($S10=$S9,BD9,"")) -> Possession | BE10: =IF(L10<>"",L10,IF($S10=$S9,BE9,"")) -> PuckRecovery | BF10: =IF(M10<>"",M10,IF($S10=$S9,BF9,"")) | BG10: =IF($N10<>"",$N10,IF($S10=$S9,BG9,"")) -> u | BH10: {=IFERROR(_xlfn._xlws.FILTER(shifts!A:A,(shifts!B:B=events!Z10)*(shifts!AG:AG>=events!BJ10)*(shifts!AH:AH<=events!BK10)),BH9)} -> 1 | BI10: =IF(AND(AF10="",AG10=""),0,((AD10*60)+AE10)-((AF10*60)+AG10)) -> 0 | BJ10: =(AD10*60)+AE10 -> 1073 | BK10: =IF(AND(AF10="",AG10=""),BJ10,((AF10*60)+AG10)) -> 1073 | BL10: =SUMIFS(BI$2:BI10,K$2:K10,"=Intermission")+SUMIFS(BI$2:BI10,K$2:K10,"=Timeout") -> 0 | BM10: =IF(Z10=1,0,IF(Z10=2,1080+BL10,IF(Z10=3,(1080*2)+BL10,0))) -> 0 | BN10: =IF(K10="Intermission",BN9,((1080)-((AD10*60)+AE10))+BM10) -> 7 | BO10: =IF(BN10<5,0,BN10-5) -> 2 | BP10: =BO10+BI10+5 -> 7 | BQ10: =IF(AH10="e","event_team_player_"&BR10,IF(AH10="o","opp_team_player_"&BR10,"")) -> event_team_player_1 | BR10: =COUNTIFS(S$3:S10,"="&S10,AH$3:AH10,"="&AH10) -> 1 | BS10: =IFERROR(VLOOKUP(BA10&BT10&X10,game_rosters!U:W,3,FALSE),"") -> P100039 | BT10: =IF(AQ10="","",IF(AND(AQ10="Away",AH10="e"),BC10,IF(AND(AQ10="Home",AH10="e"),BB10,IF(AND(AQ10="Away",AH10="o"),BB10,IF(AND(AQ10="Home",AH10="o"),BC10))))) -> Velodrome
A11: =IF(K11<>"",1,IF(D11="x","x","")) | I11: 16 | N11: =IF(K11="","",IF(K11="Goal","s",IF(AND(K11="Zone_Entry_Exit",OR(ISNUMBER(SEARCH("fail",L11)),ISNUMBER(SEARCH("FromExitClear",M11)),ISNUMBER(SEARCH("miss",M11)))),"u",IF(AND(K11="Zone_Entry_Exit",OR(NOT(ISNUMBER(SEARCH("fail",L11))),NOT(ISNUMBER(SEARCH("FromExitClear",M11))),NOT(ISNUMBER(SEARCH("miss",M11))))),"s",IF(AND(OR(K11="Shot",K11="Pass"),OR(ISNUMBER(SEARCH("complete",L11)),ISNUMBER(SEARCH("goal",L11)),ISNUMBER(SEARCH("OnNet",L11)))),"s",IF(L11="Turnover_Giveaway","u",IF(AND(OR(K11="Shot",K11="Pass"),OR(ISNUMBER(SEARCH("fail",L11)),NOT(ISNUMBER(SEARCH("complete",L11))),NOT(ISNUMBER(SEARCH("OnNet",L11))))),"u",""))))))) | Q11: =IF(O11="","",IF(AND(N11<>"",OR(O11<>"",P11<>"")),N11,IF(OR(ISNUMBER(SEARCH("attemp",O11)),ISNUMBER(SEARCH("beat",O11)),ISNUMBER(SEARCH("mis",O11)),ISNUMBER(SEARCH("fail",O11)),ISNUMBER(SEARCH("loss",O11)),ISNUMBER(SEARCH("lost",O11)),ISNUMBER(SEARCH("attemp",P11)),ISNUMBER(SEARCH("mis",P11)),ISNUMBER(SEARCH("fail",P11)),ISNUMBER(SEARCH("loss",P11)),ISNUMBER(SEARCH("beat",P11)),ISNUMBER(SEARCH("lost",P11))),"u",""))) | R11: 1 | S11: =IF(A11=1,MAX($S$2:$S10)+1,IF(OR($I11<>"",A11="x"),$S10,"")) -> 5 | T11: =IF(D11=1,MAX($T$2:$T10)+1,IF(S11=S10,$T10,IF(D11="x",T10,IF(D10="x","","")))) | U11: =IF(B11=1,MAX($U$2:$U10)+1,IF(AND($T11<>"",$T11=$T10),$U10,IF(B11="x",U10,""))) | V11: =IF(C11=1,MAX($V$2:$V10)+1,IF(AND($T11<>"",$T11=$T10),$U10,IF(C11="x",V10,""))) | W11: {=IFERROR(_xlfn._xlws.FILTER(game_rosters!AC:AC,(game_rosters!J:J=events!X11)*(K11<>"")),"")} | X11: {=IF($I11<>"",$I11,INDEX($I$1:$I11,ROW()-COUNTIFS($T$1:$T11,"="&$T11,$S$1:$S11,"<"&$S11)))} -> 16 | Y11: {=IFERROR(IF(_xlfn._xlws.FILTER(game_rosters!$J:$J,(game_rosters!$G:$G=events!$AM11)*(game_rosters!$J:$J=events!$X11))>0,1,""),"")} | Z11: =IF(K11="Intermission",Z10+1,Z10) -> 1 | AA11: =S11+1000 -> 1005 | AB11: =IF(T11<>"",9000+T11,"") | AC11: =IF(AB11<>"",AB11,S11+1000) -> 1005 | AD11: =IF(E11<>"",E11,IF($AC11=$AC10,AD10,IF(AF10<>"",AF10,IF(AD10<>"",AD10,"")))) -> 17 | AE11: =IF(F11<>"",F11,IF($AC11=$AC10,AE10,IF(AG10<>"",AG10,IF(AE10<>"",AE10,"")))) -> 53 | AF11: =IF(G11<>"",G11,IF($AC11=$AC10,AF10,IF(H11="","",AD11))) | AG11: =IF(H11<>"",H11,IF($S11=$S10,AG10,"")) | AH11: =IF(Y11="x","",IF(Y11=1,"e","o")) -> o | AI11: =IF($J11<>"",$J11,IF($AC11=$AC10,AI10,"")) -> o | AJ11: =IF($J11<>"",$J11,IF($AC11=$AC10,AJ10,"")) -> o | AK11: =IF($W11="","",IF($AI11="","",IF($W11="h",$AI11,IF($AI11="n","n",IF(AND($W11="a",$AI11="d"),"o",IF(AND($W11="a",$AI11="o"),"d")))))) | AL11: =IF($W11="","",IF(J11="","",IF(AK11="n","n",IF(AK11="d","o",IF(AK11="o","d",""))))) | AM11: =IF(AN11="H","Home",IF(AN11="A","Away","")) -> Away | AN11: =IF($W11<>"",$W11,IF($AC11=AC10,AN10,"")) -> a | AO11: =IF(AK11<>"",AK11,IF($AC11=AC10,AO10,"")) -> d | AP11: =IF(AL11<>"",AL11,IF($AC11=AC10,AP10,"")) -> o | AQ11: =IF(AM11<>"",AM11,IF($AC11=#REF!,#REF!,"")) -> Away | AR11: =IF(AN11<>"",AN11,IF($AC11=AC10,AQ10,"")) -> a | AS11: =IF(AND(AH11="e",OR(BD11="Save",BE11="Turnover_Takeaway",BE11="Play_Defensive")),"Defensive",IF(AND(AH11="o",OR(BD11="Save",BE11="Turnover_Takeaway",BE11="Play_Defensive")),"Offensive",IF(OR(BD11="Deadice",BD11="Stoppage",BD11="Intermission"),"",IF(AH11="e","Offensive",IF(AH11="o","Defensive",""))))) -> Defensive | AT11: =IF(U11<>"",U11+5000,"") | AU11: =IF(V11<>"",V11+6000,"") | AV11: {=IFERROR(IF(O11<>"",O11,IF(OR($S11="",$T11=""),"",IF(O11<>"",O11,IF($T11<>"",_xlfn._xlws.FILTER(O:O,($BT:$BT=$BT11)*($I:$I=$I11)*($T:$T=$T11)*($S:$S=_xlfn.MINIFS($S:$S,$T:$T,"="&$T11)),"")))))&"",IF(O11="","",""))&""} | AW11: {=IFERROR(IF(P11<>"",P11,IF(OR($S11="",$T11=""),"",IF($T11<>"",_xlfn._xlws.FILTER(P:P,($BT:$BT=$BT11)*($I:$I=$I11)*($T:$T=$T11)*($S:$S=_xlfn.MINIFS($S:$S,$T:$T,"="&$T11)),""))))&"",IF(P11="","",""))&""} | AX11: {=IFERROR(IF(Q11<>"",Q11,IF(OR($S11="",$T11=""),"",IF($T11<>"",_xlfn._xlws.FILTER(Q:Q,($BT:$BT=$BT11)*($I:$I=$I11)*($T:$T=$T11)*($S:$S=_xlfn.MINIFS($S:$S,$T:$T,"="&$T11)),""))))&"",IF(Q11="","",""))&""} | AY11: {=IFERROR(IF(R11<>"",R11,IF(OR($S11="",$T11=""),"",IF($T11<>"",_xlfn._xlws.FILTER(R:R,($BT:$BT=$BT11)*($I:$I=$I11)*($T:$T=$T11)*($S:$S=_xlfn.MINIFS($S:$S,$T:$T,"="&$T11)),""))))&"",IF(R11="","",""))&""} -> 1 | AZ11: =IF(OR(L11="Zone_Entry",L11="Zone_Exit"),AZ10+1,AZ10) -> 2 | BA11: =BA10 -> 18991 | BB11: =BB10 -> Triple J | BC11: =BC10 -> Velodrome | BD11: =IF($K11<>"",$K11,IF($S11=$S10,BD10,"")) -> Possession | BE11: =IF(L11<>"",L11,IF($S11=$S10,BE10,"")) -> PuckRecovery | BF11: =IF(M11<>"",M11,IF($S11=$S10,BF10,"")) | BG11: =IF($N11<>"",$N11,IF($S11=$S10,BG10,"")) -> u | BH11: {=IFERROR(_xlfn._xlws.FILTER(shifts!A:A,(shifts!B:B=events!Z11)*(shifts!AG:AG>=events!BJ11)*(shifts!AH:AH<=events!BK11)),BH10)} -> 1 | BI11: =IF(AND(AF11="",AG11=""),0,((AD11*60)+AE11)-((AF11*60)+AG11)) -> 0 | BJ11: =(AD11*60)+AE11 -> 1073 | BK11: =IF(AND(AF11="",AG11=""),BJ11,((AF11*60)+AG11)) -> 1073 | BL11: =SUMIFS(BI$2:BI11,K$2:K11,"=Intermission")+SUMIFS(BI$2:BI11,K$2:K11,"=Timeout") -> 0 | BM11: =IF(Z11=1,0,IF(Z11=2,1080+BL11,IF(Z11=3,(1080*2)+BL11,0))) -> 0 | BN11: =IF(K11="Intermission",BN10,((1080)-((AD11*60)+AE11))+BM11) -> 7 | BO11: =IF(BN11<5,0,BN11-5) -> 2 | BP11: =BO11+BI11+5 -> 7 | BQ11: =IF(AH11="e","event_team_player_"&BR11,IF(AH11="o","opp_team_player_"&BR11,"")) -> opp_team_player_1 | BR11: =COUNTIFS(S$3:S11,"="&S11,AH$3:AH11,"="&AH11) -> 1 | BS11: =IFERROR(VLOOKUP(BA11&BT11&X11,game_rosters!U:W,3,FALSE),"") -> P100094 | BT11: =IF(AQ11="","",IF(AND(AQ11="Away",AH11="e"),BC11,IF(AND(AQ11="Home",AH11="e"),BB11,IF(AND(AQ11="Away",AH11="o"),BB11,IF(AND(AQ11="Home",AH11="o"),BC11))))) -> Triple J
A12: =IF(K12<>"",1,IF(D12="x","x","")) -> 1 | I12: 75 | J12: o | K12: Turnover | L12: Turnover_Giveaway | M12: Giveaway-DumpInZone | N12: =IF(K12="","",IF(K12="Goal","s",IF(AND(K12="Zone_Entry_Exit",OR(ISNUMBER(SEARCH("fail",L12)),ISNUMBER(SEARCH("FromExitClear",M12)),ISNUMBER(SEARCH("miss",M12)))),"u",IF(AND(K12="Zone_Entry_Exit",OR(NOT(ISNUMBER(SEARCH("fail",L12))),NOT(ISNUMBER(SEARCH("FromExitClear",M12))),NOT(ISNUMBER(SEARCH("miss",M12))))),"s",IF(AND(OR(K12="Shot",K12="Pass"),OR(ISNUMBER(SEARCH("complete",L12)),ISNUMBER(SEARCH("goal",L12)),ISNUMBER(SEARCH("OnNet",L12)))),"s",IF(L12="Turnover_Giveaway","u",IF(AND(OR(K12="Shot",K12="Pass"),OR(ISNUMBER(SEARCH("fail",L12)),NOT(ISNUMBER(SEARCH("complete",L12))),NOT(ISNUMBER(SEARCH("OnNet",L12))))),"u",""))))))) -> u | O12: SecondTouch | Q12: =IF(O12="","",IF(AND(N12<>"",OR(O12<>"",P12<>"")),N12,IF(OR(ISNUMBER(SEARCH("attemp",O12)),ISNUMBER(SEARCH("beat",O12)),ISNUMBER(SEARCH("mis",O12)),ISNUMBER(SEARCH("fail",O12)),ISNUMBER(SEARCH("loss",O12)),ISNUMBER(SEARCH("lost",O12)),ISNUMBER(SEARCH("attemp",P12)),ISNUMBER(SEARCH("mis",P12)),ISNUMBER(SEARCH("fail",P12)),ISNUMBER(SEARCH("loss",P12)),ISNUMBER(SEARCH("beat",P12)),ISNUMBER(SEARCH("lost",P12))),"u",""))) -> u | R12: 1 | S12: =IF(A12=1,MAX($S$2:$S11)+1,IF(OR($I12<>"",A12="x"),$S11,"")) -> 6 | T12: =IF(D12=1,MAX($T$2:$T11)+1,IF(S12=S11,$T11,IF(D12="x",T11,IF(D11="x","","")))) | U12: =IF(B12=1,MAX($U$2:$U11)+1,IF(AND($T12<>"",$T12=$T11),$U11,IF(B12="x",U11,""))) | V12: =IF(C12=1,MAX($V$2:$V11)+1,IF(AND($T12<>"",$T12=$T11),$U11,IF(C12="x",V11,""))) | W12: {=IFERROR(_xlfn._xlws.FILTER(game_rosters!AC:AC,(game_rosters!J:J=events!X12)*(K12<>"")),"")} -> a | X12: {=IF($I12<>"",$I12,INDEX($I$1:$I12,ROW()-COUNTIFS($T$1:$T12,"="&$T12,$S$1:$S12,"<"&$S12)))} -> 75 | Y12: {=IFERROR(IF(_xlfn._xlws.FILTER(game_rosters!$J:$J,(game_rosters!$G:$G=events!$AM12)*(game_rosters!$J:$J=events!$X12))>0,1,""),"")} -> 1 | Z12: =IF(K12="Intermission",Z11+1,Z11) -> 1 | AA12: =S12+1000 -> 1006 | AB12: =IF(T12<>"",9000+T12,"") | AC12: =IF(AB12<>"",AB12,S12+1000) -> 1006 | AD12: =IF(E12<>"",E12,IF($AC12=$AC11,AD11,IF(AF11<>"",AF11,IF(AD11<>"",AD11,"")))) -> 17 | AE12: =IF(F12<>"",F12,IF($AC12=$AC11,AE11,IF(AG11<>"",AG11,IF(AE11<>"",AE11,"")))) -> 53 | AF12: =IF(G12<>"",G12,IF($AC12=$AC11,AF11,IF(H12="","",AD12))) | AG12: =IF(H12<>"",H12,IF($S12=$S11,AG11,"")) | AH12: =IF(Y12="x","",IF(Y12=1,"e","o")) -> e | AI12: =IF($J12<>"",$J12,IF($AC12=$AC11,AI11,"")) -> o | AJ12: =IF($J12<>"",$J12,IF($AC12=$AC11,AJ11,"")) -> o | AK12: =IF($W12="","",IF($AI12="","",IF($W12="h",$AI12,IF($AI12="n","n",IF(AND($W12="a",$AI12="d"),"o",IF(AND($W12="a",$AI12="o"),"d")))))) -> d | AL12: =IF($W12="","",IF(J12="","",IF(AK12="n","n",IF(AK12="d","o",IF(AK12="o","d",""))))) -> o | AM12: =IF(AN12="H","Home",IF(AN12="A","Away","")) -> Away | AN12: =IF($W12<>"",$W12,IF($AC12=AC11,AN11,"")) -> a | AO12: =IF(AK12<>"",AK12,IF($AC12=AC11,AO11,"")) -> d | AP12: =IF(AL12<>"",AL12,IF($AC12=AC11,AP11,"")) -> o | AQ12: =IF(AM12<>"",AM12,IF($AC12=#REF!,#REF!,"")) -> Away | AR12: =IF(AN12<>"",AN12,IF($AC12=AC11,AQ11,"")) -> a | AS12: =IF(AND(AH12="e",OR(BD12="Save",BE12="Turnover_Takeaway",BE12="Play_Defensive")),"Defensive",IF(AND(AH12="o",OR(BD12="Save",BE12="Turnover_Takeaway",BE12="Play_Defensive")),"Offensive",IF(OR(BD12="Deadice",BD12="Stoppage",BD12="Intermission"),"",IF(AH12="e","Offensive",IF(AH12="o","Defensive",""))))) -> Offensive | AT12: =IF(U12<>"",U12+5000,"") | AU12: =IF(V12<>"",V12+6000,"") | AV12: {=IFERROR(IF(O12<>"",O12,IF(OR($S12="",$T12=""),"",IF(O12<>"",O12,IF($T12<>"",_xlfn._xlws.FILTER(O:O,($BT:$BT=$BT12)*($I:$I=$I12)*($T:$T=$T12)*($S:$S=_xlfn.MINIFS($S:$S,$T:$T,"="&$T12)),"")))))&"",IF(O12="","",""))&""} -> SecondTouch | AW12: {=IFERROR(IF(P12<>"",P12,IF(OR($S12="",$T12=""),"",IF($T12<>"",_xlfn._xlws.FILTER(P:P,($BT:$BT=$BT12)*($I:$I=$I12)*($T:$T=$T12)*($S:$S=_xlfn.MINIFS($S:$S,$T:$T,"="&$T12)),""))))&"",IF(P12="","",""))&""} | AX12: {=IFERROR(IF(Q12<>"",Q12,IF(OR($S12="",$T12=""),"",IF($T12<>"",_xlfn._xlws.FILTER(Q:Q,($BT:$BT=$BT12)*($I:$I=$I12)*($T:$T=$T12)*($S:$S=_xlfn.MINIFS($S:$S,$T:$T,"="&$T12)),""))))&"",IF(Q12="","",""))&""} -> u | AY12: {=IFERROR(IF(R12<>"",R12,IF(OR($S12="",$T12=""),"",IF($T12<>"",_xlfn._xlws.FILTER(R:R,($BT:$BT=$BT12)*($I:$I=$I12)*($T:$T=$T12)*($S:$S=_xlfn.MINIFS($S:$S,$T:$T,"="&$T12)),""))))&"",IF(R12="","",""))&""} -> 1 | AZ12: =IF(OR(L12="Zone_Entry",L12="Zone_Exit"),AZ11+1,AZ11) -> 2 | BA12: =BA11 -> 18991 | BB12: =BB11 -> Triple J | BC12: =BC11 -> Velodrome | BD12: =IF($K12<>"",$K12,IF($S12=$S11,BD11,"")) -> Turnover | BE12: =IF(L12<>"",L12,IF($S12=$S11,BE11,"")) -> Turnover_Giveaway | BF12: =IF(M12<>"",M12,IF($S12=$S11,BF11,"")) -> Giveaway-DumpInZone | BG12: =IF($N12<>"",$N12,IF($S12=$S11,BG11,"")) -> u | BH12: {=IFERROR(_xlfn._xlws.FILTER(shifts!A:A,(shifts!B:B=events!Z12)*(shifts!AG:AG>=events!BJ12)*(shifts!AH:AH<=events!BK12)),BH11)} -> 1 | BI12: =IF(AND(AF12="",AG12=""),0,((AD12*60)+AE12)-((AF12*60)+AG12)) -> 0 | BJ12: =(AD12*60)+AE12 -> 1073 | BK12: =IF(AND(AF12="",AG12=""),BJ12,((AF12*60)+AG12)) -> 1073 | BL12: =SUMIFS(BI$2:BI12,K$2:K12,"=Intermission")+SUMIFS(BI$2:BI12,K$2:K12,"=Timeout") -> 0 | BM12: =IF(Z12=1,0,IF(Z12=2,1080+BL12,IF(Z12=3,(1080*2)+BL12,0))) -> 0 | BN12: =IF(K12="Intermission",BN11,((1080)-((AD12*60)+AE12))+BM12) -> 7 | BO12: =IF(BN12<5,0,BN12-5) -> 2 | BP12: =BO12+BI12+5 -> 7 | BQ12: =IF(AH12="e","event_team_player_"&BR12,IF(AH12="o","opp_team_player_"&BR12,"")) -> event_team_player_1 | BR12: =COUNTIFS(S$3:S12,"="&S12,AH$3:AH12,"="&AH12) -> 1 | BS12: =IFERROR(VLOOKUP(BA12&BT12&X12,game_rosters!U:W,3,FALSE),"") -> P100039 | BT12: =IF(AQ12="","",IF(AND(AQ12="Away",AH12="e"),BC12,IF(AND(AQ12="Home",AH12="e"),BB12,IF(AND(AQ12="Away",AH12="o"),BB12,IF(AND(AQ12="Home",AH12="o"),BC12))))) -> Velodrome
A13: =IF(K13<>"",1,IF(D13="x","x","")) | I13: 16 | J13: =IF(OR(K13="Goal",K13="Shot",L13="Zone_Entry",M13="Stoppage-Goal",M12="Stoppage-Goal"),"o",IF(OR(K13="Save",K13="Rebound",L13="Zone_Exit",M13="Stoppage-GoalieStoppage",M12="Stoppage-GoalieStoppage"),"d",IF(OR(L13="Faceoff_AfterGoal",L13="Faceoff_PeriodStart",698="Faceoff_GameStart",M12="Stoppage-Goal"),"n",""))) | N13: =IF(K13="","",IF(K13="Goal","s",IF(AND(K13="Zone_Entry_Exit",OR(ISNUMBER(SEARCH("fail",L13)),ISNUMBER(SEARCH("FromExitClear",M13)),ISNUMBER(SEARCH("miss",M13)))),"u",IF(AND(K13="Zone_Entry_Exit",OR(NOT(ISNUMBER(SEARCH("fail",L13))),NOT(ISNUMBER(SEARCH("FromExitClear",M13))),NOT(ISNUMBER(SEARCH("miss",M13))))),"s",IF(AND(OR(K13="Shot",K13="Pass"),OR(ISNUMBER(SEARCH("complete",L13)),ISNUMBER(SEARCH("goal",L13)),ISNUMBER(SEARCH("OnNet",L13)))),"s",IF(L13="Turnover_Giveaway","u",IF(AND(OR(K13="Shot",K13="Pass"),OR(ISNUMBER(SEARCH("fail",L13)),NOT(ISNUMBER(SEARCH("complete",L13))),NOT(ISNUMBER(SEARCH("OnNet",L13))))),"u",""))))))) | Q13: =IF(O13="","",IF(AND(N13<>"",OR(O13<>"",P13<>"")),N13,IF(OR(ISNUMBER(SEARCH("attemp",O13)),ISNUMBER(SEARCH("beat",O13)),ISNUMBER(SEARCH("mis",O13)),ISNUMBER(SEARCH("fail",O13)),ISNUMBER(SEARCH("loss",O13)),ISNUMBER(SEARCH("lost",O13)),ISNUMBER(SEARCH("attemp",P13)),ISNUMBER(SEARCH("mis",P13)),ISNUMBER(SEARCH("fail",P13)),ISNUMBER(SEARCH("loss",P13)),ISNUMBER(SEARCH("beat",P13)),ISNUMBER(SEARCH("lost",P13))),"u",""))) | R13: 1 | S13: =IF(A13=1,MAX($S$2:$S12)+1,IF(OR($I13<>"",A13="x"),$S12,"")) -> 6 | T13: =IF(D13=1,MAX($T$2:$T12)+1,IF(S13=S12,$T12,IF(D13="x",T12,IF(D12="x","","")))) | U13: =IF(B13=1,MAX($U$2:$U12)+1,IF(AND($T13<>"",$T13=$T12),$U12,IF(B13="x",U12,""))) | V13: =IF(C13=1,MAX($V$2:$V12)+1,IF(AND($T13<>"",$T13=$T12),$U12,IF(C13="x",V12,""))) | W13: {=IFERROR(_xlfn._xlws.FILTER(game_rosters!AC:AC,(game_rosters!J:J=events!X13)*(K13<>"")),"")} | X13: {=IF($I13<>"",$I13,INDEX($I$1:$I13,ROW()-COUNTIFS($T$1:$T13,"="&$T13,$S$1:$S13,"<"&$S13)))} -> 16 | Y13: {=IFERROR(IF(_xlfn._xlws.FILTER(game_rosters!$J:$J,(game_rosters!$G:$G=events!$AM13)*(game_rosters!$J:$J=events!$X13))>0,1,""),"")} | Z13: =IF(K13="Intermission",Z12+1,Z12) -> 1 | AA13: =S13+1000 -> 1006 | AB13: =IF(T13<>"",9000+T13,"") | AC13: =IF(AB13<>"",AB13,S13+1000) -> 1006 | AD13: =IF(E13<>"",E13,IF($AC13=$AC12,AD12,IF(AF12<>"",AF12,IF(AD12<>"",AD12,"")))) -> 17 | AE13: =IF(F13<>"",F13,IF($AC13=$AC12,AE12,IF(AG12<>"",AG12,IF(AE12<>"",AE12,"")))) -> 53 | AF13: =IF(G13<>"",G13,IF($AC13=$AC12,AF12,IF(H13="","",AD13))) | AG13: =IF(H13<>"",H13,IF($S13=$S12,AG12,"")) | AH13: =IF(Y13="x","",IF(Y13=1,"e","o")) -> o | AI13: =IF($J13<>"",$J13,IF($AC13=$AC12,AI12,"")) -> o | AJ13: =IF($J13<>"",$J13,IF($AC13=$AC12,AJ12,"")) -> o | AK13: =IF($W13="","",IF($AI13="","",IF($W13="h",$AI13,IF($AI13="n","n",IF(AND($W13="a",$AI13="d"),"o",IF(AND($W13="a",$AI13="o"),"d")))))) | AL13: =IF($W13="","",IF(J13="","",IF(AK13="n","n",IF(AK13="d","o",IF(AK13="o","d",""))))) | AM13: =IF(AN13="H","Home",IF(AN13="A","Away","")) -> Away | AN13: =IF($W13<>"",$W13,IF($AC13=AC12,AN12,"")) -> a | AO13: =IF(AK13<>"",AK13,IF($AC13=AC12,AO12,"")) -> d | AP13: =IF(AL13<>"",AL13,IF($AC13=AC12,AP12,"")) -> o | AQ13: =IF(AM13<>"",AM13,IF($AC13=#REF!,#REF!,"")) -> Away | AR13: =IF(AN13<>"",AN13,IF($AC13=AC12,AQ12,"")) -> a | AS13: =IF(AND(AH13="e",OR(BD13="Save",BE13="Turnover_Takeaway",BE13="Play_Defensive")),"Defensive",IF(AND(AH13="o",OR(BD13="Save",BE13="Turnover_Takeaway",BE13="Play_Defensive")),"Offensive",IF(OR(BD13="Deadice",BD13="Stoppage",BD13="Intermission"),"",IF(AH13="e","Offensive",IF(AH13="o","Defensive",""))))) -> Defensive | AT13: =IF(U13<>"",U13+5000,"") | AU13: =IF(V13<>"",V13+6000,"") | AV13: {=IFERROR(IF(O13<>"",O13,IF(OR($S13="",$T13=""),"",IF(O13<>"",O13,IF($T13<>"",_xlfn._xlws.FILTER(O:O,($BT:$BT=$BT13)*($I:$I=$I13)*($T:$T=$T13)*($S:$S=_xlfn.MINIFS($S:$S,$T:$T,"="&$T13)),"")))))&"",IF(O13="","",""))&""} | AW13: {=IFERROR(IF(P13<>"",P13,IF(OR($S13="",$T13=""),"",IF($T13<>"",_xlfn._xlws.FILTER(P:P,($BT:$BT=$BT13)*($I:$I=$I13)*($T:$T=$T13)*($S:$S=_xlfn.MINIFS($S:$S,$T:$T,"="&$T13)),""))))&"",IF(P13="","",""))&""} | AX13: {=IFERROR(IF(Q13<>"",Q13,IF(OR($S13="",$T13=""),"",IF($T13<>"",_xlfn._xlws.FILTER(Q:Q,($BT:$BT=$BT13)*($I:$I=$I13)*($T:$T=$T13)*($S:$S=_xlfn.MINIFS($S:$S,$T:$T,"="&$T13)),""))))&"",IF(Q13="","",""))&""} | AY13: {=IFERROR(IF(R13<>"",R13,IF(OR($S13="",$T13=""),"",IF($T13<>"",_xlfn._xlws.FILTER(R:R,($BT:$BT=$BT13)*($I:$I=$I13)*($T:$T=$T13)*($S:$S=_xlfn.MINIFS($S:$S,$T:$T,"="&$T13)),""))))&"",IF(R13="","",""))&""} -> 1 | AZ13: =IF(OR(L13="Zone_Entry",L13="Zone_Exit"),AZ12+1,AZ12) -> 2 | BA13: =BA12 -> 18991 | BB13: =BB12 -> Triple J | BC13: =BC12 -> Velodrome | BD13: =IF($K13<>"",$K13,IF($S13=$S12,BD12,"")) -> Turnover | BE13: =IF(L13<>"",L13,IF($S13=$S12,BE12,"")) -> Turnover_Giveaway | BF13: =IF(M13<>"",M13,IF($S13=$S12,BF12,"")) -> Giveaway-DumpInZone | BG13: =IF($N13<>"",$N13,IF($S13=$S12,BG12,"")) -> u | BH13: {=IFERROR(_xlfn._xlws.FILTER(shifts!A:A,(shifts!B:B=events!Z13)*(shifts!AG:AG>=events!BJ13)*(shifts!AH:AH<=events!BK13)),BH12)} -> 1 | BI13: =IF(AND(AF13="",AG13=""),0,((AD13*60)+AE13)-((AF13*60)+AG13)) -> 0 | BJ13: =(AD13*60)+AE13 -> 1073 | BK13: =IF(AND(AF13="",AG13=""),BJ13,((AF13*60)+AG13)) -> 1073 | BL13: =SUMIFS(BI$2:BI13,K$2:K13,"=Intermission")+SUMIFS(BI$2:BI13,K$2:K13,"=Timeout") -> 0 | BM13: =IF(Z13=1,0,IF(Z13=2,1080+BL13,IF(Z13=3,(1080*2)+BL13,0))) -> 0 | BN13: =IF(K13="Intermission",BN12,((1080)-((AD13*60)+AE13))+BM13) -> 7 | BO13: =IF(BN13<5,0,BN13-5) -> 2 | BP13: =BO13+BI13+5 -> 7 | BQ13: =IF(AH13="e","event_team_player_"&BR13,IF(AH13="o","opp_team_player_"&BR13,"")) -> opp_team_player_1 | BR13: =COUNTIFS(S$3:S13,"="&S13,AH$3:AH13,"="&AH13) -> 1 | BS13: =IFERROR(VLOOKUP(BA13&BT13&X13,game_rosters!U:W,3,FALSE),"") -> P100094 | BT13: =IF(AQ13="","",IF(AND(AQ13="Away",AH13="e"),BC13,IF(AND(AQ13="Home",AH13="e"),BB13,IF(AND(AQ13="Away",AH13="o"),BB13,IF(AND(AQ13="Home",AH13="o"),BC13))))) -> Triple J
A14: =IF(K14<>"",1,IF(D14="x","x","")) -> 1 | F14: 51 | H14: 50 | I14: 41 | J14: d | K14: Possession | L14: PuckRetrieval | N14: u | O14: PuckRecoveryRetreivalDumpIn | Q14: =IF(O14="","",IF(AND(N14<>"",OR(O14<>"",P14<>"")),N14,IF(OR(ISNUMBER(SEARCH("attemp",O14)),ISNUMBER(SEARCH("beat",O14)),ISNUMBER(SEARCH("mis",O14)),ISNUMBER(SEARCH("fail",O14)),ISNUMBER(SEARCH("loss",O14)),ISNUMBER(SEARCH("lost",O14)),ISNUMBER(SEARCH("attemp",P14)),ISNUMBER(SEARCH("mis",P14)),ISNUMBER(SEARCH("fail",P14)),ISNUMBER(SEARCH("loss",P14)),ISNUMBER(SEARCH("beat",P14)),ISNUMBER(SEARCH("lost",P14))),"u",""))) -> u | S14: =IF(A14=1,MAX($S$2:$S13)+1,IF(OR($I14<>"",A14="x"),$S13,"")) -> 7 | T14: =IF(D14=1,MAX($T$2:$T13)+1,IF(S14=S13,$T13,IF(D14="x",T13,IF(D13="x","","")))) | U14: =IF(B14=1,MAX($U$2:$U13)+1,IF(AND($T14<>"",$T14=$T13),$U13,IF(B14="x",U13,""))) | V14: =IF(C14=1,MAX($V$2:$V13)+1,IF(AND($T14<>"",$T14=$T13),$U13,IF(C14="x",V13,""))) | W14: {=IFERROR(_xlfn._xlws.FILTER(game_rosters!AC:AC,(game_rosters!J:J=events!X14)*(K14<>"")),"")} -> h | X14: {=IF($I14<>"",$I14,INDEX($I$1:$I14,ROW()-COUNTIFS($T$1:$T14,"="&$T14,$S$1:$S14,"<"&$S14)))} -> 41 | Y14: {=IFERROR(IF(_xlfn._xlws.FILTER(game_rosters!$J:$J,(game_rosters!$G:$G=events!$AM14)*(game_rosters!$J:$J=events!$X14))>0,1,""),"")} -> 1 | Z14: =IF(K14="Intermission",Z13+1,Z13) -> 1 | AA14: =S14+1000 -> 1007 | AB14: =IF(T14<>"",9000+T14,"") | AC14: =IF(AB14<>"",AB14,S14+1000) -> 1007 | AD14: =IF(E14<>"",E14,IF($AC14=$AC13,AD13,IF(AF13<>"",AF13,IF(AD13<>"",AD13,"")))) -> 17 | AE14: =IF(F14<>"",F14,IF($AC14=$AC13,AE13,IF(AG13<>"",AG13,IF(AE13<>"",AE13,"")))) -> 51 | AF14: =IF(G14<>"",G14,IF($AC14=$AC13,AF13,IF(H14="","",AD14))) -> 17 | AG14: =IF(H14<>"",H14,IF($S14=$S13,AG13,"")) -> 50 | AH14: =IF(Y14="x","",IF(Y14=1,"e","o")) -> e | AI14: =IF($J14<>"",$J14,IF($AC14=$AC13,AI13,"")) -> d | AJ14: =IF($J14<>"",$J14,IF($AC14=$AC13,AJ13,"")) -> d | AK14: =IF($W14="","",IF($AI14="","",IF($W14="h",$AI14,IF($AI14="n","n",IF(AND($W14="a",$AI14="d"),"o",IF(AND($W14="a",$AI14="o"),"d")))))) -> d | AL14: =IF($W14="","",IF(J14="","",IF(AK14="n","n",IF(AK14="d","o",IF(AK14="o","d",""))))) -> o | AM14: =IF(AN14="H","Home",IF(AN14="A","Away","")) -> Home | AN14: =IF($W14<>"",$W14,IF($AC14=AC13,AN13,"")) -> h | AO14: =IF(AK14<>"",AK14,IF($AC14=AC13,AO13,"")) -> d | AP14: =IF(AL14<>"",AL14,IF($AC14=AC13,AP13,"")) -> o | AQ14: =IF(AM14<>"",AM14,IF($AC14=#REF!,#REF!,"")) -> Home | AR14: =IF(AN14<>"",AN14,IF($AC14=AC13,AQ13,"")) -> h | AS14: =IF(AND(AH14="e",OR(BD14="Save",BE14="Turnover_Takeaway",BE14="Play_Defensive")),"Defensive",IF(AND(AH14="o",OR(BD14="Save",BE14="Turnover_Takeaway",BE14="Play_Defensive")),"Offensive",IF(OR(BD14="Deadice",BD14="Stoppage",BD14="Intermission"),"",IF(AH14="e","Offensive",IF(AH14="o","Defensive",""))))) -> Offensive | AT14: =IF(U14<>"",U14+5000,"") | AU14: =IF(V14<>"",V14+6000,"") | AV14: {=IFERROR(IF(O14<>"",O14,IF(OR($S14="",$T14=""),"",IF(O14<>"",O14,IF($T14<>"",_xlfn._xlws.FILTER(O:O,($BT:$BT=$BT14)*($I:$I=$I14)*($T:$T=$T14)*($S:$S=_xlfn.MINIFS($S:$S,$T:$T,"="&$T14)),"")))))&"",IF(O14="","",""))&""} -> PuckRecoveryRetreivalDumpIn | AW14: {=IFERROR(IF(P14<>"",P14,IF(OR($S14="",$T14=""),"",IF($T14<>"",_xlfn._xlws.FILTER(P:P,($BT:$BT=$BT14)*($I:$I=$I14)*($T:$T=$T14)*($S:$S=_xlfn.MINIFS($S:$S,$T:$T,"="&$T14)),""))))&"",IF(P14="","",""))&""} | AX14: {=IFERROR(IF(Q14<>"",Q14,IF(OR($S14="",$T14=""),"",IF($T14<>"",_xlfn._xlws.FILTER(Q:Q,($BT:$BT=$BT14)*($I:$I=$I14)*($T:$T=$T14)*($S:$S=_xlfn.MINIFS($S:$S,$T:$T,"="&$T14)),""))))&"",IF(Q14="","",""))&""} -> u | AY14: {=IFERROR(IF(R14<>"",R14,IF(OR($S14="",$T14=""),"",IF($T14<>"",_xlfn._xlws.FILTER(R:R,($BT:$BT=$BT14)*($I:$I=$I14)*($T:$T=$T14)*($S:$S=_xlfn.MINIFS($S:$S,$T:$T,"="&$T14)),""))))&"",IF(R14="","",""))&""} | AZ14: =IF(OR(L14="Zone_Entry",L14="Zone_Exit"),AZ13+1,AZ13) -> 2 | BA14: =BA13 -> 18991 | BB14: =BB13 -> Triple J | BC14: =BC13 -> Velodrome | BD14: =IF($K14<>"",$K14,IF($S14=$S13,BD13,"")) -> Possession | BE14: =IF(L14<>"",L14,IF($S14=$S13,BE13,"")) -> PuckRetrieval | BF14: =IF(M14<>"",M14,IF($S14=$S13,BF13,"")) | BG14: =IF($N14<>"",$N14,IF($S14=$S13,BG13,"")) -> u | BH14: {=IFERROR(_xlfn._xlws.FILTER(shifts!A:A,(shifts!B:B=events!Z14)*(shifts!AG:AG>=events!BJ14)*(shifts!AH:AH<=events!BK14)),BH13)} -> 1 | BI14: =IF(AND(AF14="",AG14=""),0,((AD14*60)+AE14)-((AF14*60)+AG14)) -> 1 | BJ14: =(AD14*60)+AE14 -> 1071 | BK14: =IF(AND(AF14="",AG14=""),BJ14,((AF14*60)+AG14)) -> 1070 | BL14: =SUMIFS(BI$2:BI14,K$2:K14,"=Intermission")+SUMIFS(BI$2:BI14,K$2:K14,"=Timeout") -> 0 | BM14: =IF(Z14=1,0,IF(Z14=2,1080+BL14,IF(Z14=3,(1080*2)+BL14,0))) -> 0 | BN14: =IF(K14="Intermission",BN13,((1080)-((AD14*60)+AE14))+BM14) -> 9 | BO14: =IF(BN14<5,0,BN14-5) -> 4 | BP14: =BO14+BI14+5 -> 10 | BQ14: =IF(AH14="e","event_team_player_"&BR14,IF(AH14="o","opp_team_player_"&BR14,"")) -> event_team_player_1 | BR14: =COUNTIFS(S$3:S14,"="&S14,AH$3:AH14,"="&AH14) -> 1 | BS14: =IFERROR(VLOOKUP(BA14&BT14&X14,game_rosters!U:W,3,FALSE),"") -> P100206 | BT14: =IF(AQ14="","",IF(AND(AQ14="Away",AH14="e"),BC14,IF(AND(AQ14="Home",AH14="e"),BB14,IF(AND(AQ14="Away",AH14="o"),BB14,IF(AND(AQ14="Home",AH14="o"),BC14))))) -> Triple J
A15: =IF(K15<>"",1,IF(D15="x","x","")) -> 1 | D15: 1 | I15: 41 | J15: d | K15: Pass | L15: Pass_Missed | M15: Pass-Forehand | N15: =IF(K15="","",IF(K15="Goal","s",IF(AND(K15="Zone_Entry_Exit",OR(ISNUMBER(SEARCH("fail",L15)),ISNUMBER(SEARCH("FromExitClear",M15)),ISNUMBER(SEARCH("miss",M15)))),"u",IF(AND(K15="Zone_Entry_Exit",OR(NOT(ISNUMBER(SEARCH("fail",L15))),NOT(ISNUMBER(SEARCH("FromExitClear",M15))),NOT(ISNUMBER(SEARCH("miss",M15))))),"s",IF(AND(OR(K15="Shot",K15="Pass"),OR(ISNUMBER(SEARCH("complete",L15)),ISNUMBER(SEARCH("goal",L15)),ISNUMBER(SEARCH("OnNet",L15)))),"s",IF(L15="Turnover_Giveaway","u",IF(AND(OR(K15="Shot",K15="Pass"),OR(ISNUMBER(SEARCH("fail",L15)),NOT(ISNUMBER(SEARCH("complete",L15))),NOT(ISNUMBER(SEARCH("OnNet",L15))))),"u",""))))))) -> u | O15: AttemptedBreakOutPass | Q15: =IF(O15="","",IF(AND(N15<>"",OR(O15<>"",P15<>"")),N15,IF(OR(ISNUMBER(SEARCH("attemp",O15)),ISNUMBER(SEARCH("beat",O15)),ISNUMBER(SEARCH("mis",O15)),ISNUMBER(SEARCH("fail",O15)),ISNUMBER(SEARCH("loss",O15)),ISNUMBER(SEARCH("lost",O15)),ISNUMBER(SEARCH("attemp",P15)),ISNUMBER(SEARCH("mis",P15)),ISNUMBER(SEARCH("fail",P15)),ISNUMBER(SEARCH("loss",P15)),ISNUMBER(SEARCH("beat",P15)),ISNUMBER(SEARCH("lost",P15))),"u",""))) -> u | S15: =IF(A15=1,MAX($S$2:$S14)+1,IF(OR($I15<>"",A15="x"),$S14,"")) -> 8 | T15: =IF(D15=1,MAX($T$2:$T14)+1,IF(S15=S14,$T14,IF(D15="x",T14,IF(D14="x","","")))) -> 1 | U15: =IF(B15=1,MAX($U$2:$U14)+1,IF(AND($T15<>"",$T15=$T14),$U14,IF(B15="x",U14,""))) | V15: =IF(C15=1,MAX($V$2:$V14)+1,IF(AND($T15<>"",$T15=$T14),$U14,IF(C15="x",V14,""))) | W15: {=IFERROR(_xlfn._xlws.FILTER(game_rosters!AC:AC,(game_rosters!J:J=events!X15)*(K15<>"")),"")} -> h | X15: {=IF($I15<>"",$I15,INDEX($I$1:$I15,ROW()-COUNTIFS($T$1:$T15,"="&$T15,$S$1:$S15,"<"&$S15)))} -> 41 | Y15: {=IFERROR(IF(_xlfn._xlws.FILTER(game_rosters!$J:$J,(game_rosters!$G:$G=events!$AM15)*(game_rosters!$J:$J=events!$X15))>0,1,""),"")} -> 1 | Z15: =IF(K15="Intermission",Z14+1,Z14) -> 1 | AA15: =S15+1000 -> 1008 | AB15: =IF(T15<>"",9000+T15,"") -> 9001 | AC15: =IF(AB15<>"",AB15,S15+1000) -> 9001 | AD15: =IF(E15<>"",E15,IF($AC15=$AC14,AD14,IF(AF14<>"",AF14,IF(AD14<>"",AD14,"")))) -> 17 | AE15: =IF(F15<>"",F15,IF($AC15=$AC14,AE14,IF(AG14<>"",AG14,IF(AE14<>"",AE14,"")))) -> 50 | AF15: =IF(G15<>"",G15,IF($AC15=$AC14,AF14,IF(H15="","",AD15))) | AG15: =IF(H15<>"",H15,IF($S15=$S14,AG14,"")) | AH15: =IF(Y15="x","",IF(Y15=1,"e","o")) -> e | AI15: =IF($J15<>"",$J15,IF($AC15=$AC14,AI14,"")) -> d | AJ15: =IF($J15<>"",$J15,IF($AC15=$AC14,AJ14,"")) -> d | AK15: =IF($W15="","",IF($AI15="","",IF($W15="h",$AI15,IF($AI15="n","n",IF(AND($W15="a",$AI15="d"),"o",IF(AND($W15="a",$AI15="o"),"d")))))) -> d | AL15: =IF($W15="","",IF(J15="","",IF(AK15="n","n",IF(AK15="d","o",IF(AK15="o","d",""))))) -> o | AM15: =IF(AN15="H","Home",IF(AN15="A","Away","")) -> Home | AN15: =IF($W15<>"",$W15,IF($AC15=AC14,AN14,"")) -> h | AO15: =IF(AK15<>"",AK15,IF($AC15=AC14,AO14,"")) -> d | AP15: =IF(AL15<>"",AL15,IF($AC15=AC14,AP14,"")) -> o | AQ15: =IF(AM15<>"",AM15,IF($AC15=#REF!,#REF!,"")) -> Home | AR15: =IF(AN15<>"",AN15,IF($AC15=AC14,AQ14,"")) -> h | AS15: =IF(AND(AH15="e",OR(BD15="Save",BE15="Turnover_Takeaway",BE15="Play_Defensive")),"Defensive",IF(AND(AH15="o",OR(BD15="Save",BE15="Turnover_Takeaway",BE15="Play_Defensive")),"Offensive",IF(OR(BD15="Deadice",BD15="Stoppage",BD15="Intermission"),"",IF(AH15="e","Offensive",IF(AH15="o","Defensive",""))))) -> Offensive | AT15: =IF(U15<>"",U15+5000,"") | AU15: =IF(V15<>"",V15+6000,"") | AV15: {=IFERROR(IF(O15<>"",O15,IF(OR($S15="",$T15=""),"",IF(O15<>"",O15,IF($T15<>"",_xlfn._xlws.FILTER(O:O,($BT:$BT=$BT15)*($I:$I=$I15)*($T:$T=$T15)*($S:$S=_xlfn.MINIFS($S:$S,$T:$T,"="&$T15)),"")))))&"",IF(O15="","",""))&""} -> AttemptedBreakOutPass | AW15: {=IFERROR(IF(P15<>"",P15,IF(OR($S15="",$T15=""),"",IF($T15<>"",_xlfn._xlws.FILTER(P:P,($BT:$BT=$BT15)*($I:$I=$I15)*($T:$T=$T15)*($S:$S=_xlfn.MINIFS($S:$S,$T:$T,"="&$T15)),""))))&"",IF(P15="","",""))&""} | AX15: {=IFERROR(IF(Q15<>"",Q15,IF(OR($S15="",$T15=""),"",IF($T15<>"",_xlfn._xlws.FILTER(Q:Q,($BT:$BT=$BT15)*($I:$I=$I15)*($T:$T=$T15)*($S:$S=_xlfn.MINIFS($S:$S,$T:$T,"="&$T15)),""))))&"",IF(Q15="","",""))&""} -> u | AY15: {=IFERROR(IF(R15<>"",R15,IF(OR($S15="",$T15=""),"",IF($T15<>"",_xlfn._xlws.FILTER(R:R,($BT:$BT=$BT15)*($I:$I=$I15)*($T:$T=$T15)*($S:$S=_xlfn.MINIFS($S:$S,$T:$T,"="&$T15)),""))))&"",IF(R15="","",""))&""} | AZ15: =IF(OR(L15="Zone_Entry",L15="Zone_Exit"),AZ14+1,AZ14) -> 2 | BA15: =BA14 -> 18991 | BB15: =BB14 -> Triple J | BC15: =BC14 -> Velodrome | BD15: =IF($K15<>"",$K15,IF($S15=$S14,BD14,"")) -> Pass | BE15: =IF(L15<>"",L15,IF($S15=$S14,BE14,"")) -> Pass_Missed | BF15: =IF(M15<>"",M15,IF($S15=$S14,BF14,"")) -> Pass-Forehand | BG15: =IF($N15<>"",$N15,IF($S15=$S14,BG14,"")) -> u | BH15: {=IFERROR(_xlfn._xlws.FILTER(shifts!A:A,(shifts!B:B=events!Z15)*(shifts!AG:AG>=events!BJ15)*(shifts!AH:AH<=events!BK15)),BH14)} -> 1 | BI15: =IF(AND(AF15="",AG15=""),0,((AD15*60)+AE15)-((AF15*60)+AG15)) -> 0 | BJ15: =(AD15*60)+AE15 -> 1070 | BK15: =IF(AND(AF15="",AG15=""),BJ15,((AF15*60)+AG15)) -> 1070 | BL15: =SUMIFS(BI$2:BI15,K$2:K15,"=Intermission")+SUMIFS(BI$2:BI15,K$2:K15,"=Timeout") -> 0 | BM15: =IF(Z15=1,0,IF(Z15=2,1080+BL15,IF(Z15=3,(1080*2)+BL15,0))) -> 0 | BN15: =IF(K15="Intermission",BN14,((1080)-((AD15*60)+AE15))+BM15) -> 10 | BO15: =IF(BN15<5,0,BN15-5) -> 5 | BP15: =BO15+BI15+5 -> 10 | BQ15: =IF(AH15="e","event_team_player_"&BR15,IF(AH15="o","opp_team_player_"&BR15,"")) -> event_team_player_1 | BR15: =COUNTIFS(S$3:S15,"="&S15,AH$3:AH15,"="&AH15) -> 1 | BS15: =IFERROR(VLOOKUP(BA15&BT15&X15,game_rosters!U:W,3,FALSE),"") -> P100206 | BT15: =IF(AQ15="","",IF(AND(AQ15="Away",AH15="e"),BC15,IF(AND(AQ15="Home",AH15="e"),BB15,IF(AND(AQ15="Away",AH15="o"),BB15,IF(AND(AQ15="Home",AH15="o"),BC15))))) -> Triple J
A16: =IF(K16<>"",1,IF(D16="x","x","")) -> x | D16: x | I16: 16 | J16: =IF(OR(K16="Goal",K16="Shot",L16="Zone_Entry",M16="Stoppage-Goal",M15="Stoppage-Goal"),"o",IF(OR(K16="Save",K16="Rebound",L16="Zone_Exit",M16="Stoppage-GoalieStoppage",M15="Stoppage-GoalieStoppage"),"d",IF(OR(L16="Faceoff_AfterGoal",L16="Faceoff_PeriodStart",698="Faceoff_GameStart",M15="Stoppage-Goal"),"n",""))) | N16: =IF(K16="","",IF(K16="Goal","s",IF(AND(K16="Zone_Entry_Exit",OR(ISNUMBER(SEARCH("fail",L16)),ISNUMBER(SEARCH("FromExitClear",M16)),ISNUMBER(SEARCH("miss",M16)))),"u",IF(AND(K16="Zone_Entry_Exit",OR(NOT(ISNUMBER(SEARCH("fail",L16))),NOT(ISNUMBER(SEARCH("FromExitClear",M16))),NOT(ISNUMBER(SEARCH("miss",M16))))),"s",IF(AND(OR(K16="Shot",K16="Pass"),OR(ISNUMBER(SEARCH("complete",L16)),ISNUMBER(SEARCH("goal",L16)),ISNUMBER(SEARCH("OnNet",L16)))),"s",IF(L16="Turnover_Giveaway","u",IF(AND(OR(K16="Shot",K16="Pass"),OR(ISNUMBER(SEARCH("fail",L16)),NOT(ISNUMBER(SEARCH("complete",L16))),NOT(ISNUMBER(SEARCH("OnNet",L16))))),"u",""))))))) | Q16: =IF(O16="","",IF(AND(N16<>"",OR(O16<>"",P16<>"")),N16,IF(OR(ISNUMBER(SEARCH("attemp",O16)),ISNUMBER(SEARCH("beat",O16)),ISNUMBER(SEARCH("mis",O16)),ISNUMBER(SEARCH("fail",O16)),ISNUMBER(SEARCH("loss",O16)),ISNUMBER(SEARCH("lost",O16)),ISNUMBER(SEARCH("attemp",P16)),ISNUMBER(SEARCH("mis",P16)),ISNUMBER(SEARCH("fail",P16)),ISNUMBER(SEARCH("loss",P16)),ISNUMBER(SEARCH("beat",P16)),ISNUMBER(SEARCH("lost",P16))),"u",""))) | S16: =IF(A16=1,MAX($S$2:$S15)+1,IF(OR($I16<>"",A16="x"),$S15,"")) -> 8 | T16: =IF(D16=1,MAX($T$2:$T15)+1,IF(S16=S15,$T15,IF(D16="x",T15,IF(D15="x","","")))) -> 1 | U16: =IF(B16=1,MAX($U$2:$U15)+1,IF(AND($T16<>"",$T16=$T15),$U15,IF(B16="x",U15,""))) | V16: =IF(C16=1,MAX($V$2:$V15)+1,IF(AND($T16<>"",$T16=$T15),$U15,IF(C16="x",V15,""))) | W16: {=IFERROR(_xlfn._xlws.FILTER(game_rosters!AC:AC,(game_rosters!J:J=events!X16)*(K16<>"")),"")} | X16: {=IF($I16<>"",$I16,INDEX($I$1:$I16,ROW()-COUNTIFS($T$1:$T16,"="&$T16,$S$1:$S16,"<"&$S16)))} -> 16 | Y16: {=IFERROR(IF(_xlfn._xlws.FILTER(game_rosters!$J:$J,(game_rosters!$G:$G=events!$AM16)*(game_rosters!$J:$J=events!$X16))>0,1,""),"")} -> 1 | Z16: =IF(K16="Intermission",Z15+1,Z15) -> 1 | AA16: =S16+1000 -> 1008 | AB16: =IF(T16<>"",9000+T16,"") -> 9001 | AC16: =IF(AB16<>"",AB16,S16+1000) -> 9001 | AD16: =IF(E16<>"",E16,IF($AC16=$AC15,AD15,IF(AF15<>"",AF15,IF(AD15<>"",AD15,"")))) -> 17 | AE16: =IF(F16<>"",F16,IF($AC16=$AC15,AE15,IF(AG15<>"",AG15,IF(AE15<>"",AE15,"")))) -> 50 | AF16: =IF(G16<>"",G16,IF($AC16=$AC15,AF15,IF(H16="","",AD16))) | AG16: =IF(H16<>"",H16,IF($S16=$S15,AG15,"")) | AH16: =IF(Y16="x","",IF(Y16=1,"e","o")) -> e | AI16: =IF($J16<>"",$J16,IF($AC16=$AC15,AI15,"")) -> d | AJ16: =IF($J16<>"",$J16,IF($AC16=$AC15,AJ15,"")) -> d | AK16: =IF($W16="","",IF($AI16="","",IF($W16="h",$AI16,IF($AI16="n","n",IF(AND($W16="a",$AI16="d"),"o",IF(AND($W16="a",$AI16="o"),"d")))))) | AL16: =IF($W16="","",IF(J16="","",IF(AK16="n","n",IF(AK16="d","o",IF(AK16="o","d",""))))) | AM16: =IF(AN16="H","Home",IF(AN16="A","Away","")) -> Home | AN16: =IF($W16<>"",$W16,IF($AC16=AC15,AN15,"")) -> h | AO16: =IF(AK16<>"",AK16,IF($AC16=AC15,AO15,"")) -> d | AP16: =IF(AL16<>"",AL16,IF($AC16=AC15,AP15,"")) -> o | AQ16: =IF(AM16<>"",AM16,IF($AC16=#REF!,#REF!,"")) -> Home | AR16: =IF(AN16<>"",AN16,IF($AC16=AC15,AQ15,"")) -> h | AS16: =IF(AND(AH16="e",OR(BD16="Save",BE16="Turnover_Takeaway",BE16="Play_Defensive")),"Defensive",IF(AND(AH16="o",OR(BD16="Save",BE16="Turnover_Takeaway",BE16="Play_Defensive")),"Offensive",IF(OR(BD16="Deadice",BD16="Stoppage",BD16="Intermission"),"",IF(AH16="e","Offensive",IF(AH16="o","Defensive",""))))) -> Offensive | AT16: =IF(U16<>"",U16+5000,"") | AU16: =IF(V16<>"",V16+6000,"") | AV16: {=IFERROR(IF(O16<>"",O16,IF(OR($S16="",$T16=""),"",IF(O16<>"",O16,IF($T16<>"",_xlfn._xlws.FILTER(O:O,($BT:$BT=$BT16)*($I:$I=$I16)*($T:$T=$T16)*($S:$S=_xlfn.MINIFS($S:$S,$T:$T,"="&$T16)),"")))))&"",IF(O16="","",""))&""} | AW16: {=IFERROR(IF(P16<>"",P16,IF(OR($S16="",$T16=""),"",IF($T16<>"",_xlfn._xlws.FILTER(P:P,($BT:$BT=$BT16)*($I:$I=$I16)*($T:$T=$T16)*($S:$S=_xlfn.MINIFS($S:$S,$T:$T,"="&$T16)),""))))&"",IF(P16="","",""))&""} | AX16: {=IFERROR(IF(Q16<>"",Q16,IF(OR($S16="",$T16=""),"",IF($T16<>"",_xlfn._xlws.FILTER(Q:Q,($BT:$BT=$BT16)*($I:$I=$I16)*($T:$T=$T16)*($S:$S=_xlfn.MINIFS($S:$S,$T:$T,"="&$T16)),""))))&"",IF(Q16="","",""))&""} | AY16: {=IFERROR(IF(R16<>"",R16,IF(OR($S16="",$T16=""),"",IF($T16<>"",_xlfn._xlws.FILTER(R:R,($BT:$BT=$BT16)*($I:$I=$I16)*($T:$T=$T16)*($S:$S=_xlfn.MINIFS($S:$S,$T:$T,"="&$T16)),""))))&"",IF(R16="","",""))&""} | AZ16: =IF(OR(L16="Zone_Entry",L16="Zone_Exit"),AZ15+1,AZ15) -> 2 | BA16: =BA15 -> 18991 | BB16: =BB15 -> Triple J | BC16: =BC15 -> Velodrome | BD16: =IF($K16<>"",$K16,IF($S16=$S15,BD15,"")) -> Pass | BE16: =IF(L16<>"",L16,IF($S16=$S15,BE15,"")) -> Pass_Missed | BF16: =IF(M16<>"",M16,IF($S16=$S15,BF15,"")) -> Pass-Forehand | BG16: =IF($N16<>"",$N16,IF($S16=$S15,BG15,"")) -> u | BH16: {=IFERROR(_xlfn._xlws.FILTER(shifts!A:A,(shifts!B:B=events!Z16)*(shifts!AG:AG>=events!BJ16)*(shifts!AH:AH<=events!BK16)),BH15)} -> 1 | BI16: =IF(AND(AF16="",AG16=""),0,((AD16*60)+AE16)-((AF16*60)+AG16)) -> 0 | BJ16: =(AD16*60)+AE16 -> 1070 | BK16: =IF(AND(AF16="",AG16=""),BJ16,((AF16*60)+AG16)) -> 1070 | BL16: =SUMIFS(BI$2:BI16,K$2:K16,"=Intermission")+SUMIFS(BI$2:BI16,K$2:K16,"=Timeout") -> 0 | BM16: =IF(Z16=1,0,IF(Z16=2,1080+BL16,IF(Z16=3,(1080*2)+BL16,0))) -> 0 | BN16: =IF(K16="Intermission",BN15,((1080)-((AD16*60)+AE16))+BM16) -> 10 | BO16: =IF(BN16<5,0,BN16-5) -> 5 | BP16: =BO16+BI16+5 -> 10 | BQ16: =IF(AH16="e","event_team_player_"&BR16,IF(AH16="o","opp_team_player_"&BR16,"")) -> event_team_player_2 | BR16: =COUNTIFS(S$3:S16,"="&S16,AH$3:AH16,"="&AH16) -> 2 | BS16: =IFERROR(VLOOKUP(BA16&BT16&X16,game_rosters!U:W,3,FALSE),"") -> P100094 | BT16: =IF(AQ16="","",IF(AND(AQ16="Away",AH16="e"),BC16,IF(AND(AQ16="Home",AH16="e"),BB16,IF(AND(AQ16="Away",AH16="o"),BB16,IF(AND(AQ16="Home",AH16="o"),BC16))))) -> Triple J
A17: =IF(K17<>"",1,IF(D17="x","x","")) -> 1 | D17: x | J17: =IF(OR(K17="Goal",K17="Shot",L17="Zone_Entry",M17="Stoppage-Goal",M16="Stoppage-Goal"),"o",IF(OR(K17="Save",K17="Rebound",L17="Zone_Exit",M17="Stoppage-GoalieStoppage",M16="Stoppage-GoalieStoppage"),"d",IF(OR(L17="Faceoff_AfterGoal",L17="Faceoff_PeriodStart",698="Faceoff_GameStart",M16="Stoppage-Goal"),"n",""))) -> d | K17: Zone_Entry_Exit | L17: Zone_Exit | M17: ZoneExit-PassMiss/Misplay | N17: =IF(K17="","",IF(K17="Goal","s",IF(AND(K17="Zone_Entry_Exit",OR(ISNUMBER(SEARCH("fail",L17)),ISNUMBER(SEARCH("FromExitClear",M17)),ISNUMBER(SEARCH("miss",M17)))),"u",IF(AND(K17="Zone_Entry_Exit",OR(NOT(ISNUMBER(SEARCH("fail",L17))),NOT(ISNUMBER(SEARCH("FromExitClear",M17))),NOT(ISNUMBER(SEARCH("miss",M17))))),"s",IF(AND(OR(K17="Shot",K17="Pass"),OR(ISNUMBER(SEARCH("complete",L17)),ISNUMBER(SEARCH("goal",L17)),ISNUMBER(SEARCH("OnNet",L17)))),"s",IF(L17="Turnover_Giveaway","u",IF(AND(OR(K17="Shot",K17="Pass"),OR(ISNUMBER(SEARCH("fail",L17)),NOT(ISNUMBER(SEARCH("complete",L17))),NOT(ISNUMBER(SEARCH("OnNet",L17))))),"u",""))))))) -> u | Q17: =IF(O17="","",IF(AND(N17<>"",OR(O17<>"",P17<>"")),N17,IF(OR(ISNUMBER(SEARCH("attemp",O17)),ISNUMBER(SEARCH("beat",O17)),ISNUMBER(SEARCH("mis",O17)),ISNUMBER(SEARCH("fail",O17)),ISNUMBER(SEARCH("loss",O17)),ISNUMBER(SEARCH("lost",O17)),ISNUMBER(SEARCH("attemp",P17)),ISNUMBER(SEARCH("mis",P17)),ISNUMBER(SEARCH("fail",P17)),ISNUMBER(SEARCH("loss",P17)),ISNUMBER(SEARCH("beat",P17)),ISNUMBER(SEARCH("lost",P17))),"u",""))) | S17: =IF(A17=1,MAX($S$2:$S16)+1,IF(OR($I17<>"",A17="x"),$S16,"")) -> 9 | T17: =IF(D17=1,MAX($T$2:$T16)+1,IF(S17=S16,$T16,IF(D17="x",T16,IF(D16="x","","")))) -> 1 | U17: =IF(B17=1,MAX($U$2:$U16)+1,IF(AND($T17<>"",$T17=$T16),$U16,IF(B17="x",U16,""))) | W17: {=IFERROR(_xlfn._xlws.FILTER(game_rosters!AC:AC,(game_rosters!J:J=events!X17)*(K17<>"")),"")} -> h | X17: {=IF($I17<>"",$I17,INDEX($I$1:$I17,ROW()-COUNTIFS($T$1:$T17,"="&$T17,$S$1:$S17,"<"&$S17)))} -> 41 | Y17: {=IFERROR(IF(_xlfn._xlws.FILTER(game_rosters!$J:$J,(game_rosters!$G:$G=events!$AM17)*(game_rosters!$J:$J=events!$X17))>0,1,""),"")} -> 1 | Z17: =IF(K17="Intermission",Z16+1,Z16) -> 1 | AA17: =S17+1000 -> 1009 | AB17: =IF(T17<>"",9000+T17,"") -> 9001 | AC17: =IF(AB17<>"",AB17,S17+1000) -> 9001 | AD17: =IF(E17<>"",E17,IF($AC17=$AC16,AD16,IF(AF16<>"",AF16,IF(AD16<>"",AD16,"")))) -> 17 | AE17: =IF(F17<>"",F17,IF($AC17=$AC16,AE16,IF(AG16<>"",AG16,IF(AE16<>"",AE16,"")))) -> 50 | AF17: =IF(G17<>"",G17,IF($AC17=$AC16,AF16,IF(H17="","",AD17))) | AG17: =IF(H17<>"",H17,IF($S17=$S16,AG16,"")) | AH17: =IF(Y17="x","",IF(Y17=1,"e","o")) -> e | AI17: =IF($J17<>"",$J17,IF($AC17=$AC16,AI16,"")) -> d | AJ17: =IF($J17<>"",$J17,IF($AC17=$AC16,AJ16,"")) -> d | AK17: =IF($W17="","",IF($AI17="","",IF($W17="h",$AI17,IF($AI17="n","n",IF(AND($W17="a",$AI17="d"),"o",IF(AND($W17="a",$AI17="o"),"d")))))) -> d | AL17: =IF($W17="","",IF(J17="","",IF(AK17="n","n",IF(AK17="d","o",IF(AK17="o","d",""))))) -> o | AM17: =IF(AN17="H","Home",IF(AN17="A","Away","")) -> Home | AN17: =IF($W17<>"",$W17,IF($AC17=AC16,AN16,"")) -> h | AO17: =IF(AK17<>"",AK17,IF($AC17=AC16,AO16,"")) -> d | AP17: =IF(AL17<>"",AL17,IF($AC17=AC16,AP16,"")) -> o | AQ17: =IF(AM17<>"",AM17,IF($AC17=#REF!,#REF!,"")) -> Home | AR17: =IF(AN17<>"",AN17,IF($AC17=AC16,AQ16,"")) -> h | AS17: =IF(AND(AH17="e",OR(BD17="Save",BE17="Turnover_Takeaway",BE17="Play_Defensive")),"Defensive",IF(AND(AH17="o",OR(BD17="Save",BE17="Turnover_Takeaway",BE17="Play_Defensive")),"Offensive",IF(OR(BD17="Deadice",BD17="Stoppage",BD17="Intermission"),"",IF(AH17="e","Offensive",IF(AH17="o","Defensive",""))))) -> Offensive | AT17: =IF(U17<>"",U17+5000,"") | AU17: =IF(V17<>"",V17+6000,"") | AV17: {=IFERROR(IF(O17<>"",O17,IF(OR($S17="",$T17=""),"",IF(O17<>"",O17,IF($T17<>"",_xlfn._xlws.FILTER(O:O,($BT:$BT=$BT17)*($I:$I=$I17)*($T:$T=$T17)*($S:$S=_xlfn.MINIFS($S:$S,$T:$T,"="&$T17)),"")))))&"",IF(O17="","",""))&""} | AW17: {=IFERROR(IF(P17<>"",P17,IF(OR($S17="",$T17=""),"",IF($T17<>"",_xlfn._xlws.FILTER(P:P,($BT:$BT=$BT17)*($I:$I=$I17)*($T:$T=$T17)*($S:$S=_xlfn.MINIFS($S:$S,$T:$T,"="&$T17)),""))))&"",IF(P17="","",""))&""} | AX17: {=IFERROR(IF(Q17<>"",Q17,IF(OR($S17="",$T17=""),"",IF($T17<>"",_xlfn._xlws.FILTER(Q:Q,($BT:$BT=$BT17)*($I:$I=$I17)*($T:$T=$T17)*($S:$S=_xlfn.MINIFS($S:$S,$T:$T,"="&$T17)),""))))&"",IF(Q17="","",""))&""} | AY17: {=IFERROR(IF(R17<>"",R17,IF(OR($S17="",$T17=""),"",IF($T17<>"",_xlfn._xlws.FILTER(R:R,($BT:$BT=$BT17)*($I:$I=$I17)*($T:$T=$T17)*($S:$S=_xlfn.MINIFS($S:$S,$T:$T,"="&$T17)),""))))&"",IF(R17="","",""))&""} | AZ17: =IF(OR(L17="Zone_Entry",L17="Zone_Exit"),AZ16+1,AZ16) -> 3 | BA17: =BA16 -> 18991 | BB17: =BB16 -> Triple J | BC17: =BC16 -> Velodrome | BD17: =IF($K17<>"",$K17,IF($S17=$S16,BD16,"")) -> Zone_Entry_Exit | BE17: =IF(L17<>"",L17,IF($S17=$S16,BE16,"")) -> Zone_Exit | BF17: =IF(M17<>"",M17,IF($S17=$S16,BF16,"")) -> ZoneExit-PassMiss/Misplay | BG17: =IF($N17<>"",$N17,IF($S17=$S16,BG16,"")) -> u | BH17: {=IFERROR(_xlfn._xlws.FILTER(shifts!A:A,(shifts!B:B=events!Z17)*(shifts!AG:AG>=events!BJ17)*(shifts!AH:AH<=events!BK17)),BH16)} -> 1 | BI17: =IF(AND(AF17="",AG17=""),0,((AD17*60)+AE17)-((AF17*60)+AG17)) -> 0 | BJ17: =(AD17*60)+AE17 -> 1070 | BK17: =IF(AND(AF17="",AG17=""),BJ17,((AF17*60)+AG17)) -> 1070 | BL17: =SUMIFS(BI$2:BI17,K$2:K17,"=Intermission")+SUMIFS(BI$2:BI17,K$2:K17,"=Timeout") -> 0 | BM17: =IF(Z17=1,0,IF(Z17=2,1080+BL17,IF(Z17=3,(1080*2)+BL17,0))) -> 0 | BN17: =IF(K17="Intermission",BN16,((1080)-((AD17*60)+AE17))+BM17) -> 10 | BO17: =IF(BN17<5,0,BN17-5) -> 5 | BP17: =BO17+BI17+5 -> 10 | BQ17: =IF(AH17="e","event_team_player_"&BR17,IF(AH17="o","opp_team_player_"&BR17,"")) -> event_team_player_1 | BR17: =COUNTIFS(S$3:S17,"="&S17,AH$3:AH17,"="&AH17) -> 1 | BS17: =IFERROR(VLOOKUP(BA17&BT17&X17,game_rosters!U:W,3,FALSE),"") -> P100206 | BT17: =IF(AQ17="","",IF(AND(AQ17="Away",AH17="e"),BC17,IF(AND(AQ17="Home",AH17="e"),BB17,IF(AND(AQ17="Away",AH17="o"),BB17,IF(AND(AQ17="Home",AH17="o"),BC17))))) -> Triple J
A18: =IF(K18<>"",1,IF(D18="x","x","")) -> x | D18: x | J18: =IF(OR(K18="Goal",K18="Shot",L18="Zone_Entry",M18="Stoppage-Goal",M17="Stoppage-Goal"),"o",IF(OR(K18="Save",K18="Rebound",L18="Zone_Exit",M18="Stoppage-GoalieStoppage",M17="Stoppage-GoalieStoppage"),"d",IF(OR(L18="Faceoff_AfterGoal",L18="Faceoff_PeriodStart",698="Faceoff_GameStart",M17="Stoppage-Goal"),"n",""))) | N18: =IF(K18="","",IF(K18="Goal","s",IF(AND(K18="Zone_Entry_Exit",OR(ISNUMBER(SEARCH("fail",L18)),ISNUMBER(SEARCH("FromExitClear",M18)),ISNUMBER(SEARCH("miss",M18)))),"u",IF(AND(K18="Zone_Entry_Exit",OR(NOT(ISNUMBER(SEARCH("fail",L18))),NOT(ISNUMBER(SEARCH("FromExitClear",M18))),NOT(ISNUMBER(SEARCH("miss",M18))))),"s",IF(AND(OR(K18="Shot",K18="Pass"),OR(ISNUMBER(SEARCH("complete",L18)),ISNUMBER(SEARCH("goal",L18)),ISNUMBER(SEARCH("OnNet",L18)))),"s",IF(L18="Turnover_Giveaway","u",IF(AND(OR(K18="Shot",K18="Pass"),OR(ISNUMBER(SEARCH("fail",L18)),NOT(ISNUMBER(SEARCH("complete",L18))),NOT(ISNUMBER(SEARCH("OnNet",L18))))),"u",""))))))) | Q18: =IF(O18="","",IF(AND(N18<>"",OR(O18<>"",P18<>"")),N18,IF(OR(ISNUMBER(SEARCH("attemp",O18)),ISNUMBER(SEARCH("beat",O18)),ISNUMBER(SEARCH("mis",O18)),ISNUMBER(SEARCH("fail",O18)),ISNUMBER(SEARCH("loss",O18)),ISNUMBER(SEARCH("lost",O18)),ISNUMBER(SEARCH("attemp",P18)),ISNUMBER(SEARCH("mis",P18)),ISNUMBER(SEARCH("fail",P18)),ISNUMBER(SEARCH("loss",P18)),ISNUMBER(SEARCH("beat",P18)),ISNUMBER(SEARCH("lost",P18))),"u",""))) | S18: =IF(A18=1,MAX($S$2:$S17)+1,IF(OR($I18<>"",A18="x"),$S17,"")) -> 9 | T18: =IF(D18=1,MAX($T$2:$T17)+1,IF(S18=S17,$T17,IF(D18="x",T17,IF(D17="x","","")))) -> 1 | U18: =IF(B18=1,MAX($U$2:$U17)+1,IF(AND($T18<>"",$T18=$T17),$U17,IF(B18="x",U17,""))) | V18: =IF(C18=1,MAX($V$2:$V17)+1,IF(AND($T18<>"",$T18=$T17),$U17,IF(C18="x",V17,""))) | W18: {=IFERROR(_xlfn._xlws.FILTER(game_rosters!AC:AC,(game_rosters!J:J=events!X18)*(K18<>"")),"")} | X18: {=IF($I18<>"",$I18,INDEX($I$1:$I18,ROW()-COUNTIFS($T$1:$T18,"="&$T18,$S$1:$S18,"<"&$S18)))} -> 16 | Y18: {=IFERROR(IF(_xlfn._xlws.FILTER(game_rosters!$J:$J,(game_rosters!$G:$G=events!$AM18)*(game_rosters!$J:$J=events!$X18))>0,1,""),"")} -> 1 | Z18: =IF(K18="Intermission",Z17+1,Z17) -> 1 | AA18: =S18+1000 -> 1009 | AB18: =IF(T18<>"",9000+T18,"") -> 9001 | AC18: =IF(AB18<>"",AB18,S18+1000) -> 9001 | AD18: =IF(E18<>"",E18,IF($AC18=$AC17,AD17,IF(AF17<>"",AF17,IF(AD17<>"",AD17,"")))) -> 17 | AE18: =IF(F18<>"",F18,IF($AC18=$AC17,AE17,IF(AG17<>"",AG17,IF(AE17<>"",AE17,"")))) -> 50 | AF18: =IF(G18<>"",G18,IF($AC18=$AC17,AF17,IF(H18="","",AD18))) | AG18: =IF(H18<>"",H18,IF($S18=$S17,AG17,"")) | AH18: =IF(Y18="x","",IF(Y18=1,"e","o")) -> e | AI18: =IF($J18<>"",$J18,IF($AC18=$AC17,AI17,"")) -> d | AJ18: =IF($J18<>"",$J18,IF($AC18=$AC17,AJ17,"")) -> d | AK18: =IF($W18="","",IF($AI18="","",IF($W18="h",$AI18,IF($AI18="n","n",IF(AND($W18="a",$AI18="d"),"o",IF(AND($W18="a",$AI18="o"),"d")))))) | AL18: =IF($W18="","",IF(J18="","",IF(AK18="n","n",IF(AK18="d","o",IF(AK18="o","d",""))))) | AM18: =IF(AN18="H","Home",IF(AN18="A","Away","")) -> Home | AN18: =IF($W18<>"",$W18,IF($AC18=AC17,AN17,"")) -> h | AO18: =IF(AK18<>"",AK18,IF($AC18=AC17,AO17,"")) -> d | AP18: =IF(AL18<>"",AL18,IF($AC18=AC17,AP17,"")) -> o | AQ18: =IF(AM18<>"",AM18,IF($AC18=#REF!,#REF!,"")) -> Home | AR18: =IF(AN18<>"",AN18,IF($AC18=AC17,AQ17,"")) -> h | AS18: =IF(AND(AH18="e",OR(BD18="Save",BE18="Turnover_Takeaway",BE18="Play_Defensive")),"Defensive",IF(AND(AH18="o",OR(BD18="Save",BE18="Turnover_Takeaway",BE18="Play_Defensive")),"Offensive",IF(OR(BD18="Deadice",BD18="Stoppage",BD18="Intermission"),"",IF(AH18="e","Offensive",IF(AH18="o","Defensive",""))))) -> Offensive | AT18: =IF(U18<>"",U18+5000,"") | AU18: =IF(V18<>"",V18+6000,"") | AV18: {=IFERROR(IF(O18<>"",O18,IF(OR($S18="",$T18=""),"",IF(O18<>"",O18,IF($T18<>"",_xlfn._xlws.FILTER(O:O,($BT:$BT=$BT18)*($I:$I=$I18)*($T:$T=$T18)*($S:$S=_xlfn.MINIFS($S:$S,$T:$T,"="&$T18)),"")))))&"",IF(O18="","",""))&""} | AW18: {=IFERROR(IF(P18<>"",P18,IF(OR($S18="",$T18=""),"",IF($T18<>"",_xlfn._xlws.FILTER(P:P,($BT:$BT=$BT18)*($I:$I=$I18)*($T:$T=$T18)*($S:$S=_xlfn.MINIFS($S:$S,$T:$T,"="&$T18)),""))))&"",IF(P18="","",""))&""} | AX18: {=IFERROR(IF(Q18<>"",Q18,IF(OR($S18="",$T18=""),"",IF($T18<>"",_xlfn._xlws.FILTER(Q:Q,($BT:$BT=$BT18)*($I:$I=$I18)*($T:$T=$T18)*($S:$S=_xlfn.MINIFS($S:$S,$T:$T,"="&$T18)),""))))&"",IF(Q18="","",""))&""} | AY18: {=IFERROR(IF(R18<>"",R18,IF(OR($S18="",$T18=""),"",IF($T18<>"",_xlfn._xlws.FILTER(R:R,($BT:$BT=$BT18)*($I:$I=$I18)*($T:$T=$T18)*($S:$S=_xlfn.MINIFS($S:$S,$T:$T,"="&$T18)),""))))&"",IF(R18="","",""))&""} | AZ18: =IF(OR(L18="Zone_Entry",L18="Zone_Exit"),AZ17+1,AZ17) -> 3 | BA18: =BA17 -> 18991 | BB18: =BB17 -> Triple J | BC18: =BC17 -> Velodrome | BD18: =IF($K18<>"",$K18,IF($S18=$S17,BD17,"")) -> Zone_Entry_Exit | BE18: =IF(L18<>"",L18,IF($S18=$S17,BE17,"")) -> Zone_Exit | BF18: =IF(M18<>"",M18,IF($S18=$S17,BF17,"")) -> ZoneExit-PassMiss/Misplay | BG18: =IF($N18<>"",$N18,IF($S18=$S17,BG17,"")) -> u | BH18: {=IFERROR(_xlfn._xlws.FILTER(shifts!A:A,(shifts!B:B=events!Z18)*(shifts!AG:AG>=events!BJ18)*(shifts!AH:AH<=events!BK18)),BH17)} -> 1 | BI18: =IF(AND(AF18="",AG18=""),0,((AD18*60)+AE18)-((AF18*60)+AG18)) -> 0 | BJ18: =(AD18*60)+AE18 -> 1070 | BK18: =IF(AND(AF18="",AG18=""),BJ18,((AF18*60)+AG18)) -> 1070 | BL18: =SUMIFS(BI$2:BI18,K$2:K18,"=Intermission")+SUMIFS(BI$2:BI18,K$2:K18,"=Timeout") -> 0 | BM18: =IF(Z18=1,0,IF(Z18=2,1080+BL18,IF(Z18=3,(1080*2)+BL18,0))) -> 0 | BN18: =IF(K18="Intermission",BN17,((1080)-((AD18*60)+AE18))+BM18) -> 10 | BO18: =IF(BN18<5,0,BN18-5) -> 5 | BP18: =BO18+BI18+5 -> 10 | BQ18: =IF(AH18="e","event_team_player_"&BR18,IF(AH18="o","opp_team_player_"&BR18,"")) -> event_team_player_2 | BR18: =COUNTIFS(S$3:S18,"="&S18,AH$3:AH18,"="&AH18) -> 2 | BS18: =IFERROR(VLOOKUP(BA18&BT18&X18,game_rosters!U:W,3,FALSE),"") -> P100094 | BT18: =IF(AQ18="","",IF(AND(AQ18="Away",AH18="e"),BC18,IF(AND(AQ18="Home",AH18="e"),BB18,IF(AND(AQ18="Away",AH18="o"),BB18,IF(AND(AQ18="Home",AH18="o"),BC18))))) -> Triple J
A19: =IF(K19<>"",1,IF(D19="x","x","")) -> 1 | D19: x | J19: d | K19: Turnover | L19: Turnover_Giveaway | M19: Giveaway-PassMissed | N19: =IF(K19="","",IF(K19="Goal","s",IF(AND(K19="Zone_Entry_Exit",OR(ISNUMBER(SEARCH("fail",L19)),ISNUMBER(SEARCH("FromExitClear",M19)),ISNUMBER(SEARCH("miss",M19)))),"u",IF(AND(K19="Zone_Entry_Exit",OR(NOT(ISNUMBER(SEARCH("fail",L19))),NOT(ISNUMBER(SEARCH("FromExitClear",M19))),NOT(ISNUMBER(SEARCH("miss",M19))))),"s",IF(AND(OR(K19="Shot",K19="Pass"),OR(ISNUMBER(SEARCH("complete",L19)),ISNUMBER(SEARCH("goal",L19)),ISNUMBER(SEARCH("OnNet",L19)))),"s",IF(L19="Turnover_Giveaway","u",IF(AND(OR(K19="Shot",K19="Pass"),OR(ISNUMBER(SEARCH("fail",L19)),NOT(ISNUMBER(SEARCH("complete",L19))),NOT(ISNUMBER(SEARCH("OnNet",L19))))),"u",""))))))) -> u | Q19: =IF(O19="","",IF(AND(N19<>"",OR(O19<>"",P19<>"")),N19,IF(OR(ISNUMBER(SEARCH("attemp",O19)),ISNUMBER(SEARCH("beat",O19)),ISNUMBER(SEARCH("mis",O19)),ISNUMBER(SEARCH("fail",O19)),ISNUMBER(SEARCH("loss",O19)),ISNUMBER(SEARCH("lost",O19)),ISNUMBER(SEARCH("attemp",P19)),ISNUMBER(SEARCH("mis",P19)),ISNUMBER(SEARCH("fail",P19)),ISNUMBER(SEARCH("loss",P19)),ISNUMBER(SEARCH("beat",P19)),ISNUMBER(SEARCH("lost",P19))),"u",""))) | S19: =IF(A19=1,MAX($S$2:$S18)+1,IF(OR($I19<>"",A19="x"),$S18,"")) -> 10 | T19: =IF(D19=1,MAX($T$2:$T18)+1,IF(S19=S18,$T18,IF(D19="x",T18,IF(D18="x","","")))) -> 1 | U19: =IF(B19=1,MAX($U$2:$U18)+1,IF(AND($T19<>"",$T19=$T18),$U18,IF(B19="x",U18,""))) | V19: =IF(C19=1,MAX($V$2:$V18)+1,IF(AND($T19<>"",$T19=$T18),$U18,IF(C19="x",V18,""))) | W19: {=IFERROR(_xlfn._xlws.FILTER(game_rosters!AC:AC,(game_rosters!J:J=events!X19)*(K19<>"")),"")} -> h | X19: {=IF($I19<>"",$I19,INDEX($I$1:$I19,ROW()-COUNTIFS($T$1:$T19,"="&$T19,$S$1:$S19,"<"&$S19)))} -> 41 | Y19: {=IFERROR(IF(_xlfn._xlws.FILTER(game_rosters!$J:$J,(game_rosters!$G:$G=events!$AM19)*(game_rosters!$J:$J=events!$X19))>0,1,""),"")} -> 1 | Z19: =IF(K19="Intermission",Z18+1,Z18) -> 1 | AA19: =S19+1000 -> 1010 | AB19: =IF(T19<>"",9000+T19,"") -> 9001 | AC19: =IF(AB19<>"",AB19,S19+1000) -> 9001 | AD19: =IF(E19<>"",E19,IF($AC19=$AC18,AD18,IF(AF18<>"",AF18,IF(AD18<>"",AD18,"")))) -> 17 | AE19: =IF(F19<>"",F19,IF($AC19=$AC18,AE18,IF(AG18<>"",AG18,IF(AE18<>"",AE18,"")))) -> 50 | AF19: =IF(G19<>"",G19,IF($AC19=$AC18,AF18,IF(H19="","",AD19))) | AG19: =IF(H19<>"",H19,IF($S19=$S18,AG18,"")) | AH19: =IF(Y19="x","",IF(Y19=1,"e","o")) -> e | AI19: =IF($J19<>"",$J19,IF($AC19=$AC18,AI18,"")) -> d | AJ19: =IF($J19<>"",$J19,IF($AC19=$AC18,AJ18,"")) -> d | AK19: =IF($W19="","",IF($AI19="","",IF($W19="h",$AI19,IF($AI19="n","n",IF(AND($W19="a",$AI19="d"),"o",IF(AND($W19="a",$AI19="o"),"d")))))) -> d | AL19: =IF($W19="","",IF(J19="","",IF(AK19="n","n",IF(AK19="d","o",IF(AK19="o","d",""))))) -> o | AM19: =IF(AN19="H","Home",IF(AN19="A","Away","")) -> Home | AN19: =IF($W19<>"",$W19,IF($AC19=AC18,AN18,"")) -> h | AO19: =IF(AK19<>"",AK19,IF($AC19=AC18,AO18,"")) -> d | AP19: =IF(AL19<>"",AL19,IF($AC19=AC18,AP18,"")) -> o | AQ19: =IF(AM19<>"",AM19,IF($AC19=#REF!,#REF!,"")) -> Home | AR19: =IF(AN19<>"",AN19,IF($AC19=AC18,AQ18,"")) -> h | AS19: =IF(AND(AH19="e",OR(BD19="Save",BE19="Turnover_Takeaway",BE19="Play_Defensive")),"Defensive",IF(AND(AH19="o",OR(BD19="Save",BE19="Turnover_Takeaway",BE19="Play_Defensive")),"Offensive",IF(OR(BD19="Deadice",BD19="Stoppage",BD19="Intermission"),"",IF(AH19="e","Offensive",IF(AH19="o","Defensive",""))))) -> Offensive | AT19: =IF(U19<>"",U19+5000,"") | AU19: =IF(V19<>"",V19+6000,"") | AV19: {=IFERROR(IF(O19<>"",O19,IF(OR($S19="",$T19=""),"",IF(O19<>"",O19,IF($T19<>"",_xlfn._xlws.FILTER(O:O,($BT:$BT=$BT19)*($I:$I=$I19)*($T:$T=$T19)*($S:$S=_xlfn.MINIFS($S:$S,$T:$T,"="&$T19)),"")))))&"",IF(O19="","",""))&""} | AW19: {=IFERROR(IF(P19<>"",P19,IF(OR($S19="",$T19=""),"",IF($T19<>"",_xlfn._xlws.FILTER(P:P,($BT:$BT=$BT19)*($I:$I=$I19)*($T:$T=$T19)*($S:$S=_xlfn.MINIFS($S:$S,$T:$T,"="&$T19)),""))))&"",IF(P19="","",""))&""} | AX19: {=IFERROR(IF(Q19<>"",Q19,IF(OR($S19="",$T19=""),"",IF($T19<>"",_xlfn._xlws.FILTER(Q:Q,($BT:$BT=$BT19)*($I:$I=$I19)*($T:$T=$T19)*($S:$S=_xlfn.MINIFS($S:$S,$T:$T,"="&$T19)),""))))&"",IF(Q19="","",""))&""} | AY19: {=IFERROR(IF(R19<>"",R19,IF(OR($S19="",$T19=""),"",IF($T19<>"",_xlfn._xlws.FILTER(R:R,($BT:$BT=$BT19)*($I:$I=$I19)*($T:$T=$T19)*($S:$S=_xlfn.MINIFS($S:$S,$T:$T,"="&$T19)),""))))&"",IF(R19="","",""))&""} | AZ19: =IF(OR(L19="Zone_Entry",L19="Zone_Exit"),AZ18+1,AZ18) -> 3 | BA19: =BA18 -> 18991 | BB19: =BB18 -> Triple J | BC19: =BC18 -> Velodrome | BD19: =IF($K19<>"",$K19,IF($S19=$S18,BD18,"")) -> Turnover | BE19: =IF(L19<>"",L19,IF($S19=$S18,BE18,"")) -> Turnover_Giveaway | BF19: =IF(M19<>"",M19,IF($S19=$S18,BF18,"")) -> Giveaway-PassMissed | BG19: =IF($N19<>"",$N19,IF($S19=$S18,BG18,"")) -> u | BH19: {=IFERROR(_xlfn._xlws.FILTER(shifts!A:A,(shifts!B:B=events!Z19)*(shifts!AG:AG>=events!BJ19)*(shifts!AH:AH<=events!BK19)),BH18)} -> 1 | BI19: =IF(AND(AF19="",AG19=""),0,((AD19*60)+AE19)-((AF19*60)+AG19)) -> 0 | BJ19: =(AD19*60)+AE19 -> 1070 | BK19: =IF(AND(AF19="",AG19=""),BJ19,((AF19*60)+AG19)) -> 1070 | BL19: =SUMIFS(BI$2:BI19,K$2:K19,"=Intermission")+SUMIFS(BI$2:BI19,K$2:K19,"=Timeout") -> 0 | BM19: =IF(Z19=1,0,IF(Z19=2,1080+BL19,IF(Z19=3,(1080*2)+BL19,0))) -> 0 | BN19: =IF(K19="Intermission",BN18,((1080)-((AD19*60)+AE19))+BM19) -> 10 | BO19: =IF(BN19<5,0,BN19-5) -> 5 | BP19: =BO19+BI19+5 -> 10 | BQ19: =IF(AH19="e","event_team_player_"&BR19,IF(AH19="o","opp_team_player_"&BR19,"")) -> event_team_player_1 | BR19: =COUNTIFS(S$3:S19,"="&S19,AH$3:AH19,"="&AH19) -> 1 | BS19: =IFERROR(VLOOKUP(BA19&BT19&X19,game_rosters!U:W,3,FALSE),"") -> P100206 | BT19: =IF(AQ19="","",IF(AND(AQ19="Away",AH19="e"),BC19,IF(AND(AQ19="Home",AH19="e"),BB19,IF(AND(AQ19="Away",AH19="o"),BB19,IF(AND(AQ19="Home",AH19="o"),BC19))))) -> Triple J
A20: =IF(K20<>"",1,IF(D20="x","x","")) -> x | D20: x | J20: =IF(OR(K20="Goal",K20="Shot",L20="Zone_Entry",M20="Stoppage-Goal",M19="Stoppage-Goal"),"o",IF(OR(K20="Save",K20="Rebound",L20="Zone_Exit",M20="Stoppage-GoalieStoppage",M19="Stoppage-GoalieStoppage"),"d",IF(OR(L20="Faceoff_AfterGoal",L20="Faceoff_PeriodStart",698="Faceoff_GameStart",M19="Stoppage-Goal"),"n",""))) | N20: =IF(K20="","",IF(K20="Goal","s",IF(AND(K20="Zone_Entry_Exit",OR(ISNUMBER(SEARCH("fail",L20)),ISNUMBER(SEARCH("FromExitClear",M20)),ISNUMBER(SEARCH("miss",M20)))),"u",IF(AND(K20="Zone_Entry_Exit",OR(NOT(ISNUMBER(SEARCH("fail",L20))),NOT(ISNUMBER(SEARCH("FromExitClear",M20))),NOT(ISNUMBER(SEARCH("miss",M20))))),"s",IF(AND(OR(K20="Shot",K20="Pass"),OR(ISNUMBER(SEARCH("complete",L20)),ISNUMBER(SEARCH("goal",L20)),ISNUMBER(SEARCH("OnNet",L20)))),"s",IF(L20="Turnover_Giveaway","u",IF(AND(OR(K20="Shot",K20="Pass"),OR(ISNUMBER(SEARCH("fail",L20)),NOT(ISNUMBER(SEARCH("complete",L20))),NOT(ISNUMBER(SEARCH("OnNet",L20))))),"u",""))))))) | Q20: =IF(O20="","",IF(AND(N20<>"",OR(O20<>"",P20<>"")),N20,IF(OR(ISNUMBER(SEARCH("attemp",O20)),ISNUMBER(SEARCH("beat",O20)),ISNUMBER(SEARCH("mis",O20)),ISNUMBER(SEARCH("fail",O20)),ISNUMBER(SEARCH("loss",O20)),ISNUMBER(SEARCH("lost",O20)),ISNUMBER(SEARCH("attemp",P20)),ISNUMBER(SEARCH("mis",P20)),ISNUMBER(SEARCH("fail",P20)),ISNUMBER(SEARCH("loss",P20)),ISNUMBER(SEARCH("beat",P20)),ISNUMBER(SEARCH("lost",P20))),"u",""))) | S20: =IF(A20=1,MAX($S$2:$S19)+1,IF(OR($I20<>"",A20="x"),$S19,"")) -> 10 | T20: =IF(D20=1,MAX($T$2:$T19)+1,IF(S20=S19,$T19,IF(D20="x",T19,IF(D19="x","","")))) -> 1 | U20: =IF(B20=1,MAX($U$2:$U19)+1,IF(AND($T20<>"",$T20=$T19),$U19,IF(B20="x",U19,""))) | V20: =IF(C20=1,MAX($V$2:$V19)+1,IF(AND($T20<>"",$T20=$T19),$U19,IF(C20="x",V19,""))) | W20: {=IFERROR(_xlfn._xlws.FILTER(game_rosters!AC:AC,(game_rosters!J:J=events!X20)*(K20<>"")),"")} | X20: {=IF($I20<>"",$I20,INDEX($I$1:$I20,ROW()-COUNTIFS($T$1:$T20,"="&$T20,$S$1:$S20,"<"&$S20)))} -> 16 | Y20: {=IFERROR(IF(_xlfn._xlws.FILTER(game_rosters!$J:$J,(game_rosters!$G:$G=events!$AM20)*(game_rosters!$J:$J=events!$X20))>0,1,""),"")} -> 1 | Z20: =IF(K20="Intermission",Z19+1,Z19) -> 1 | AA20: =S20+1000 -> 1010 | AB20: =IF(T20<>"",9000+T20,"") -> 9001 | AC20: =IF(AB20<>"",AB20,S20+1000) -> 9001 | AD20: =IF(E20<>"",E20,IF($AC20=$AC19,AD19,IF(AF19<>"",AF19,IF(AD19<>"",AD19,"")))) -> 17 | AE20: =IF(F20<>"",F20,IF($AC20=$AC19,AE19,IF(AG19<>"",AG19,IF(AE19<>"",AE19,"")))) -> 50 | AF20: =IF(G20<>"",G20,IF($AC20=$AC19,AF19,IF(H20="","",AD20))) | AG20: =IF(H20<>"",H20,IF($S20=$S19,AG19,"")) | AH20: =IF(Y20="x","",IF(Y20=1,"e","o")) -> e | AI20: =IF($J20<>"",$J20,IF($AC20=$AC19,AI19,"")) -> d | AJ20: =IF($J20<>"",$J20,IF($AC20=$AC19,AJ19,"")) -> d | AK20: =IF($W20="","",IF($AI20="","",IF($W20="h",$AI20,IF($AI20="n","n",IF(AND($W20="a",$AI20="d"),"o",IF(AND($W20="a",$AI20="o"),"d")))))) | AL20: =IF($W20="","",IF(J20="","",IF(AK20="n","n",IF(AK20="d","o",IF(AK20="o","d",""))))) | AM20: =IF(AN20="H","Home",IF(AN20="A","Away","")) -> Home | AN20: =IF($W20<>"",$W20,IF($AC20=AC19,AN19,"")) -> h | AO20: =IF(AK20<>"",AK20,IF($AC20=AC19,AO19,"")) -> d | AP20: =IF(AL20<>"",AL20,IF($AC20=AC19,AP19,"")) -> o | AQ20: =IF(AM20<>"",AM20,IF($AC20=#REF!,#REF!,"")) -> Home | AR20: =IF(AN20<>"",AN20,IF($AC20=AC19,AQ19,"")) -> h | AS20: =IF(AND(AH20="e",OR(BD20="Save",BE20="Turnover_Takeaway",BE20="Play_Defensive")),"Defensive",IF(AND(AH20="o",OR(BD20="Save",BE20="Turnover_Takeaway",BE20="Play_Defensive")),"Offensive",IF(OR(BD20="Deadice",BD20="Stoppage",BD20="Intermission"),"",IF(AH20="e","Offensive",IF(AH20="o","Defensive",""))))) -> Offensive | AT20: =IF(U20<>"",U20+5000,"") | AU20: =IF(V20<>"",V20+6000,"") | AV20: {=IFERROR(IF(O20<>"",O20,IF(OR($S20="",$T20=""),"",IF(O20<>"",O20,IF($T20<>"",_xlfn._xlws.FILTER(O:O,($BT:$BT=$BT20)*($I:$I=$I20)*($T:$T=$T20)*($S:$S=_xlfn.MINIFS($S:$S,$T:$T,"="&$T20)),"")))))&"",IF(O20="","",""))&""} | AW20: {=IFERROR(IF(P20<>"",P20,IF(OR($S20="",$T20=""),"",IF($T20<>"",_xlfn._xlws.FILTER(P:P,($BT:$BT=$BT20)*($I:$I=$I20)*($T:$T=$T20)*($S:$S=_xlfn.MINIFS($S:$S,$T:$T,"="&$T20)),""))))&"",IF(P20="","",""))&""} | AX20: {=IFERROR(IF(Q20<>"",Q20,IF(OR($S20="",$T20=""),"",IF($T20<>"",_xlfn._xlws.FILTER(Q:Q,($BT:$BT=$BT20)*($I:$I=$I20)*($T:$T=$T20)*($S:$S=_xlfn.MINIFS($S:$S,$T:$T,"="&$T20)),""))))&"",IF(Q20="","",""))&""} | AY20: {=IFERROR(IF(R20<>"",R20,IF(OR($S20="",$T20=""),"",IF($T20<>"",_xlfn._xlws.FILTER(R:R,($BT:$BT=$BT20)*($I:$I=$I20)*($T:$T=$T20)*($S:$S=_xlfn.MINIFS($S:$S,$T:$T,"="&$T20)),""))))&"",IF(R20="","",""))&""} | AZ20: =IF(OR(L20="Zone_Entry",L20="Zone_Exit"),AZ19+1,AZ19) -> 3 | BA20: =BA19 -> 18991 | BB20: =BB19 -> Triple J | BC20: =BC19 -> Velodrome | BD20: =IF($K20<>"",$K20,IF($S20=$S19,BD19,"")) -> Turnover | BE20: =IF(L20<>"",L20,IF($S20=$S19,BE19,"")) -> Turnover_Giveaway | BF20: =IF(M20<>"",M20,IF($S20=$S19,BF19,"")) -> Giveaway-PassMissed | BG20: =IF($N20<>"",$N20,IF($S20=$S19,BG19,"")) -> u | BH20: {=IFERROR(_xlfn._xlws.FILTER(shifts!A:A,(shifts!B:B=events!Z20)*(shifts!AG:AG>=events!BJ20)*(shifts!AH:AH<=events!BK20)),BH19)} -> 1 | BI20: =IF(AND(AF20="",AG20=""),0,((AD20*60)+AE20)-((AF20*60)+AG20)) -> 0 | BJ20: =(AD20*60)+AE20 -> 1070 | BK20: =IF(AND(AF20="",AG20=""),BJ20,((AF20*60)+AG20)) -> 1070 | BL20: =SUMIFS(BI$2:BI20,K$2:K20,"=Intermission")+SUMIFS(BI$2:BI20,K$2:K20,"=Timeout") -> 0 | BM20: =IF(Z20=1,0,IF(Z20=2,1080+BL20,IF(Z20=3,(1080*2)+BL20,0))) -> 0 | BN20: =IF(K20="Intermission",BN19,((1080)-((AD20*60)+AE20))+BM20) -> 10 | BO20: =IF(BN20<5,0,BN20-5) -> 5 | BP20: =BO20+BI20+5 -> 10 | BQ20: =IF(AH20="e","event_team_player_"&BR20,IF(AH20="o","opp_team_player_"&BR20,"")) -> event_team_player_2 | BR20: =COUNTIFS(S$3:S20,"="&S20,AH$3:AH20,"="&AH20) -> 2 | BS20: =IFERROR(VLOOKUP(BA20&BT20&X20,game_rosters!U:W,3,FALSE),"") -> P100094 | BT20: =IF(AQ20="","",IF(AND(AQ20="Away",AH20="e"),BC20,IF(AND(AQ20="Home",AH20="e"),BB20,IF(AND(AQ20="Away",AH20="o"),BB20,IF(AND(AQ20="Home",AH20="o"),BC20))))) -> Triple J
A21: =IF(K21<>"",1,IF(D21="x","x","")) -> 1 | D21: x | J21: =IF(OR(K21="Goal",K21="Shot",L21="Zone_Entry",M21="Stoppage-Goal",M20="Stoppage-Goal"),"o",IF(OR(K21="Save",K21="Rebound",L21="Zone_Exit",M21="Stoppage-GoalieStoppage",M20="Stoppage-GoalieStoppage"),"d",IF(OR(L21="Faceoff_AfterGoal",L21="Faceoff_PeriodStart",698="Faceoff_GameStart",M20="Stoppage-Goal"),"n",""))) -> o | K21: Zone_Entry_Exit | L21: Zone_Entry | M21: ZoneEntry-PassMiss/Misplay | N21: =IF(K21="","",IF(K21="Goal","s",IF(AND(K21="Zone_Entry_Exit",OR(ISNUMBER(SEARCH("fail",L21)),ISNUMBER(SEARCH("FromExitClear",M21)),ISNUMBER(SEARCH("miss",M21)))),"u",IF(AND(K21="Zone_Entry_Exit",OR(NOT(ISNUMBER(SEARCH("fail",L21))),NOT(ISNUMBER(SEARCH("FromExitClear",M21))),NOT(ISNUMBER(SEARCH("miss",M21))))),"s",IF(AND(OR(K21="Shot",K21="Pass"),OR(ISNUMBER(SEARCH("complete",L21)),ISNUMBER(SEARCH("goal",L21)),ISNUMBER(SEARCH("OnNet",L21)))),"s",IF(L21="Turnover_Giveaway","u",IF(AND(OR(K21="Shot",K21="Pass"),OR(ISNUMBER(SEARCH("fail",L21)),NOT(ISNUMBER(SEARCH("complete",L21))),NOT(ISNUMBER(SEARCH("OnNet",L21))))),"u",""))))))) -> u | Q21: =IF(O21="","",IF(AND(N21<>"",OR(O21<>"",P21<>"")),N21,IF(OR(ISNUMBER(SEARCH("attemp",O21)),ISNUMBER(SEARCH("beat",O21)),ISNUMBER(SEARCH("mis",O21)),ISNUMBER(SEARCH("fail",O21)),ISNUMBER(SEARCH("loss",O21)),ISNUMBER(SEARCH("lost",O21)),ISNUMBER(SEARCH("attemp",P21)),ISNUMBER(SEARCH("mis",P21)),ISNUMBER(SEARCH("fail",P21)),ISNUMBER(SEARCH("loss",P21)),ISNUMBER(SEARCH("beat",P21)),ISNUMBER(SEARCH("lost",P21))),"u",""))) | S21: =IF(A21=1,MAX($S$2:$S20)+1,IF(OR($I21<>"",A21="x"),$S20,"")) -> 11 | T21: =IF(D21=1,MAX($T$2:$T20)+1,IF(S21=S20,$T20,IF(D21="x",T20,IF(D20="x","","")))) -> 1 | U21: =IF(B21=1,MAX($U$2:$U20)+1,IF(AND($T21<>"",$T21=$T20),$U20,IF(B21="x",U20,""))) | V21: =IF(C21=1,MAX($V$2:$V20)+1,IF(AND($T21<>"",$T21=$T20),$U20,IF(C21="x",V20,""))) | W21: {=IFERROR(_xlfn._xlws.FILTER(game_rosters!AC:AC,(game_rosters!J:J=events!X21)*(K21<>"")),"")} -> h | X21: {=IF($I21<>"",$I21,INDEX($I$1:$I21,ROW()-COUNTIFS($T$1:$T21,"="&$T21,$S$1:$S21,"<"&$S21)))} -> 41 | Y21: {=IFERROR(IF(_xlfn._xlws.FILTER(game_rosters!$J:$J,(game_rosters!$G:$G=events!$AM21)*(game_rosters!$J:$J=events!$X21))>0,1,""),"")} -> 1 | Z21: =IF(K21="Intermission",Z20+1,Z20) -> 1 | AA21: =S21+1000 -> 1011 | AB21: =IF(T21<>"",9000+T21,"") -> 9001 | AC21: =IF(AB21<>"",AB21,S21+1000) -> 9001 | AD21: =IF(E21<>"",E21,IF($AC21=$AC20,AD20,IF(AF20<>"",AF20,IF(AD20<>"",AD20,"")))) -> 17 | AE21: =IF(F21<>"",F21,IF($AC21=$AC20,AE20,IF(AG20<>"",AG20,IF(AE20<>"",AE20,"")))) -> 50 | AF21: =IF(G21<>"",G21,IF($AC21=$AC20,AF20,IF(H21="","",AD21))) | AG21: =IF(H21<>"",H21,IF($S21=$S20,AG20,"")) | AH21: =IF(Y21="x","",IF(Y21=1,"e","o")) -> e | AI21: =IF($J21<>"",$J21,IF($AC21=$AC20,AI20,"")) -> o | AJ21: =IF($J21<>"",$J21,IF($AC21=$AC20,AJ20,"")) -> o | AK21: =IF($W21="","",IF($AI21="","",IF($W21="h",$AI21,IF($AI21="n","n",IF(AND($W21="a",$AI21="d"),"o",IF(AND($W21="a",$AI21="o"),"d")))))) -> o | AL21: =IF($W21="","",IF(J21="","",IF(AK21="n","n",IF(AK21="d","o",IF(AK21="o","d",""))))) -> d | AM21: =IF(AN21="H","Home",IF(AN21="A","Away","")) -> Home | AN21: =IF($W21<>"",$W21,IF($AC21=AC20,AN20,"")) -> h | AO21: =IF(AK21<>"",AK21,IF($AC21=AC20,AO20,"")) -> o | AP21: =IF(AL21<>"",AL21,IF($AC21=AC20,AP20,"")) -> d | AQ21: =IF(AM21<>"",AM21,IF($AC21=#REF!,#REF!,"")) -> Home | AR21: =IF(AN21<>"",AN21,IF($AC21=AC20,AQ20,"")) -> h | AS21: =IF(AND(AH21="e",OR(BD21="Save",BE21="Turnover_Takeaway",BE21="Play_Defensive")),"Defensive",IF(AND(AH21="o",OR(BD21="Save",BE21="Turnover_Takeaway",BE21="Play_Defensive")),"Offensive",IF(OR(BD21="Deadice",BD21="Stoppage",BD21="Intermission"),"",IF(AH21="e","Offensive",IF(AH21="o","Defensive",""))))) -> Offensive | AT21: =IF(U21<>"",U21+5000,"") | AU21: =IF(V21<>"",V21+6000,"") | AV21: {=IFERROR(IF(O21<>"",O21,IF(OR($S21="",$T21=""),"",IF(O21<>"",O21,IF($T21<>"",_xlfn._xlws.FILTER(O:O,($BT:$BT=$BT21)*($I:$I=$I21)*($T:$T=$T21)*($S:$S=_xlfn.MINIFS($S:$S,$T:$T,"="&$T21)),"")))))&"",IF(O21="","",""))&""} | AW21: {=IFERROR(IF(P21<>"",P21,IF(OR($S21="",$T21=""),"",IF($T21<>"",_xlfn._xlws.FILTER(P:P,($BT:$BT=$BT21)*($I:$I=$I21)*($T:$T=$T21)*($S:$S=_xlfn.MINIFS($S:$S,$T:$T,"="&$T21)),""))))&"",IF(P21="","",""))&""} | AX21: {=IFERROR(IF(Q21<>"",Q21,IF(OR($S21="",$T21=""),"",IF($T21<>"",_xlfn._xlws.FILTER(Q:Q,($BT:$BT=$BT21)*($I:$I=$I21)*($T:$T=$T21)*($S:$S=_xlfn.MINIFS($S:$S,$T:$T,"="&$T21)),""))))&"",IF(Q21="","",""))&""} | AY21: {=IFERROR(IF(R21<>"",R21,IF(OR($S21="",$T21=""),"",IF($T21<>"",_xlfn._xlws.FILTER(R:R,($BT:$BT=$BT21)*($I:$I=$I21)*($T:$T=$T21)*($S:$S=_xlfn.MINIFS($S:$S,$T:$T,"="&$T21)),""))))&"",IF(R21="","",""))&""} | AZ21: =IF(OR(L21="Zone_Entry",L21="Zone_Exit"),AZ20+1,AZ20) -> 4 | BA21: =BA20 -> 18991 | BB21: =BB20 -> Triple J | BC21: =BC20 -> Velodrome | BD21: =IF($K21<>"",$K21,IF($S21=$S20,BD20,"")) -> Zone_Entry_Exit | BE21: =IF(L21<>"",L21,IF($S21=$S20,BE20,"")) -> Zone_Entry | BF21: =IF(M21<>"",M21,IF($S21=$S20,BF20,"")) -> ZoneEntry-PassMiss/Misplay | BG21: =IF($N21<>"",$N21,IF($S21=$S20,BG20,"")) -> u | BH21: {=IFERROR(_xlfn._xlws.FILTER(shifts!A:A,(shifts!B:B=events!Z21)*(shifts!AG:AG>=events!BJ21)*(shifts!AH:AH<=events!BK21)),BH20)} -> 1 | BI21: =IF(AND(AF21="",AG21=""),0,((AD21*60)+AE21)-((AF21*60)+AG21)) -> 0 | BJ21: =(AD21*60)+AE21 -> 1070 | BK21: =IF(AND(AF21="",AG21=""),BJ21,((AF21*60)+AG21)) -> 1070 | BL21: =SUMIFS(BI$2:BI21,K$2:K21,"=Intermission")+SUMIFS(BI$2:BI21,K$2:K21,"=Timeout") -> 0 | BM21: =IF(Z21=1,0,IF(Z21=2,1080+BL21,IF(Z21=3,(1080*2)+BL21,0))) -> 0 | BN21: =IF(K21="Intermission",BN20,((1080)-((AD21*60)+AE21))+BM21) -> 10 | BO21: =IF(BN21<5,0,BN21-5) -> 5 | BP21: =BO21+BI21+5 -> 10 | BQ21: =IF(AH21="e","event_team_player_"&BR21,IF(AH21="o","opp_team_player_"&BR21,"")) -> event_team_player_1 | BR21: =COUNTIFS(S$3:S21,"="&S21,AH$3:AH21,"="&AH21) -> 1 | BS21: =IFERROR(VLOOKUP(BA21&BT21&X21,game_rosters!U:W,3,FALSE),"") -> P100206 | BT21: =IF(AQ21="","",IF(AND(AQ21="Away",AH21="e"),BC21,IF(AND(AQ21="Home",AH21="e"),BB21,IF(AND(AQ21="Away",AH21="o"),BB21,IF(AND(AQ21="Home",AH21="o"),BC21))))) -> Triple J
A22: =IF(K22<>"",1,IF(D22="x","x","")) -> x | D22: x | J22: =IF(OR(K22="Goal",K22="Shot",L22="Zone_Entry",M22="Stoppage-Goal",M21="Stoppage-Goal"),"o",IF(OR(K22="Save",K22="Rebound",L22="Zone_Exit",M22="Stoppage-GoalieStoppage",M21="Stoppage-GoalieStoppage"),"d",IF(OR(L22="Faceoff_AfterGoal",L22="Faceoff_PeriodStart",698="Faceoff_GameStart",M21="Stoppage-Goal"),"n",""))) | N22: =IF(K22="","",IF(K22="Goal","s",IF(AND(K22="Zone_Entry_Exit",OR(ISNUMBER(SEARCH("fail",L22)),ISNUMBER(SEARCH("FromExitClear",M22)),ISNUMBER(SEARCH("miss",M22)))),"u",IF(AND(K22="Zone_Entry_Exit",OR(NOT(ISNUMBER(SEARCH("fail",L22))),NOT(ISNUMBER(SEARCH("FromExitClear",M22))),NOT(ISNUMBER(SEARCH("miss",M22))))),"s",IF(AND(OR(K22="Shot",K22="Pass"),OR(ISNUMBER(SEARCH("complete",L22)),ISNUMBER(SEARCH("goal",L22)),ISNUMBER(SEARCH("OnNet",L22)))),"s",IF(L22="Turnover_Giveaway","u",IF(AND(OR(K22="Shot",K22="Pass"),OR(ISNUMBER(SEARCH("fail",L22)),NOT(ISNUMBER(SEARCH("complete",L22))),NOT(ISNUMBER(SEARCH("OnNet",L22))))),"u",""))))))) | Q22: =IF(O22="","",IF(AND(N22<>"",OR(O22<>"",P22<>"")),N22,IF(OR(ISNUMBER(SEARCH("attemp",O22)),ISNUMBER(SEARCH("beat",O22)),ISNUMBER(SEARCH("mis",O22)),ISNUMBER(SEARCH("fail",O22)),ISNUMBER(SEARCH("loss",O22)),ISNUMBER(SEARCH("lost",O22)),ISNUMBER(SEARCH("attemp",P22)),ISNUMBER(SEARCH("mis",P22)),ISNUMBER(SEARCH("fail",P22)),ISNUMBER(SEARCH("loss",P22)),ISNUMBER(SEARCH("beat",P22)),ISNUMBER(SEARCH("lost",P22))),"u",""))) | S22: =IF(A22=1,MAX($S$2:$S21)+1,IF(OR($I22<>"",A22="x"),$S21,"")) -> 11 | T22: =IF(D22=1,MAX($T$2:$T21)+1,IF(S22=S21,$T21,IF(D22="x",T21,IF(D21="x","","")))) -> 1 | U22: =IF(B22=1,MAX($U$2:$U21)+1,IF(AND($T22<>"",$T22=$T21),$U21,IF(B22="x",U21,""))) | V22: =IF(C22=1,MAX($V$2:$V21)+1,IF(AND($T22<>"",$T22=$T21),$U21,IF(C22="x",V21,""))) | W22: {=IFERROR(_xlfn._xlws.FILTER(game_rosters!AC:AC,(game_rosters!J:J=events!X22)*(K22<>"")),"")} | X22: {=IF($I22<>"",$I22,INDEX($I$1:$I22,ROW()-COUNTIFS($T$1:$T22,"="&$T22,$S$1:$S22,"<"&$S22)))} -> 16 | Y22: {=IFERROR(IF(_xlfn._xlws.FILTER(game_rosters!$J:$J,(game_rosters!$G:$G=events!$AM22)*(game_rosters!$J:$J=events!$X22))>0,1,""),"")} -> 1 | Z22: =IF(K22="Intermission",Z21+1,Z21) -> 1 | AA22: =S22+1000 -> 1011 | AB22: =IF(T22<>"",9000+T22,"") -> 9001 | AC22: =IF(AB22<>"",AB22,S22+1000) -> 9001 | AD22: =IF(E22<>"",E22,IF($AC22=$AC21,AD21,IF(AF21<>"",AF21,IF(AD21<>"",AD21,"")))) -> 17 | AE22: =IF(F22<>"",F22,IF($AC22=$AC21,AE21,IF(AG21<>"",AG21,IF(AE21<>"",AE21,"")))) -> 50 | AF22: =IF(G22<>"",G22,IF($AC22=$AC21,AF21,IF(H22="","",AD22))) | AG22: =IF(H22<>"",H22,IF($S22=$S21,AG21,"")) | AH22: =IF(Y22="x","",IF(Y22=1,"e","o")) -> e | AI22: =IF($J22<>"",$J22,IF($AC22=$AC21,AI21,"")) -> o | AJ22: =IF($J22<>"",$J22,IF($AC22=$AC21,AJ21,"")) -> o | AK22: =IF($W22="","",IF($AI22="","",IF($W22="h",$AI22,IF($AI22="n","n",IF(AND($W22="a",$AI22="d"),"o",IF(AND($W22="a",$AI22="o"),"d")))))) | AL22: =IF($W22="","",IF(J22="","",IF(AK22="n","n",IF(AK22="d","o",IF(AK22="o","d",""))))) | AM22: =IF(AN22="H","Home",IF(AN22="A","Away","")) -> Home | AN22: =IF($W22<>"",$W22,IF($AC22=AC21,AN21,"")) -> h | AO22: =IF(AK22<>"",AK22,IF($AC22=AC21,AO21,"")) -> o | AP22: =IF(AL22<>"",AL22,IF($AC22=AC21,AP21,"")) -> d | AQ22: =IF(AM22<>"",AM22,IF($AC22=#REF!,#REF!,"")) -> Home | AR22: =IF(AN22<>"",AN22,IF($AC22=AC21,AQ21,"")) -> h | AS22: =IF(AND(AH22="e",OR(BD22="Save",BE22="Turnover_Takeaway",BE22="Play_Defensive")),"Defensive",IF(AND(AH22="o",OR(BD22="Save",BE22="Turnover_Takeaway",BE22="Play_Defensive")),"Offensive",IF(OR(BD22="Deadice",BD22="Stoppage",BD22="Intermission"),"",IF(AH22="e","Offensive",IF(AH22="o","Defensive",""))))) -> Offensive | AT22: =IF(U22<>"",U22+5000,"") | AU22: =IF(V22<>"",V22+6000,"") | AV22: {=IFERROR(IF(O22<>"",O22,IF(OR($S22="",$T22=""),"",IF(O22<>"",O22,IF($T22<>"",_xlfn._xlws.FILTER(O:O,($BT:$BT=$BT22)*($I:$I=$I22)*($T:$T=$T22)*($S:$S=_xlfn.MINIFS($S:$S,$T:$T,"="&$T22)),"")))))&"",IF(O22="","",""))&""} | AW22: {=IFERROR(IF(P22<>"",P22,IF(OR($S22="",$T22=""),"",IF($T22<>"",_xlfn._xlws.FILTER(P:P,($BT:$BT=$BT22)*($I:$I=$I22)*($T:$T=$T22)*($S:$S=_xlfn.MINIFS($S:$S,$T:$T,"="&$T22)),""))))&"",IF(P22="","",""))&""} | AX22: {=IFERROR(IF(Q22<>"",Q22,IF(OR($S22="",$T22=""),"",IF($T22<>"",_xlfn._xlws.FILTER(Q:Q,($BT:$BT=$BT22)*($I:$I=$I22)*($T:$T=$T22)*($S:$S=_xlfn.MINIFS($S:$S,$T:$T,"="&$T22)),""))))&"",IF(Q22="","",""))&""} | AY22: {=IFERROR(IF(R22<>"",R22,IF(OR($S22="",$T22=""),"",IF($T22<>"",_xlfn._xlws.FILTER(R:R,($BT:$BT=$BT22)*($I:$I=$I22)*($T:$T=$T22)*($S:$S=_xlfn.MINIFS($S:$S,$T:$T,"="&$T22)),""))))&"",IF(R22="","",""))&""} | AZ22: =IF(OR(L22="Zone_Entry",L22="Zone_Exit"),AZ21+1,AZ21) -> 4 | BA22: =BA21 -> 18991 | BB22: =BB21 -> Triple J | BC22: =BC21 -> Velodrome | BD22: =IF($K22<>"",$K22,IF($S22=$S21,BD21,"")) -> Zone_Entry_Exit | BE22: =IF(L22<>"",L22,IF($S22=$S21,BE21,"")) -> Zone_Entry | BF22: =IF(M22<>"",M22,IF($S22=$S21,BF21,"")) -> ZoneEntry-PassMiss/Misplay | BG22: =IF($N22<>"",$N22,IF($S22=$S21,BG21,"")) -> u | BH22: {=IFERROR(_xlfn._xlws.FILTER(shifts!A:A,(shifts!B:B=events!Z22)*(shifts!AG:AG>=events!BJ22)*(shifts!AH:AH<=events!BK22)),BH21)} -> 1 | BI22: =IF(AND(AF22="",AG22=""),0,((AD22*60)+AE22)-((AF22*60)+AG22)) -> 0 | BJ22: =(AD22*60)+AE22 -> 1070 | BK22: =IF(AND(AF22="",AG22=""),BJ22,((AF22*60)+AG22)) -> 1070 | BL22: =SUMIFS(BI$2:BI22,K$2:K22,"=Intermission")+SUMIFS(BI$2:BI22,K$2:K22,"=Timeout") -> 0 | BM22: =IF(Z22=1,0,IF(Z22=2,1080+BL22,IF(Z22=3,(1080*2)+BL22,0))) -> 0 | BN22: =IF(K22="Intermission",BN21,((1080)-((AD22*60)+AE22))+BM22) -> 10 | BO22: =IF(BN22<5,0,BN22-5) -> 5 | BP22: =BO22+BI22+5 -> 10 | BQ22: =IF(AH22="e","event_team_player_"&BR22,IF(AH22="o","opp_team_player_"&BR22,"")) -> event_team_player_2 | BR22: =COUNTIFS(S$3:S22,"="&S22,AH$3:AH22,"="&AH22) -> 2 | BS22: =IFERROR(VLOOKUP(BA22&BT22&X22,game_rosters!U:W,3,FALSE),"") -> P100094 | BT22: =IF(AQ22="","",IF(AND(AQ22="Away",AH22="e"),BC22,IF(AND(AQ22="Home",AH22="e"),BB22,IF(AND(AQ22="Away",AH22="o"),BB22,IF(AND(AQ22="Home",AH22="o"),BC22))))) -> Triple J
A23: =IF(K23<>"",1,IF(D23="x","x","")) -> 1 | F23: 46 | I23: 84 | J23: d | K23: Possession | L23: PuckRetrieval | N23: u | O23: PuckRecoveryRetreivalTurnover | Q23: =IF(O23="","",IF(AND(N23<>"",OR(O23<>"",P23<>"")),N23,IF(OR(ISNUMBER(SEARCH("attemp",O23)),ISNUMBER(SEARCH("beat",O23)),ISNUMBER(SEARCH("mis",O23)),ISNUMBER(SEARCH("fail",O23)),ISNUMBER(SEARCH("loss",O23)),ISNUMBER(SEARCH("lost",O23)),ISNUMBER(SEARCH("attemp",P23)),ISNUMBER(SEARCH("mis",P23)),ISNUMBER(SEARCH("fail",P23)),ISNUMBER(SEARCH("loss",P23)),ISNUMBER(SEARCH("beat",P23)),ISNUMBER(SEARCH("lost",P23))),"u",""))) -> u | S23: =IF(A23=1,MAX($S$2:$S22)+1,IF(OR($I23<>"",A23="x"),$S22,"")) -> 12 | T23: =IF(D23=1,MAX($T$2:$T22)+1,IF(S23=S22,$T22,IF(D23="x",T22,IF(D22="x","","")))) | U23: =IF(B23=1,MAX($U$2:$U22)+1,IF(AND($T23<>"",$T23=$T22),$U22,IF(B23="x",U22,""))) | V23: =IF(C23=1,MAX($V$2:$V22)+1,IF(AND($T23<>"",$T23=$T22),$U22,IF(C23="x",V22,""))) | W23: {=IFERROR(_xlfn._xlws.FILTER(game_rosters!AC:AC,(game_rosters!J:J=events!X23)*(K23<>"")),"")} -> a | X23: {=IF($I23<>"",$I23,INDEX($I$1:$I23,ROW()-COUNTIFS($T$1:$T23,"="&$T23,$S$1:$S23,"<"&$S23)))} -> 84 | Y23: {=IFERROR(IF(_xlfn._xlws.FILTER(game_rosters!$J:$J,(game_rosters!$G:$G=events!$AM23)*(game_rosters!$J:$J=events!$X23))>0,1,""),"")} -> 1 | Z23: =IF(K23="Intermission",Z22+1,Z22) -> 1 | AA23: =S23+1000 -> 1012 | AB23: =IF(T23<>"",9000+T23,"") | AC23: =IF(AB23<>"",AB23,S23+1000) -> 1012 | AD23: =IF(E23<>"",E23,IF($AC23=$AC22,AD22,IF(AF22<>"",AF22,IF(AD22<>"",AD22,"")))) -> 17 | AE23: =IF(F23<>"",F23,IF($AC23=$AC22,AE22,IF(AG22<>"",AG22,IF(AE22<>"",AE22,"")))) -> 46 | AF23: =IF(G23<>"",G23,IF($AC23=$AC22,AF22,IF(H23="","",AD23))) | AG23: =IF(H23<>"",H23,IF($S23=$S22,AG22,"")) | AH23: =IF(Y23="x","",IF(Y23=1,"e","o")) -> e | AI23: =IF($J23<>"",$J23,IF($AC23=$AC22,AI22,"")) -> d | AJ23: =IF($J23<>"",$J23,IF($AC23=$AC22,AJ22,"")) -> d | AK23: =IF($W23="","",IF($AI23="","",IF($W23="h",$AI23,IF($AI23="n","n",IF(AND($W23="a",$AI23="d"),"o",IF(AND($W23="a",$AI23="o"),"d")))))) -> o | AL23: =IF($W23="","",IF(J23="","",IF(AK23="n","n",IF(AK23="d","o",IF(AK23="o","d",""))))) -> d | AM23: =IF(AN23="H","Home",IF(AN23="A","Away","")) -> Away | AN23: =IF($W23<>"",$W23,IF($AC23=AC22,AN22,"")) -> a | AO23: =IF(AK23<>"",AK23,IF($AC23=AC22,AO22,"")) -> o | AP23: =IF(AL23<>"",AL23,IF($AC23=AC22,AP22,"")) -> d | AQ23: =IF(AM23<>"",AM23,IF($AC23=#REF!,#REF!,"")) -> Away | AR23: =IF(AN23<>"",AN23,IF($AC23=AC22,AQ22,"")) -> a | AS23: =IF(AND(AH23="e",OR(BD23="Save",BE23="Turnover_Takeaway",BE23="Play_Defensive")),"Defensive",IF(AND(AH23="o",OR(BD23="Save",BE23="Turnover_Takeaway",BE23="Play_Defensive")),"Offensive",IF(OR(BD23="Deadice",BD23="Stoppage",BD23="Intermission"),"",IF(AH23="e","Offensive",IF(AH23="o","Defensive",""))))) -> Offensive | AT23: =IF(U23<>"",U23+5000,"") | AU23: =IF(V23<>"",V23+6000,"") | AV23: {=IFERROR(IF(O23<>"",O23,IF(OR($S23="",$T23=""),"",IF(O23<>"",O23,IF($T23<>"",_xlfn._xlws.FILTER(O:O,($BT:$BT=$BT23)*($I:$I=$I23)*($T:$T=$T23)*($S:$S=_xlfn.MINIFS($S:$S,$T:$T,"="&$T23)),"")))))&"",IF(O23="","",""))&""} -> PuckRecoveryRetreivalTurnover | AW23: {=IFERROR(IF(P23<>"",P23,IF(OR($S23="",$T23=""),"",IF($T23<>"",_xlfn._xlws.FILTER(P:P,($BT:$BT=$BT23)*($I:$I=$I23)*($T:$T=$T23)*($S:$S=_xlfn.MINIFS($S:$S,$T:$T,"="&$T23)),""))))&"",IF(P23="","",""))&""} | AX23: {=IFERROR(IF(Q23<>"",Q23,IF(OR($S23="",$T23=""),"",IF($T23<>"",_xlfn._xlws.FILTER(Q:Q,($BT:$BT=$BT23)*($I:$I=$I23)*($T:$T=$T23)*($S:$S=_xlfn.MINIFS($S:$S,$T:$T,"="&$T23)),""))))&"",IF(Q23="","",""))&""} -> u | AY23: {=IFERROR(IF(R23<>"",R23,IF(OR($S23="",$T23=""),"",IF($T23<>"",_xlfn._xlws.FILTER(R:R,($BT:$BT=$BT23)*($I:$I=$I23)*($T:$T=$T23)*($S:$S=_xlfn.MINIFS($S:$S,$T:$T,"="&$T23)),""))))&"",IF(R23="","",""))&""} | AZ23: =IF(OR(L23="Zone_Entry",L23="Zone_Exit"),AZ22+1,AZ22) -> 4 | BA23: =BA22 -> 18991 | BB23: =BB22 -> Triple J | BC23: =BC22 -> Velodrome | BD23: =IF($K23<>"",$K23,IF($S23=$S22,BD22,"")) -> Possession | BE23: =IF(L23<>"",L23,IF($S23=$S22,BE22,"")) -> PuckRetrieval | BF23: =IF(M23<>"",M23,IF($S23=$S22,BF22,"")) | BG23: =IF($N23<>"",$N23,IF($S23=$S22,BG22,"")) -> u | BH23: {=IFERROR(_xlfn._xlws.FILTER(shifts!A:A,(shifts!B:B=events!Z23)*(shifts!AG:AG>=events!BJ23)*(shifts!AH:AH<=events!BK23)),BH22)} -> 1 | BI23: =IF(AND(AF23="",AG23=""),0,((AD23*60)+AE23)-((AF23*60)+AG23)) -> 0 | BJ23: =(AD23*60)+AE23 -> 1066 | BK23: =IF(AND(AF23="",AG23=""),BJ23,((AF23*60)+AG23)) -> 1066 | BL23: =SUMIFS(BI$2:BI23,K$2:K23,"=Intermission")+SUMIFS(BI$2:BI23,K$2:K23,"=Timeout") -> 0 | BM23: =IF(Z23=1,0,IF(Z23=2,1080+BL23,IF(Z23=3,(1080*2)+BL23,0))) -> 0 | BN23: =IF(K23="Intermission",BN22,((1080)-((AD23*60)+AE23))+BM23) -> 14 | BO23: =IF(BN23<5,0,BN23-5) -> 9 | BP23: =BO23+BI23+5 -> 14 | BQ23: =IF(AH23="e","event_team_player_"&BR23,IF(AH23="o","opp_team_player_"&BR23,"")) -> event_team_player_1 | BR23: =COUNTIFS(S$3:S23,"="&S23,AH$3:AH23,"="&AH23) -> 1 | BS23: =IFERROR(VLOOKUP(BA23&BT23&X23,game_rosters!U:W,3,FALSE),"") -> P100198 | BT23: =IF(AQ23="","",IF(AND(AQ23="Away",AH23="e"),BC23,IF(AND(AQ23="Home",AH23="e"),BB23,IF(AND(AQ23="Away",AH23="o"),BB23,IF(AND(AQ23="Home",AH23="o"),BC23))))) -> Velodrome
A24: =IF(K24<>"",1,IF(D24="x","x","")) -> 1 | D24: 1 | I24: 84 | J24: d | K24: Turnover | L24: Turnover_Giveaway | M24: Giveaway-AttemptedZoneClear/Dump | N24: =IF(K24="","",IF(K24="Goal","s",IF(AND(K24="Zone_Entry_Exit",OR(ISNUMBER(SEARCH("fail",L24)),ISNUMBER(SEARCH("FromExitClear",M24)),ISNUMBER(SEARCH("miss",M24)))),"u",IF(AND(K24="Zone_Entry_Exit",OR(NOT(ISNUMBER(SEARCH("fail",L24))),NOT(ISNUMBER(SEARCH("FromExitClear",M24))),NOT(ISNUMBER(SEARCH("miss",M24))))),"s",IF(AND(OR(K24="Shot",K24="Pass"),OR(ISNUMBER(SEARCH("complete",L24)),ISNUMBER(SEARCH("goal",L24)),ISNUMBER(SEARCH("OnNet",L24)))),"s",IF(L24="Turnover_Giveaway","u",IF(AND(OR(K24="Shot",K24="Pass"),OR(ISNUMBER(SEARCH("fail",L24)),NOT(ISNUMBER(SEARCH("complete",L24))),NOT(ISNUMBER(SEARCH("OnNet",L24))))),"u",""))))))) -> u | O24: AttemptedBreakOutClear | P24: SecondTouch | Q24: =IF(O24="","",IF(AND(N24<>"",OR(O24<>"",P24<>"")),N24,IF(OR(ISNUMBER(SEARCH("attemp",O24)),ISNUMBER(SEARCH("beat",O24)),ISNUMBER(SEARCH("mis",O24)),ISNUMBER(SEARCH("fail",O24)),ISNUMBER(SEARCH("loss",O24)),ISNUMBER(SEARCH("lost",O24)),ISNUMBER(SEARCH("attemp",P24)),ISNUMBER(SEARCH("mis",P24)),ISNUMBER(SEARCH("fail",P24)),ISNUMBER(SEARCH("loss",P24)),ISNUMBER(SEARCH("beat",P24)),ISNUMBER(SEARCH("lost",P24))),"u",""))) -> u | R24: 1 | S24: =IF(A24=1,MAX($S$2:$S23)+1,IF(OR($I24<>"",A24="x"),$S23,"")) -> 13 | T24: =IF(D24=1,MAX($T$2:$T23)+1,IF(S24=S23,$T23,IF(D24="x",T23,IF(D23="x","","")))) -> 2 | U24: =IF(B24=1,MAX($U$2:$U23)+1,IF(AND($T24<>"",$T24=$T23),$U23,IF(B24="x",U23,""))) | V24: =IF(C24=1,MAX($V$2:$V23)+1,IF(AND($T24<>"",$T24=$T23),$U23,IF(C24="x",V23,""))) | W24: {=IFERROR(_xlfn._xlws.FILTER(game_rosters!AC:AC,(game_rosters!J:J=events!X24)*(K24<>"")),"")} -> a | X24: {=IF($I24<>"",$I24,INDEX($I$1:$I24,ROW()-COUNTIFS($T$1:$T24,"="&$T24,$S$1:$S24,"<"&$S24)))} -> 84 | Y24: {=IFERROR(IF(_xlfn._xlws.FILTER(game_rosters!$J:$J,(game_rosters!$G:$G=events!$AM24)*(game_rosters!$J:$J=events!$X24))>0,1,""),"")} -> 1 | Z24: =IF(K24="Intermission",Z23+1,Z23) -> 1 | AA24: =S24+1000 -> 1013 | AB24: =IF(T24<>"",9000+T24,"") -> 9002 | AC24: =IF(AB24<>"",AB24,S24+1000) -> 9002 | AD24: =IF(E24<>"",E24,IF($AC24=$AC23,AD23,IF(AF23<>"",AF23,IF(AD23<>"",AD23,"")))) -> 17 | AE24: =IF(F24<>"",F24,IF($AC24=$AC23,AE23,IF(AG23<>"",AG23,IF(AE23<>"",AE23,"")))) -> 46 | AF24: =IF(G24<>"",G24,IF($AC24=$AC23,AF23,IF(H24="","",AD24))) | AG24: =IF(H24<>"",H24,IF($S24=$S23,AG23,"")) | AH24: =IF(Y24="x","",IF(Y24=1,"e","o")) -> e | AI24: =IF($J24<>"",$J24,IF($AC24=$AC23,AI23,"")) -> d | AJ24: =IF($J24<>"",$J24,IF($AC24=$AC23,AJ23,"")) -> d | AK24: =IF($W24="","",IF($AI24="","",IF($W24="h",$AI24,IF($AI24="n","n",IF(AND($W24="a",$AI24="d"),"o",IF(AND($W24="a",$AI24="o"),"d")))))) -> o | AL24: =IF($W24="","",IF(J24="","",IF(AK24="n","n",IF(AK24="d","o",IF(AK24="o","d",""))))) -> d | AM24: =IF(AN24="H","Home",IF(AN24="A","Away","")) -> Away | AN24: =IF($W24<>"",$W24,IF($AC24=AC23,AN23,"")) -> a | AO24: =IF(AK24<>"",AK24,IF($AC24=AC23,AO23,"")) -> o | AP24: =IF(AL24<>"",AL24,IF($AC24=AC23,AP23,"")) -> d | AQ24: =IF(AM24<>"",AM24,IF($AC24=#REF!,#REF!,"")) -> Away | AR24: =IF(AN24<>"",AN24,IF($AC24=AC23,AQ23,"")) -> a | AS24: =IF(AND(AH24="e",OR(BD24="Save",BE24="Turnover_Takeaway",BE24="Play_Defensive")),"Defensive",IF(AND(AH24="o",OR(BD24="Save",BE24="Turnover_Takeaway",BE24="Play_Defensive")),"Offensive",IF(OR(BD24="Deadice",BD24="Stoppage",BD24="Intermission"),"",IF(AH24="e","Offensive",IF(AH24="o","Defensive",""))))) -> Offensive | AT24: =IF(U24<>"",U24+5000,"") | AU24: =IF(V24<>"",V24+6000,"") | AV24: {=IFERROR(IF(O24<>"",O24,IF(OR($S24="",$T24=""),"",IF(O24<>"",O24,IF($T24<>"",_xlfn._xlws.FILTER(O:O,($BT:$BT=$BT24)*($I:$I=$I24)*($T:$T=$T24)*($S:$S=_xlfn.MINIFS($S:$S,$T:$T,"="&$T24)),"")))))&"",IF(O24="","",""))&""} -> AttemptedBreakOutClear | AW24: {=IFERROR(IF(P24<>"",P24,IF(OR($S24="",$T24=""),"",IF($T24<>"",_xlfn._xlws.FILTER(P:P,($BT:$BT=$BT24)*($I:$I=$I24)*($T:$T=$T24)*($S:$S=_xlfn.MINIFS($S:$S,$T:$T,"="&$T24)),""))))&"",IF(P24="","",""))&""} -> SecondTouch | AX24: {=IFERROR(IF(Q24<>"",Q24,IF(OR($S24="",$T24=""),"",IF($T24<>"",_xlfn._xlws.FILTER(Q:Q,($BT:$BT=$BT24)*($I:$I=$I24)*($T:$T=$T24)*($S:$S=_xlfn.MINIFS($S:$S,$T:$T,"="&$T24)),""))))&"",IF(Q24="","",""))&""} -> u | AY24: {=IFERROR(IF(R24<>"",R24,IF(OR($S24="",$T24=""),"",IF($T24<>"",_xlfn._xlws.FILTER(R:R,($BT:$BT=$BT24)*($I:$I=$I24)*($T:$T=$T24)*($S:$S=_xlfn.MINIFS($S:$S,$T:$T,"="&$T24)),""))))&"",IF(R24="","",""))&""} -> 1 | AZ24: =IF(OR(L24="Zone_Entry",L24="Zone_Exit"),AZ23+1,AZ23) -> 4 | BA24: =BA23 -> 18991 | BB24: =BB23 -> Triple J | BC24: =BC23 -> Velodrome | BD24: =IF($K24<>"",$K24,IF($S24=$S23,BD23,"")) -> Turnover | BE24: =IF(L24<>"",L24,IF($S24=$S23,BE23,"")) -> Turnover_Giveaway | BF24: =IF(M24<>"",M24,IF($S24=$S23,BF23,"")) -> Giveaway-AttemptedZoneClear/Dump | BG24: =IF($N24<>"",$N24,IF($S24=$S23,BG23,"")) -> u | BH24: {=IFERROR(_xlfn._xlws.FILTER(shifts!A:A,(shifts!B:B=events!Z24)*(shifts!AG:AG>=events!BJ24)*(shifts!AH:AH<=events!BK24)),BH23)} -> 1 | BI24: =IF(AND(AF24="",AG24=""),0,((AD24*60)+AE24)-((AF24*60)+AG24)) -> 0 | BJ24: =(AD24*60)+AE24 -> 1066 | BK24: =IF(AND(AF24="",AG24=""),BJ24,((AF24*60)+AG24)) -> 1066 | BL24: =SUMIFS(BI$2:BI24,K$2:K24,"=Intermission")+SUMIFS(BI$2:BI24,K$2:K24,"=Timeout") -> 0 | BM24: =IF(Z24=1,0,IF(Z24=2,1080+BL24,IF(Z24=3,(1080*2)+BL24,0))) -> 0 | BN24: =IF(K24="Intermission",BN23,((1080)-((AD24*60)+AE24))+BM24) -> 14 | BO24: =IF(BN24<5,0,BN24-5) -> 9 | BP24: =BO24+BI24+5 -> 14 | BQ24: =IF(AH24="e","event_team_player_"&BR24,IF(AH24="o","opp_team_player_"&BR24,"")) -> event_team_player_1 | BR24: =COUNTIFS(S$3:S24,"="&S24,AH$3:AH24,"="&AH24) -> 1 | BS24: =IFERROR(VLOOKUP(BA24&BT24&X24,game_rosters!U:W,3,FALSE),"") -> P100198 | BT24: =IF(AQ24="","",IF(AND(AQ24="Away",AH24="e"),BC24,IF(AND(AQ24="Home",AH24="e"),BB24,IF(AND(AQ24="Away",AH24="o"),BB24,IF(AND(AQ24="Home",AH24="o"),BC24))))) -> Velodrome
A25: =IF(K25<>"",1,IF(D25="x","x","")) -> x | D25: x | I25: 16 | J25: =IF(OR(K25="Goal",K25="Shot",L25="Zone_Entry",M25="Stoppage-Goal",M24="Stoppage-Goal"),"o",IF(OR(K25="Save",K25="Rebound",L25="Zone_Exit",M25="Stoppage-GoalieStoppage",M24="Stoppage-GoalieStoppage"),"d",IF(OR(L25="Faceoff_AfterGoal",L25="Faceoff_PeriodStart",698="Faceoff_GameStart",M24="Stoppage-Goal"),"n",""))) | N25: =IF(K25="","",IF(K25="Goal","s",IF(AND(K25="Zone_Entry_Exit",OR(ISNUMBER(SEARCH("fail",L25)),ISNUMBER(SEARCH("FromExitClear",M25)),ISNUMBER(SEARCH("miss",M25)))),"u",IF(AND(K25="Zone_Entry_Exit",OR(NOT(ISNUMBER(SEARCH("fail",L25))),NOT(ISNUMBER(SEARCH("FromExitClear",M25))),NOT(ISNUMBER(SEARCH("miss",M25))))),"s",IF(AND(OR(K25="Shot",K25="Pass"),OR(ISNUMBER(SEARCH("complete",L25)),ISNUMBER(SEARCH("goal",L25)),ISNUMBER(SEARCH("OnNet",L25)))),"s",IF(L25="Turnover_Giveaway","u",IF(AND(OR(K25="Shot",K25="Pass"),OR(ISNUMBER(SEARCH("fail",L25)),NOT(ISNUMBER(SEARCH("complete",L25))),NOT(ISNUMBER(SEARCH("OnNet",L25))))),"u",""))))))) | O25: ZoneKeepin | Q25: =IF(O25="","",IF(AND(N25<>"",OR(O25<>"",P25<>"")),N25,IF(OR(ISNUMBER(SEARCH("attemp",O25)),ISNUMBER(SEARCH("beat",O25)),ISNUMBER(SEARCH("mis",O25)),ISNUMBER(SEARCH("fail",O25)),ISNUMBER(SEARCH("loss",O25)),ISNUMBER(SEARCH("lost",O25)),ISNUMBER(SEARCH("attemp",P25)),ISNUMBER(SEARCH("mis",P25)),ISNUMBER(SEARCH("fail",P25)),ISNUMBER(SEARCH("loss",P25)),ISNUMBER(SEARCH("beat",P25)),ISNUMBER(SEARCH("lost",P25))),"u",""))) | R25: 1 | S25: =IF(A25=1,MAX($S$2:$S24)+1,IF(OR($I25<>"",A25="x"),$S24,"")) -> 13 | T25: =IF(D25=1,MAX($T$2:$T24)+1,IF(S25=S24,$T24,IF(D25="x",T24,IF(D24="x","","")))) -> 2 | U25: =IF(B25=1,MAX($U$2:$U24)+1,IF(AND($T25<>"",$T25=$T24),$U24,IF(B25="x",U24,""))) | V25: =IF(C25=1,MAX($V$2:$V24)+1,IF(AND($T25<>"",$T25=$T24),$U24,IF(C25="x",V24,""))) | W25: {=IFERROR(_xlfn._xlws.FILTER(game_rosters!AC:AC,(game_rosters!J:J=events!X25)*(K25<>"")),"")} | X25: {=IF($I25<>"",$I25,INDEX($I$1:$I25,ROW()-COUNTIFS($T$1:$T25,"="&$T25,$S$1:$S25,"<"&$S25)))} -> 16 | Y25: {=IFERROR(IF(_xlfn._xlws.FILTER(game_rosters!$J:$J,(game_rosters!$G:$G=events!$AM25)*(game_rosters!$J:$J=events!$X25))>0,1,""),"")} | Z25: =IF(K25="Intermission",Z24+1,Z24) -> 1 | AA25: =S25+1000 -> 1013 | AB25: =IF(T25<>"",9000+T25,"") -> 9002 | AC25: =IF(AB25<>"",AB25,S25+1000) -> 9002 | AD25: =IF(E25<>"",E25,IF($AC25=$AC24,AD24,IF(AF24<>"",AF24,IF(AD24<>"",AD24,"")))) -> 17 | AE25: =IF(F25<>"",F25,IF($AC25=$AC24,AE24,IF(AG24<>"",AG24,IF(AE24<>"",AE24,"")))) -> 46 | AF25: =IF(G25<>"",G25,IF($AC25=$AC24,AF24,IF(H25="","",AD25))) | AG25: =IF(H25<>"",H25,IF($S25=$S24,AG24,"")) | AH25: =IF(Y25="x","",IF(Y25=1,"e","o")) -> o | AI25: =IF($J25<>"",$J25,IF($AC25=$AC24,AI24,"")) -> d | AJ25: =IF($J25<>"",$J25,IF($AC25=$AC24,AJ24,"")) -> d | AK25: =IF($W25="","",IF($AI25="","",IF($W25="h",$AI25,IF($AI25="n","n",IF(AND($W25="a",$AI25="d"),"o",IF(AND($W25="a",$AI25="o"),"d")))))) | AL25: =IF($W25="","",IF(J25="","",IF(AK25="n","n",IF(AK25="d","o",IF(AK25="o","d",""))))) | AM25: =IF(AN25="H","Home",IF(AN25="A","Away","")) -> Away | AN25: =IF($W25<>"",$W25,IF($AC25=AC24,AN24,"")) -> a | AO25: =IF(AK25<>"",AK25,IF($AC25=AC24,AO24,"")) -> o | AP25: =IF(AL25<>"",AL25,IF($AC25=AC24,AP24,"")) -> d | AQ25: =IF(AM25<>"",AM25,IF($AC25=#REF!,#REF!,"")) -> Away | AR25: =IF(AN25<>"",AN25,IF($AC25=AC24,AQ24,"")) -> a | AS25: =IF(AND(AH25="e",OR(BD25="Save",BE25="Turnover_Takeaway",BE25="Play_Defensive")),"Defensive",IF(AND(AH25="o",OR(BD25="Save",BE25="Turnover_Takeaway",BE25="Play_Defensive")),"Offensive",IF(OR(BD25="Deadice",BD25="Stoppage",BD25="Intermission"),"",IF(AH25="e","Offensive",IF(AH25="o","Defensive",""))))) -> Defensive | AT25: =IF(U25<>"",U25+5000,"") | AU25: =IF(V25<>"",V25+6000,"") | AV25: {=IFERROR(IF(O25<>"",O25,IF(OR($S25="",$T25=""),"",IF(O25<>"",O25,IF($T25<>"",_xlfn._xlws.FILTER(O:O,($BT:$BT=$BT25)*($I:$I=$I25)*($T:$T=$T25)*($S:$S=_xlfn.MINIFS($S:$S,$T:$T,"="&$T25)),"")))))&"",IF(O25="","",""))&""} -> ZoneKeepin | AW25: {=IFERROR(IF(P25<>"",P25,IF(OR($S25="",$T25=""),"",IF($T25<>"",_xlfn._xlws.FILTER(P:P,($BT:$BT=$BT25)*($I:$I=$I25)*($T:$T=$T25)*($S:$S=_xlfn.MINIFS($S:$S,$T:$T,"="&$T25)),""))))&"",IF(P25="","",""))&""} | AX25: {=IFERROR(IF(Q25<>"",Q25,IF(OR($S25="",$T25=""),"",IF($T25<>"",_xlfn._xlws.FILTER(Q:Q,($BT:$BT=$BT25)*($I:$I=$I25)*($T:$T=$T25)*($S:$S=_xlfn.MINIFS($S:$S,$T:$T,"="&$T25)),""))))&"",IF(Q25="","",""))&""} | AY25: {=IFERROR(IF(R25<>"",R25,IF(OR($S25="",$T25=""),"",IF($T25<>"",_xlfn._xlws.FILTER(R:R,($BT:$BT=$BT25)*($I:$I=$I25)*($T:$T=$T25)*($S:$S=_xlfn.MINIFS($S:$S,$T:$T,"="&$T25)),""))))&"",IF(R25="","",""))&""} -> 1 | AZ25: =IF(OR(L25="Zone_Entry",L25="Zone_Exit"),AZ24+1,AZ24) -> 4 | BA25: =BA24 -> 18991 | BB25: =BB24 -> Triple J | BC25: =BC24 -> Velodrome | BD25: =IF($K25<>"",$K25,IF($S25=$S24,BD24,"")) -> Turnover | BE25: =IF(L25<>"",L25,IF($S25=$S24,BE24,"")) -> Turnover_Giveaway | BF25: =IF(M25<>"",M25,IF($S25=$S24,BF24,"")) -> Giveaway-AttemptedZoneClear/Dump | BG25: =IF($N25<>"",$N25,IF($S25=$S24,BG24,"")) -> u | BH25: {=IFERROR(_xlfn._xlws.FILTER(shifts!A:A,(shifts!B:B=events!Z25)*(shifts!AG:AG>=events!BJ25)*(shifts!AH:AH<=events!BK25)),BH24)} -> 1 | BI25: =IF(AND(AF25="",AG25=""),0,((AD25*60)+AE25)-((AF25*60)+AG25)) -> 0 | BJ25: =(AD25*60)+AE25 -> 1066 | BK25: =IF(AND(AF25="",AG25=""),BJ25,((AF25*60)+AG25)) -> 1066 | BL25: =SUMIFS(BI$2:BI25,K$2:K25,"=Intermission")+SUMIFS(BI$2:BI25,K$2:K25,"=Timeout") -> 0 | BM25: =IF(Z25=1,0,IF(Z25=2,1080+BL25,IF(Z25=3,(1080*2)+BL25,0))) -> 0 | BN25: =IF(K25="Intermission",BN24,((1080)-((AD25*60)+AE25))+BM25) -> 14 | BO25: =IF(BN25<5,0,BN25-5) -> 9 | BP25: =BO25+BI25+5 -> 14 | BQ25: =IF(AH25="e","event_team_player_"&BR25,IF(AH25="o","opp_team_player_"&BR25,"")) -> opp_team_player_1 | BR25: =COUNTIFS(S$3:S25,"="&S25,AH$3:AH25,"="&AH25) -> 1 | BS25: =IFERROR(VLOOKUP(BA25&BT25&X25,game_rosters!U:W,3,FALSE),"") -> P100094 | BT25: =IF(AQ25="","",IF(AND(AQ25="Away",AH25="e"),BC25,IF(AND(AQ25="Home",AH25="e"),BB25,IF(AND(AQ25="Away",AH25="o"),BB25,IF(AND(AQ25="Home",AH25="o"),BC25))))) -> Triple J
A26: =IF(K26<>"",1,IF(D26="x","x","")) -> 1 | D26: x | I26: 16 | J26: o | K26: Zone_Entry_Exit | L26: Zone_Keepin | M26: Zone-KeepIn | N26: =IF(K26="","",IF(K26="Goal","s",IF(AND(K26="Zone_Entry_Exit",OR(ISNUMBER(SEARCH("fail",L26)),ISNUMBER(SEARCH("FromExitClear",M26)),ISNUMBER(SEARCH("miss",M26)))),"u",IF(AND(K26="Zone_Entry_Exit",OR(NOT(ISNUMBER(SEARCH("fail",L26))),NOT(ISNUMBER(SEARCH("FromExitClear",M26))),NOT(ISNUMBER(SEARCH("miss",M26))))),"s",IF(AND(OR(K26="Shot",K26="Pass"),OR(ISNUMBER(SEARCH("complete",L26)),ISNUMBER(SEARCH("goal",L26)),ISNUMBER(SEARCH("OnNet",L26)))),"s",IF(L26="Turnover_Giveaway","u",IF(AND(OR(K26="Shot",K26="Pass"),OR(ISNUMBER(SEARCH("fail",L26)),NOT(ISNUMBER(SEARCH("complete",L26))),NOT(ISNUMBER(SEARCH("OnNet",L26))))),"u",""))))))) -> s | Q26: =IF(O26="","",IF(AND(N26<>"",OR(O26<>"",P26<>"")),N26,IF(OR(ISNUMBER(SEARCH("attemp",O26)),ISNUMBER(SEARCH("beat",O26)),ISNUMBER(SEARCH("mis",O26)),ISNUMBER(SEARCH("fail",O26)),ISNUMBER(SEARCH("loss",O26)),ISNUMBER(SEARCH("lost",O26)),ISNUMBER(SEARCH("attemp",P26)),ISNUMBER(SEARCH("mis",P26)),ISNUMBER(SEARCH("fail",P26)),ISNUMBER(SEARCH("loss",P26)),ISNUMBER(SEARCH("beat",P26)),ISNUMBER(SEARCH("lost",P26))),"u",""))) | R26: 1 | S26: =IF(A26=1,MAX($S$2:$S25)+1,IF(OR($I26<>"",A26="x"),$S25,"")) -> 14 | T26: =IF(D26=1,MAX($T$2:$T25)+1,IF(S26=S25,$T25,IF(D26="x",T25,IF(D25="x","","")))) -> 2 | U26: =IF(B26=1,MAX($U$2:$U25)+1,IF(AND($T26<>"",$T26=$T25),$U25,IF(B26="x",U25,""))) | V26: =IF(C26=1,MAX($V$2:$V25)+1,IF(AND($T26<>"",$T26=$T25),$U25,IF(C26="x",V25,""))) | W26: {=IFERROR(_xlfn._xlws.FILTER(game_rosters!AC:AC,(game_rosters!J:J=events!X26)*(K26<>"")),"")} -> h | X26: {=IF($I26<>"",$I26,INDEX($I$1:$I26,ROW()-COUNTIFS($T$1:$T26,"="&$T26,$S$1:$S26,"<"&$S26)))} -> 16 | Y26: {=IFERROR(IF(_xlfn._xlws.FILTER(game_rosters!$J:$J,(game_rosters!$G:$G=events!$AM26)*(game_rosters!$J:$J=events!$X26))>0,1,""),"")} -> 1 | Z26: =IF(K26="Intermission",Z25+1,Z25) -> 1 | AA26: =S26+1000 -> 1014 | AB26: =IF(T26<>"",9000+T26,"") -> 9002 | AC26: =IF(AB26<>"",AB26,S26+1000) -> 9002 | AD26: =IF(E26<>"",E26,IF($AC26=$AC25,AD25,IF(AF25<>"",AF25,IF(AD25<>"",AD25,"")))) -> 17 | AE26: =IF(F26<>"",F26,IF($AC26=$AC25,AE25,IF(AG25<>"",AG25,IF(AE25<>"",AE25,"")))) -> 46 | AF26: =IF(G26<>"",G26,IF($AC26=$AC25,AF25,IF(H26="","",AD26))) | AG26: =IF(H26<>"",H26,IF($S26=$S25,AG25,"")) | AH26: =IF(Y26="x","",IF(Y26=1,"e","o")) -> e | AI26: =IF($J26<>"",$J26,IF($AC26=$AC25,AI25,"")) -> o | AJ26: =IF($J26<>"",$J26,IF($AC26=$AC25,AJ25,"")) -> o | AK26: =IF($W26="","",IF($AI26="","",IF($W26="h",$AI26,IF($AI26="n","n",IF(AND($W26="a",$AI26="d"),"o",IF(AND($W26="a",$AI26="o"),"d")))))) -> o | AL26: =IF($W26="","",IF(J26="","",IF(AK26="n","n",IF(AK26="d","o",IF(AK26="o","d",""))))) -> d | AM26: =IF(AN26="H","Home",IF(AN26="A","Away","")) -> Home | AN26: =IF($W26<>"",$W26,IF($AC26=AC25,AN25,"")) -> h | AO26: =IF(AK26<>"",AK26,IF($AC26=AC25,AO25,"")) -> o | AP26: =IF(AL26<>"",AL26,IF($AC26=AC25,AP25,"")) -> d | AQ26: =IF(AM26<>"",AM26,IF($AC26=#REF!,#REF!,"")) -> Home | AR26: =IF(AN26<>"",AN26,IF($AC26=AC25,AQ25,"")) -> h | AS26: =IF(AND(AH26="e",OR(BD26="Save",BE26="Turnover_Takeaway",BE26="Play_Defensive")),"Defensive",IF(AND(AH26="o",OR(BD26="Save",BE26="Turnover_Takeaway",BE26="Play_Defensive")),"Offensive",IF(OR(BD26="Deadice",BD26="Stoppage",BD26="Intermission"),"",IF(AH26="e","Offensive",IF(AH26="o","Defensive",""))))) -> Offensive | AT26: =IF(U26<>"",U26+5000,"") | AU26: =IF(V26<>"",V26+6000,"") | AV26: {=IFERROR(IF(O26<>"",O26,IF(OR($S26="",$T26=""),"",IF(O26<>"",O26,IF($T26<>"",_xlfn._xlws.FILTER(O:O,($BT:$BT=$BT26)*($I:$I=$I26)*($T:$T=$T26)*($S:$S=_xlfn.MINIFS($S:$S,$T:$T,"="&$T26)),"")))))&"",IF(O26="","",""))&""} -> ZoneKeepin | AW26: {=IFERROR(IF(P26<>"",P26,IF(OR($S26="",$T26=""),"",IF($T26<>"",_xlfn._xlws.FILTER(P:P,($BT:$BT=$BT26)*($I:$I=$I26)*($T:$T=$T26)*($S:$S=_xlfn.MINIFS($S:$S,$T:$T,"="&$T26)),""))))&"",IF(P26="","",""))&""} | AX26: {=IFERROR(IF(Q26<>"",Q26,IF(OR($S26="",$T26=""),"",IF($T26<>"",_xlfn._xlws.FILTER(Q:Q,($BT:$BT=$BT26)*($I:$I=$I26)*($T:$T=$T26)*($S:$S=_xlfn.MINIFS($S:$S,$T:$T,"="&$T26)),""))))&"",IF(Q26="","",""))&""} | AY26: {=IFERROR(IF(R26<>"",R26,IF(OR($S26="",$T26=""),"",IF($T26<>"",_xlfn._xlws.FILTER(R:R,($BT:$BT=$BT26)*($I:$I=$I26)*($T:$T=$T26)*($S:$S=_xlfn.MINIFS($S:$S,$T:$T,"="&$T26)),""))))&"",IF(R26="","",""))&""} -> 1 | AZ26: =IF(OR(L26="Zone_Entry",L26="Zone_Exit"),AZ25+1,AZ25) -> 4 | BA26: =BA25 -> 18991 | BB26: =BB25 -> Triple J | BC26: =BC25 -> Velodrome | BD26: =IF($K26<>"",$K26,IF($S26=$S25,BD25,"")) -> Zone_Entry_Exit | BE26: =IF(L26<>"",L26,IF($S26=$S25,BE25,"")) -> Zone_Keepin | BF26: =IF(M26<>"",M26,IF($S26=$S25,BF25,"")) -> Zone-KeepIn | BG26: =IF($N26<>"",$N26,IF($S26=$S25,BG25,"")) -> s | BH26: {=IFERROR(_xlfn._xlws.FILTER(shifts!A:A,(shifts!B:B=events!Z26)*(shifts!AG:AG>=events!BJ26)*(shifts!AH:AH<=events!BK26)),BH25)} -> 1 | BI26: =IF(AND(AF26="",AG26=""),0,((AD26*60)+AE26)-((AF26*60)+AG26)) -> 0 | BJ26: =(AD26*60)+AE26 -> 1066 | BK26: =IF(AND(AF26="",AG26=""),BJ26,((AF26*60)+AG26)) -> 1066 | BL26: =SUMIFS(BI$2:BI26,K$2:K26,"=Intermission")+SUMIFS(BI$2:BI26,K$2:K26,"=Timeout") -> 0 | BM26: =IF(Z26=1,0,IF(Z26=2,1080+BL26,IF(Z26=3,(1080*2)+BL26,0))) -> 0 | BN26: =IF(K26="Intermission",BN25,((1080)-((AD26*60)+AE26))+BM26) -> 14 | BO26: =IF(BN26<5,0,BN26-5) -> 9 | BP26: =BO26+BI26+5 -> 14 | BQ26: =IF(AH26="e","event_team_player_"&BR26,IF(AH26="o","opp_team_player_"&BR26,"")) -> event_team_player_1 | BR26: =COUNTIFS(S$3:S26,"="&S26,AH$3:AH26,"="&AH26) -> 1 | BS26: =IFERROR(VLOOKUP(BA26&BT26&X26,game_rosters!U:W,3,FALSE),"") -> P100094 | BT26: =IF(AQ26="","",IF(AND(AQ26="Away",AH26="e"),BC26,IF(AND(AQ26="Home",AH26="e"),BB26,IF(AND(AQ26="Away",AH26="o"),BB26,IF(AND(AQ26="Home",AH26="o"),BC26))))) -> Triple J
A27: =IF(K27<>"",1,IF(D27="x","x","")) -> x | D27: x | I27: 84 | J27: =IF(OR(K27="Goal",K27="Shot",L27="Zone_Entry",M27="Stoppage-Goal",M26="Stoppage-Goal"),"o",IF(OR(K27="Save",K27="Rebound",L27="Zone_Exit",M27="Stoppage-GoalieStoppage",M26="Stoppage-GoalieStoppage"),"d",IF(OR(L27="Faceoff_AfterGoal",L27="Faceoff_PeriodStart",698="Faceoff_GameStart",M26="Stoppage-Goal"),"n",""))) | N27: =IF(K27="","",IF(K27="Goal","s",IF(AND(K27="Zone_Entry_Exit",OR(ISNUMBER(SEARCH("fail",L27)),ISNUMBER(SEARCH("FromExitClear",M27)),ISNUMBER(SEARCH("miss",M27)))),"u",IF(AND(K27="Zone_Entry_Exit",OR(NOT(ISNUMBER(SEARCH("fail",L27))),NOT(ISNUMBER(SEARCH("FromExitClear",M27))),NOT(ISNUMBER(SEARCH("miss",M27))))),"s",IF(AND(OR(K27="Shot",K27="Pass"),OR(ISNUMBER(SEARCH("complete",L27)),ISNUMBER(SEARCH("goal",L27)),ISNUMBER(SEARCH("OnNet",L27)))),"s",IF(L27="Turnover_Giveaway","u",IF(AND(OR(K27="Shot",K27="Pass"),OR(ISNUMBER(SEARCH("fail",L27)),NOT(ISNUMBER(SEARCH("complete",L27))),NOT(ISNUMBER(SEARCH("OnNet",L27))))),"u",""))))))) | Q27: =IF(O27="","",IF(AND(N27<>"",OR(O27<>"",P27<>"")),N27,IF(OR(ISNUMBER(SEARCH("attemp",O27)),ISNUMBER(SEARCH("beat",O27)),ISNUMBER(SEARCH("mis",O27)),ISNUMBER(SEARCH("fail",O27)),ISNUMBER(SEARCH("loss",O27)),ISNUMBER(SEARCH("lost",O27)),ISNUMBER(SEARCH("attemp",P27)),ISNUMBER(SEARCH("mis",P27)),ISNUMBER(SEARCH("fail",P27)),ISNUMBER(SEARCH("loss",P27)),ISNUMBER(SEARCH("beat",P27)),ISNUMBER(SEARCH("lost",P27))),"u",""))) | R27: 1 | S27: =IF(A27=1,MAX($S$2:$S26)+1,IF(OR($I27<>"",A27="x"),$S26,"")) -> 14 | T27: =IF(D27=1,MAX($T$2:$T26)+1,IF(S27=S26,$T26,IF(D27="x",T26,IF(D26="x","","")))) -> 2 | U27: =IF(B27=1,MAX($U$2:$U26)+1,IF(AND($T27<>"",$T27=$T26),$U26,IF(B27="x",U26,""))) | V27: =IF(C27=1,MAX($V$2:$V26)+1,IF(AND($T27<>"",$T27=$T26),$U26,IF(C27="x",V26,""))) | W27: {=IFERROR(_xlfn._xlws.FILTER(game_rosters!AC:AC,(game_rosters!J:J=events!X27)*(K27<>"")),"")} | X27: {=IF($I27<>"",$I27,INDEX($I$1:$I27,ROW()-COUNTIFS($T$1:$T27,"="&$T27,$S$1:$S27,"<"&$S27)))} -> 84 | Y27: {=IFERROR(IF(_xlfn._xlws.FILTER(game_rosters!$J:$J,(game_rosters!$G:$G=events!$AM27)*(game_rosters!$J:$J=events!$X27))>0,1,""),"")} | Z27: =IF(K27="Intermission",Z26+1,Z26) -> 1 | AA27: =S27+1000 -> 1014 | AB27: =IF(T27<>"",9000+T27,"") -> 9002 | AC27: =IF(AB27<>"",AB27,S27+1000) -> 9002 | AD27: =IF(E27<>"",E27,IF($AC27=$AC26,AD26,IF(AF26<>"",AF26,IF(AD26<>"",AD26,"")))) -> 17 | AE27: =IF(F27<>"",F27,IF($AC27=$AC26,AE26,IF(AG26<>"",AG26,IF(AE26<>"",AE26,"")))) -> 46 | AF27: =IF(G27<>"",G27,IF($AC27=$AC26,AF26,IF(H27="","",AD27))) | AG27: =IF(H27<>"",H27,IF($S27=$S26,AG26,"")) | AH27: =IF(Y27="x","",IF(Y27=1,"e","o")) -> o | AI27: =IF($J27<>"",$J27,IF($AC27=$AC26,AI26,"")) -> o | AJ27: =IF($J27<>"",$J27,IF($AC27=$AC26,AJ26,"")) -> o | AK27: =IF($W27="","",IF($AI27="","",IF($W27="h",$AI27,IF($AI27="n","n",IF(AND($W27="a",$AI27="d"),"o",IF(AND($W27="a",$AI27="o"),"d")))))) | AL27: =IF($W27="","",IF(J27="","",IF(AK27="n","n",IF(AK27="d","o",IF(AK27="o","d",""))))) | AM27: =IF(AN27="H","Home",IF(AN27="A","Away","")) -> Home | AN27: =IF($W27<>"",$W27,IF($AC27=AC26,AN26,"")) -> h | AO27: =IF(AK27<>"",AK27,IF($AC27=AC26,AO26,"")) -> o | AP27: =IF(AL27<>"",AL27,IF($AC27=AC26,AP26,"")) -> d | AQ27: =IF(AM27<>"",AM27,IF($AC27=#REF!,#REF!,"")) -> Home | AR27: =IF(AN27<>"",AN27,IF($AC27=AC26,AQ26,"")) -> h | AS27: =IF(AND(AH27="e",OR(BD27="Save",BE27="Turnover_Takeaway",BE27="Play_Defensive")),"Defensive",IF(AND(AH27="o",OR(BD27="Save",BE27="Turnover_Takeaway",BE27="Play_Defensive")),"Offensive",IF(OR(BD27="Deadice",BD27="Stoppage",BD27="Intermission"),"",IF(AH27="e","Offensive",IF(AH27="o","Defensive",""))))) -> Defensive | AT27: =IF(U27<>"",U27+5000,"") | AU27: =IF(V27<>"",V27+6000,"") | AV27: {=IFERROR(IF(O27<>"",O27,IF(OR($S27="",$T27=""),"",IF(O27<>"",O27,IF($T27<>"",_xlfn._xlws.FILTER(O:O,($BT:$BT=$BT27)*($I:$I=$I27)*($T:$T=$T27)*($S:$S=_xlfn.MINIFS($S:$S,$T:$T,"="&$T27)),"")))))&"",IF(O27="","",""))&""} -> AttemptedBreakOutClear | AW27: {=IFERROR(IF(P27<>"",P27,IF(OR($S27="",$T27=""),"",IF($T27<>"",_xlfn._xlws.FILTER(P:P,($BT:$BT=$BT27)*($I:$I=$I27)*($T:$T=$T27)*($S:$S=_xlfn.MINIFS($S:$S,$T:$T,"="&$T27)),""))))&"",IF(P27="","",""))&""} -> SecondTouch | AX27: {=IFERROR(IF(Q27<>"",Q27,IF(OR($S27="",$T27=""),"",IF($T27<>"",_xlfn._xlws.FILTER(Q:Q,($BT:$BT=$BT27)*($I:$I=$I27)*($T:$T=$T27)*($S:$S=_xlfn.MINIFS($S:$S,$T:$T,"="&$T27)),""))))&"",IF(Q27="","",""))&""} -> u | AY27: {=IFERROR(IF(R27<>"",R27,IF(OR($S27="",$T27=""),"",IF($T27<>"",_xlfn._xlws.FILTER(R:R,($BT:$BT=$BT27)*($I:$I=$I27)*($T:$T=$T27)*($S:$S=_xlfn.MINIFS($S:$S,$T:$T,"="&$T27)),""))))&"",IF(R27="","",""))&""} -> 1 | AZ27: =IF(OR(L27="Zone_Entry",L27="Zone_Exit"),AZ26+1,AZ26) -> 4 | BA27: =BA26 -> 18991 | BB27: =BB26 -> Triple J | BC27: =BC26 -> Velodrome | BD27: =IF($K27<>"",$K27,IF($S27=$S26,BD26,"")) -> Zone_Entry_Exit | BE27: =IF(L27<>"",L27,IF($S27=$S26,BE26,"")) -> Zone_Keepin | BF27: =IF(M27<>"",M27,IF($S27=$S26,BF26,"")) -> Zone-KeepIn | BG27: =IF($N27<>"",$N27,IF($S27=$S26,BG26,"")) -> s | BH27: {=IFERROR(_xlfn._xlws.FILTER(shifts!A:A,(shifts!B:B=events!Z27)*(shifts!AG:AG>=events!BJ27)*(shifts!AH:AH<=events!BK27)),BH26)} -> 1 | BI27: =IF(AND(AF27="",AG27=""),0,((AD27*60)+AE27)-((AF27*60)+AG27)) -> 0 | BJ27: =(AD27*60)+AE27 -> 1066 | BK27: =IF(AND(AF27="",AG27=""),BJ27,((AF27*60)+AG27)) -> 1066 | BL27: =SUMIFS(BI$2:BI27,K$2:K27,"=Intermission")+SUMIFS(BI$2:BI27,K$2:K27,"=Timeout") -> 0 | BM27: =IF(Z27=1,0,IF(Z27=2,1080+BL27,IF(Z27=3,(1080*2)+BL27,0))) -> 0 | BN27: =IF(K27="Intermission",BN26,((1080)-((AD27*60)+AE27))+BM27) -> 14 | BO27: =IF(BN27<5,0,BN27-5) -> 9 | BP27: =BO27+BI27+5 -> 14 | BQ27: =IF(AH27="e","event_team_player_"&BR27,IF(AH27="o","opp_team_player_"&BR27,"")) -> opp_team_player_1 | BR27: =COUNTIFS(S$3:S27,"="&S27,AH$3:AH27,"="&AH27) -> 1 | BS27: =IFERROR(VLOOKUP(BA27&BT27&X27,game_rosters!U:W,3,FALSE),"") -> P100198 | BT27: =IF(AQ27="","",IF(AND(AQ27="Away",AH27="e"),BC27,IF(AND(AQ27="Home",AH27="e"),BB27,IF(AND(AQ27="Away",AH27="o"),BB27,IF(AND(AQ27="Home",AH27="o"),BC27))))) -> Velodrome
A28: =IF(K28<>"",1,IF(D28="x","x","")) -> 1 | E28: 17 | F28: 45 | G28: 17 | H28: 43 | I28: 73 | J28: o | K28: Possession | L28: PuckRetrieval | N28: u | O28: PuckRecoveryRetreivalTurnover | Q28: =IF(O28="","",IF(AND(N28<>"",OR(O28<>"",P28<>"")),N28,IF(OR(ISNUMBER(SEARCH("attemp",O28)),ISNUMBER(SEARCH("beat",O28)),ISNUMBER(SEARCH("mis",O28)),ISNUMBER(SEARCH("fail",O28)),ISNUMBER(SEARCH("loss",O28)),ISNUMBER(SEARCH("lost",O28)),ISNUMBER(SEARCH("attemp",P28)),ISNUMBER(SEARCH("mis",P28)),ISNUMBER(SEARCH("fail",P28)),ISNUMBER(SEARCH("loss",P28)),ISNUMBER(SEARCH("beat",P28)),ISNUMBER(SEARCH("lost",P28))),"u",""))) -> u | R28: 1 | S28: =IF(A28=1,MAX($S$2:$S27)+1,IF(OR($I28<>"",A28="x"),$S27,"")) -> 15 | T28: =IF(D28=1,MAX($T$2:$T27)+1,IF(S28=S27,$T27,IF(D28="x",T27,IF(D27="x","","")))) | U28: =IF(B28=1,MAX($U$2:$U27)+1,IF(AND($T28<>"",$T28=$T27),$U27,IF(B28="x",U27,""))) | V28: =IF(C28=1,MAX($V$2:$V27)+1,IF(AND($T28<>"",$T28=$T27),$U27,IF(C28="x",V27,""))) | W28: {=IFERROR(_xlfn._xlws.FILTER(game_rosters!AC:AC,(game_rosters!J:J=events!X28)*(K28<>"")),"")} -> h | X28: {=IF($I28<>"",$I28,INDEX($I$1:$I28,ROW()-COUNTIFS($T$1:$T28,"="&$T28,$S$1:$S28,"<"&$S28)))} -> 73 | Y28: {=IFERROR(IF(_xlfn._xlws.FILTER(game_rosters!$J:$J,(game_rosters!$G:$G=events!$AM28)*(game_rosters!$J:$J=events!$X28))>0,1,""),"")} -> 1 | Z28: =IF(K28="Intermission",Z27+1,Z27) -> 1 | AA28: =S28+1000 -> 1015 | AB28: =IF(T28<>"",9000+T28,"") | AC28: =IF(AB28<>"",AB28,S28+1000) -> 1015 | AD28: =IF(E28<>"",E28,IF($AC28=$AC27,AD27,IF(AF27<>"",AF27,IF(AD27<>"",AD27,"")))) -> 17 | AE28: =IF(F28<>"",F28,IF($AC28=$AC27,AE27,IF(AG27<>"",AG27,IF(AE27<>"",AE27,"")))) -> 45 | AF28: =IF(G28<>"",G28,IF($AC28=$AC27,AF27,IF(H28="","",AD28))) -> 17 | AG28: =IF(H28<>"",H28,IF($S28=$S27,AG27,"")) -> 43 | AH28: =IF(Y28="x","",IF(Y28=1,"e","o")) -> e | AI28: =IF($J28<>"",$J28,IF($AC28=$AC27,AI27,"")) -> o | AJ28: =IF($J28<>"",$J28,IF($AC28=$AC27,AJ27,"")) -> o | AK28: =IF($W28="","",IF($AI28="","",IF($W28="h",$AI28,IF($AI28="n","n",IF(AND($W28="a",$AI28="d"),"o",IF(AND($W28="a",$AI28="o"),"d")))))) -> o | AL28: =IF($W28="","",IF(J28="","",IF(AK28="n","n",IF(AK28="d","o",IF(AK28="o","d",""))))) -> d | AM28: =IF(AN28="H","Home",IF(AN28="A","Away","")) -> Home | AN28: =IF($W28<>"",$W28,IF($AC28=AC27,AN27,"")) -> h | AO28: =IF(AK28<>"",AK28,IF($AC28=AC27,AO27,"")) -> o | AP28: =IF(AL28<>"",AL28,IF($AC28=AC27,AP27,"")) -> d | AQ28: =IF(AM28<>"",AM28,IF($AC28=#REF!,#REF!,"")) -> Home | AR28: =IF(AN28<>"",AN28,IF($AC28=AC27,AQ27,"")) -> h | AS28: =IF(AND(AH28="e",OR(BD28="Save",BE28="Turnover_Takeaway",BE28="Play_Defensive")),"Defensive",IF(AND(AH28="o",OR(BD28="Save",BE28="Turnover_Takeaway",BE28="Play_Defensive")),"Offensive",IF(OR(BD28="Deadice",BD28="Stoppage",BD28="Intermission"),"",IF(AH28="e","Offensive",IF(AH28="o","Defensive",""))))) -> Offensive | AT28: =IF(U28<>"",U28+5000,"") | AU28: =IF(V28<>"",V28+6000,"") | AV28: {=IFERROR(IF(O28<>"",O28,IF(OR($S28="",$T28=""),"",IF(O28<>"",O28,IF($T28<>"",_xlfn._xlws.FILTER(O:O,($BT:$BT=$BT28)*($I:$I=$I28)*($T:$T=$T28)*($S:$S=_xlfn.MINIFS($S:$S,$T:$T,"="&$T28)),"")))))&"",IF(O28="","",""))&""} -> PuckRecoveryRetreivalTurnover | AW28: {=IFERROR(IF(P28<>"",P28,IF(OR($S28="",$T28=""),"",IF($T28<>"",_xlfn._xlws.FILTER(P:P,($BT:$BT=$BT28)*($I:$I=$I28)*($T:$T=$T28)*($S:$S=_xlfn.MINIFS($S:$S,$T:$T,"="&$T28)),""))))&"",IF(P28="","",""))&""} | AX28: {=IFERROR(IF(Q28<>"",Q28,IF(OR($S28="",$T28=""),"",IF($T28<>"",_xlfn._xlws.FILTER(Q:Q,($BT:$BT=$BT28)*($I:$I=$I28)*($T:$T=$T28)*($S:$S=_xlfn.MINIFS($S:$S,$T:$T,"="&$T28)),""))))&"",IF(Q28="","",""))&""} -> u | AY28: {=IFERROR(IF(R28<>"",R28,IF(OR($S28="",$T28=""),"",IF($T28<>"",_xlfn._xlws.FILTER(R:R,($BT:$BT=$BT28)*($I:$I=$I28)*($T:$T=$T28)*($S:$S=_xlfn.MINIFS($S:$S,$T:$T,"="&$T28)),""))))&"",IF(R28="","",""))&""} -> 1 | AZ28: =IF(OR(L28="Zone_Entry",L28="Zone_Exit"),AZ27+1,AZ27) -> 4 | BA28: =BA27 -> 18991 | BB28: =BB27 -> Triple J | BC28: =BC27 -> Velodrome | BD28: =IF($K28<>"",$K28,IF($S28=$S27,BD27,"")) -> Possession | BE28: =IF(L28<>"",L28,IF($S28=$S27,BE27,"")) -> PuckRetrieval | BF28: =IF(M28<>"",M28,IF($S28=$S27,BF27,"")) | BG28: =IF($N28<>"",$N28,IF($S28=$S27,BG27,"")) -> u | BH28: {=IFERROR(_xlfn._xlws.FILTER(shifts!A:A,(shifts!B:B=events!Z28)*(shifts!AG:AG>=events!BJ28)*(shifts!AH:AH<=events!BK28)),BH27)} -> 1 | BI28: =IF(AND(AF28="",AG28=""),0,((AD28*60)+AE28)-((AF28*60)+AG28)) -> 2 | BJ28: =(AD28*60)+AE28 -> 1065 | BK28: =IF(AND(AF28="",AG28=""),BJ28,((AF28*60)+AG28)) -> 1063 | BL28: =SUMIFS(BI$2:BI28,K$2:K28,"=Intermission")+SUMIFS(BI$2:BI28,K$2:K28,"=Timeout") -> 0 | BM28: =IF(Z28=1,0,IF(Z28=2,1080+BL28,IF(Z28=3,(1080*2)+BL28,0))) -> 0 | BN28: =IF(K28="Intermission",BN27,((1080)-((AD28*60)+AE28))+BM28) -> 15 | BO28: =IF(BN28<5,0,BN28-5) -> 10 | BP28: =BO28+BI28+5 -> 17 | BQ28: =IF(AH28="e","event_team_player_"&BR28,IF(AH28="o","opp_team_player_"&BR28,"")) -> event_team_player_1 | BR28: =COUNTIFS(S$3:S28,"="&S28,AH$3:AH28,"="&AH28) -> 1 | BS28: =IFERROR(VLOOKUP(BA28&BT28&X28,game_rosters!U:W,3,FALSE),"") -> P100021 | BT28: =IF(AQ28="","",IF(AND(AQ28="Away",AH28="e"),BC28,IF(AND(AQ28="Home",AH28="e"),BB28,IF(AND(AQ28="Away",AH28="o"),BB28,IF(AND(AQ28="Home",AH28="o"),BC28))))) -> Triple J
