Workbook
Name DEfensive: Lists!$BL:$BL
Name EventType: Lists!$A$2:$A$16
Name Faceoff: Lists!$G$2:$G$1048576
Name Goal: Lists!$J$2:$J$1048576
Name Goal_PenaltyShot: Lists!$BA$2:$BA$1048576
Name Goal_Scored: Lists!$AY$2:$AY$1048576
Name Goal_Shootout: Lists!$AZ$2:$AZ$1048576
Name LoosePuck: Lists!$P$2:$P$1048576
Name Offensive: Lists!$BK:$BK
Name Pass: Lists!$I$2:$I$1048576
Name Pass_Completed: Lists!$R$2:$R$1048576
Name Pass_Deflected: Lists!$T$2:$T$1048576
Name Pass_Intercepted: Lists!$U$2:$U$1048576
Name Pass_Missed: Lists!$S$2:$S$1048576
Name Penalty: Lists!$M$2:$M$1048576
Name Penalty_Major: Lists!$AA$2:$AA$1048576
Name Penalty_Minor: Lists!$AB$2:$AB$1048576
Name Penalty_Offsetting: Lists!$AC$2:$AC$1048576
Name PenaltyShot_Missed: Lists!$AK$2:$AK$1048576
Name PenaltyShot_OnNet: Lists!$AJ$2:$AJ$1048576
Name PenaltyShot_Saved: Lists!$AL$2:$AL$1048576
Name PenaltyShot_Shootout: Lists!$N$2:$N$1048576
Name Play: Lists!$F:$F
Name Play_Defensive: Lists!$BE:$BE
Name Play_Offensive: Lists!$BD:$BD
Name Possession: Lists!$BF:$BF
Name Rebound: Lists!$BC$2:$BC$1048576
Name Save: Lists!$Q$2:$Q$1048576
Name Save_Freeze: Lists!$AN$2:$AN$1048576
Name Save_Played: Lists!$BB:$BB
Name Save_Rebound: Lists!$AM$2:$AM$1048576
Name Shootout_Missed: Lists!$AH$2:$AH$1048576
Name Shootout_OnNet: Lists!$AG$2:$AG$1048576
Name Shootout_Saved: Lists!$AI$2:$AI$1048576
Name Shot: Lists!$H$2:$H$1048576
Name Shot_Blocked: Lists!$AQ$2:$AQ$1048576
Name Shot_BlockedSameTeam: Lists!$AR$2:$AR$1048576
Name Shot_Deflected: Lists!$AS$2:$AS$1048576
Name Shot_DeflectedGoal: Lists!$AX$2:$AX$1048576
Name Shot_DeflectedOnNetSaved: Lists!$AT$2:$AT$1048576
Name Shot_Missed: Lists!$AP$2:$AP$1048576
Name Shot_MissedPost: Lists!$BH:$BH
Name Shot_OnNetGoal: Lists!$AV$2:$AV$1048576
Name Shot_OnNetSaved: Lists!$AO$2:$AO$1048576
Name Shot_TippedGoal: Lists!$AW$2:$AW$1048576
Name Shot_TippedOnNetSaved: Lists!$AU$2:$AU$1048576
Name Stoppage: Lists!$O$2:$O$1048576
Name Stoppage_Other: Lists!$AF$2:$AF$1048576
Name Stoppage_Period: Lists!$AE$2:$AE$1048576
Name Stoppage_Play: Lists!$AD$2:$AD$1048576
Name Turnover: Lists!$K$2:$K$1048576
Name Turnover_Giveaway: Lists!$V$2:$V$1048576
Name Turnover_Takeaway: Lists!$W$2:$W$1048576
Name Zone_Entry: Lists!$X$2:$X$1048576
Name Zone_Entry_Exit: Lists!$L$2:$L$1048576
Name Zone_EntryFailed: Lists!$BM:$BM
Name Zone_Exit: Lists!$Y$2:$Y$1048576
Name Zone_ExitFailed: Lists!$BN:$BN
Name Zone_Keepin: Lists!$Z$2:$Z$1048576

Sheet examples
A1: shift_index | B1: Period | C1: shift_start_min | D1: shift_start_sec | E1: shift_end_min | F1: shift_end_sec | G1: shift_start_type | H1: shift_stop_type | I1: home_forward_1 | J1: home_forward_2 | K1: home_forward_3 | L1: home_defense_1 | M1: home_defense_2 | N1: home_xtra | O1: home_goalie | P1: away_forward_1 | Q1: away_forward_2 | R1: away_forward_3 | S1: away_defense_1 | T1: away_defense_2 | U1: away_xtra | V1: away_goalie | W1: stoppage_time | X1: home_ozone_start | Y1: home_ozone_end | Z1: home_dzone_start | AA1: home_dzone_end | AB1: home_nzone_start | AC1: home_nzone_end | AD1: game_id | AE1: home_team | AF1: away_team | AG1: shift_start_total_seconds | AH1: shift_end_total_seconds | AI1: shift_duration | AJ1: home_team_strength | AK1: away_team_strength | AL1: home_team_en | AM1: away_team_en | AN1: home_team_pk | AO1: home_team_pp | AP1: away_team_pp | AQ1: away_team_pk | AR1: situation | AS1: strength | AT1: home_goals | AU1: away_goals | AV1: period_start_total_running_seconds | AW1: running_video_time | AX1: shift_start_running_time | AY1: shift_end_running_time
A2: 40 | B2: 1 | C2: 2 | D2: 07 | E2: 0 | F2: 35 | G2: OtherFaceoff | H2: Away Goalie Stopped (after Home SOG) | I2: 42 | J2: 14 | K2: 61 | L2: 22 | M2: 9 | O2: 39 | P2: 91 | Q2: 80 | R2: 89 | S2: 4 | T2: 25 | V2: 30 | Y2: 1
A3: 41 | B3: 1 | C3: 0 | D3: 35 | E3: 0 | F3: 0.01 | G3: OtherFaceoff | H3: Period End | I3: 42 | J3: 14 | K3: 61 | L3: 22 | M3: 9 | O3: 39 | P3: 77 | Q3: 13 | R3: 68 | S3: 4 | T3: 25 | V3: 30 | Y3: 1
A4: 42 | B4: 1 | G4: Intermission
A5: 43 | B5: 2 | C5: 18 | D5: 0 | E5: 17 | F5: 18 | G5: PeriodStart | H5: Away Goalie Stopped (after Home SOG) | I5: 70 | J5: 14 | K5: 55 | L5: 91 | M5: 84 | O5: 39 | P5: 77 | Q5: 13 | R5: 68 | S5: 44 | T5: 18 | V5: 30 | Y5: 1
A8: 105 | B8: 3 | C8: 1 | D8: 01 | E8: 0 | F8: 49 | I8: 42 | J8: 24 | K8: 61 | L8: 91 | M8: 84 | O8: 39 | P8: 77 | Q8: 12 | R8: 68 | S8: 44 | T8: 18 | V8: 30 | AA8: 1
A9: 106 | B9: 3 | C9: 0 | D9: 49 | E9: 0 | F9: 0.01 | H9: GameEnd | I9: 42 | J9: 24 | K9: 61 | L9: 91 | M9: 84 | O9: 39 | P9: 77 | Q9: 12 | R9: 56 | S9: 44 | T9: 18 | U9: 3 | AA9: 1
A10: 107 | B10: 3 | C10: 0 | D10: 0.01
A25: event_index | B25: linked_event_index_ | C25: linked_event_index | D25: tracking_event_index | E25: sequence_index | F25: play_index | G25: zone_change_index | H25: Period | I25: event_start_min_ | J25: event_start_sec_ | K25: event_end_min_ | L25: event_end_sec_ | M25: event_start_min | N25: event_start_sec | O25: event_end_min | P25: event_end_sec | Q25: Team_ | R25: Player | S25: role_abrev_binary | T25: role_abrev | U25: Type_ | V25: event_detail_ | W25: event_detail_2_ | X25: successful | Y25: play_detail1 | Z25: play_detail2 | AA25: play_detail_successful | AB25: context | AC25: play_tag1 | AD25: play_tag2 | AE25: high_danger | AF25: event_team_zone | AG25: home_team_zone | AH25: away_team_zone | AI25: forced_forcer | AJ25: pressured_pressurer
A27: 599 | H27: 1 | I27: 0 | J27: 01 | Q27: a | R27: 13 | S27: 1 | T27: e | U27: Shot | V27: Shot_Missed | W27: Shot-Backhand | X27: u | AF27: o | AJ27: 1 | AM27: Shot | AN27: Shot_Missed | AP27: Offensive
A28: 599 | H28: 1 | R28: 9 | T28: o | Y28: Defensive_PlayPossession-StickCheck | AA28: s | AJ28: 1 | AM28: Shot | AN28: Shot_Missed | AP28: Defensive
A29: 600 | H29: 1 | I29: 0 | J29: 00 | T29: o | U29: Stoppage | V29: Stoppage_Period | W29: Stoppage-PeriodEnd | AM29: Stoppage | AN29: Stoppage_Period
A30: 601 | H30: 2 | I30: 56 | J30: 46 | K30: 55 | L30: 39 | T30: o | U30: Intermission | AM30: Intermission
A31: 602 | H31: 2 | I31: 18 | J31: 00 | Q31: h | R31: 70 | S31: 1 | T31: e | U31: Faceoff | V31: Faceoff_PeriodStart | AF31: n | AM31: Faceoff | AN31: Faceoff_PeriodStart | AP31: Offensive
A34: 1438 | B34: 223 | H34: 3 | I34: 5 | J34: 55 | Q34: h | R34: 61 | S34: 1 | T34: e | U34: Shot | V34: Shot_Goal | AF34: o | AM34: Shot | AN34: Shot_Goal | AP34: Offensive
A35: 1438 | B35: 223 | H35: 3 | R35: 30 | T35: o | AM35: Shot | AN35: Shot_Goal | AP35: Defensive
A36: 1439 | B36: 223 | H36: 3 | I36: 5 | J36: 55 | Q36: h | R36: 61 | S36: 1 | T36: e | U36: Goal | V36: Goal_Scored | W36: Goal-Wrist | AF36: o | AM36: Goal | AN36: Goal_Scored | AP36: Offensive
A37: 1439 | B37: 223 | H37: 3 | R37: 30 | T37: o | AM37: Goal | AN37: Goal_Scored | AP37: Defensive
A38: 1440 | B38: 223 | H38: 3 | I38: 5 | J38: 55 | Q38: h | R38: 61 | S38: 1 | T38: e | U38: Stoppage | V38: Stoppage_Play | W38: Stoppage-Goal | AF38: o | AJ38: 1 | AM38: Stoppage | AN38: Stoppage_Play
A39: 1441 | B39: 223 | H39: 3 | I39: 5 | J39: 55 | K39: 5 | L39: 31 | Q39: h | R39: 61 | S39: 1 | T39: e | U39: DeadIce | AF39: o | AJ39: 1 | AM39: DeadIce
A43: 1590 | H43: 3 | I43: 0 | J43: 26 | Q43: h | R43: 84 | S43: 1 | T43: e | U43: Penalty_Delayed | AF43: d | AJ43: 1 | AM43: Penalty_Delayed | AP43: Offensive
A44: 1590 | H44: 3 | R44: 3 | T44: o | AJ44: 1 | AM44: Penalty_Delayed | AP44: Defensive
A45: 1591 | B45: 247 | H45: 3 | I45: 0 | J45: 25 | Q45: a | R45: 18 | S45: 1 | T45: e | U45: Shot | V45: Shot_OnNetSaved | W45: Shot-Wrist | X45: s | AF45: o | AM45: Shot | AN45: Shot_OnNetSaved | AP45: Offensive
A46: 1591 | B46: 247 | H46: 3 | R46: 77 | S46: 1 | T46: e | Y46: OffensivePlay_Shot-Screen | AM46: Shot | AN46: Shot_OnNetSaved | AP46: Offensive
A47: 1591 | B47: 247 | H47: 3 | R47: 39 | T47: o | AM47: Shot | AN47: Shot_OnNetSaved | AP47: Defensive
A48: 1592 | B48: 247 | H48: 3 | I48: 0 | J48: 25 | Q48: h | R48: 39 | S48: 1 | T48: e | U48: Save | V48: Save_Rebound | W48: Save-Blocker | AF48: d | AM48: Save | AN48: Save_Rebound | AP48: Defensive
A49: 1592 | B49: 247 | H49: 3 | R49: 18 | T49: o | AM49: Save | AN49: Save_Rebound | AP49: Offensive
A50: 1592 | B50: 247 | H50: 3 | R50: 77 | T50: o | Y50: OffensivePlay_Shot-Screen | AM50: Save | AN50: Save_Rebound | AP50: Offensive
A51: 1593 | B51: 247 | H51: 3 | I51: 0 | J51: 25 | Q51: h | R51: 39 | S51: 1 | T51: e | AF51: d | AP51: Offensive
A52: 1594 | H52: 3 | I52: 0 | J52: 21 | Q52: a | R52: 56 | S52: 1 | T52: e | U52: Possession | V52: PuckRecovery | X52: u | Y52: OffensivePlay_Zone-PuckRecoveryShot | AA52: u | AF52: o | AM52: Possession | AN52: PuckRecovery | AP52: Offensive
A53: 1595 | H53: 3 | I53: 0 | J53: 21 | Q53: a | R53: 56 | S53: 1 | T53: e | U53: Pass | V53: Pass_Missed | W53: Pass-Forehand | X53: u | Y53: OffensivePlay_Pass-SecondTouch | AA53: u | AF53: o | AJ53: 1 | AM53: Pass | AN53: Pass_Missed | AP53: Offensive
A54: 1595 | H54: 3 | R54: 3 | S54: 1 | T54: e | AM54: Pass | AN54: Pass_Missed | AP54: Offensive
A55: 1595 | H55: 3 | R55: 91 | T55: o | AJ55: 1 | AM55: Pass | AN55: Pass_Missed | AP55: Defensive
A56: 1596 | H56: 3 | I56: 0 | J56: 21 | Q56: h | S56: 1 | T56: e | U56: Zone_Entry_Exit | V56: Zone_Exit | W56: ZoneExit-OppTeam | AF56: d | AM56: Zone_Entry_Exit | AN56: Zone_Exit | AP56: Offensive
A57: 1597 | H57: 3 | I57: 0 | J57: 17 | K57: 0 | L57: 15 | Q57: a | R57: 44 | S57: 1 | T57: e | U57: Possession | V57: PuckRecovery | X57: s | Y57: OffensivePlay_Zone-PuckRecoveryTurnover | AA57: s | AF57: n | AM57: Possession | AN57: PuckRecovery | AP57: Offensive
A58: 1598 | H58: 3 | I58: 0 | J58: 15 | Q58: a | R58: 44 | S58: 1 | T58: e | U58: Pass | V58: Pass_Completed | W58: Pass-Forehand | X58: s | AF58: n | AM58: Pass | AN58: Pass_Completed | AP58: Offensive
A59: 1598 | H59: 3 | R59: 18 | S59: 1 | T59: e | AM59: Pass | AN59: Pass_Completed | AP59: Offensive
A60: 1599 | H60: 3 | I60: 0 | J60: 14 | Q60: a | R60: 18 | S60: 1 | T60: e | U60: Zone_Entry_Exit | V60: Zone_Entry | W60: ZoneEntry-Rush | X60: u | AF60: o | AJ60: 1 | AM60: Zone_Entry_Exit | AN60: Zone_Entry | AP60: Offensive
A61: 1599 | H61: 3 | R61: 24 | T61: o | AJ61: 1 | AM61: Zone_Entry_Exit | AN61: Zone_Entry | AP61: Defensive
A62: 1600 | H62: 3 | I62: 0 | J62: 12 | Q62: h | R62: 24 | S62: 1 | T62: e | U62: Turnover | V62: Turnover_Takeaway | W62: Takeaway-BattleWon | X62: s | Y62: Defensive_PlayPossession-SeperateFromPuck | AA62: s | AF62: d | AJ62: 1 | AM62: Turnover | AN62: Turnover_Takeaway | AP62: Defensive
A63: 1600 | H63: 3 | R63: 91 | S63: 1 | T63: e | Y63: Defensive_PlayPossession-StickCheck | AA63: s | AJ63: 1 | AM63: Turnover | AN63: Turnover_Takeaway | AP63: Defensive
A64: 1600 | H64: 3 | R64: 18 | T64: o | AJ64: 1 | AM64: Turnover | AN64: Turnover_Takeaway | AP64: Offensive
A65: 1601 | B65: 248 | H65: 3 | I65: 0 | J65: 11 | Q65: h | R65: 84 | S65: 1 | T65: e | U65: Penalty | V65: Penalty_Minor | W65: Penalty-Tripping | AF65: d | AM65: Penalty | AN65: Penalty_Minor | AP65: Offensive
A66: 1602 | B66: 248 | H66: 3 | I66: 0 | J66: 11 | K66: 0 | L66: 00 | Q66: h | R66: 84 | S66: 1 | T66: e | U66: Stoppage | V66: Stoppage_Period | W66: Stoppage-PeriodEnd | AF66: d | AM66: Stoppage | AN66: Stoppage_Period

Sheet Sheet1
A1: duration | C1: context
A2: time_start_total_seconds | C2: play_tag1
A3: time_end_total_seconds | C3: play_tag2
A4: shift_index | C4: high_danger
A5: player_role
A6: role_number
A7: running_intermission_duration
A8: period_start_total_running_seconds
A9: running_video_time
A10: event_running_start
A11: event_running_end
A12: event_id
A13: linked_event_id
A14: play_id
A15: sequence_id
A16: zone_change_id
... A72: possession_change

Sheet Rules
A1: EventType | B1: Definition | C1: Next Event | D1: Uses | E1: Linked Events | F1: Successful/Unsuccessful | G1: Successful Def | J1: EventTypeDetail | K1: Definition | L1: Next Event | M1: Uses | N1: Linked Events | O1: Successful/Unsuccessful | P1: Successful Def | S1: EventTypeDetail2 | T1: Definition | U1: Next Event | V1: Uses | W1: Linked Events | X1: Successful/Unsuccessful | Y1: Successful Def | AC1: Definition | AD1: Next Event | AE1: Uses | AF1: Linked Events | AG1: Successful/Unsuccessful | AH1: Successful Def | AL1: Definition | AM1: Next Event | AN1: Uses | AO1: Linked Events | AP1: Linked Events | AQ1: Successful/Unsuccessful | AR1: Successful Def | AT1: play_tag1 | AU1: Definition | AV1: Next Event | AW1: Uses | AX1: Linked Events | AZ1: play_tag2 | BA1: Definition | BB1: Next Event | BC1: Uses | BD1: Linked Events | BF1: Context | BG1: Definition | BH1: Next Event | BI1: Uses | BJ1: Linked Events | BM1: shift_start | BN1: Definition | BO1: Next Event | BP1: Linked Events | BR1: shift_end | BS1: Definition | BT1: Next Event | BU1: Linked Events
A2: Faceoff | J2: Faceoff | S2: PenaltyShot/Shootout | AB2: Offensive | AH2: sucessful if next play positive | AK2: Defensive | AR2: sucessful if next play positive | AT2: LowToHigh | AZ2: Rush | BF2: LeadToBreakout | BM2: PeriodStart | BR2: -
A3: Shot | E3: Save | J3: Faceoff-AfterPenalty | S3: PenaltyShot_OnNet | X3: s | AB3: OffensivePlay_Possession-DriveMiddle | AK3: Defensive_PlayPossession-PokeCheck | AT3: HighToLow | AZ3: Cycle | BF3: LeadToZoneEntry | BM3: FaceoffAfterGoal | BR3: Period Start
A4: Pass | J4: Faceoff-AfterGoal | S4: PenaltyShot_Missed | X4: u | AB4: OffensivePlay_Possession-DriveWide | AK4: Defensive_PlayPossession-SeperateFromPuck | AT4: CrossIce | AZ4: Forecheck | BF4: LeadToTurnover | BM4: GameStart | BR4: Period End
A5: Goal | E5: Shot | J5: Faceoff-PeriodStart | S5: PenaltyShot_Saved | X5: s | AB5: OffensivePlay_Possession-DriveCorner | AK5: Defensive_PlayPossession-Backcheck | AT5: Slot | AZ5: Dumpin | BF5: LeadToShot | BM5: FaceoffAfterPenalty | BR5: Puck Out of Play
A6: Turnover | E6: Pass, Shot, Play | J6: Shot-OnNet | S6: ShootoutShot_OnNet | X6: s | AB6: OffensivePlay_Possession-DriveNetMiddle | AK6: Defensive_PlayPossession-FroceWide | AZ6: Regroup | BF6: LeadToGoal | BM6: OtherFaceoff | BR6: Injury
A7: Zone_Entry_Exit | E7: Pass, Turnover, Attempted Failed, Keepins | J7: Shot-Missed | S7: ShootoutShot_Missed | X7: u | AB7: OffensivePlay_Possession-DriveNetWide | AK7: Defensive_PlayPossession-Contain | AZ7: Counter | BF7: LeadToPenalty | BM7: DeadIce/Stoppage | BR7: Home Penalty
A8: Penalty | J8: Shot-Blocked | S8: ShootoutShot_Saved | X8: s | AB8: OffensivePlay_Possession-CrashNet | AK8: Defensive_PlayPossession-BeatMiddle | AZ8: ZoneExit | BF8: LeadToFailedBreakout | BM8: Intermission | BR8: Away Penalty
A9: PenaltyShot_Shootout | J9: Shot-BlockedSameTeam | AB9: OffensivePlay_Possession-Delay | AK9: Defensive_PlayPossession-BeatWide | AZ9: ZoneEntry | BF9: LeadToFailedZoneEntry | BM9: DelayedPenalty | BR9: Home Goalie Stoppage
A10: Stoppage | E10: Save Freeze | J10: Shot-Deflected | S10: Stoppage_Period | AB10: OffensivePlay_Possession-Deke | AK10: Defensive_PlayPossession-BeatDeke | AZ10: Clear | BM10: GameStart | BR10: Away Goalie Stoppage
A11: Hit | J11: Shot-DeflectedOnNet | S11: Stoppage_Play | AB11: OffensivePlay_Possession-Chip | AK11: Defensive_PlayPossession-BeatSpeed | BR11: Home Offside
A12: Possession | J12: Shot-Tipped | S12: Stoppage_Other | AB12: OffensivePlay_Possession-Other | AK12: Defensive_PlayPossession-Pressure | BR12: Home Icing
A13: LoosePuck | J13: Pass-Completed | S13: Stoppage_GameEnd | AB13: OffensivePlay_Possession-Speed | AK13: Defensive_PlayPossession-Zone | BR13: Away Offside
A14: Save | E14: Shot, Stoppage, Deadice | J14: Pass-Missed | AB14: OffensivePlay_Possession-OpenIceDeke | AK14: Defensive_PlayPossession-ManOnMan | BR14: Away Icing
A15: TeamPossessionChange | J15: Pass-Deflected | S15: Save_Rebound | AB15: OffensivePlay_Possession-EndToEndRush | AK15: Defensive_PlayPossession-Tracker | BR15: Clock Problem
A16: Rebound | E16: Shot, Save | J16: Pass-Intercepted | S16: Save_Freeze | AB16: OffensivePlay_Possession-FrontofNet | AK16: Defensive_PlayPossession-Surf | BR16: Puck Frozen
A17: DeadIce | J17: Turnover-Giveaway | S17: Save_Played | AB17: OffensivePlay_Possession-CutBack | AK17: Defensive_PlayPossession-StickCheck | BR17: Puck in Crowd
A18: Play | J18: Turnover-Takeaway | AB18: OffensivePlay_Possession-Wheel | AK18: Defensive_PlayPass-PassIntercepted | BR18: Goalie Stopped (after SOG)
A19: Timeout | J19: Zone-Entry | S19: Pass-Stretch | X19: s/u | AB19: OffensivePlay_Possession-ForecedOutside | AK19: Defensive_PlayPass-InShotPassLane | BR19: Referee or Linesperson
A20: Intermission | J20: Zone-Exit | S20: Pass-Rim/Wrap | X20: s/u | AB20: OffensivePlay_Pass-AssistPrimary | AK20: Defensive_PlayShot-BoxOut | BR20: High Stick
A21: Clockstop | J21: Zone-Keepin | S21: Pass-Backhand | X21: s/u | AB21: OffensivePlay_Pass-AssistSecondary | AK21: Defensive_PlayShot-BlockedShot | BR21: Objects on Ice
A22: GameStart | J22: Zone_Entryfailed | S22: Pass-Forehand | X22: s/u | AB22: OffensivePlay_Pass-AssistTertiary | AK22: Defensive_PlayShot-FrontofNet | BR22: Hand Pass
A23: GameEnd | J23: Zone_ExitFailed | S23: Pass-Bank | X23: s/u | AB23: OffensivePlay_Pass-GiveAndGo | AK23: Defensive_PlayZone-ClearingAttempt | BR23: Premature Substitution
A24: Penalty_Delayed | J24: Zone_KeepinFailed | S24: Pass-Dump | X24: s/u | AB24: OffensivePlay_Pass-Reverse | AK24: Defensive_PlayZone-ZoneEntryDenial | BR24: Puck in Netting
A25: Zone_Change | J25: Penalty | S25: Pass-Tipped | X25: s/u | AB25: OffensivePlay_Pass-QuickUp | AK25: Defensive_PlayZone-ZoneExitDenial | BR25: Puck in Benches
J26: Penalty-Offsetting | S26: Pass-Lob | X26: s/u | AB26: OffensivePlay_Pass-SecondTouch | AK26: Defensive_PlayZone-PenaltyKillClear | BR26: Net Dislodged Offensive Skater
J27: Stoppage-Freeze | S27: Pass-Drop | X27: s/u | AB27: OffensivePlay_Pass-ReceiverMissed | AK27: Defensive_PlayZone-PuckRetrievalDumpIn | BR27: Puck Frzn-Goalie-Bynd Ctr
J28: Stoppage-OutfofPlay | S28: Pass-Deflected/TippedShot | X28: s/u | AB28: OffensivePlay_Shot-Screen | AK28: Defensive_PlayZone-PuckRetrievalShot | BR28: Skater Puck Frozen
J29: Stoppage-PeriodEnd | S29: Pass-ReceiverMissed | X29: s/u | AB29: OffensivePlay_Zone-Breakout | AK29: Defensive_PlayZone-PuckRetreivalTurnover | BR29: Valid stoppage type reasons (reason):
J30: Stoppage-Goal | S30: Pass-OneTouch | X30: s/u | AB30: OffensivePlay_Zone-DumpChase | AK30: Defensive_PlayZone-PuckRetreivalPass | BR30: TV timeout
J31: Stoppage-Penalty | S31: Pass-SecondTouch | X31: s/u | AB31: OffensivePlay_Zone-Forecheck | AK31: Defensive_PlayZone-PuckRetrievalRebound | BR31: Home Timeout
J32: Shootout-OnNet | S32: Pass-QuickUp | X32: s/u | AB32: OffensivePlay_Zone-Dump/RimInZone | AK32: Defensive_PlayZone-PuckRecoveryDumpIn | BR32: Visitor Timeout
J33: Shootout-Missed | S33: Pass-GiveAndGo | X33: s/u | AB33: OffensivePlay_Zone-DumpInAttempt | AK33: Defensive_PlayZone-PuckRecoveryShot | BR33: Player Injury
J34: Shootout-Saved | S34: Pass-Reverse | X34: s/u | AB34: OffensivePlay_Zone-Breakout | AK34: Defensive_PlayZone-PuckRecoveryTurnover | BR34: Official Injury
J35: PenaltyShot-OnNet | S35: Pass-Other | X35: s/u | AB35: OffensivePlay_Zone-Cycle | AK35: Defensive_PlayZone-PuckRecoveryPass | BR35: Rink Repair
J36: PenaltyShot-Missed | AB36: OffensivePlay_Zone-PuckRetrievalDumpIn | AK36: Defensive_PlayZone-PuckRecoveryRebound | BR36: Ice problem
J37: PenaltyShot-Saved | S37: Giveaway-Misplayed | AB37: OffensivePlay_Zone-PuckRetrievalShot | AK37: Defensive_PlayZone-ForcedDumpin/Clear | BR37: Player Equipment
J38: LoosePuck-Forecheck | S38: Giveaway-BattleLost | AB38: OffensivePlay_Zone-PuckRetreivalTurnover | AK38: Offensive_Zone-AttemptedKeepin | BR38: Video Review
J39: LoosePuck-Battle | S39: Giveaway-PassIntercepted | AB39: OffensivePlay_Zone-PuckRetreivalPass | AK39: Defensive_Zone-AttemptedBreakOutPass | BR39: Chlg Hm - off-side
J40: Save-Rebound | S40: Giveaway-PassMissed | AB40: OffensivePlay_Zone-PuckRetreivalRebound | AK40: Defensive_Zone-AttemptedBreakOutRush | BR40: Chlg Vis - off-side
J41: Save-Freeze | S41: Giveaway-PassBlocked | AB41: OffensivePlay_Zone-PuckRetreivalShot | AK41: Defensive_Zone-AttemptedBreakOutClear | BR41: Chlg Hm - goal interference
J42: Save | S42: Giveaway-PassReceiverMissed | AB42: OffensivePlay_Zone-PuckRecoveryDumpIn | AK42: Offensive_Zone-AttemptedEntryDumpIn | BR42: Chlg Vis - goal interference
J43: DeadIce | S43: Giveaway-ShotBlocked | AB43: OffensivePlay_Zone-PuckRecoveryShot | AK43: Offensive_Zone-AttemptedEntryPass | BR43: Chlg League - off-side
J44: Play | S44: Giveaway-ShotMissed | AB44: OffensivePlay_Zone-PuckRecoveryTurnover | AK44: Offensive_Zone-AttemptedEntryRush | BR44: Chlg League - goal interference
J45: Faceoff-GameStart | S45: Giveaway-ZoneClear/Dump | AB45: OffensivePlay_Zone-PuckRecoveryPass | BR45: Switch sides
J46: Breakaway | K46: Possession on zone entry when on breakaway | S46: Giveaway-AttemptedZoneClear/Dump | AB46: OffensivePlay_Zone-PuckRecoveryRebound | BR46: Chlg Hm - Missed stoppage
J47: PuckRetrieval | K47: Puck reterived after opp team touch/turnover' | O47: s/u | P47: successful if next play positive | S47: Giveaway-ZoneEntry/ExitMisplay | AB47: Offensive_Zone-AttemptedKeepin | BR47: Chlg Vis - Missed stoppage
J48: PuckRecovery | K48: Puck recovered after same team touch/turnover | O48: s/u | S48: Giveaway-DumpInZone | AB48: Defensive_Zone-AttemptedBreakOutPass | BR48: Chlg League - Missed stoppage
J49: Regroup | K49: Circle back in Nzone/Dzone | O49: s/u | S49: Giveaway-Other | AB49: Defensive_Zone-AttemptedBreakOutRush | BR49: Chlg Hm - puck over glass
O50: s/u | AB50: Defensive_Zone-AttemptedBreakOutClear | BR50: Chlg Vis - puck over glass
S51: Takeaway-BattleWon | AB51: Offensive_Zone-AttemptedEntryDumpIn | BR51: Chlg League - puck over glass
S52: Takeaway-PokeCheck | AB52: Offensive_Zone-AttemptedEntryPass | BR52: Home Goal
S53: Takeaway-PassIntercepted | AB53: Offensive_Zone-AttemptedEntryRush | BR53: Away Goal
S54: Takeaway-PassBlocked | BR54: Away Goalie Stopped (after Home SOG)
S55: Takeaway-ShotBlocked | BR55: Home Goalie Stopped (after Away SOG)
S56: Takeaway-ZoneClear/Dump | BR56: DeadIce/Stoppage
S57: Takeaway-AttemptedZoneClear/Dump | BR57: Offset Penalty
S58: Takeaway-Other | BR58: GameEnd
S60: Zone-EntryFailed | X60: s/u
S61: ZoneEntry-Rush | X61: s/u
S62: ZoneEntry-Pass | X62: s/u
S63: ZoneEntry-DumpIn | X63: s/u
S64: ZoneEntry-Chip | X64: s/u
S65: ZoneEntry-FromExitClear | X65: s/u
S66: ZoneEntry-PassMiss/Misplay | X66: s/u
S67: ZoneEntry-OppTeam | X67: s/u
S68: ZoneEntry-Lob | X68: s/u
S69: ZoneEntry-RushBreakaway | X69: s/u
S70: ZoneEntry-CausedTurnover | X70: s/u
S71: ZoneEntry-PenaltyKillClear | X71: s/u
... S89: Zone-Other | X89: s/u
S91: OffensivePlay | Y91: successful if positive play made next
S92: DriveMiddle | T92: Cut to middle of ice | X92: s/u
S93: DriveWide | T93: drive wide either foreced /unforced | X93: s/u
S94: DriveCorner | T94: drive to offensive corner forced/unforced | X94: s/u
S95: DriveNetMiddle | T95: drive to slot from middle | X95: s/u
S96: DriveNetWide | T96: drive to slot from wide | X96: s/u
S97: CrashNet | T97: crash net for rebound | X97: s/u
S98: Delay | X98: s/u
S99: Deke | X99: s/u
S100: Chip | X100: s/u
S101: Other | X101: s/u
S102: DumpChase | T102: dumped into ozone form ozone/nzone | X102: s/u
S103: Forecheck | T103: offensive players crashing puck after dumpin | X103: s/u
S104: Speed | X104: s/u
S106: DefensivePlay | Y106: successful if positive play made next
S107: PokeCheck | X107: s/u
S108: PokeCheckFailed | X108: s/u
S109: SeperateFromPuck | X109: s/u
S110: Backcheck | X110: s/u
S111: FroceWide | X111: s/u
S112: Contain | X112: s/u
S113: BeatMiddle | X113: s/u
S114: BeatWide | X114: s/u
S115: BeatDeke | X115: s/u
S116: BeatSpeed | X116: s/u
S117: BoxOut | X117: s/u
S118: Other | X118: s/u
... S130: Shot-Other | X130: s/u
S132: Save-Glove
...

Sheet Lists
A1: EventType | B1: EventTypeDetail | C1: EventTypeDetail2 | D1: OffensivePlay | E1: DefensivePlay | F1: Play | G1: Faceoff | H1: Shot | I1: Pass | J1: Goal | K1: Turnover | L1: Zone_Entry_Exit | M1: Penalty | N1: PenaltyShot/Shootout | O1: Stoppage | P1: LoosePuck | Q1: Save | R1: Pass_Completed | S1: Pass_Missed | T1: Pass_Deflected | U1: Pass_Intercepted | V1: Turnover_Giveaway | W1: Turnover_Takeaway | X1: Zone_Entry | Y1: Zone_Exit | Z1: Zone_Keepin | AA1: Penalty_Major | AB1: Penalty_Minor | AC1: Penalty_Offsetting | AD1: Stoppage_Play | AE1: Stoppage_Period | AF1: Stoppage_Other | AG1: Shootout_OnNet | AH1: Shootout_Missed | AI1: Shootout_Saved | AJ1: PenaltyShot_OnNet | AK1: PenaltyShot_Missed | AL1: PenaltyShot_Saved | AM1: Save_Rebound | AN1: Save_Freeze | AO1: Shot_OnNetSaved | AP1: Shot_Missed | AQ1: Shot_Blocked | AR1: Shot_BlockedSameTeam | AS1: Shot_Deflected | AT1: Shot_DeflectedOnNetSaved | AU1: Shot_TippedOnNetSaved | AV1: Shot_OnNetGoal | AW1: Shot_TippedGoal | AX1: Shot_DeflectedGoal | AY1: Goal_Scored | AZ1: Goal_Shootout | BA1: Goal_PenaltyShot | BB1: Save_Played | BC1: Rebound | BD1: Play_Offensive | BE1: Play_Defensive | BF1: Possession | BG1: Faceoff | BH1: Shot_MissedPost | BI1: shift_start | BJ1: shift_end | BK1: Offensive | BL1: Defensive | BM1: Zone_EntryFailed | BN1: Zone_ExitFailed | BO1: Zone_KeepinFailed | BQ1: play_details
F2: Play_Offensive | G2: Faceoff_AfterPenalty | H2: Shot_OnNetSaved | I2: Pass_Completed | J2: Goal_Scored | K2: Turnover_Giveaway | L2: Zone_Entry | M2: Penalty_Minor | N2: PenaltyShot_OnNet | O2: Stoppage_Period | P2: LoosePuck_Forecheck | Q2: Save_Rebound | R2: Pass-Stretch | S2: Pass-Stretch | T2: Pass-Stretch | U2: Pass-Stretch | V2: Giveaway-Misplayed | W2: Takeaway-BattleWon | X2: ZoneEntry-Rush | Y2: ZoneExit-Rush | Z2: Zone-KeepIn | AA2: Penalty-Bench Penalty | AB2: Penalty-Bench Penalty | AC2: Penalty-Bench Penalty | AD2: Stoppage-Icing | AE2: Stoppage-StartofShootout | AF2: Stoppage-ObjectsonIce | AG2: Shot-Wrist | AH2: Shot-Wrist | AI2: Shot-Wrist | AJ2: Shot-Wrist | AK2: Shot-Wrist | AL2: Shot-Wrist | AM2: Save-Glove | AN2: Save-Glove | AO2: Shot-Wrist | AP2: Shot-Wrist | AQ2: Shot-Wrist | AR2: Shot-Wrist | AS2: Shot-Deflection | AT2: Shot-Deflection | AU2: Shot-Tip | AV2: Shot-Wrist | AX2: Shot-Deflection | AY2: Goal-Wrist | AZ2: Goal-Wrist | BA2: Goal-Wrist | BB2: Save-Glove | BC2: Rebound_TeamRecovered | BE2: Play-PokeCheck | BF2: Breakaway | BG2: Shot | BH2: Shot-Wrist | BI2: PeriodStart | BJ2: - | BK2: AssistPrimary | BL2: AttemptedBlockedShot | BM2: ZoneEntry-Rush | BN2: ZoneExit-Rush | BO2: Zone-KeepIn | BQ2: {=_xlfn._xlws.SORT(_xlfn.UNIQUE(BK2:BK1000))} -> AssistPrimary
A3: Faceoff | B3: Faceoff | C3: Shot-Wrist | D3: DriveMiddle | E3: PokeCheck | F3: Play_Defensive | G3: Faceoff_AfterGoal | H3: Shot_Missed | I3: Pass_Missed | J3: Goal_Shootout | K3: Turnover_Takeaway | L3: Zone_Exit | M3: Penalty_Offsetting | N3: PenaltyShot_Missed | O3: Stoppage_Play | P3: LoosePuck_Battle | Q3: Save_Freeze | R3: Pass-Rim/Wrap | S3: Pass-Rim/Wrap | T3: Pass-Rim/Wrap | U3: Pass-Rim/Wrap | V3: Giveaway-BattleLost | W3: Takeaway-PokeCheck | X3: ZoneEntry-Pass | Y3: ZoneExit-Pass | Z3: Zone-Pinch | AA3: Penalty-Boarding | AB3: Penalty-Boarding | AC3: Penalty-Boarding | AD3: Stoppage-Offsides | AE3: Stoppage-PeriodStart | AF3: Stoppage-HomeTimeout | AG3: Shot-Slap | AH3: Shot-Slap | AI3: Shot-Slap | AJ3: Shot-Slap | AK3: Shot-Slap | AL3: Shot-Slap | AM3: Save-Blocker | AN3: Save-Blocker | AO3: Shot-Slap | AP3: Shot-Slap | AQ3: Shot-Slap | AR3: Shot-Slap | AS3: Shot-Wrist | AT3: Shot-Wrist | AU3: Shot-Wrist | AV3: Shot-Slap | AW3: Shot-Wrist | AX3: Shot-Wrist | AY3: Goal-Slap | AZ3: Goal-Slap | BA3: Goal-Slap | BB3: Save-Blocker | BC3: Rebound_OppTeamRecovered | BD3: Play-DriveMiddle | BE3: Play-PokeCheckFailed | BF3: PuckRetrieval | BG3: Pass | BH3: Shot-Slap | BI3: FaceoffAfterGoal | BJ3: Period Start | BK3: AssistSecondary | BL3: AttemptedBreakOutClear | BM3: ZoneEntry-Pass | BN3: ZoneExit-Pass | BO3: Zone-Pinch | BQ3: AssistSecondary
A4: Shot | B4: Faceoff-AfterPenalty | C4: Shot-Slap | D4: DriveWide | E4: PokeCheckFailed | G4: Faceoff_PeriodStart | H4: Shot_Blocked | I4: Pass_Deflected | J4: Goal_PenaltyShot | L4: Zone_Keepin | M4: Penalty_Major | N4: PenaltyShot_Saved | O4: Stoppage_Other | Q4: Save_Played | R4: Pass-Backhand | S4: Pass-Backhand | T4: Pass-Backhand | U4: Pass-Backhand | V4: Giveaway-PassIntercepted | W4: Takeaway-PassIntercepted | X4: ZoneEntry-DumpIn | Y4: ZoneExit-Clear | Z4: Zone-Other | AA4: Penalty-Charging | AB4: Penalty-Charging | AC4: Penalty-Charging | AD4: Stoppage-ClockProblem | AE4: Stoppage-PeriodEnd | AF4: Stoppage-VisitorTimeout | AG4: Shot-Backhand | AH4: Shot-Backhand | AI4: Shot-Backhand | AJ4: Shot-Backhand | AK4: Shot-Backhand | AL4: Shot-Backhand | AM4: Save-LeftPad | AN4: Save-LeftPad | AO4: Shot-Backhand | AP4: Shot-Backhand | AQ4: Shot-Backhand | AR4: Shot-Backhand | AS4: Shot-Slap | AT4: Shot-Slap | AU4: Shot-Slap | AV4: Shot-Backhand | AW4: Shot-Slap | AX4: Shot-Slap | AY4: Goal-Backhand | AZ4: Goal-Backhand | BA4: Goal-Backhand | BB4: Save-LeftPad | BC4: Rebound_ShotGenerated | BD4: Play-DriveWide | BE4: Play-SeperateFromPuck | BF4: PuckRecovery | BG4: Goal | BH4: Shot-Backhand | BI4: GameStart | BJ4: Period End | BK4: AssistTertiary | BL4: AttemptedBreakOutPass | BM4: ZoneEntry-DumpIn | BN4: ZoneExit-Clear | BO4: Zone-Other | BQ4: AssistTertiary
A5: Pass | B5: Faceoff-AfterGoal | C5: Shot-Backhand | D5: DriveCorner | E5: SeperateFromPuck | G5: Faceoff_AfterStoppage | H5: Shot_BlockedSameTeam | I5: Pass_Intercepted | L5: Zone_Entryfailed | N5: ShootoutShot_OnNet | O5: Stoppage_GameEnd | R5: Pass-Forehand | S5: Pass-Forehand | T5: Pass-Forehand | U5: Pass-Forehand | V5: Giveaway-PassMissed | W5: Takeaway-PassBlocked | X5: ZoneEntry-Chip | Y5: ZoneExit-Chip | AA5: Penalty-CrossChecking | AB5: Penalty-CrossChecking | AC5: Penalty-CrossChecking | AD5: Stoppage-HighStick | AF5: Stoppage-RinkRepair | AG5: Shot-Snap | AH5: Shot-Snap | AI5: Shot-Snap | AJ5: Shot-Snap | AK5: Shot-Snap | AL5: Shot-Snap | AM5: Save-RightPad | AN5: Save-RightPad | AO5: Shot-Snap | AP5: Shot-Snap | AQ5: Shot-Snap | AR5: Shot-Snap | AS5: Shot-Backhand | AT5: Shot-Backhand | AU5: Shot-Backhand | AV5: Shot-Snap | AW5: Shot-Backhand | AX5: Shot-Backhand | AY5: Goal-Tip | AZ5: Goal-Snap | BA5: Goal-Snap | BB5: Save-RightPad | BC5: Rebound_FlurryGenerated | BD5: Play-DriveCorner | BE5: Play-Backcheck | BF5: Regroup | BG5: Turnover | BH5: Shot-Snap | BI5: FaceoffAfterPenalty | BJ5: Puck Out of Play | BK5: AttemptedBreakOutClear | BL5: AttemptedBreakOutRush | BM5: ZoneEntry-Chip | BN5: ZoneExit-Chip | BQ5: AttemptedBlockedShot
A6: Goal | B6: Faceoff-PeriodStart | C6: Shot-Tip | D6: DriveNetMiddle | E6: Backcheck | G6: Faceoff_GameStart | H6: Shot_Deflected | L6: Zone_ExitFailed | N6: ShootoutShot_Missed | R6: Pass-Bank | S6: Pass-Bank | T6: Pass-Bank | U6: Pass-Bank | V6: Giveaway-PassBlocked | W6: Takeaway-ShotBlocked | X6: ZoneEntry-FromExitClear | Y6: ZoneExit-PassMiss/Misplay | AA6: Penalty-DelayofGame | AB6: Penalty-DelayofGame | AC6: Penalty-DelayofGame | AD6: Stoppage-HandPass | AF6: Stoppage-PlayerEquipment | AG6: Shot-WrapAround | AH6: Shot-WrapAround | AI6: Shot-WrapAround | AJ6: Shot-WrapAround | AK6: Shot-WrapAround | AL6: Shot-WrapAround | AM6: Save-Stick | AN6: Save-Stick | AO6: Shot-WrapAround | AP6: Shot-WrapAround | AQ6: Shot-WrapAround | AR6: Shot-WrapAround | AS6: Shot-Snap | AT6: Shot-Snap | AU6: Shot-Snap | AV6: Shot-WrapAround | AW6: Shot-Snap | AX6: Shot-Snap | AY6: Goal-Snap | AZ6: Goal-WrapAround | BA6: Goal-WrapAround | BB6: Save-Stick | BD6: Play-DriveNetMiddle | BE6: Play-FroceWide | BG6: Zone_Entry_Exit | BH6: Shot-WrapAround | BI6: OtherFaceoff | BJ6: Injury | BK6: AttemptedBreakOutPass | BL6: AttemptedEntryDumpIn | BM6: ZoneEntry-FromExitClear | BN6: ZoneExit-PassMiss/Misplay | BQ6: AttemptedBreakOutClear
A7: Turnover | B7: Shot-OnNet | C7: Shot-Snap | D7: DriveNetWide | E7: FroceWide | H7: Shot_DeflectedOnNetSaved | L7: Zone_KeepinFailed | N7: ShootoutShot_Saved | R7: Pass-Dump | S7: Pass-Dump | T7: Pass-Dump | U7: Pass-Dump | V7: Giveaway-PassReceiverMissed | W7: Takeaway-ZoneClear/Dump | X7: ZoneEntry-PassMiss/Misplay | Y7: ZoneExit-OppTeam | AA7: Penalty-Diving | AB7: Penalty-Diving | AC7: Penalty-Diving | AD7: Stoppage-NetDislodged | AF7: Stoppage-Challenge | AG7: Shot-Bat | AH7: Shot-Bat | AI7: Shot-Bat | AJ7: Shot-Bat | AK7: Shot-Bat | AL7: Shot-Bat | AM7: Save-Scramble | AN7: Save-Scramble | AO7: Shot-Bat | AP7: Shot-Bat | AQ7: Shot-Bat | AR7: Shot-Bat | AS7: Shot-WrapAround | AT7: Shot-WrapAround | AU7: Shot-WrapAround | AV7: Shot-Bat | AW7: Shot-WrapAround | AX7: Shot-WrapAround | AY7: Goal-WrapAround | AZ7: Goal-Bat | BA7: Goal-Bat | BB7: Save-Scramble | BD7: Play-DriveNetWide | BE7: Play-Contain | BG7: Penalty | BH7: Shot-Bat | BI7: DeadIce/Stoppage | BJ7: Home Penalty | BK7: AttemptedBreakOutRush | BL7: AttemptedEntryPass | BM7: ZoneEntry-PassMiss/Misplay | BN7: ZoneExit-OppTeam | BQ7: AttemptedBreakOutPass
A8: Zone_Entry_Exit | B8: Shot-Missed | C8: Shot-WrapAround | D8: CrashNet | E8: Contain | H8: Shot_Tipped | R8: Pass-Tipped | S8: Pass-Tipped | T8: Pass-Tipped | U8: Pass-Tipped | V8: Giveaway-ShotBlocked | W8: Takeaway-AttemptedZoneClear/Dump | X8: ZoneEntry-OppTeam | Y8: ZoneExit-Lob | AA8: Penalty-Elbowing | AB8: Penalty-Elbowing | AC8: Penalty-Elbowing | AD8: Stoppage-Injury | AF8: Stoppage-Other | AG8: Shot-Cradle | AH8: Shot-Cradle | AI8: Shot-Cradle | AJ8: Shot-Cradle | AK8: Shot-Cradle | AL8: Shot-Cradle | AM8: Save-Butterfly | AN8: Save-Butterfly | AO8: Shot-Cradle | AP8: Shot-Cradle | AQ8: Shot-Cradle | AR8: Shot-Cradle | AS8: Shot-Bat | AT8: Shot-Bat | AU8: Shot-Bat | AV8: Shot-Cradle | AW8: Shot-Bat | AX8: Shot-Bat | AY8: Goal-Bat | AZ8: Goal-Cradle | BA8: Goal-Cradle | BB8: Save-Butterfly | BD8: Play-CrashNet | BE8: Play-BeatMiddle | BG8: PenaltyShot_Shootout | BH8: Shot-Cradle | BI8: Intermission | BJ8: Away Penalty | BK8: AttemptedEntryDumpIn | BL8: AttemptedEntryRush | BM8: ZoneEntry-OppTeam | BN8: ZoneExit-Lob | BQ8: AttemptedBreakOutRush
A9: Penalty | B9: Shot-Blocked | C9: Shot-Bat | D9: Delay | E9: BeatMiddle | H9: Shot_TippedOnNetSaved | R9: Pass-Lob | S9: Pass-Lob | T9: Pass-Lob | U9: Pass-Lob | V9: Giveaway-ShotMissed | W9: Takeaway-Other | X9: ZoneEntry-Lob | Y9: ZoneExit-CausedTurnover | AA9: Penalty-GoalieInterference | AB9: Penalty-GoalieInterference | AC9: Penalty-GoalieInterference | AD9: Stoppage-GoalieStoppage | AG9: Shot-Poke | AH9: Shot-Poke | AI9: Shot-Poke | AJ9: Shot-Poke | AK9: Shot-Poke | AL9: Shot-Poke | AM9: Save-Chest | AN9: Save-Chest | AO9: Shot-Poke | AP9: Shot-Poke | AQ9: Shot-Poke | AR9: Shot-Poke | AS9: Shot-Cradle | AT9: Shot-Cradle | AU9: Shot-Cradle | AV9: Shot-Poke | AW9: Shot-Cradle | AX9: Shot-Cradle | AY9: Goal-Cradle | AZ9: Goal-Poke | BA9: Goal-Poke | BB9: Save-Chest | BD9: Play-Delay | BE9: Play-BeatWide | BG9: Stoppage | BH9: Shot-Poke | BI9: DelayedPenalty | BJ9: Home Goalie Stoppage | BK9: AttemptedEntryPass | BL9: AttemptedKeepin | BM9: ZoneEntry-Lob | BN9: ZoneExit-CausedTurnover | BQ9: AttemptedEntryDumpIn
A10: PenaltyShot_Shootout | B10: Shot-BlockedSameTeam | C10: Shot-Cradle | D10: Deke | E10: BeatWide | H10: Shot_OnNetGoal | R10: Pass-Drop | S10: Pass-Drop | T10: Pass-Drop | U10: Pass-Drop | V10: Giveaway-ZoneClear/Dump | X10: ZoneEntry-RushBreakaway | Y10: ZoneExit-PenaltyKillClear | AA10: Penalty-HighSticking | AB10: Penalty-HighSticking | AC10: Penalty-HighSticking | AD10: Stoppage-PuckOutofPlay | AG10: Shot-BetweenLegs | AH10: Shot-BetweenLegs | AI10: Shot-BetweenLegs | AJ10: Shot-BetweenLegs | AK10: Shot-BetweenLegs | AL10: Shot-BetweenLegs | AM10: Save-Shoulder | AN10: Save-Shoulder | AO10: Shot-BetweenLegs | AP10: Shot-BetweenLegs | AQ10: Shot-BetweenLegs | AR10: Shot-BetweenLegs | AS10: Shot-Poke | AT10: Shot-Poke | AU10: Shot-Poke | AV10: Shot-BetweenLegs | AW10: Shot-Poke | AX10: Shot-Poke | AY10: Goal-Poke | AZ10: Goal-BetweenLegs | BA10: Goal-BetweenLegs | BB10: Save-Other | BD10: Play-Deke | BE10: Play-BeatDeke | BG10: Hit | BH10: Shot-BetweenLegs | BI10: GameStart | BJ10: Away Goalie Stoppage | BK10: AttemptedEntryRush | BL10: Backcheck | BM10: ZoneEntry-RushBreakaway | BN10: ZoneExit-PenaltyKillClear | BQ10: AttemptedEntryPass
A11: Stoppage | B11: Shot-Deflected | C11: Shot-Poke | D11: Chip | E11: BeatDeke | H11: Shot_OnNetTippedGoal | R11: Pass-Deflected/TippedShot | S11: Pass-Deflected/TippedShot | T11: Pass-Deflected/TippedShot | U11: Pass-Deflected/TippedShot | V11: Giveaway-AttemptedZoneClear/Dump | X11: ZoneEntry-CausedTurnover | Y11: ZoneExit-Shot | AA11: Penalty-Holding | AB11: Penalty-Holding | AC11: Penalty-Holding | AD11: Stoppage-Penalty | AG11: Shot-Tip | AH11: Shot-Tip | AI11: Shot-Other | AJ11: Shot-Other | AK11: Shot-Other | AL11: Shot-Other | AM11: Save-Skate | AN11: Save-Skate | AO11: Shot-Dumpin | AP11: Shot-Dumpin | AQ11: Shot-Dumpin | AR11: Shot-Dumpin | AS11: Shot-BetweenLegs | AT11: Shot-BetweenLegs | AU11: Shot-BetweenLegs | AV11: Shot-Dumpin | AW11: Shot-BetweenLegs | AX11: Shot-BetweenLegs | AY11: Goal-BetweenLegs | AZ11: Goal-Other | BA11: Goal-Other | BD11: Play-Chip | BE11: Play-BeatSpeed | BG11: Possession | BH11: Shot-Dumpin | BJ11: Home Offside | BK11: AttemptedKeepin | BL11: BeatDeke | BM11: ZoneEntry-CausedTurnover | BN11: ZoneExit-Other | BQ11: AttemptedEntryRush
A12: Hit | B12: Shot-DeflectedOnNet | C12: Shot-BetweenLegs | D12: Other | E12: BeatSpeed | H12: Shot_OnNetDeflectedGoal | R12: Pass-ReceiverMissed | S12: Pass-ReceiverMissed | T12: Pass-ReceiverMissed | U12: Pass-ReceiverMissed | V12: Giveaway-ZoneEntry/ExitMisplay | X12: ZoneEntry-PenaltyKillClear | Y12: ZoneExit-Other | AA12: Penalty-Interference | AB12: Penalty-Interference | AC12: Penalty-Interference | AD12: Stoppage-Goal | AG12: Shot-Other | AH12: Shot-Other | AM12: Save-Other | AN12: Save-Other | AO12: Shot-OneTime | AP12: Shot-OneTime | AQ12: Shot-OneTime | AR12: Shot-OneTime | AS12: Shot-Dumpin | AT12: Shot-Dumpin | AU12: Shot-Dumpin | AV12: Shot-OneTime | AW12: Shot-Dumpin | AX12: Shot-Dumpin | AY12: Goal-Dumpin | BD12: Play-Other | BE12: Play-BoxOut | BG12: LoosePuck | BH12: Shot-OneTime | BJ12: Home Icing | BK12: Breakout | BL12: BeatFake | BM12: ZoneEntry-PenaltyKillClear | BQ12: AttemptedKeepin
A13: Possession | B13: Shot-Tipped | C13: Shot-Dumpin | D13: DumpChase | E13: BoxOut | H13: Shot_Goal | R13: Pass-OneTouch | S13: Pass-Other | T13: Pass-Other | U13: Pass-Other | V13: Giveaway-DumpInZone | X13: ZoneEntry-Shot | AA13: Penalty-Hooking | AB13: Penalty-Fighting | AC13: Penalty-Fighting | AO13: Shot-Tip | AP13: Shot_Tipped | AQ13: Shot_Tipped | AR13: Shot_Tipped | AS13: Shot-OneTime | AT13: Shot-OneTime | AU13: Shot-OneTime | AV13: Shot-Other | AW13: Shot-OneTime | AX13: Shot-OneTime | AY13: Goal-Deflection | BD13: Play-DumpChase | BE13: Play-AttemptedClear | BG13: Save | BH13: Shot_Tipped | BJ13: Away Offside | BK13: Breakout | BL13: BeatMiddle | BM13: ZoneEntry-Other | BQ13: AttemptedPass
A14: LoosePuck | B14: Pass-Completed | C14: Shot-Deflection | D14: Forecheck | E14: Other | H14: Shot_MissedPost | R14: Pass-SecondTouch | S14: Pass-SecondTouch | T14: Pass-SecondTouch | U14: Pass-SecondTouch | V14: Giveaway-Other | X14: ZoneEntry-Other | AA14: Penalty-Roughing | AB14: Penalty-Hooking | AC14: Penalty-Hooking | AO14: Shot-Other | AP14: Shot-Other | AQ14: Shot-Other | AR14: Shot-Other | AS14: Shot-Other | AT14: Shot-Other | AU14: Shot-Other | AV14: Shot-Deflection | AW14: Shot-Other | AX14: Shot-Other | AY14: Goal-OneTime | BD14: Play-Forecheck | BE14: Play-Other | BG14: TeamPossessionChange | BH14: Shot-Other | BJ14: Away Icing | BK14: CededZoneEntry | BL14: BeatSpeed | BQ14: AttemptedShot
A15: Save | B15: Pass-Missed | C15: Shot-OneTime | D15: Speed | R15: Pass-QuickUp | S15: Pass-QuickUp | T15: Pass-QuickUp | U15: Pass-QuickUp | AA15: Penalty-Slashing | AB15: Penalty-Roughing | AC15: Penalty-Roughing | AV15: Shot-Tip | AY15: Goal-Other | BD15: Play-Speed | BG15: Rebound | BJ15: Clock Problem | BK15: CededZoneExit | BL15: BeatWide | BQ15: AttemptedTip/Deflection
A16: TeamPossessionChange | B16: Pass-Deflected | C16: Shot-Other | R16: Pass-GiveAndGo | S16: Pass-GiveAndGo | T16: Pass-GiveAndGo | U16: Pass-GiveAndGo | AA16: Penalty-TooManyMenontheIce | AB16: Penalty-Slashing | AC16: Penalty-Slashing | BD16: Play-Dump/RimInZone | BJ16: Puck Frozen | BK16: Chip | BL16: BlockedShot | BQ16: Backcheck
A17: Rebound | B17: Pass-Intercepted | C17: Pass-Stretch | R17: Pass-Reverse | S17: Pass-Reverse | T17: Pass-Reverse | U17: Pass-Reverse | AA17: Penalty-Tripping | AB17: Penalty-Misconduct | AC17: Penalty-Misconduct | BJ17: Puck in Crowd | BK17: CrashNet | BL17: BoxOut | BQ17: BeatDeke
A18: DeadIce | B18: Turnover-Giveaway | C18: Pass-Rim/Wrap | R18: Pass-Other | S18: Pass-Other | T18: Pass-Other | U18: Pass-Other | AA18: Penalty-Other | AB18: Penalty-TooManyMenontheIce | AC18: Penalty-TooManyMenontheIce | BJ18: Goalie Stopped (after SOG) | BK18: CutBack | BL18: CededZoneEntry | BQ18: BeatFake
A19: Play | B19: Turnover-Takeaway | C19: Pass-Backhand | AB19: Penalty-Tripping | AC19: Penalty-Tripping | BJ19: Referee or Linesperson | BK19: Cycle | BL19: CededZoneExit | BQ19: BeatMiddle
A20: Timeout | B20: Zone-Entry | C20: Pass-Forehand | AB20: Penalty-UnsportsmanlikeConduct | AC20: Penalty-UnsportsmanlikeConduct | BJ20: High Stick | BK20: Deke | BL20: ClearingAttempt | BQ20: BeatSpeed
A21: Intermission | B21: Zone-Exit | C21: Pass-Bank | AB21: Penalty-Other | AC21: Penalty-Other | BJ21: Objects on Ice | BK21: Delay | BL21: Contain | BQ21: BeatWide
A22: Clockstop | B22: Zone-Keepin | C22: Pass-Other | BJ22: Hand Pass | BK22: DriveCorner | BL22: ForcedDumpin/Clear | BQ22: BlockedShot
A23: GameStart | B23: Penalty | C23: Giveaway-Misplayed | BJ23: Premature Substitution | BK23: DriveMiddle | BL23: ForcedLostPossession | BQ23: BoxOut
A24: GameEnd | B24: Penalty-Offsetting | C24: Giveaway-BattleLost | BJ24: Puck in Netting | BK24: DriveNetMiddle | BL24: ForcedMissedPass | BQ24: Breakout
A25: Penalty_Delayed | B25: Stoppage-Freeze | C25: Giveaway-PassIntercepted | BJ25: Puck in Benches | BK25: DriveNetWide | BL25: ForcedMissedShot | BQ25: CededZoneEntry
A26: Zone_Change | B26: Stoppage-OutfofPlay | C26: Giveaway-PassMissed | BJ26: Net Dislodged Offensive Skater | BK26: DriveWide | BL26: ForcedTurnover | BQ26: CededZoneExit
B27: Stoppage-PeriodEnd | C27: Giveaway-PassBlocked | BJ27: Puck Frzn-Goalie-Bynd Ctr | BK27: Dump/RimInZone | BL27: ForceWide | BQ27: Chip
B28: Stoppage-Goal | C28: Giveaway-ShotBlocked | BJ28: Skater Puck Frozen | BK28: DumpChase | BL28: Forecheck | BQ28: ClearingAttempt
B29: Stoppage-Penalty | C29: Giveaway-ShotMissed | BJ29: Valid stoppage type reasons (reason): | BK29: DumpInAttempt | BL29: FrontofNet | BQ29: Contain
B30: Shootout-OnNet | C30: Giveaway-Other | BJ30: TV timeout | BK30: EndToEndRush | BL30: GapControl | BQ30: CrashNet
B31: Shootout-Missed | C31: Takeaway-BattleWon | BJ31: Home Timeout | BK31: FakeShot | BL31: InShotPassLane | BQ31: CutBack
B32: Shootout-Saved | C32: Takeaway-PokeCheck | BJ32: Visitor Timeout | BK32: ForecedOutside | BL32: LoosePuckBattleLost | BQ32: Cycle
B33: PenaltyShot-OnNet | C33: Takeaway-PassIntercepted | BJ33: Player Injury | BK33: Forecheck | BL33: LoosePuckBattleWon | BQ33: DeflectedShot
B34: PenaltyShot-Missed | C34: Takeaway-PassBlocked | BJ34: Official Injury | BK34: FrontofNet | BL34: ManOnMan | BQ34: Deke
B35: PenaltyShot-Saved | C35: Takeaway-ShotBlocked | BJ35: Rink Repair | BK35: GiveAndGo | BL35: PassDeflected | BQ35: Delay
B36: LoosePuck-Forecheck | C36: Takeaway-Other | BJ36: Ice problem | BK36: LoosePuckBattleLost | BL36: PassIntercepted | BQ36: DelayedOffside
B37: LoosePuck-Battle | C37: ZoneEntry-Rush | BJ37: Player Equipment | BK37: LoosePuckBattleWon | BL37: PenaltyKillClear | BQ37: DriveCorner
B38: Save-Rebound | C38: ZoneEntry-Pass | BJ38: Video Review | BK38: LostPuck | BL38: PokeCheck | BQ38: DriveMiddle
... B43: Faceoff-GameStart | C43: Zone-KeepIn | BJ43: Chlg League - off-side | BK43: RecoveryRetreivalFaceoff | BL43: PuckRecoveryPass | BQ43: DumpChase
C44: Zone-Pinch | BJ44: Chlg League - goal interference | BK44: RecoveryRetreivalOther | BL44: PuckRecoveryRebound | BQ44: DumpInAttempt
C45: Zone-Other | BJ45: Switch sides | BK45: RecoveryRetreivalPass | BL45: PuckRecoveryShot | BQ45: EndToEndRush
C46: Save-Glove | BJ46: Chlg Hm - Missed stoppage | BK46: RecoveryRetreivalRebound | BL46: PuckRecoveryTurnover | BQ46: FakeShot
C47: Save-Blocker | BJ47: Chlg Vis - Missed stoppage | BK47: RecoveryRetreivalShot | BL47: PuckRetreivalFaceoff | BQ47: ForcedDumpin/Clear
C48: Save-LeftPad | BJ48: Chlg League - Missed stoppage | BK48: RecoveryRetreivalTurnover | BL48: PuckRetreivalOther | BQ48: ForcedLostPossession
C49: Save-RightPad | BJ49: Chlg Hm - puck over glass | BK49: RecoveryRetreivalFaceoff | BL49: PuckRetreivalPass | BQ49: ForcedMissedPass
C50: Save-Stick | BJ50: Chlg Vis - puck over glass | BK50: RecoveryRetreivalOther | BL50: PuckRetreivalTurnover | BQ50: ForcedMissedShot
C51: Save-Scramble | BJ51: Chlg League - puck over glass | BK51: RecoveryRetreivalPass | BL51: PuckRetrievalDumpIn | BQ51: ForcedTurnover
C52: Save-Butterfly | BJ52: Home Goal | BK52: RecoveryRetreivalRebound | BL52: PuckRetrievalRebound | BQ52: ForceWide
C53: Save-Chest | BJ53: Away Goal | BK53: RecoveryRetreivalShot | BL53: PuckRetrievalShot | BQ53: ForecedOutside
C54: Save-Other | BJ54: Away Goalie Stopped (after Home SOG) | BK54: RecoveryRetreivalTurnover | BL54: RegroupClear | BQ54: Forecheck
C55: Stoppage-StartofShootout | BJ55: Home Goalie Stopped (after Away SOG) | BK55: RecoveryRetrievalDumpIn | BL55: SeperateFromPuck | BQ55: FrontofNet
... C58: Stoppage-PuckOutofPlay | BJ58: GameEnd | BK58: ReceiverMissed | BL58: Surf | BQ58: InShotPassLane
C59: Stoppage-Penalty | BK59: Regroup | BL59: Tracker | BQ59: LoosePuckBattleLost
C60: Stoppage-Icing | BK60: RegroupDumpin | BL60: Zone | BQ60: LoosePuckBattleWon
C61: Stoppage-Offsides | BK61: Reverse | BL61: ZoneEntryDenial | BQ61: LostPuck
C62: Stoppage-GoalieStoppage | BK62: Screen | BL62: ZoneExitDenial | BQ62: ManOnMan
C63: Stoppage-ClockProblem | BK63: SecondTouch | BQ63: MisplayedPuck
C64: Stoppage-HighStick | BK64: Speed | BQ64: OpenIceDeke
C65: Stoppage-ObjectsonIce | BK65: Wheel | BQ65: Other
C66: Stoppage-HandPass | BK66: ZoneKeepin | BQ66: PassDeflected
C67: Stoppage-NetDislodged | BK67: AttemptedBlockedShot | BQ67: PassForTip
C68: Stoppage-HomeTimeout | BK68: AttemptedBreakOutClear | BQ68: PassIntercepted
C69: Stoppage-VisitorTimeout | BK69: AttemptedBreakOutPass | BQ69: PenaltyKillClear
C70: Stoppage-Injury | BK70: AttemptedBreakOutRush | BQ70: PokeCheck
C71: Stoppage-OfficialInjury | BK71: AttemptedEntryDumpIn | BQ71: Pressure
C72: Stoppage-RinkRepair | BK72: AttemptedEntryPass | BQ72: PuckRecoveryRetreivalAttemptedClear
C73: Stoppage-PlayerEquipment | BK73: AttemptedEntryRush | BQ73: PuckRecoveryRetreivalClear
C74: Stoppage-Challenge | BK74: AttemptedKeepin | BQ74: PuckRecoveryRetreivalDumpIn
... C98: Play-Defensive | BK98: LoosePuckBattleWon | BQ98: RegroupDumpin
BK99: ManOnMan | BQ99: Reverse
BK100: PassDeflected | BQ100: Screen
BK101: PassIntercepted | BQ101: SecondTouch
BK102: PenaltyKillClear | BQ102: SeperateFromPuck
BK103: PokeCheck | BQ103: Speed
BK104: Pressure | BQ104: StickCheck
BK105: PuckRecoveryRetreivalDumpIn | BQ105: StoppedDeke
BK106: PuckRecoveryRetreivalFaceoff | BQ106: Surf
BK107: PuckRecoveryRetreivalOther | BQ107: Tracker
BK108: PuckRecoveryRetreivalPass | BQ108: Wheel
BK109: PuckRecoveryRetreivalRebound | BQ109: Zone
BK110: PuckRecoveryRetreivalShot | BQ110: ZoneEntryDenial
... BK112: PuckRecoveryRetreivalFaceoff | BQ112: ZoneKeepin
BK113: PuckRecoveryRetreivalOther | BQ113: 0
BK114: PuckRecoveryRetreivalPass
BK115: PuckRecoveryRetreivalTurnover
BK116: PuckRetrievalDumpIn
BK117: PuckRetrievalRebound
BK118: PuckRetrievalShot
BK119: RegroupClear
BK120: SeperateFromPuck
BK121: StickCheck
BK122: StoppedDeke
BK123: Surf
BK124: Tracker
BK125: Zone
... BK139: PassForTip

Sheet shifts
A1: shift_index | B1: Period | C1: shift_start_min | D1: shift_start_sec | E1: shift_end_min | F1: shift_end_sec | G1: shift_start_type | H1: shift_stop_type | I1: home_forward_1 | J1: home_forward_2 | K1: home_forward_3 | L1: home_defense_1 | M1: home_defense_2 | N1: home_xtra | O1: home_goalie | P1: away_forward_1 | Q1: away_forward_2 | R1: away_forward_3 | S1: away_defense_1 | T1: away_defense_2 | U1: away_xtra | V1: away_goalie | W1: stoppage_time | X1: home_ozone_start | Y1: home_ozone_end | Z1: home_dzone_start | AA1: home_dzone_end | AB1: home_nzone_start | AC1: home_nzone_end | AD1: game_id | AE1: home_team | AF1: away_team | AG1: shift_start_total_seconds | AH1: shift_end_total_seconds | AI1: shift_duration | AJ1: home_team_strength | AK1: away_team_strength | AL1: home_team_en | AM1: away_team_en | AN1: home_team_pk | AO1: home_team_pp | AP1: away_team_pp | AQ1: away_team_pk | AR1: situation | AS1: strength | AT1: home_goals | AU1: away_goals | AV1: home_team_plus | AW1: home_team_minus | AX1: away_team_plus | AY1: away_team_minus | AZ1: period_start_total_running_seconds | BA1: running_video_time | BB1: shift_start_running_time | BC1: shift_end_running_time
A2: 1 | B2: 1 | C2: 18 | D2: 00 | E2: 17 | F2: 14 | G2: GameStart | I2: 10 | J2: 15 | K2: 16 | L2: 23 | M2: 37 | O2: 31 | P2: 70 | Q2: 87 | R2: 75 | S2: 22 | T2: 84 | V2: 39 | W2: =SUMIFS(events!AJ:AJ,events!Q:Q,"=DeadIce",events!AK:AK,"<="&shifts!AG2,events!AL:AL,">"&shifts!AH2,events!E:E,"="&shifts!B3)+SUMIFS(events!AJ:AJ,events!Q:Q,"=Timeout",events!AK:AK,"<="&shifts!AG2,events!AL:AL,">"&shifts!AH2,events!E:E,"="&shifts!B3) -> 0 | AB2: 1 | AD2: 18981 | AE2: Nelson | AF2: Velodrome | AG2: =((C2*60)+D2) -> 1080 | AH2: =((E2*60)+F2) -> 1034 | AI2: =ROUND(AG2-AH2,0) -> 46 | AJ2: =COUNTIF(I2:N2,">0") -> 5 | AK2: =COUNTIF(P2:U2,">0") -> 5 | AL2: =IF(O2="",1,0) -> 0 | AM2: =IF(V2="",1,0) -> 0 | AN2: =IF(AND($AL2<>1,$AJ2<$AK2,AM2<>1),1,) -> 0 | AO2: =IF(AND($AL2<>1,$AJ2>$AK2),1,) -> 0 | AP2: =IF(AN2=1,1,0) -> 0 | AQ2: =IF(AO2=1,1,0) -> 0 | AR2: =IF(AND(AJ2=5,AK2=5,AL2=0,AM2=0),"Full Strength",IF(AP2=1,"Away PowerPlay",IF(AO2=1,"Home PowerPlay",IF(AL2=1,"Home EmptyNet",IF(AM2=1,"Away EmptyNet",""))))) -> Full Strength | AS2: =IF(AND(AL2=0,AM2=0),AJ2&"v"&AK2,IF(AL2=1,AJ2&"v"&AK2&" Home EN",IF(AM2=1,AJ2&"v"&AK2&" Away EN",""))) -> 5v5 | AT2: 0 | AU2: 0 | AV2: =IF(AND($H2="Home Goal", AO2=0),1,0) -> 0 | AW2: =IF(AX2=1,-1,0) -> 0 | AX2: =IF(AND($H2="AwayGoal", AP2=0),1,0) -> 0 | AY2: =IF(AV2=1,-1,0) -> 0 | AZ2: =IFERROR(VLOOKUP(B2,events!AA:BN,40,FALSE),0) -> 0 | BA2: 0 | BB2: =IF(BA2<5,0,BA2-5) -> 0 | BC2: =BB2+AI2+3 -> 49
A3: 2 | B3: =IF(G3="PeriodStart",B2+1,B2) -> 1 | C3: =IF(G3<>"PeriodStart",E2,18) -> 17 | D3: =F2 -> 14 | E3: 17 | F3: 07 | I3: 79 | J3: 3 | K3: 44 | L3: 80 | M3: 37 | O3: =O2 -> 31 | P3: 70 | Q3: 87 | R3: 75 | S3: 22 | T3: 84 | V3: =V2 -> 39 | W3: =SUMIFS(events!AJ:AJ,events!Q:Q,"=DeadIce",events!AK:AK,"<="&shifts!AG3,events!AL:AL,">"&shifts!AH3,events!E:E,"="&shifts!B4)+SUMIFS(events!AJ:AJ,events!Q:Q,"=Timeout",events!AK:AK,"<="&shifts!AG3,events!AL:AL,">"&shifts!AH3,events!E:E,"="&shifts!B4) -> 0 | X3: =IF(OR($H2="Home Goal",$H2="Away Goal",$H2="Period End"),"",IF(Y2=1,1,"")) | Z3: =IF(OR($H2="Home Goal",$H2="Away Goal",$H2="Period End"),"",IF(AA2=1,1,"")) | AA3: 1 | AB3: =IF(OR($H2="Home Goal",$H2="Away Goal",$H2="Period End"),1,IF(AC2=1,1,"")) | AD3: 18982 | AE3: Nelson | AF3: Velodrome | AG3: =((C3*60)+D3) -> 1034 | AH3: =((E3*60)+F3) -> 1027 | AI3: =ROUND(AG3-AH3,0) -> 7 | AJ3: =COUNTIF(I3:N3,">0") -> 5 | AK3: =COUNTIF(P3:U3,">0") -> 5 | AL3: =IF(O3="",1,0) -> 0 | AM3: =IF(V3="",1,0) -> 0 | AN3: =IF(AND($AL3<>1,$AJ3<$AK3,AM3<>1),1,) -> 0 | AO3: =IF(AND($AL3<>1,$AJ3>$AK3),1,) -> 0 | AP3: =IF(AN3=1,1,0) -> 0 | AQ3: =IF(AO3=1,1,0) -> 0 | AR3: =IF(AND(AJ3=5,AK3=5,AL3=0,AM3=0),"Full Strength",IF(AP3=1,"Away PowerPlay",IF(AO3=1,"Home PowerPlay",IF(AL3=1,"Home EmptyNet",IF(AM3=1,"Away EmptyNet",""))))) -> Full Strength | AS3: =IF(AND(AL3=0,AM3=0),AJ3&"v"&AK3,IF(AL3=1,AJ3&"v"&AK3&" Home EN",IF(AM3=1,AJ3&"v"&AK3&" Away EN",""))) -> 5v5 | AT3: =IF($H2="Home Goal",AT2+1,AT2) -> 0 | AU3: =IF($H2="Away Goal",AU2+1,AU2) -> 0 | AV3: =IF(AND($H3="Home Goal", AO3=0),1,0) -> 0 | AW3: =IF(AX3=1,-1,0) -> 0 | AX3: =IF(AND($H3="Away Goal", AP3=0),1,0) -> 0 | AY3: =IF(AV3=1,-1,0) -> 0 | AZ3: =IFERROR(VLOOKUP(B3,events!AD:BR,37,FALSE),0) -> 0 | BA3: =ROUND(IF(G3="Intermission",BA2,((1080)-((C3*60)+D3))+AZ3),0) -> 46 | BB3: =IF(BA3<5,0,BA3-5) -> 41 | BC3: =BB3+AI3+3 -> 51
A4: 3 | B4: =IF(G4="PeriodStart",B3+1,B3) -> 1 | C4: =IF(G4<>"PeriodStart",E3,18) -> 17 | D4: =F3 -> 07 | E4: 17 | F4: 02 | H4: Away Icing | I4: 79 | J4: 3 | K4: 44 | L4: 80 | M4: 37 | O4: =O3 -> 31 | P4: 70 | Q4: 91 | R4: 75 | S4: 22 | T4: 52 | V4: =V3 -> 39 | W4: =SUMIFS(events!AJ:AJ,events!Q:Q,"=DeadIce",events!AK:AK,"<="&shifts!AG4,events!AL:AL,">"&shifts!AH4,events!E:E,"="&shifts!B5)+SUMIFS(events!AJ:AJ,events!Q:Q,"=Timeout",events!AK:AK,"<="&shifts!AG4,events!AL:AL,">"&shifts!AH4,events!E:E,"="&shifts!B5) -> 0 | X4: =IF(OR($H3="Home Goal",$H3="Away Goal",$H3="Period End"),"",IF(Y3=1,1,"")) | Z4: =IF(OR($H3="Home Goal",$H3="Away Goal",$H3="Period End"),"",IF(AA3=1,1,"")) -> 1 | AA4: 1 | AB4: =IF(OR($H3="Home Goal",$H3="Away Goal",$H3="Period End"),1,IF(AC3=1,1,"")) | AD4: 18983 | AE4: Nelson | AF4: Velodrome | AG4: =((C4*60)+D4) -> 1027 | AH4: =((E4*60)+F4) -> 1022 | AI4: =ROUND(AG4-AH4,0) -> 5 | AJ4: =COUNTIF(I4:N4,">0") -> 5 | AK4: =COUNTIF(P4:U4,">0") -> 5 | AL4: =IF(O4="",1,0) -> 0 | AM4: =IF(V4="",1,0) -> 0 | AN4: =IF(AND($AL4<>1,$AJ4<$AK4,AM4<>1),1,) -> 0 | AO4: =IF(AND($AL4<>1,$AJ4>$AK4),1,) -> 0 | AP4: =IF(AN4=1,1,0) -> 0 | AQ4: =IF(AO4=1,1,0) -> 0 | AR4: =IF(AND(AJ4=5,AK4=5,AL4=0,AM4=0),"Full Strength",IF(AP4=1,"Away PowerPlay",IF(AO4=1,"Home PowerPlay",IF(AL4=1,"Home EmptyNet",IF(AM4=1,"Away EmptyNet",""))))) -> Full Strength | AS4: =IF(AND(AL4=0,AM4=0),AJ4&"v"&AK4,IF(AL4=1,AJ4&"v"&AK4&" Home EN",IF(AM4=1,AJ4&"v"&AK4&" Away EN",""))) -> 5v5 | AT4: =IF($H3="Home Goal",AT3+1,AT3) -> 0 | AU4: =IF($H3="Away Goal",AU3+1,AU3) -> 0 | AV4: =IF(AND($H4="Home Goal", AO4=0),1,0) -> 0 | AW4: =IF(AX4=1,-1,0) -> 0 | AX4: =IF(AND($H4="Away Goal", AP4=0),1,0) -> 0 | AY4: =IF(AV4=1,-1,0) -> 0 | AZ4: =IFERROR(VLOOKUP(B4,events!AD:BR,37,FALSE),0) -> 0 | BA4: =ROUND(IF(G4="Intermission",BA3,((1080)-((C4*60)+D4))+AZ4),0) -> 53 | BB4: =IF(BA4<5,0,BA4-5) -> 48 | BC4: =BB4+AI4+3 -> 56
A5: =A4+1 -> 4 | B5: =IF(G5="PeriodStart",B4+1,B4) -> 1 | C5: =IF(G5<>"PeriodStart",E4,18) -> 17 | D5: =F4 -> 02 | E5: 15 | F5: 41 | G5: OtherFaceoff | I5: 79 | J5: 3 | K5: 44 | L5: 80 | M5: 8 | O5: =O4 -> 31 | P5: 42 | Q5: 91 | R5: 24 | S5: 93 | T5: 52 | V5: =V4 -> 39 | W5: =SUMIFS(events!AJ:AJ,events!Q:Q,"=DeadIce",events!AK:AK,"<="&shifts!AG5,events!AL:AL,">"&shifts!AH5,events!E:E,"="&shifts!B6)+SUMIFS(events!AJ:AJ,events!Q:Q,"=Timeout",events!AK:AK,"<="&shifts!AG5,events!AL:AL,">"&shifts!AH5,events!E:E,"="&shifts!B6) -> 0 | X5: =IF(OR($H4="Home Goal",$H4="Away Goal",$H4="Period End"),"",IF(Y4=1,1,"")) | Z5: =IF(OR($H4="Home Goal",$H4="Away Goal",$H4="Period End"),"",IF(AA4=1,1,"")) -> 1 | AA5: 1 | AB5: =IF(OR($H4="Home Goal",$H4="Away Goal",$H4="Period End"),1,IF(AC4=1,1,"")) | AD5: 18984 | AE5: Nelson | AF5: Velodrome | AG5: =((C5*60)+D5) -> 1022 | AH5: =((E5*60)+F5) -> 941 | AI5: =ROUND(AG5-AH5,0) -> 81 | AJ5: =COUNTIF(I5:N5,">0") -> 5 | AK5: =COUNTIF(P5:U5,">0") -> 5 | AL5: =IF(O5="",1,0) -> 0 | AM5: =IF(V5="",1,0) -> 0 | AN5: =IF(AND($AL5<>1,$AJ5<$AK5,AM5<>1),1,) -> 0 | AO5: =IF(AND($AL5<>1,$AJ5>$AK5),1,) -> 0 | AP5: =IF(AN5=1,1,0) -> 0 | AQ5: =IF(AO5=1,1,0) -> 0 | AR5: =IF(AND(AJ5=5,AK5=5,AL5=0,AM5=0),"Full Strength",IF(AP5=1,"Away PowerPlay",IF(AO5=1,"Home PowerPlay",IF(AL5=1,"Home EmptyNet",IF(AM5=1,"Away EmptyNet",""))))) -> Full Strength | AS5: =IF(AND(AL5=0,AM5=0),AJ5&"v"&AK5,IF(AL5=1,AJ5&"v"&AK5&" Home EN",IF(AM5=1,AJ5&"v"&AK5&" Away EN",""))) -> 5v5 | AT5: =IF($H4="Home Goal",AT4+1,AT4) -> 0 | AU5: =IF($H4="Away Goal",AU4+1,AU4) -> 0 | AV5: =IF(AND($H5="Home Goal", AO5=0),1,0) -> 0 | AW5: =IF(AX5=1,-1,0) -> 0 | AX5: =IF(AND($H5="Away Goal", AP5=0),1,0) -> 0 | AY5: =IF(AV5=1,-1,0) -> 0 | AZ5: =IFERROR(VLOOKUP(B5,events!AD:BR,37,FALSE),0) -> 0 | BA5: =ROUND(IF(G5="Intermission",BA4,((1080)-((C5*60)+D5))+AZ5),0) -> 58 | BB5: =IF(BA5<5,0,BA5-5) -> 53 | BC5: =BB5+AI5+3 -> 137
A6: =A5+1 -> 5 | B6: =IF(G6="PeriodStart",B5+1,B5) -> 1 | C6: =IF(G6<>"PeriodStart",E5,18) -> 15 | D6: =F5 -> 41 | E6: 15 | F6: 35 | H6: Away Goalie Stopped (after Home SOG) | I6: 10 | J6: 3 | K6: 44 | L6: 80 | M6: 8 | O6: =O5 -> 31 | P6: 42 | Q6: 91 | R6: 24 | S6: 93 | T6: 52 | V6: =V5 -> 39 | W6: =SUMIFS(events!AJ:AJ,events!Q:Q,"=DeadIce",events!AK:AK,"<="&shifts!AG6,events!AL:AL,">"&shifts!AH6,events!E:E,"="&shifts!B7)+SUMIFS(events!AJ:AJ,events!Q:Q,"=Timeout",events!AK:AK,"<="&shifts!AG6,events!AL:AL,">"&shifts!AH6,events!E:E,"="&shifts!B7) -> 0 | X6: =IF(OR($H5="Home Goal",$H5="Away Goal",$H5="Period End"),"",IF(Y5=1,1,"")) | Z6: =IF(OR($H5="Home Goal",$H5="Away Goal",$H5="Period End"),"",IF(AA5=1,1,"")) -> 1 | AA6: 1 | AB6: =IF(OR($H5="Home Goal",$H5="Away Goal",$H5="Period End"),1,IF(AC5=1,1,"")) | AD6: 18985 | AE6: Nelson | AF6: Velodrome | AG6: =((C6*60)+D6) -> 941 | AH6: =((E6*60)+F6) -> 935 | AI6: =ROUND(AG6-AH6,0) -> 6 | AJ6: =COUNTIF(I6:N6,">0") -> 5 | AK6: =COUNTIF(P6:U6,">0") -> 5 | AL6: =IF(O6="",1,0) -> 0 | AM6: =IF(V6="",1,0) -> 0 | AN6: =IF(AND($AL6<>1,$AJ6<$AK6,AM6<>1),1,) -> 0 | AO6: =IF(AND($AL6<>1,$AJ6>$AK6),1,) -> 0 | AP6: =IF(AN6=1,1,0) -> 0 | AQ6: =IF(AO6=1,1,0) -> 0 | AR6: =IF(AND(AJ6=5,AK6=5,AL6=0,AM6=0),"Full Strength",IF(AP6=1,"Away PowerPlay",IF(AO6=1,"Home PowerPlay",IF(AL6=1,"Home EmptyNet",IF(AM6=1,"Away EmptyNet",""))))) -> Full Strength | AS6: =IF(AND(AL6=0,AM6=0),AJ6&"v"&AK6,IF(AL6=1,AJ6&"v"&AK6&" Home EN",IF(AM6=1,AJ6&"v"&AK6&" Away EN",""))) -> 5v5 | AT6: =IF($H5="Home Goal",AT5+1,AT5) -> 0 | AU6: =IF($H5="Away Goal",AU5+1,AU5) -> 0 | AV6: =IF(AND($H6="Home Goal", AO6=0),1,0) -> 0 | AW6: =IF(AX6=1,-1,0) -> 0 | AX6: =IF(AND($H6="Away Goal", AP6=0),1,0) -> 0 | AY6: =IF(AV6=1,-1,0) -> 0 | AZ6: =IFERROR(VLOOKUP(B6,events!AD:BR,37,FALSE),0) -> 0 | BA6: =ROUND(IF(G6="Intermission",BA5,((1080)-((C6*60)+D6))+AZ6),0) -> 139 | BB6: =IF(BA6<5,0,BA6-5) -> 134 | BC6: =BB6+AI6+3 -> 143
A7: =A6+1 -> 6 | B7: =IF(G7="PeriodStart",B6+1,B6) -> 1 | C7: =IF(G7<>"PeriodStart",E6,18) -> 15 | D7: =F6 -> 35 | E7: 13 | F7: 57 | G7: OtherFaceoff | I7: 10 | J7: 7 | K7: 16 | L7: 23 | M7: 37 | O7: =O6 -> 31 | P7: 49 | Q7: 14 | R7: 61 | S7: 9 | T7: 84 | V7: =V6 -> 39 | W7: =SUMIFS(events!AJ:AJ,events!Q:Q,"=DeadIce",events!AK:AK,"<="&shifts!AG7,events!AL:AL,">"&shifts!AH7,events!E:E,"="&shifts!B8)+SUMIFS(events!AJ:AJ,events!Q:Q,"=Timeout",events!AK:AK,"<="&shifts!AG7,events!AL:AL,">"&shifts!AH7,events!E:E,"="&shifts!B8) -> 0 | X7: =IF(OR($H6="Home Goal",$H6="Away Goal",$H6="Period End"),"",IF(Y6=1,1,"")) | Z7: =IF(OR($H6="Home Goal",$H6="Away Goal",$H6="Period End"),"",IF(AA6=1,1,"")) -> 1 | AA7: 1 | AB7: =IF(OR($H6="Home Goal",$H6="Away Goal",$H6="Period End"),1,IF(AC6=1,1,"")) | AD7: 18986 | AE7: Nelson | AF7: Velodrome | AG7: =((C7*60)+D7) -> 935 | AH7: =((E7*60)+F7) -> 837 | AI7: =ROUND(AG7-AH7,0) -> 98 | AJ7: =COUNTIF(I7:N7,">0") -> 5 | AK7: =COUNTIF(P7:U7,">0") -> 5 | AL7: =IF(O7="",1,0) -> 0 | AM7: =IF(V7="",1,0) -> 0 | AN7: =IF(AND($AL7<>1,$AJ7<$AK7,AM7<>1),1,) -> 0 | AO7: =IF(AND($AL7<>1,$AJ7>$AK7),1,) -> 0 | AP7: =IF(AN7=1,1,0) -> 0 | AQ7: =IF(AO7=1,1,0) -> 0 | AR7: =IF(AND(AJ7=5,AK7=5,AL7=0,AM7=0),"Full Strength",IF(AP7=1,"Away PowerPlay",IF(AO7=1,"Home PowerPlay",IF(AL7=1,"Home EmptyNet",IF(AM7=1,"Away EmptyNet",""))))) -> Full Strength | AS7: =IF(AND(AL7=0,AM7=0),AJ7&"v"&AK7,IF(AL7=1,AJ7&"v"&AK7&" Home EN",IF(AM7=1,AJ7&"v"&AK7&" Away EN",""))) -> 5v5 | AT7: =IF($H6="Home Goal",AT6+1,AT6) -> 0 | AU7: =IF($H6="Away Goal",AU6+1,AU6) -> 0 | AV7: =IF(AND($H7="Home Goal", AO7=0),1,0) -> 0 | AW7: =IF(AX7=1,-1,0) -> 0 | AX7: =IF(AND($H7="Away Goal", AP7=0),1,0) -> 0 | AY7: =IF(AV7=1,-1,0) -> 0 | AZ7: =IFERROR(VLOOKUP(B7,events!AD:BR,37,FALSE),0) -> 0 | BA7: =ROUND(IF(G7="Intermission",BA6,((1080)-((C7*60)+D7))+AZ7),0) -> 145 | BB7: =IF(BA7<5,0,BA7-5) -> 140 | BC7: =BB7+AI7+3 -> 241
A8: =A7+1 -> 7 | B8: =IF(G8="PeriodStart",B7+1,B7) -> 1 | C8: =IF(G8<>"PeriodStart",E7,18) -> 13 | D8: =F7 -> 57 | E8: 13 | F8: 50 | I8: 10 | J8: 15 | K8: 16 | L8: 80 | M8: 37 | O8: =O7 -> 31 | P8: 49 | Q8: 14 | R8: 61 | S8: 9 | T8: 84 | V8: =V7 -> 39 | W8: =SUMIFS(events!AJ:AJ,events!Q:Q,"=DeadIce",events!AK:AK,"<="&shifts!AG8,events!AL:AL,">"&shifts!AH8,events!E:E,"="&shifts!B9)+SUMIFS(events!AJ:AJ,events!Q:Q,"=Timeout",events!AK:AK,"<="&shifts!AG8,events!AL:AL,">"&shifts!AH8,events!E:E,"="&shifts!B9) -> 0 | X8: =IF(OR($H7="Home Goal",$H7="Away Goal",$H7="Period End"),"",IF(Y7=1,1,"")) | Z8: =IF(OR($H7="Home Goal",$H7="Away Goal",$H7="Period End"),"",IF(AA7=1,1,"")) -> 1 | AA8: 1 | AB8: =IF(OR($H7="Home Goal",$H7="Away Goal",$H7="Period End"),1,IF(AC7=1,1,"")) | AD8: 18987 | AE8: Nelson | AF8: Velodrome | AG8: =((C8*60)+D8) -> 837 | AH8: =((E8*60)+F8) -> 830 | AI8: =ROUND(AG8-AH8,0) -> 7 | AJ8: =COUNTIF(I8:N8,">0") -> 5 | AK8: =COUNTIF(P8:U8,">0") -> 5 | AL8: =IF(O8="",1,0) -> 0 | AM8: =IF(V8="",1,0) -> 0 | AN8: =IF(AND($AL8<>1,$AJ8<$AK8,AM8<>1),1,) -> 0 | AO8: =IF(AND($AL8<>1,$AJ8>$AK8),1,) -> 0 | AP8: =IF(AN8=1,1,0) -> 0 | AQ8: =IF(AO8=1,1,0) -> 0 | AR8: =IF(AND(AJ8=5,AK8=5,AL8=0,AM8=0),"Full Strength",IF(AP8=1,"Away PowerPlay",IF(AO8=1,"Home PowerPlay",IF(AL8=1,"Home EmptyNet",IF(AM8=1,"Away EmptyNet",""))))) -> Full Strength | AS8: =IF(AND(AL8=0,AM8=0),AJ8&"v"&AK8,IF(AL8=1,AJ8&"v"&AK8&" Home EN",IF(AM8=1,AJ8&"v"&AK8&" Away EN",""))) -> 5v5 | AT8: =IF($H7="Home Goal",AT7+1,AT7) -> 0 | AU8: =IF($H7="Away Goal",AU7+1,AU7) -> 0 | AV8: =IF(AND($H8="Home Goal", AO8=0),1,0) -> 0 | AW8: =IF(AX8=1,-1,0) -> 0 | AX8: =IF(AND($H8="Away Goal", AP8=0),1,0) -> 0 | AY8: =IF(AV8=1,-1,0) -> 0 | AZ8: =IFERROR(VLOOKUP(B8,events!AD:BR,37,FALSE),0) -> 0 | BA8: =ROUND(IF(G8="Intermission",BA7,((1080)-((C8*60)+D8))+AZ8),0) -> 243 | BB8: =IF(BA8<5,0,BA8-5) -> 238 | BC8: =BB8+AI8+3 -> 248
A9: =A8+1 -> 8 | B9: =IF(G9="PeriodStart",B8+1,B8) -> 1 | C9: =IF(G9<>"PeriodStart",E8,18) -> 13 | D9: =F8 -> 50 | E9: 13 | F9: 45 | I9: 10 | J9: 15 | K9: 44 | L9: 80 | M9: 37 | O9: =O8 -> 31 | P9: 49 | Q9: 14 | R9: 61 | S9: 9 | T9: 84 | V9: =V8 -> 39 | W9: =SUMIFS(events!AJ:AJ,events!Q:Q,"=DeadIce",events!AK:AK,"<="&shifts!AG9,events!AL:AL,">"&shifts!AH9,events!E:E,"="&shifts!B10)+SUMIFS(events!AJ:AJ,events!Q:Q,"=Timeout",events!AK:AK,"<="&shifts!AG9,events!AL:AL,">"&shifts!AH9,events!E:E,"="&shifts!B10) -> 0 | X9: =IF(OR($H8="Home Goal",$H8="Away Goal",$H8="Period End"),"",IF(Y8=1,1,"")) | Z9: =IF(OR($H8="Home Goal",$H8="Away Goal",$H8="Period End"),"",IF(AA8=1,1,"")) -> 1 | AA9: 1 | AB9: =IF(OR($H8="Home Goal",$H8="Away Goal",$H8="Period End"),1,IF(AC8=1,1,"")) | AD9: 18988 | AE9: Nelson | AF9: Velodrome | AG9: =((C9*60)+D9) -> 830 | AH9: =((E9*60)+F9) -> 825 | AI9: =ROUND(AG9-AH9,0) -> 5 | AJ9: =COUNTIF(I9:N9,">0") -> 5 | AK9: =COUNTIF(P9:U9,">0") -> 5 | AL9: =IF(O9="",1,0) -> 0 | AM9: =IF(V9="",1,0) -> 0 | AN9: =IF(AND($AL9<>1,$AJ9<$AK9,AM9<>1),1,) -> 0 | AO9: =IF(AND($AL9<>1,$AJ9>$AK9),1,) -> 0 | AP9: =IF(AN9=1,1,0) -> 0 | AQ9: =IF(AO9=1,1,0) -> 0 | AR9: =IF(AND(AJ9=5,AK9=5,AL9=0,AM9=0),"Full Strength",IF(AP9=1,"Away PowerPlay",IF(AO9=1,"Home PowerPlay",IF(AL9=1,"Home EmptyNet",IF(AM9=1,"Away EmptyNet",""))))) -> Full Strength | AS9: =IF(AND(AL9=0,AM9=0),AJ9&"v"&AK9,IF(AL9=1,AJ9&"v"&AK9&" Home EN",IF(AM9=1,AJ9&"v"&AK9&" Away EN",""))) -> 5v5 | AT9: =IF($H8="Home Goal",AT8+1,AT8) -> 0 | AU9: =IF($H8="Away Goal",AU8+1,AU8) -> 0 | AV9: =IF(AND($H9="Home Goal", AO9=0),1,0) -> 0 | AW9: =IF(AX9=1,-1,0) -> 0 | AX9: =IF(AND($H9="Away Goal", AP9=0),1,0) -> 0 | AY9: =IF(AV9=1,-1,0) -> 0 | AZ9: =IFERROR(VLOOKUP(B9,events!AD:BR,37,FALSE),0) -> 0 | BA9: =ROUND(IF(G9="Intermission",BA8,((1080)-((C9*60)+D9))+AZ9),0) -> 250 | BB9: =IF(BA9<5,0,BA9-5) -> 245 | BC9: =BB9+AI9+3 -> 253
A10: =A9+1 -> 9 | B10: =IF(G10="PeriodStart",B9+1,B9) -> 1 | C10: =IF(G10<>"PeriodStart",E9,18) -> 13 | D10: =F9 -> 45 | E10: 13 | F10: 36 | I10: 79 | J10: 15 | K10: 44 | L10: 80 | M10: 37 | O10: =O9 -> 31 | P10: 49 | Q10: 14 | R10: 61 | S10: 9 | T10: 84 | V10: =V9 -> 39 | W10: =SUMIFS(events!AJ:AJ,events!Q:Q,"=DeadIce",events!AK:AK,"<="&shifts!AG10,events!AL:AL,">"&shifts!AH10,events!E:E,"="&shifts!B11)+SUMIFS(events!AJ:AJ,events!Q:Q,"=Timeout",events!AK:AK,"<="&shifts!AG10,events!AL:AL,">"&shifts!AH10,events!E:E,"="&shifts!B11) -> 0 | X10: =IF(OR($H9="Home Goal",$H9="Away Goal",$H9="Period End"),"",IF(Y9=1,1,"")) | Z10: =IF(OR($H9="Home Goal",$H9="Away Goal",$H9="Period End"),"",IF(AA9=1,1,"")) -> 1 | AA10: 1 | AB10: =IF(OR($H9="Home Goal",$H9="Away Goal",$H9="Period End"),1,IF(AC9=1,1,"")) | AD10: 18989 | AE10: Nelson | AF10: Velodrome | AG10: =((C10*60)+D10) -> 825 | AH10: =((E10*60)+F10) -> 816 | AI10: =ROUND(AG10-AH10,0) -> 9 | AJ10: =COUNTIF(I10:N10,">0") -> 5 | AK10: =COUNTIF(P10:U10,">0") -> 5 | AL10: =IF(O10="",1,0) -> 0 | AM10: =IF(V10="",1,0) -> 0 | AN10: =IF(AND($AL10<>1,$AJ10<$AK10,AM10<>1),1,) -> 0 | AO10: =IF(AND($AL10<>1,$AJ10>$AK10),1,) -> 0 | AP10: =IF(AN10=1,1,0) -> 0 | AQ10: =IF(AO10=1,1,0) -> 0 | AR10: =IF(AND(AJ10=5,AK10=5,AL10=0,AM10=0),"Full Strength",IF(AP10=1,"Away PowerPlay",IF(AO10=1,"Home PowerPlay",IF(AL10=1,"Home EmptyNet",IF(AM10=1,"Away EmptyNet",""))))) -> Full Strength | AS10: =IF(AND(AL10=0,AM10=0),AJ10&"v"&AK10,IF(AL10=1,AJ10&"v"&AK10&" Home EN",IF(AM10=1,AJ10&"v"&AK10&" Away EN",""))) -> 5v5 | AT10: =IF($H9="Home Goal",AT9+1,AT9) -> 0 | AU10: =IF($H9="Away Goal",AU9+1,AU9) -> 0 | AV10: =IF(AND($H10="Home Goal", AO10=0),1,0) -> 0 | AW10: =IF(AX10=1,-1,0) -> 0 | AX10: =IF(AND($H10="Away Goal", AP10=0),1,0) -> 0 | AY10: =IF(AV10=1,-1,0) -> 0 | AZ10: =IFERROR(VLOOKUP(B10,events!AD:BR,37,FALSE),0) -> 0 | BA10: =ROUND(IF(G10="Intermission",BA9,((1080)-((C10*60)+D10))+AZ10),0) -> 255 | BB10: =IF(BA10<5,0,BA10-5) -> 250 | BC10: =BB10+AI10+3 -> 262
A11: =A10+1 -> 10 | B11: =IF(G11="PeriodStart",B10+1,B10) -> 1 | C11: =IF(G11<>"PeriodStart",E10,18) -> 13 | D11: =F10 -> 36 | E11: 13 | F11: 31 | I11: 79 | J11: 15 | K11: 44 | L11: 80 | M11: 8 | O11: =O10 -> 31 | P11: 49 | Q11: 87 | R11: 61 | S11: 9 | T11: 84 | V11: =V10 -> 39 | W11: =SUMIFS(events!AJ:AJ,events!Q:Q,"=DeadIce",events!AK:AK,"<="&shifts!AG11,events!AL:AL,">"&shifts!AH11,events!E:E,"="&shifts!B12)+SUMIFS(events!AJ:AJ,events!Q:Q,"=Timeout",events!AK:AK,"<="&shifts!AG11,events!AL:AL,">"&shifts!AH11,events!E:E,"="&shifts!B12) -> 0 | X11: =IF(OR($H10="Home Goal",$H10="Away Goal",$H10="Period End"),"",IF(Y10=1,1,"")) | Z11: =IF(OR($H10="Home Goal",$H10="Away Goal",$H10="Period End"),"",IF(AA10=1,1,"")) -> 1 | AB11: =IF(OR($H10="Home Goal",$H10="Away Goal",$H10="Period End"),1,IF(AC10=1,1,"")) | AC11: 1 | AD11: 18990 | AE11: Nelson | AF11: Velodrome | AG11: =((C11*60)+D11) -> 816 | AH11: =((E11*60)+F11) -> 811 | AI11: =ROUND(AG11-AH11,0) -> 5 | AJ11: =COUNTIF(I11:N11,">0") -> 5 | AK11: =COUNTIF(P11:U11,">0") -> 5 | AL11: =IF(O11="",1,0) -> 0 | AM11: =IF(V11="",1,0) -> 0 | AN11: =IF(AND($AL11<>1,$AJ11<$AK11,AM11<>1),1,) -> 0 | AO11: =IF(AND($AL11<>1,$AJ11>$AK11),1,) -> 0 | AP11: =IF(AN11=1,1,0) -> 0 | AQ11: =IF(AO11=1,1,0) -> 0 | AR11: =IF(AND(AJ11=5,AK11=5,AL11=0,AM11=0),"Full Strength",IF(AP11=1,"Away PowerPlay",IF(AO11=1,"Home PowerPlay",IF(AL11=1,"Home EmptyNet",IF(AM11=1,"Away EmptyNet",""))))) -> Full Strength | AS11: =IF(AND(AL11=0,AM11=0),AJ11&"v"&AK11,IF(AL11=1,AJ11&"v"&AK11&" Home EN",IF(AM11=1,AJ11&"v"&AK11&" Away EN",""))) -> 5v5 | AT11: =IF($H10="Home Goal",AT10+1,AT10) -> 0 | AU11: =IF($H10="Away Goal",AU10+1,AU10) -> 0 | AV11: =IF(AND($H11="Home Goal", AO11=0),1,0) -> 0 | AW11: =IF(AX11=1,-1,0) -> 0 | AX11: =IF(AND($H11="Away Goal", AP11=0),1,0) -> 0 | AY11: =IF(AV11=1,-1,0) -> 0 | AZ11: =IFERROR(VLOOKUP(B11,events!AD:BR,37,FALSE),0) -> 0 | BA11: =ROUND(IF(G11="Intermission",BA10,((1080)-((C11*60)+D11))+AZ11),0) -> 264 | BB11: =IF(BA11<5,0,BA11-5) -> 259 | BC11: =BB11+AI11+3 -> 267
A12: =A11+1 -> 11 | B12: =IF(G12="PeriodStart",B11+1,B11) -> 1 | C12: =IF(G12<>"PeriodStart",E11,18) -> 13 | D12: =F11 -> 31 | E12: 13 | F12: 09 | I12: 79 | J12: 15 | K12: 44 | L12: 80 | M12: 8 | O12: =O11 -> 31 | P12: 49 | Q12: 87 | R12: 75 | S12: 22 | T12: 52 | V12: =V11 -> 39 | W12: =SUMIFS(events!AJ:AJ,events!Q:Q,"=DeadIce",events!AK:AK,"<="&shifts!AG12,events!AL:AL,">"&shifts!AH12,events!E:E,"="&shifts!B13)+SUMIFS(events!AJ:AJ,events!Q:Q,"=Timeout",events!AK:AK,"<="&shifts!AG12,events!AL:AL,">"&shifts!AH12,events!E:E,"="&shifts!B13) -> 0 | X12: =IF(OR($H11="Home Goal",$H11="Away Goal",$H11="Period End"),"",IF(Y11=1,1,"")) | Z12: =IF(OR($H11="Home Goal",$H11="Away Goal",$H11="Period End"),"",IF(AA11=1,1,"")) | AB12: =IF(OR($H11="Home Goal",$H11="Away Goal",$H11="Period End"),1,IF(AC11=1,1,"")) -> 1 | AC12: 1 | AD12: 18991 | AE12: Nelson | AF12: Velodrome | AG12: =((C12*60)+D12) -> 811 | AH12: =((E12*60)+F12) -> 789 | AI12: =ROUND(AG12-AH12,0) -> 22 | AJ12: =COUNTIF(I12:N12,">0") -> 5 | AK12: =COUNTIF(P12:U12,">0") -> 5 | AL12: =IF(O12="",1,0) -> 0 | AM12: =IF(V12="",1,0) -> 0 | AN12: =IF(AND($AL12<>1,$AJ12<$AK12,AM12<>1),1,) -> 0 | AO12: =IF(AND($AL12<>1,$AJ12>$AK12),1,) -> 0 | AP12: =IF(AN12=1,1,0) -> 0 | AQ12: =IF(AO12=1,1,0) -> 0 | AR12: =IF(AND(AJ12=5,AK12=5,AL12=0,AM12=0),"Full Strength",IF(AP12=1,"Away PowerPlay",IF(AO12=1,"Home PowerPlay",IF(AL12=1,"Home EmptyNet",IF(AM12=1,"Away EmptyNet",""))))) -> Full Strength | AS12: =IF(AND(AL12=0,AM12=0),AJ12&"v"&AK12,IF(AL12=1,AJ12&"v"&AK12&" Home EN",IF(AM12=1,AJ12&"v"&AK12&" Away EN",""))) -> 5v5 | AT12: =IF($H11="Home Goal",AT11+1,AT11) -> 0 | AU12: =IF($H11="Away Goal",AU11+1,AU11) -> 0 | AV12: =IF(AND($H12="Home Goal", AO12=0),1,0) -> 0 | AW12: =IF(AX12=1,-1,0) -> 0 | AX12: =IF(AND($H12="Away Goal", AP12=0),1,0) -> 0 | AY12: =IF(AV12=1,-1,0) -> 0 | AZ12: =IFERROR(VLOOKUP(B12,events!AD:BR,37,FALSE),0) -> 0 | BA12: =ROUND(IF(G12="Intermission",BA11,((1080)-((C12*60)+D12))+AZ12),0) -> 269 | BB12: =IF(BA12<5,0,BA12-5) -> 264 | BC12: =BB12+AI12+3 -> 289
A13: =A12+1 -> 12 | B13: =IF(G13="PeriodStart",B12+1,B12) -> 1 | C13: =IF(G13<>"PeriodStart",E12,18) -> 13 | D13: =F12 -> 09 | E13: 12 | F13: 51 | H13: Away Icing | I13: 79 | J13: 15 | K13: 44 | L13: 80 | M13: 8 | O13: =O12 -> 31 | P13: 70 | Q13: 87 | R13: 75 | S13: 22 | T13: 52 | V13: =V12 -> 39 | W13: =SUMIFS(events!AJ:AJ,events!Q:Q,"=DeadIce",events!AK:AK,"<="&shifts!AG13,events!AL:AL,">"&shifts!AH13,events!E:E,"="&shifts!B14)+SUMIFS(events!AJ:AJ,events!Q:Q,"=Timeout",events!AK:AK,"<="&shifts!AG13,events!AL:AL,">"&shifts!AH13,events!E:E,"="&shifts!B14) -> 0 | X13: =IF(OR($H12="Home Goal",$H12="Away Goal",$H12="Period End"),"",IF(Y12=1,1,"")) | Z13: =IF(OR($H12="Home Goal",$H12="Away Goal",$H12="Period End"),"",IF(AA12=1,1,"")) | AA13: 1 | AB13: =IF(OR($H12="Home Goal",$H12="Away Goal",$H12="Period End"),1,IF(AC12=1,1,"")) -> 1 | AD13: 18992 | AE13: Nelson | AF13: Velodrome | AG13: =((C13*60)+D13) -> 789 | AH13: =((E13*60)+F13) -> 771 | AI13: =ROUND(AG13-AH13,0) -> 18 | AJ13: =COUNTIF(I13:N13,">0") -> 5 | AK13: =COUNTIF(P13:U13,">0") -> 5 | AL13: =IF(O13="",1,0) -> 0 | AM13: =IF(V13="",1,0) -> 0 | AN13: =IF(AND($AL13<>1,$AJ13<$AK13,AM13<>1),1,) -> 0 | AO13: =IF(AND($AL13<>1,$AJ13>$AK13),1,) -> 0 | AP13: =IF(AN13=1,1,0) -> 0 | AQ13: =IF(AO13=1,1,0) -> 0 | AR13: =IF(AND(AJ13=5,AK13=5,AL13=0,AM13=0),"Full Strength",IF(AP13=1,"Away PowerPlay",IF(AO13=1,"Home PowerPlay",IF(AL13=1,"Home EmptyNet",IF(AM13=1,"Away EmptyNet",""))))) -> Full Strength | AS13: =IF(AND(AL13=0,AM13=0),AJ13&"v"&AK13,IF(AL13=1,AJ13&"v"&AK13&" Home EN",IF(AM13=1,AJ13&"v"&AK13&" Away EN",""))) -> 5v5 | AT13: =IF($H12="Home Goal",AT12+1,AT12) -> 0 | AU13: =IF($H12="Away Goal",AU12+1,AU12) -> 0 | AV13: =IF(AND($H13="Home Goal", AO13=0),1,0) -> 0 | AW13: =IF(AX13=1,-1,0) -> 0 | AX13: =IF(AND($H13="Away Goal", AP13=0),1,0) -> 0 | AY13: =IF(AV13=1,-1,0) -> 0 | AZ13: =IFERROR(VLOOKUP(B13,events!AD:BR,37,FALSE),0) -> 0 | BA13: =ROUND(IF(G13="Intermission",BA12,((1080)-((C13*60)+D13))+AZ13),0) -> 291 | BB13: =IF(BA13<5,0,BA13-5) -> 286 | BC13: =BB13+AI13+3 -> 307
A14: =A13+1 -> 13 | B14: =IF(G14="PeriodStart",B13+1,B13) -> 1 | C14: =IF(G14<>"PeriodStart",E13,18) -> 12 | D14: =F13 -> 51 | E14: 11 | F14: 24 | G14: OtherFaceoff | I14: 79 | J14: 3 | K14: 44 | L14: 80 | M14: 8 | O14: =O13 -> 31 | P14: 70 | Q14: 87 | R14: 75 | S14: 22 | T14: 52 | V14: =V13 -> 39 | W14: =SUMIFS(events!AJ:AJ,events!Q:Q,"=DeadIce",events!AK:AK,"<="&shifts!AG14,events!AL:AL,">"&shifts!AH14,events!E:E,"="&shifts!B15)+SUMIFS(events!AJ:AJ,events!Q:Q,"=Timeout",events!AK:AK,"<="&shifts!AG14,events!AL:AL,">"&shifts!AH14,events!E:E,"="&shifts!B15) -> 0 | X14: =IF(OR($H13="Home Goal",$H13="Away Goal",$H13="Period End"),"",IF(Y13=1,1,"")) | Z14: =IF(OR($H13="Home Goal",$H13="Away Goal",$H13="Period End"),"",IF(AA13=1,1,"")) -> 1 | AA14: 1 | AB14: =IF(OR($H13="Home Goal",$H13="Away Goal",$H13="Period End"),1,IF(AC13=1,1,"")) | AD14: 18993 | AE14: Nelson | AF14: Velodrome | AG14: =((C14*60)+D14) -> 771 | AH14: =((E14*60)+F14) -> 684 | AI14: =ROUND(AG14-AH14,0) -> 87 | AJ14: =COUNTIF(I14:N14,">0") -> 5 | AK14: =COUNTIF(P14:U14,">0") -> 5 | AL14: =IF(O14="",1,0) -> 0 | AM14: =IF(V14="",1,0) -> 0 | AN14: =IF(AND($AL14<>1,$AJ14<$AK14,AM14<>1),1,) -> 0 | AO14: =IF(AND($AL14<>1,$AJ14>$AK14),1,) -> 0 | AP14: =IF(AN14=1,1,0) -> 0 | AQ14: =IF(AO14=1,1,0) -> 0 | AR14: =IF(AND(AJ14=5,AK14=5,AL14=0,AM14=0),"Full Strength",IF(AP14=1,"Away PowerPlay",IF(AO14=1,"Home PowerPlay",IF(AL14=1,"Home EmptyNet",IF(AM14=1,"Away EmptyNet",""))))) -> Full Strength | AS14: =IF(AND(AL14=0,AM14=0),AJ14&"v"&AK14,IF(AL14=1,AJ14&"v"&AK14&" Home EN",IF(AM14=1,AJ14&"v"&AK14&" Away EN",""))) -> 5v5 | AT14: =IF($H13="Home Goal",AT13+1,AT13) -> 0 | AU14: =IF($H13="Away Goal",AU13+1,AU13) -> 0 | AV14: =IF(AND($H14="Home Goal", AO14=0),1,0) -> 0 | AW14: =IF(AX14=1,-1,0) -> 0 | AX14: =IF(AND($H14="Away Goal", AP14=0),1,0) -> 0 | AY14: =IF(AV14=1,-1,0) -> 0 | AZ14: =IFERROR(VLOOKUP(B14,events!AD:BR,37,FALSE),0) -> 0 | BA14: =ROUND(IF(G14="Intermission",BA13,((1080)-((C14*60)+D14))+AZ14),0) -> 309 | BB14: =IF(BA14<5,0,BA14-5) -> 304 | BC14: =BB14+AI14+3 -> 394
A15: =A14+1 -> 14 | B15: =IF(G15="PeriodStart",B14+1,B14) -> 1 | C15: =IF(G15<>"PeriodStart",E14,18) -> 11 | D15: =F14 -> 24 | E15: 11 | F15: 13 | I15: 79 | J15: 3 | K15: 16 | L15: 80 | M15: 8 | O15: =O14 -> 31 | P15: 70 | Q15: 87 | R15: 75 | S15: 22 | T15: 52 | V15: =V14 -> 39 | W15: =SUMIFS(events!AJ:AJ,events!Q:Q,"=DeadIce",events!AK:AK,"<="&shifts!AG15,events!AL:AL,">"&shifts!AH15,events!E:E,"="&shifts!B16)+SUMIFS(events!AJ:AJ,events!Q:Q,"=Timeout",events!AK:AK,"<="&shifts!AG15,events!AL:AL,">"&shifts!AH15,events!E:E,"="&shifts!B16) -> 0 | X15: =IF(OR($H14="Home Goal",$H14="Away Goal",$H14="Period End"),"",IF(Y14=1,1,"")) | Z15: =IF(OR($H14="Home Goal",$H14="Away Goal",$H14="Period End"),"",IF(AA14=1,1,"")) -> 1 | AA15: 1 | AB15: =IF(OR($H14="Home Goal",$H14="Away Goal",$H14="Period End"),1,IF(AC14=1,1,"")) | AD15: 18994 | AE15: Nelson | AF15: Velodrome | AG15: =((C15*60)+D15) -> 684 | AH15: =((E15*60)+F15) -> 673 | AI15: =ROUND(AG15-AH15,0) -> 11 | AJ15: =COUNTIF(I15:N15,">0") -> 5 | AK15: =COUNTIF(P15:U15,">0") -> 5 | AL15: =IF(O15="",1,0) -> 0 | AM15: =IF(V15="",1,0) -> 0 | AN15: =IF(AND($AL15<>1,$AJ15<$AK15,AM15<>1),1,) -> 0 | AO15: =IF(AND($AL15<>1,$AJ15>$AK15),1,) -> 0 | AP15: =IF(AN15=1,1,0) -> 0 | AQ15: =IF(AO15=1,1,0) -> 0 | AR15: =IF(AND(AJ15=5,AK15=5,AL15=0,AM15=0),"Full Strength",IF(AP15=1,"Away PowerPlay",IF(AO15=1,"Home PowerPlay",IF(AL15=1,"Home EmptyNet",IF(AM15=1,"Away EmptyNet",""))))) -> Full Strength | AS15: =IF(AND(AL15=0,AM15=0),AJ15&"v"&AK15,IF(AL15=1,AJ15&"v"&AK15&" Home EN",IF(AM15=1,AJ15&"v"&AK15&" Away EN",""))) -> 5v5 | AT15: =IF($H14="Home Goal",AT14+1,AT14) -> 0 | AU15: =IF($H14="Away Goal",AU14+1,AU14) -> 0 | AV15: =IF(AND($H15="Home Goal", AO15=0),1,0) -> 0 | AW15: =IF(AX15=1,-1,0) -> 0 | AX15: =IF(AND($H15="Away Goal", AP15=0),1,0) -> 0 | AY15: =IF(AV15=1,-1,0) -> 0 | AZ15: =IFERROR(VLOOKUP(B15,events!AD:BR,37,FALSE),0) -> 0 | BA15: =ROUND(IF(G15="Intermission",BA14,((1080)-((C15*60)+D15))+AZ15),0) -> 396 | BB15: =IF(BA15<5,0,BA15-5) -> 391 | BC15: =BB15+AI15+3 -> 405
A16: =A15+1 -> 15 | B16: =IF(G16="PeriodStart",B15+1,B15) -> 1 | C16: =IF(G16<>"PeriodStart",E15,18) -> 11 | D16: =F15 -> 13 | E16: 11 | F16: 03 | I16: 10 | J16: 3 | K16: 16 | L16: 80 | M16: 8 | O16: =O15 -> 31 | P16: 70 | Q16: 87 | R16: 75 | S16: 22 | T16: 52 | V16: =V15 -> 39 | W16: =SUMIFS(events!AJ:AJ,events!Q:Q,"=DeadIce",events!AK:AK,"<="&shifts!AG16,events!AL:AL,">"&shifts!AH16,events!E:E,"="&shifts!B17)+SUMIFS(events!AJ:AJ,events!Q:Q,"=Timeout",events!AK:AK,"<="&shifts!AG16,events!AL:AL,">"&shifts!AH16,events!E:E,"="&shifts!B17) -> 0 | X16: =IF(OR($H15="Home Goal",$H15="Away Goal",$H15="Period End"),"",IF(Y15=1,1,"")) | Z16: =IF(OR($H15="Home Goal",$H15="Away Goal",$H15="Period End"),"",IF(AA15=1,1,"")) -> 1 | AA16: 1 | AB16: =IF(OR($H15="Home Goal",$H15="Away Goal",$H15="Period End"),1,IF(AC15=1,1,"")) | AD16: 18995 | AE16: Nelson | AF16: Velodrome | AG16: =((C16*60)+D16) -> 673 | AH16: =((E16*60)+F16) -> 663 | AI16: =ROUND(AG16-AH16,0) -> 10 | AJ16: =COUNTIF(I16:N16,">0") -> 5 | AK16: =COUNTIF(P16:U16,">0") -> 5 | AL16: =IF(O16="",1,0) -> 0 | AM16: =IF(V16="",1,0) -> 0 | AN16: =IF(AND($AL16<>1,$AJ16<$AK16,AM16<>1),1,) -> 0 | AO16: =IF(AND($AL16<>1,$AJ16>$AK16),1,) -> 0 | AP16: =IF(AN16=1,1,0) -> 0 | AQ16: =IF(AO16=1,1,0) -> 0 | AR16: =IF(AND(AJ16=5,AK16=5,AL16=0,AM16=0),"Full Strength",IF(AP16=1,"Away PowerPlay",IF(AO16=1,"Home PowerPlay",IF(AL16=1,"Home EmptyNet",IF(AM16=1,"Away EmptyNet",""))))) -> Full Strength | AS16: =IF(AND(AL16=0,AM16=0),AJ16&"v"&AK16,IF(AL16=1,AJ16&"v"&AK16&" Home EN",IF(AM16=1,AJ16&"v"&AK16&" Away EN",""))) -> 5v5 | AT16: =IF($H15="Home Goal",AT15+1,AT15) -> 0 | AU16: =IF($H15="Away Goal",AU15+1,AU15) -> 0 | AV16: =IF(AND($H16="Home Goal", AO16=0),1,0) -> 0 | AW16: =IF(AX16=1,-1,0) -> 0 | AX16: =IF(AND($H16="Away Goal", AP16=0),1,0) -> 0 | AY16: =IF(AV16=1,-1,0) -> 0 | AZ16: =IFERROR(VLOOKUP(B16,events!AD:BR,37,FALSE),0) -> 0 | BA16: =ROUND(IF(G16="Intermission",BA15,((1080)-((C16*60)+D16))+AZ16),0) -> 407 | BB16: =IF(BA16<5,0,BA16-5) -> 402 | BC16: =BB16+AI16+3 -> 415
A17: =A16+1 -> 16 | B17: =IF(G17="PeriodStart",B16+1,B16) -> 1 | C17: =IF(G17<>"PeriodStart",E16,18) -> 11 | D17: =F16 -> 03 | E17: 10 | F17: 50 | I17: 10 | J17: 3 | K17: 16 | L17: 80 | M17: 8 | N17: 68.5 | O17: =O16 -> 31 | P17: 70 | Q17: 91 | R17: 75 | S17: 22 | T17: 52 | V17: =V16 -> 39 | W17: =SUMIFS(events!AJ:AJ,events!Q:Q,"=DeadIce",events!AK:AK,"<="&shifts!AG17,events!AL:AL,">"&shifts!AH17,events!E:E,"="&shifts!B18)+SUMIFS(events!AJ:AJ,events!Q:Q,"=Timeout",events!AK:AK,"<="&shifts!AG17,events!AL:AL,">"&shifts!AH17,events!E:E,"="&shifts!B18) -> 0 | X17: =IF(OR($H16="Home Goal",$H16="Away Goal",$H16="Period End"),"",IF(Y16=1,1,"")) | Z17: =IF(OR($H16="Home Goal",$H16="Away Goal",$H16="Period End"),"",IF(AA16=1,1,"")) -> 1 | AB17: =IF(OR($H16="Home Goal",$H16="Away Goal",$H16="Period End"),1,IF(AC16=1,1,"")) | AC17: 1 | AD17: 18996 | AE17: Nelson | AF17: Velodrome | AG17: =((C17*60)+D17) -> 663 | AH17: =((E17*60)+F17) -> 650 | AI17: =ROUND(AG17-AH17,0) -> 13 | AJ17: =COUNTIF(I17:N17,">0") -> 6 | AK17: =COUNTIF(P17:U17,">0") -> 5 | AL17: =IF(O17="",1,0) -> 0 | AM17: =IF(V17="",1,0) -> 0 | AN17: =IF(AND($AL17<>1,$AJ17<$AK17,AM17<>1),1,) -> 0 | AO17: =IF(AND($AL17<>1,$AJ17>$AK17),1,) -> 1 | AP17: =IF(AN17=1,1,0) -> 0 | AQ17: =IF(AO17=1,1,0) -> 1 | AR17: =IF(AND(AJ17=5,AK17=5,AL17=0,AM17=0),"Full Strength",IF(AP17=1,"Away PowerPlay",IF(AO17=1,"Home PowerPlay",IF(AL17=1,"Home EmptyNet",IF(AM17=1,"Away EmptyNet",""))))) -> Home PowerPlay | AS17: =IF(AND(AL17=0,AM17=0),AJ17&"v"&AK17,IF(AL17=1,AJ17&"v"&AK17&" Home EN",IF(AM17=1,AJ17&"v"&AK17&" Away EN",""))) -> 6v5 | AT17: =IF($H16="Home Goal",AT16+1,AT16) -> 0 | AU17: =IF($H16="Away Goal",AU16+1,AU16) -> 0 | AV17: =IF(AND($H17="Home Goal", AO17=0),1,0) -> 0 | AW17: =IF(AX17=1,-1,0) -> 0 | AX17: =IF(AND($H17="Away Goal", AP17=0),1,0) -> 0 | AY17: =IF(AV17=1,-1,0) -> 0 | AZ17: =IFERROR(VLOOKUP(B17,events!AD:BR,37,FALSE),0) -> 0 | BA17: =ROUND(IF(G17="Intermission",BA16,((1080)-((C17*60)+D17))+AZ17),0) -> 417 | BB17: =IF(BA17<5,0,BA17-5) -> 412 | BC17: =BB17+AI17+3 -> 428
A18: =A17+1 -> 17 | B18: =IF(G18="PeriodStart",B17+1,B17) -> 1 | C18: =IF(G18<>"PeriodStart",E17,18) -> 10 | D18: =F17 -> 50 | E18: 10 | F18: 44 | I18: 10 | J18: 3 | K18: 16 | L18: 80 | M18: 8 | O18: =O17 -> 31 | P18: 70 | Q18: 91 | R18: 75 | S18: 93 | T18: 52 | V18: =V17 -> 39 | W18: =SUMIFS(events!AJ:AJ,events!Q:Q,"=DeadIce",events!AK:AK,"<="&shifts!AG18,events!AL:AL,">"&shifts!AH18,events!E:E,"="&shifts!B19)+SUMIFS(events!AJ:AJ,events!Q:Q,"=Timeout",events!AK:AK,"<="&shifts!AG18,events!AL:AL,">"&shifts!AH18,events!E:E,"="&shifts!B19) -> 0 | X18: =IF(OR($H17="Home Goal",$H17="Away Goal",$H17="Period End"),"",IF(Y17=1,1,"")) | Y18: 1 | Z18: =IF(OR($H17="Home Goal",$H17="Away Goal",$H17="Period End"),"",IF(AA17=1,1,"")) | AB18: =IF(OR($H17="Home Goal",$H17="Away Goal",$H17="Period End"),1,IF(AC17=1,1,"")) -> 1 | AD18: 18997 | AE18: Nelson | AF18: Velodrome | AG18: =((C18*60)+D18) -> 650 | AH18: =((E18*60)+F18) -> 644 | AI18: =ROUND(AG18-AH18,0) -> 6 | AJ18: =COUNTIF(I18:N18,">0") -> 5 | AK18: =COUNTIF(P18:U18,">0") -> 5 | AL18: =IF(O18="",1,0) -> 0 | AM18: =IF(V18="",1,0) -> 0 | AN18: =IF(AND($AL18<>1,$AJ18<$AK18,AM18<>1),1,) -> 0 | AO18: =IF(AND($AL18<>1,$AJ18>$AK18),1,) -> 0 | AP18: =IF(AN18=1,1,0) -> 0 | AQ18: =IF(AO18=1,1,0) -> 0 | AR18: =IF(AND(AJ18=5,AK18=5,AL18=0,AM18=0),"Full Strength",IF(AP18=1,"Away PowerPlay",IF(AO18=1,"Home PowerPlay",IF(AL18=1,"Home EmptyNet",IF(AM18=1,"Away EmptyNet",""))))) -> Full Strength | AS18: =IF(AND(AL18=0,AM18=0),AJ18&"v"&AK18,IF(AL18=1,AJ18&"v"&AK18&" Home EN",IF(AM18=1,AJ18&"v"&AK18&" Away EN",""))) -> 5v5 | AT18: =IF($H17="Home Goal",AT17+1,AT17) -> 0 | AU18: =IF($H17="Away Goal",AU17+1,AU17) -> 0 | AV18: =IF(AND($H18="Home Goal", AO18=0),1,0) -> 0 | AW18: =IF(AX18=1,-1,0) -> 0 | AX18: =IF(AND($H18="Away Goal", AP18=0),1,0) -> 0 | AY18: =IF(AV18=1,-1,0) -> 0 | AZ18: =IFERROR(VLOOKUP(B18,events!AD:BR,37,FALSE),0) -> 0 | BA18: =ROUND(IF(G18="Intermission",BA17,((1080)-((C18*60)+D18))+AZ18),0) -> 430 | BB18: =IF(BA18<5,0,BA18-5) -> 425 | BC18: =BB18+AI18+3 -> 434
A19: =A18+1 -> 18 | B19: =IF(G19="PeriodStart",B18+1,B18) -> 1 | C19: =IF(G19<>"PeriodStart",E18,18) -> 10 | D19: =F18 -> 44 | E19: 10 | F19: 38 | I19: 10 | J19: 3 | K19: 16 | L19: 80 | M19: 8 | O19: =O18 -> 31 | P19: 70 | Q19: 91 | R19: 75 | S19: 93 | T19: 84 | V19: =V18 -> 39 | W19: =SUMIFS(events!AJ:AJ,events!Q:Q,"=DeadIce",events!AK:AK,"<="&shifts!AG19,events!AL:AL,">"&shifts!AH19,events!E:E,"="&shifts!B20)+SUMIFS(events!AJ:AJ,events!Q:Q,"=Timeout",events!AK:AK,"<="&shifts!AG19,events!AL:AL,">"&shifts!AH19,events!E:E,"="&shifts!B20) -> 0 | X19: =IF(OR($H18="Home Goal",$H18="Away Goal",$H18="Period End"),"",IF(Y18=1,1,"")) -> 1 | Z19: =IF(OR($H18="Home Goal",$H18="Away Goal",$H18="Period End"),"",IF(AA18=1,1,"")) | AA19: 1 | AB19: =IF(OR($H18="Home Goal",$H18="Away Goal",$H18="Period End"),1,IF(AC18=1,1,"")) | AD19: 18998 | AE19: Nelson | AF19: Velodrome | AG19: =((C19*60)+D19) -> 644 | AH19: =((E19*60)+F19) -> 638 | AI19: =ROUND(AG19-AH19,0) -> 6 | AJ19: =COUNTIF(I19:N19,">0") -> 5 | AK19: =COUNTIF(P19:U19,">0") -> 5 | AL19: =IF(O19="",1,0) -> 0 | AM19: =IF(V19="",1,0) -> 0 | AN19: =IF(AND($AL19<>1,$AJ19<$AK19,AM19<>1),1,) -> 0 | AO19: =IF(AND($AL19<>1,$AJ19>$AK19),1,) -> 0 | AP19: =IF(AN19=1,1,0) -> 0 | AQ19: =IF(AO19=1,1,0) -> 0 | AR19: =IF(AND(AJ19=5,AK19=5,AL19=0,AM19=0),"Full Strength",IF(AP19=1,"Away PowerPlay",IF(AO19=1,"Home PowerPlay",IF(AL19=1,"Home EmptyNet",IF(AM19=1,"Away EmptyNet",""))))) -> Full Strength | AS19: =IF(AND(AL19=0,AM19=0),AJ19&"v"&AK19,IF(AL19=1,AJ19&"v"&AK19&" Home EN",IF(AM19=1,AJ19&"v"&AK19&" Away EN",""))) -> 5v5 | AT19: =IF($H18="Home Goal",AT18+1,AT18) -> 0 | AU19: =IF($H18="Away Goal",AU18+1,AU18) -> 0 | AV19: =IF(AND($H19="Home Goal", AO19=0),1,0) -> 0 | AW19: =IF(AX19=1,-1,0) -> 0 | AX19: =IF(AND($H19="Away Goal", AP19=0),1,0) -> 0 | AY19: =IF(AV19=1,-1,0) -> 0 | AZ19: =IFERROR(VLOOKUP(B19,events!AD:BR,37,FALSE),0) -> 0 | BA19: =ROUND(IF(G19="Intermission",BA18,((1080)-((C19*60)+D19))+AZ19),0) -> 436 | BB19: =IF(BA19<5,0,BA19-5) -> 431 | BC19: =BB19+AI19+3 -> 440
A20: =A19+1 -> 19 | B20: =IF(G20="PeriodStart",B19+1,B19) -> 1 | C20: =IF(G20<>"PeriodStart",E19,18) -> 10 | D20: =F19 -> 38 | E20: 10 | F20: 28 | I20: 10 | J20: 3 | K20: 16 | L20: 80 | M20: 23 | O20: =O19 -> 31 | P20: 70 | Q20: 91 | R20: 24 | S20: 93 | T20: 84 | V20: =V19 -> 39 | W20: =SUMIFS(events!AJ:AJ,events!Q:Q,"=DeadIce",events!AK:AK,"<="&shifts!AG20,events!AL:AL,">"&shifts!AH20,events!E:E,"="&shifts!B21)+SUMIFS(events!AJ:AJ,events!Q:Q,"=Timeout",events!AK:AK,"<="&shifts!AG20,events!AL:AL,">"&shifts!AH20,events!E:E,"="&shifts!B21) -> 0 | X20: =IF(OR($H19="Home Goal",$H19="Away Goal",$H19="Period End"),"",IF(Y19=1,1,"")) | Y20: 1 | Z20: =IF(OR($H19="Home Goal",$H19="Away Goal",$H19="Period End"),"",IF(AA19=1,1,"")) -> 1 | AA20: 1 | AB20: =IF(OR($H19="Home Goal",$H19="Away Goal",$H19="Period End"),1,IF(AC19=1,1,"")) | AD20: 18999 | AE20: Nelson | AF20: Velodrome | AG20: =((C20*60)+D20) -> 638 | AH20: =((E20*60)+F20) -> 628 | AI20: =ROUND(AG20-AH20,0) -> 10 | AJ20: =COUNTIF(I20:N20,">0") -> 5 | AK20: =COUNTIF(P20:U20,">0") -> 5 | AL20: =IF(O20="",1,0) -> 0 | AM20: =IF(V20="",1,0) -> 0 | AN20: =IF(AND($AL20<>1,$AJ20<$AK20,AM20<>1),1,) -> 0 | AO20: =IF(AND($AL20<>1,$AJ20>$AK20),1,) -> 0 | AP20: =IF(AN20=1,1,0) -> 0 | AQ20: =IF(AO20=1,1,0) -> 0 | AR20: =IF(AND(AJ20=5,AK20=5,AL20=0,AM20=0),"Full Strength",IF(AP20=1,"Away PowerPlay",IF(AO20=1,"Home PowerPlay",IF(AL20=1,"Home EmptyNet",IF(AM20=1,"Away EmptyNet",""))))) -> Full Strength | AS20: =IF(AND(AL20=0,AM20=0),AJ20&"v"&AK20,IF(AL20=1,AJ20&"v"&AK20&" Home EN",IF(AM20=1,AJ20&"v"&AK20&" Away EN",""))) -> 5v5 | AT20: =IF($H19="Home Goal",AT19+1,AT19) -> 0 | AU20: =IF($H19="Away Goal",AU19+1,AU19) -> 0 | AV20: =IF(AND($H20="Home Goal", AO20=0),1,0) -> 0 | AW20: =IF(AX20=1,-1,0) -> 0 | AX20: =IF(AND($H20="Away Goal", AP20=0),1,0) -> 0 | AY20: =IF(AV20=1,-1,0) -> 0 | AZ20: =IFERROR(VLOOKUP(B20,events!AD:BR,37,FALSE),0) -> 0 | BA20: =ROUND(IF(G20="Intermission",BA19,((1080)-((C20*60)+D20))+AZ20),0) -> 442 | BB20: =IF(BA20<5,0,BA20-5) -> 437 | BC20: =BB20+AI20+3 -> 450
A21: =A20+1 -> 20 | B21: =IF(G21="PeriodStart",B20+1,B20) -> 1 | C21: =IF(G21<>"PeriodStart",E20,18) -> 10 | D21: =F20 -> 28 | E21: 10 | F21: 10 | I21: 79 | J21: 7 | K21: 16 | L21: 37 | M21: 23 | O21: =O20 -> 31 | P21: 42 | Q21: 91 | R21: 24 | S21: 93 | T21: 84 | V21: =V20 -> 39 | W21: =SUMIFS(events!AJ:AJ,events!Q:Q,"=DeadIce",events!AK:AK,"<="&shifts!AG21,events!AL:AL,">"&shifts!AH21,events!E:E,"="&shifts!B22)+SUMIFS(events!AJ:AJ,events!Q:Q,"=Timeout",events!AK:AK,"<="&shifts!AG21,events!AL:AL,">"&shifts!AH21,events!E:E,"="&shifts!B22) -> 0 | X21: =IF(OR($H20="Home Goal",$H20="Away Goal",$H20="Period End"),"",IF(Y20=1,1,"")) -> 1 | Z21: =IF(OR($H20="Home Goal",$H20="Away Goal",$H20="Period End"),"",IF(AA20=1,1,"")) -> 1 | AA21: 1 | AB21: =IF(OR($H20="Home Goal",$H20="Away Goal",$H20="Period End"),1,IF(AC20=1,1,"")) | AD21: 19000 | AE21: Nelson | AF21: Velodrome | AG21: =((C21*60)+D21) -> 628 | AH21: =((E21*60)+F21) -> 610 | AI21: =ROUND(AG21-AH21,0) -> 18 | AJ21: =COUNTIF(I21:N21,">0") -> 5 | AK21: =COUNTIF(P21:U21,">0") -> 5 | AL21: =IF(O21="",1,0) -> 0 | AM21: =IF(V21="",1,0) -> 0 | AN21: =IF(AND($AL21<>1,$AJ21<$AK21,AM21<>1),1,) -> 0 | AO21: =IF(AND($AL21<>1,$AJ21>$AK21),1,) -> 0 | AP21: =IF(AN21=1,1,0) -> 0 | AQ21: =IF(AO21=1,1,0) -> 0 | AR21: =IF(AND(AJ21=5,AK21=5,AL21=0,AM21=0),"Full Strength",IF(AP21=1,"Away PowerPlay",IF(AO21=1,"Home PowerPlay",IF(AL21=1,"Home EmptyNet",IF(AM21=1,"Away EmptyNet",""))))) -> Full Strength | AS21: =IF(AND(AL21=0,AM21=0),AJ21&"v"&AK21,IF(AL21=1,AJ21&"v"&AK21&" Home EN",IF(AM21=1,AJ21&"v"&AK21&" Away EN",""))) -> 5v5 | AT21: =IF($H20="Home Goal",AT20+1,AT20) -> 0 | AU21: =IF($H20="Away Goal",AU20+1,AU20) -> 0 | AV21: =IF(AND($H21="Home Goal", AO21=0),1,0) -> 0 | AW21: =IF(AX21=1,-1,0) -> 0 | AX21: =IF(AND($H21="Away Goal", AP21=0),1,0) -> 0 | AY21: =IF(AV21=1,-1,0) -> 0 | AZ21: =IFERROR(VLOOKUP(B21,events!AD:BR,37,FALSE),0) -> 0 | BA21: =ROUND(IF(G21="Intermission",BA20,((1080)-((C21*60)+D21))+AZ21),0) -> 452 | BB21: =IF(BA21<5,0,BA21-5) -> 447 | BC21: =BB21+AI21+3 -> 468
A22: =A21+1 -> 21 | B22: =IF(G22="PeriodStart",B21+1,B21) -> 1 | C22: =IF(G22<>"PeriodStart",E21,18) -> 10 | D22: =F21 -> 10 | E22: 9 | F22: 59 | I22: 79 | J22: 7 | K22: 44 | L22: 37 | M22: 23 | O22: =O21 -> 31 | P22: 42 | Q22: 91 | R22: 24 | S22: 93 | T22: 84 | V22: =V21 -> 39 | W22: =SUMIFS(events!AJ:AJ,events!Q:Q,"=DeadIce",events!AK:AK,"<="&shifts!AG22,events!AL:AL,">"&shifts!AH22,events!E:E,"="&shifts!B23)+SUMIFS(events!AJ:AJ,events!Q:Q,"=Timeout",events!AK:AK,"<="&shifts!AG22,events!AL:AL,">"&shifts!AH22,events!E:E,"="&shifts!B23) -> 0 | X22: =IF(OR($H21="Home Goal",$H21="Away Goal",$H21="Period End"),"",IF(Y21=1,1,"")) | Y22: 1 | Z22: =IF(OR($H21="Home Goal",$H21="Away Goal",$H21="Period End"),"",IF(AA21=1,1,"")) -> 1 | AB22: =IF(OR($H21="Home Goal",$H21="Away Goal",$H21="Period End"),1,IF(AC21=1,1,"")) | AD22: 19001 | AE22: Nelson | AF22: Velodrome | AG22: =((C22*60)+D22) -> 610 | AH22: =((E22*60)+F22) -> 599 | AI22: =ROUND(AG22-AH22,0) -> 11 | AJ22: =COUNTIF(I22:N22,">0") -> 5 | AK22: =COUNTIF(P22:U22,">0") -> 5 | AL22: =IF(O22="",1,0) -> 0 | AM22: =IF(V22="",1,0) -> 0 | AN22: =IF(AND($AL22<>1,$AJ22<$AK22,AM22<>1),1,) -> 0 | AO22: =IF(AND($AL22<>1,$AJ22>$AK22),1,) -> 0 | AP22: =IF(AN22=1,1,0) -> 0 | AQ22: =IF(AO22=1,1,0) -> 0 | AR22: =IF(AND(AJ22=5,AK22=5,AL22=0,AM22=0),"Full Strength",IF(AP22=1,"Away PowerPlay",IF(AO22=1,"Home PowerPlay",IF(AL22=1,"Home EmptyNet",IF(AM22=1,"Away EmptyNet",""))))) -> Full Strength | AS22: =IF(AND(AL22=0,AM22=0),AJ22&"v"&AK22,IF(AL22=1,AJ22&"v"&AK22&" Home EN",IF(AM22=1,AJ22&"v"&AK22&" Away EN",""))) -> 5v5 | AT22: =IF($H21="Home Goal",AT21+1,AT21) -> 0 | AU22: =IF($H21="Away Goal",AU21+1,AU21) -> 0 | AV22: =IF(AND($H22="Home Goal", AO22=0),1,0) -> 0 | AW22: =IF(AX22=1,-1,0) -> 0 | AX22: =IF(AND($H22="Away Goal", AP22=0),1,0) -> 0 | AY22: =IF(AV22=1,-1,0) -> 0 | AZ22: =IFERROR(VLOOKUP(B22,events!AD:BR,37,FALSE),0) -> 0 | BA22: =ROUND(IF(G22="Intermission",BA21,((1080)-((C22*60)+D22))+AZ22),0) -> 470 | BB22: =IF(BA22<5,0,BA22-5) -> 465 | BC22: =BB22+AI22+3 -> 479
A23: =A22+1 -> 22 | B23: =IF(G23="PeriodStart",B22+1,B22) -> 1 | C23: =IF(G23<>"PeriodStart",E22,18) -> 9 | D23: =F22 -> 59 | E23: 9 | F23: 44 | H23: Puck Out of Play | I23: 79 | J23: 7 | K23: 44 | L23: 37 | M23: 23 | O23: =O22 -> 31 | P23: 42 | Q23: 91 | R23: 24 | S23: 93 | T23: 84 | V23: =V22 -> 39 | W23: =SUMIFS(events!AJ:AJ,events!Q:Q,"=DeadIce",events!AK:AK,"<="&shifts!AG23,events!AL:AL,">"&shifts!AH23,events!E:E,"="&shifts!B24)+SUMIFS(events!AJ:AJ,events!Q:Q,"=Timeout",events!AK:AK,"<="&shifts!AG23,events!AL:AL,">"&shifts!AH23,events!E:E,"="&shifts!B24) -> 0 | X23: =IF(OR($H22="Home Goal",$H22="Away Goal",$H22="Period End"),"",IF(Y22=1,1,"")) -> 1 | Z23: =IF(OR($H22="Home Goal",$H22="Away Goal",$H22="Period End"),"",IF(AA22=1,1,"")) | AA23: 1 | AB23: =IF(OR($H22="Home Goal",$H22="Away Goal",$H22="Period End"),1,IF(AC22=1,1,"")) | AD23: 19002 | AE23: Nelson | AF23: Velodrome | AG23: =((C23*60)+D23) -> 599 | AH23: =((E23*60)+F23) -> 584 | AI23: =ROUND(AG23-AH23,0) -> 15 | AJ23: =COUNTIF(I23:N23,">0") -> 5 | AK23: =COUNTIF(P23:U23,">0") -> 5 | AL23: =IF(O23="",1,0) -> 0 | AM23: =IF(V23="",1,0) -> 0 | AN23: =IF(AND($AL23<>1,$AJ23<$AK23,AM23<>1),1,) -> 0 | AO23: =IF(AND($AL23<>1,$AJ23>$AK23),1,) -> 0 | AP23: =IF(AN23=1,1,0) -> 0 | AQ23: =IF(AO23=1,1,0) -> 0 | AR23: =IF(AND(AJ23=5,AK23=5,AL23=0,AM23=0),"Full Strength",IF(AP23=1,"Away PowerPlay",IF(AO23=1,"Home PowerPlay",IF(AL23=1,"Home EmptyNet",IF(AM23=1,"Away EmptyNet",""))))) -> Full Strength | AS23: =IF(AND(AL23=0,AM23=0),AJ23&"v"&AK23,IF(AL23=1,AJ23&"v"&AK23&" Home EN",IF(AM23=1,AJ23&"v"&AK23&" Away EN",""))) -> 5v5 | AT23: =IF($H22="Home Goal",AT22+1,AT22) -> 0 | AU23: =IF($H22="Away Goal",AU22+1,AU22) -> 0 | AV23: =IF(AND($H23="Home Goal", AO23=0),1,0) -> 0 | AW23: =IF(AX23=1,-1,0) -> 0 | AX23: =IF(AND($H23="Away Goal", AP23=0),1,0) -> 0 | AY23: =IF(AV23=1,-1,0) -> 0 | AZ23: =IFERROR(VLOOKUP(B23,events!AD:BR,37,FALSE),0) -> 0 | BA23: =ROUND(IF(G23="Intermission",BA22,((1080)-((C23*60)+D23))+AZ23),0) -> 481 | BB23: =IF(BA23<5,0,BA23-5) -> 476 | BC23: =BB23+AI23+3 -> 494
A24: =A23+1 -> 23 | B24: =IF(G24="PeriodStart",B23+1,B23) -> 1 | C24: =IF(G24<>"PeriodStart",E23,18) -> 9 | D24: =F23 -> 44 | E24: 8 | F24: 43 | G24: OtherFaceoff | I24: 79 | J24: 7 | K24: 44 | L24: 37 | M24: 23 | O24: =O23 -> 31 | P24: 42 | Q24: 91 | R24: 24 | S24: 93 | T24: 84 | V24: =V23 -> 39 | W24: =SUMIFS(events!AJ:AJ,events!Q:Q,"=DeadIce",events!AK:AK,"<="&shifts!AG24,events!AL:AL,">"&shifts!AH24,events!E:E,"="&shifts!B25)+SUMIFS(events!AJ:AJ,events!Q:Q,"=Timeout",events!AK:AK,"<="&shifts!AG24,events!AL:AL,">"&shifts!AH24,events!E:E,"="&shifts!B25) -> 0 | X24: =IF(OR($H23="Home Goal",$H23="Away Goal",$H23="Period End"),"",IF(Y23=1,1,"")) | Z24: =IF(OR($H23="Home Goal",$H23="Away Goal",$H23="Period End"),"",IF(AA23=1,1,"")) -> 1 | AA24: 1 | AB24: =IF(OR($H23="Home Goal",$H23="Away Goal",$H23="Period End"),1,IF(AC23=1,1,"")) | AD24: 19003 | AE24: Nelson | AF24: Velodrome | AG24: =((C24*60)+D24) -> 584 | AH24: =((E24*60)+F24) -> 523 | AI24: =ROUND(AG24-AH24,0) -> 61 | AJ24: =COUNTIF(I24:N24,">0") -> 5 | AK24: =COUNTIF(P24:U24,">0") -> 5 | AL24: =IF(O24="",1,0) -> 0 | AM24: =IF(V24="",1,0) -> 0 | AN24: =IF(AND($AL24<>1,$AJ24<$AK24,AM24<>1),1,) -> 0 | AO24: =IF(AND($AL24<>1,$AJ24>$AK24),1,) -> 0 | AP24: =IF(AN24=1,1,0) -> 0 | AQ24: =IF(AO24=1,1,0) -> 0 | AR24: =IF(AND(AJ24=5,AK24=5,AL24=0,AM24=0),"Full Strength",IF(AP24=1,"Away PowerPlay",IF(AO24=1,"Home PowerPlay",IF(AL24=1,"Home EmptyNet",IF(AM24=1,"Away EmptyNet",""))))) -> Full Strength | AS24: =IF(AND(AL24=0,AM24=0),AJ24&"v"&AK24,IF(AL24=1,AJ24&"v"&AK24&" Home EN",IF(AM24=1,AJ24&"v"&AK24&" Away EN",""))) -> 5v5 | AT24: =IF($H23="Home Goal",AT23+1,AT23) -> 0 | AU24: =IF($H23="Away Goal",AU23+1,AU23) -> 0 | AV24: =IF(AND($H24="Home Goal", AO24=0),1,0) -> 0 | AW24: =IF(AX24=1,-1,0) -> 0 | AX24: =IF(AND($H24="Away Goal", AP24=0),1,0) -> 0 | AY24: =IF(AV24=1,-1,0) -> 0 | AZ24: =IFERROR(VLOOKUP(B24,events!AD:BR,37,FALSE),0) -> 0 | BA24: =ROUND(IF(G24="Intermission",BA23,((1080)-((C24*60)+D24))+AZ24),0) -> 496 | BB24: =IF(BA24<5,0,BA24-5) -> 491 | BC24: =BB24+AI24+3 -> 555
A25: =A24+1 -> 24 | B25: =IF(G25="PeriodStart",B24+1,B24) -> 1 | C25: =IF(G25<>"PeriodStart",E24,18) -> 8 | D25: =F24 -> 43 | E25: 8 | F25: 38 | H25: Puck Out of Play | I25: 79 | J25: 15 | K25: 44 | L25: 37 | M25: 23 | O25: =O24 -> 31 | P25: 42 | Q25: 91 | R25: 24 | S25: 93 | T25: 84 | V25: =V24 -> 39 | W25: =SUMIFS(events!AJ:AJ,events!Q:Q,"=DeadIce",events!AK:AK,"<="&shifts!AG25,events!AL:AL,">"&shifts!AH25,events!E:E,"="&shifts!B26)+SUMIFS(events!AJ:AJ,events!Q:Q,"=Timeout",events!AK:AK,"<="&shifts!AG25,events!AL:AL,">"&shifts!AH25,events!E:E,"="&shifts!B26) -> 0 | X25: =IF(OR($H24="Home Goal",$H24="Away Goal",$H24="Period End"),"",IF(Y24=1,1,"")) | Z25: =IF(OR($H24="Home Goal",$H24="Away Goal",$H24="Period End"),"",IF(AA24=1,1,"")) -> 1 | AA25: 1 | AB25: =IF(OR($H24="Home Goal",$H24="Away Goal",$H24="Period End"),1,IF(AC24=1,1,"")) | AD25: 19004 | AE25: Nelson | AF25: Velodrome | AG25: =((C25*60)+D25) -> 523 | AH25: =((E25*60)+F25) -> 518 | AI25: =ROUND(AG25-AH25,0) -> 5 | AJ25: =COUNTIF(I25:N25,">0") -> 5 | AK25: =COUNTIF(P25:U25,">0") -> 5 | AL25: =IF(O25="",1,0) -> 0 | AM25: =IF(V25="",1,0) -> 0 | AN25: =IF(AND($AL25<>1,$AJ25<$AK25,AM25<>1),1,) -> 0 | AO25: =IF(AND($AL25<>1,$AJ25>$AK25),1,) -> 0 | AP25: =IF(AN25=1,1,0) -> 0 | AQ25: =IF(AO25=1,1,0) -> 0 | AR25: =IF(AND(AJ25=5,AK25=5,AL25=0,AM25=0),"Full Strength",IF(AP25=1,"Away PowerPlay",IF(AO25=1,"Home PowerPlay",IF(AL25=1,"Home EmptyNet",IF(AM25=1,"Away EmptyNet",""))))) -> Full Strength | AS25: =IF(AND(AL25=0,AM25=0),AJ25&"v"&AK25,IF(AL25=1,AJ25&"v"&AK25&" Home EN",IF(AM25=1,AJ25&"v"&AK25&" Away EN",""))) -> 5v5 | AT25: =IF($H24="Home Goal",AT24+1,AT24) -> 0 | AU25: =IF($H24="Away Goal",AU24+1,AU24) -> 0 | AV25: =IF(AND($H25="Home Goal", AO25=0),1,0) -> 0 | AW25: =IF(AX25=1,-1,0) -> 0 | AX25: =IF(AND($H25="Away Goal", AP25=0),1,0) -> 0 | AY25: =IF(AV25=1,-1,0) -> 0 | AZ25: =IFERROR(VLOOKUP(B25,events!AD:BR,37,FALSE),0) -> 0 | BA25: =ROUND(IF(G25="Intermission",BA24,((1080)-((C25*60)+D25))+AZ25),0) -> 557 | BB25: =IF(BA25<5,0,BA25-5) -> 552 | BC25: =BB25+AI25+3 -> 560
A26: =A25+1 -> 25 | B26: =IF(G26="PeriodStart",B25+1,B25) -> 1 | C26: =IF(G26<>"PeriodStart",E25,18) -> 8 | D26: =F25 -> 38 | E26: 7 | F26: 33 | G26: OtherFaceoff | I26: 10 | J26: 15 | K26: 44 | L26: 37 | M26: 23 | O26: =O25 -> 31 | P26: 49 | Q26: 14 | R26: 61 | S26: 9 | T26: 52 | V26: =V25 -> 39 | W26: =SUMIFS(events!AJ:AJ,events!Q:Q,"=DeadIce",events!AK:AK,"<="&shifts!AG26,events!AL:AL,">"&shifts!AH26,events!E:E,"="&shifts!B27)+SUMIFS(events!AJ:AJ,events!Q:Q,"=Timeout",events!AK:AK,"<="&shifts!AG26,events!AL:AL,">"&shifts!AH26,events!E:E,"="&shifts!B27) -> 0 | X26: =IF(OR($H25="Home Goal",$H25="Away Goal",$H25="Period End"),"",IF(Y25=1,1,"")) | Z26: =IF(OR($H25="Home Goal",$H25="Away Goal",$H25="Period End"),"",IF(AA25=1,1,"")) -> 1 | AA26: 1 | AB26: =IF(OR($H25="Home Goal",$H25="Away Goal",$H25="Period End"),1,IF(AC25=1,1,"")) | AD26: 19005 | AE26: Nelson | AF26: Velodrome | AG26: =((C26*60)+D26) -> 518 | AH26: =((E26*60)+F26) -> 453 | AI26: =ROUND(AG26-AH26,0) -> 65 | AJ26: =COUNTIF(I26:N26,">0") -> 5 | AK26: =COUNTIF(P26:U26,">0") -> 5 | AL26: =IF(O26="",1,0) -> 0 | AM26: =IF(V26="",1,0) -> 0 | AN26: =IF(AND($AL26<>1,$AJ26<$AK26,AM26<>1),1,) -> 0 | AO26: =IF(AND($AL26<>1,$AJ26>$AK26),1,) -> 0 | AP26: =IF(AN26=1,1,0) -> 0 | AQ26: =IF(AO26=1,1,0) -> 0 | AR26: =IF(AND(AJ26=5,AK26=5,AL26=0,AM26=0),"Full Strength",IF(AP26=1,"Away PowerPlay",IF(AO26=1,"Home PowerPlay",IF(AL26=1,"Home EmptyNet",IF(AM26=1,"Away EmptyNet",""))))) -> Full Strength | AS26: =IF(AND(AL26=0,AM26=0),AJ26&"v"&AK26,IF(AL26=1,AJ26&"v"&AK26&" Home EN",IF(AM26=1,AJ26&"v"&AK26&" Away EN",""))) -> 5v5 | AT26: =IF($H25="Home Goal",AT25+1,AT25) -> 0 | AU26: =IF($H25="Away Goal",AU25+1,AU25) -> 0 | AV26: =IF(AND($H26="Home Goal", AO26=0),1,0) -> 0 | AW26: =IF(AX26=1,-1,0) -> 0 | AX26: =IF(AND($H26="Away Goal", AP26=0),1,0) -> 0 | AY26: =IF(AV26=1,-1,0) -> 0 | AZ26: =IFERROR(VLOOKUP(B26,events!AD:BR,37,FALSE),0) -> 0 | BA26: =ROUND(IF(G26="Intermission",BA25,((1080)-((C26*60)+D26))+AZ26),0) -> 562 | BB26: =IF(BA26<5,0,BA26-5) -> 557 | BC26: =BB26+AI26+3 -> 625
A27: =A26+1 -> 26 | B27: =IF(G27="PeriodStart",B26+1,B26) -> 1 | C27: =IF(G27<>"PeriodStart",E26,18) -> 7 | D27: =F26 -> 33 | E27: 7 | F27: 21 | I27: 10 | J27: 15 | K27: 44 | L27: 80 | M27: 23 | O27: =O26 -> 31 | P27: 49 | Q27: 14 | R27: 61 | S27: 9 | T27: 52 | V27: =V26 -> 39 | W27: =SUMIFS(events!AJ:AJ,events!Q:Q,"=DeadIce",events!AK:AK,"<="&shifts!AG27,events!AL:AL,">"&shifts!AH27,events!E:E,"="&shifts!B28)+SUMIFS(events!AJ:AJ,events!Q:Q,"=Timeout",events!AK:AK,"<="&shifts!AG27,events!AL:AL,">"&shifts!AH27,events!E:E,"="&shifts!B28) -> 0 | X27: =IF(OR($H26="Home Goal",$H26="Away Goal",$H26="Period End"),"",IF(Y26=1,1,"")) | Z27: =IF(OR($H26="Home Goal",$H26="Away Goal",$H26="Period End"),"",IF(AA26=1,1,"")) -> 1 | AA27: 1 | AB27: =IF(OR($H26="Home Goal",$H26="Away Goal",$H26="Period End"),1,IF(AC26=1,1,"")) | AD27: 19006 | AE27: Nelson | AF27: Velodrome | AG27: =((C27*60)+D27) -> 453 | AH27: =((E27*60)+F27) -> 441 | AI27: =ROUND(AG27-AH27,0) -> 12 | AJ27: =COUNTIF(I27:N27,">0") -> 5 | AK27: =COUNTIF(P27:U27,">0") -> 5 | AL27: =IF(O27="",1,0) -> 0 | AM27: =IF(V27="",1,0) -> 0 | AN27: =IF(AND($AL27<>1,$AJ27<$AK27,AM27<>1),1,) -> 0 | AO27: =IF(AND($AL27<>1,$AJ27>$AK27),1,) -> 0 | AP27: =IF(AN27=1,1,0) -> 0 | AQ27: =IF(AO27=1,1,0) -> 0 | AR27: =IF(AND(AJ27=5,AK27=5,AL27=0,AM27=0),"Full Strength",IF(AP27=1,"Away PowerPlay",IF(AO27=1,"Home PowerPlay",IF(AL27=1,"Home EmptyNet",IF(AM27=1,"Away EmptyNet",""))))) -> Full Strength | AS27: =IF(AND(AL27=0,AM27=0),AJ27&"v"&AK27,IF(AL27=1,AJ27&"v"&AK27&" Home EN",IF(AM27=1,AJ27&"v"&AK27&" Away EN",""))) -> 5v5 | AT27: =IF($H26="Home Goal",AT26+1,AT26) -> 0 | AU27: =IF($H26="Away Goal",AU26+1,AU26) -> 0 | AV27: =IF(AND($H27="Home Goal", AO27=0),1,0) -> 0 | AW27: =IF(AX27=1,-1,0) -> 0 | AX27: =IF(AND($H27="Away Goal", AP27=0),1,0) -> 0 | AY27: =IF(AV27=1,-1,0) -> 0 | AZ27: =IFERROR(VLOOKUP(B27,events!AD:BR,37,FALSE),0) -> 0 | BA27: =ROUND(IF(G27="Intermission",BA26,((1080)-((C27*60)+D27))+AZ27),0) -> 627 | BB27: =IF(BA27<5,0,BA27-5) -> 622 | BC27: =BB27+AI27+3 -> 637
A28: =A27+1 -> 27 | B28: =IF(G28="PeriodStart",B27+1,B27) -> 1 | C28: =IF(G28<>"PeriodStart",E27,18) -> 7 | D28: =F27 -> 21 | E28: 6 | F28: 48 | H28: Away Goalie Stopped (after Home SOG) | I28: 10 | J28: 3 | K28: 16 | L28: 80 | M28: 8 | O28: =O27 -> 31 | P28: 49 | Q28: 14 | R28: 61 | S28: 9 | T28: 52 | V28: =V27 -> 39 | W28: =SUMIFS(events!AJ:AJ,events!Q:Q,"=DeadIce",events!AK:AK,"<="&shifts!AG28,events!AL:AL,">"&shifts!AH28,events!E:E,"="&shifts!B29)+SUMIFS(events!AJ:AJ,events!Q:Q,"=Timeout",events!AK:AK,"<="&shifts!AG28,events!AL:AL,">"&shifts!AH28,events!E:E,"="&shifts!B29) -> 0 | X28: =IF(OR($H27="Home Goal",$H27="Away Goal",$H27="Period End"),"",IF(Y27=1,1,"")) | Z28: =IF(OR($H27="Home Goal",$H27="Away Goal",$H27="Period End"),"",IF(AA27=1,1,"")) -> 1 | AA28: 1 | AB28: =IF(OR($H27="Home Goal",$H27="Away Goal",$H27="Period End"),1,IF(AC27=1,1,"")) | AD28: 19007 | AE28: Nelson | AF28: Velodrome | AG28: =((C28*60)+D28) -> 441 | AH28: =((E28*60)+F28) -> 408 | AI28: =ROUND(AG28-AH28,0) -> 33 | AJ28: =COUNTIF(I28:N28,">0") -> 5 | AK28: =COUNTIF(P28:U28,">0") -> 5 | AL28: =IF(O28="",1,0) -> 0 | AM28: =IF(V28="",1,0) -> 0 | AN28: =IF(AND($AL28<>1,$AJ28<$AK28,AM28<>1),1,) -> 0 | AO28: =IF(AND($AL28<>1,$AJ28>$AK28),1,) -> 0 | AP28: =IF(AN28=1,1,0) -> 0 | AQ28: =IF(AO28=1,1,0) -> 0 | AR28: =IF(AND(AJ28=5,AK28=5,AL28=0,AM28=0),"Full Strength",IF(AP28=1,"Away PowerPlay",IF(AO28=1,"Home PowerPlay",IF(AL28=1,"Home EmptyNet",IF(AM28=1,"Away EmptyNet",""))))) -> Full Strength | AS28: =IF(AND(AL28=0,AM28=0),AJ28&"v"&AK28,IF(AL28=1,AJ28&"v"&AK28&" Home EN",IF(AM28=1,AJ28&"v"&AK28&" Away EN",""))) -> 5v5 | AT28: =IF($H27="Home Goal",AT27+1,AT27) -> 0 | AU28: =IF($H27="Away Goal",AU27+1,AU27) -> 0 | AV28: =IF(AND($H28="Home Goal", AO28=0),1,0) -> 0 | AW28: =IF(AX28=1,-1,0) -> 0 | AX28: =IF(AND($H28="Away Goal", AP28=0),1,0) -> 0 | AY28: =IF(AV28=1,-1,0) -> 0 | AZ28: =IFERROR(VLOOKUP(B28,events!AD:BR,37,FALSE),0) -> 0 | BA28: =ROUND(IF(G28="Intermission",BA27,((1080)-((C28*60)+D28))+AZ28),0) -> 639 | BB28: =IF(BA28<5,0,BA28-5) -> 634 | BC28: =BB28+AI28+3 -> 670
A29: =A28+1 -> 28 | B29: =IF(G29="PeriodStart",B28+1,B28) -> 1 | C29: =IF(G29<>"PeriodStart",E28,18) -> 6 | D29: =F28 -> 48 | E29: 6 | F29: 00 | G29: OtherFaceoff | I29: 10 | J29: 3 | K29: 16 | L29: 80 | M29: 8 | O29: =O28 -> 31 | P29: 70 | Q29: 87 | R29: 75 | S29: 22 | T29: 84 | V29: =V28 -> 39 | W29: =SUMIFS(events!AJ:AJ,events!Q:Q,"=DeadIce",events!AK:AK,"<="&shifts!AG29,events!AL:AL,">"&shifts!AH29,events!E:E,"="&shifts!B30)+SUMIFS(events!AJ:AJ,events!Q:Q,"=Timeout",events!AK:AK,"<="&shifts!AG29,events!AL:AL,">"&shifts!AH29,events!E:E,"="&shifts!B30) -> 0 | X29: =IF(OR($H28="Home Goal",$H28="Away Goal",$H28="Period End"),"",IF(Y28=1,1,"")) | Z29: =IF(OR($H28="Home Goal",$H28="Away Goal",$H28="Period End"),"",IF(AA28=1,1,"")) -> 1 | AA29: 1 | AB29: =IF(OR($H28="Home Goal",$H28="Away Goal",$H28="Period End"),1,IF(AC28=1,1,"")) | AD29: 19008 | AE29: Nelson | AF29: Velodrome | AG29: =((C29*60)+D29) -> 408 | AH29: =((E29*60)+F29) -> 360 | AI29: =ROUND(AG29-AH29,0) -> 48 | AJ29: =COUNTIF(I29:N29,">0") -> 5 | AK29: =COUNTIF(P29:U29,">0") -> 5 | AL29: =IF(O29="",1,0) -> 0 | AM29: =IF(V29="",1,0) -> 0 | AN29: =IF(AND($AL29<>1,$AJ29<$AK29,AM29<>1),1,) -> 0 | AO29: =IF(AND($AL29<>1,$AJ29>$AK29),1,) -> 0 | AP29: =IF(AN29=1,1,0) -> 0 | AQ29: =IF(AO29=1,1,0) -> 0 | AR29: =IF(AND(AJ29=5,AK29=5,AL29=0,AM29=0),"Full Strength",IF(AP29=1,"Away PowerPlay",IF(AO29=1,"Home PowerPlay",IF(AL29=1,"Home EmptyNet",IF(AM29=1,"Away EmptyNet",""))))) -> Full Strength | AS29: =IF(AND(AL29=0,AM29=0),AJ29&"v"&AK29,IF(AL29=1,AJ29&"v"&AK29&" Home EN",IF(AM29=1,AJ29&"v"&AK29&" Away EN",""))) -> 5v5 | AT29: =IF($H28="Home Goal",AT28+1,AT28) -> 0 | AU29: =IF($H28="Away Goal",AU28+1,AU28) -> 0 | AV29: =IF(AND($H29="Home Goal", AO29=0),1,0) -> 0 | AW29: =IF(AX29=1,-1,0) -> 0 | AX29: =IF(AND($H29="Away Goal", AP29=0),1,0) -> 0 | AY29: =IF(AV29=1,-1,0) -> 0 | AZ29: =IFERROR(VLOOKUP(B29,events!AD:BR,37,FALSE),0) -> 0 | BA29: =ROUND(IF(G29="Intermission",BA28,((1080)-((C29*60)+D29))+AZ29),0) -> 672 | BB29: =IF(BA29<5,0,BA29-5) -> 667 | BC29: =BB29+AI29+3 -> 718
A30: =A29+1 -> 29 | B30: =IF(G30="PeriodStart",B29+1,B29) -> 1 | C30: =IF(G30<>"PeriodStart",E29,18) -> 6 | D30: =F29 -> 00 | E30: 5 | F30: 29 | H30: Home Goal | I30: 79 | J30: 3 | K30: 16 | L30: 80 | M30: 8 | O30: =O29 -> 31 | P30: 70 | Q30: 87 | R30: 75 | S30: 22 | T30: 84 | V30: =V29 -> 39 | W30: =SUMIFS(events!AJ:AJ,events!Q:Q,"=DeadIce",events!AK:AK,"<="&shifts!AG30,events!AL:AL,">"&shifts!AH30,events!E:E,"="&shifts!B31)+SUMIFS(events!AJ:AJ,events!Q:Q,"=Timeout",events!AK:AK,"<="&shifts!AG30,events!AL:AL,">"&shifts!AH30,events!E:E,"="&shifts!B31) -> 0 | X30: =IF(OR($H29="Home Goal",$H29="Away Goal",$H29="Period End"),"",IF(Y29=1,1,"")) | Z30: =IF(OR($H29="Home Goal",$H29="Away Goal",$H29="Period End"),"",IF(AA29=1,1,"")) -> 1 | AA30: 1 | AB30: =IF(OR($H29="Home Goal",$H29="Away Goal",$H29="Period End"),1,IF(AC29=1,1,"")) | AD30: 19009 | AE30: Nelson | AF30: Velodrome | AG30: =((C30*60)+D30) -> 360 | AH30: =((E30*60)+F30) -> 329 | AI30: =ROUND(AG30-AH30,0) -> 31 | AJ30: =COUNTIF(I30:N30,">0") -> 5 | AK30: =COUNTIF(P30:U30,">0") -> 5 | AL30: =IF(O30="",1,0) -> 0 | AM30: =IF(V30="",1,0) -> 0 | AN30: =IF(AND($AL30<>1,$AJ30<$AK30,AM30<>1),1,) -> 0 | AO30: =IF(AND($AL30<>1,$AJ30>$AK30),1,) -> 0 | AP30: =IF(AN30=1,1,0) -> 0 | AQ30: =IF(AO30=1,1,0) -> 0 | AR30: =IF(AND(AJ30=5,AK30=5,AL30=0,AM30=0),"Full Strength",IF(AP30=1,"Away PowerPlay",IF(AO30=1,"Home PowerPlay",IF(AL30=1,"Home EmptyNet",IF(AM30=1,"Away EmptyNet",""))))) -> Full Strength | AS30: =IF(AND(AL30=0,AM30=0),AJ30&"v"&AK30,IF(AL30=1,AJ30&"v"&AK30&" Home EN",IF(AM30=1,AJ30&"v"&AK30&" Away EN",""))) -> 5v5 | AT30: =IF($H29="Home Goal",AT29+1,AT29) -> 0 | AU30: =IF($H29="Away Goal",AU29+1,AU29) -> 0 | AV30: =IF(AND($H30="Home Goal", AO30=0),1,0) -> 1 | AW30: =IF(AX30=1,-1,0) -> 0 | AX30: =IF(AND($H30="Away Goal", AP30=0),1,0) -> 0 | AY30: =IF(AV30=1,-1,0) -> -1 | AZ30: =IFERROR(VLOOKUP(B30,events!AD:BR,37,FALSE),0) -> 0 | BA30: =ROUND(IF(G30="Intermission",BA29,((1080)-((C30*60)+D30))+AZ30),0) -> 720 | BB30: =IF(BA30<5,0,BA30-5) -> 715 | BC30: =BB30+AI30+3 -> 749
A31: =A30+1 -> 30 | B31: =IF(G31="PeriodStart",B30+1,B30) -> 1 | C31: =IF(G31<>"PeriodStart",E30,18) -> 5 | D31: =F30 -> 29 | E31: 5 | F31: 02 | G31: FaceoffAfterGoal | H31: Away Goal | I31: 79 | J31: 7 | K31: 44 | L31: 80 | M31: 8 | O31: =O30 -> 31 | P31: 70 | Q31: 87 | R31: 75 | S31: 22 | T31: 84 | V31: =V30 -> 39 | W31: =SUMIFS(events!AJ:AJ,events!Q:Q,"=DeadIce",events!AK:AK,"<="&shifts!AG31,events!AL:AL,">"&shifts!AH31,events!E:E,"="&shifts!B32)+SUMIFS(events!AJ:AJ,events!Q:Q,"=Timeout",events!AK:AK,"<="&shifts!AG31,events!AL:AL,">"&shifts!AH31,events!E:E,"="&shifts!B32) -> 0 | X31: =IF(OR($H30="Home Goal",$H30="Away Goal",$H30="Period End"),"",IF(Y30=1,1,"")) | Y31: 1 | Z31: =IF(OR($H30="Home Goal",$H30="Away Goal",$H30="Period End"),"",IF(AA30=1,1,"")) | AB31: =IF(OR($H30="Home Goal",$H30="Away Goal",$H30="Period End"),1,IF(AC30=1,1,"")) -> 1 | AD31: 19010 | AE31: Nelson | AF31: Velodrome | AG31: =((C31*60)+D31) -> 329 | AH31: =((E31*60)+F31) -> 302 | AI31: =ROUND(AG31-AH31,0) -> 27 | AJ31: =COUNTIF(I31:N31,">0") -> 5 | AK31: =COUNTIF(P31:U31,">0") -> 5 | AL31: =IF(O31="",1,0) -> 0 | AM31: =IF(V31="",1,0) -> 0 | AN31: =IF(AND($AL31<>1,$AJ31<$AK31,AM31<>1),1,) -> 0 | AO31: =IF(AND($AL31<>1,$AJ31>$AK31),1,) -> 0 | AP31: =IF(AN31=1,1,0) -> 0 | AQ31: =IF(AO31=1,1,0) -> 0 | AR31: =IF(AND(AJ31=5,AK31=5,AL31=0,AM31=0),"Full Strength",IF(AP31=1,"Away PowerPlay",IF(AO31=1,"Home PowerPlay",IF(AL31=1,"Home EmptyNet",IF(AM31=1,"Away EmptyNet",""))))) -> Full Strength | AS31: =IF(AND(AL31=0,AM31=0),AJ31&"v"&AK31,IF(AL31=1,AJ31&"v"&AK31&" Home EN",IF(AM31=1,AJ31&"v"&AK31&" Away EN",""))) -> 5v5 | AT31: =IF($H30="Home Goal",AT30+1,AT30) -> 1 | AU31: =IF($H30="Away Goal",AU30+1,AU30) -> 0 | AV31: =IF(AND($H31="Home Goal", AO31=0),1,0) -> 0 | AW31: =IF(AX31=1,-1,0) -> -1 | AX31: =IF(AND($H31="Away Goal", AP31=0),1,0) -> 1 | AY31: =IF(AV31=1,-1,0) -> 0 | AZ31: =IFERROR(VLOOKUP(B31,events!AD:BR,37,FALSE),0) -> 0 | BA31: =ROUND(IF(G31="Intermission",BA30,((1080)-((C31*60)+D31))+AZ31),0) -> 751 | BB31: =IF(BA31<5,0,BA31-5) -> 746 | BC31: =BB31+AI31+3 -> 776
A32: =A31+1 -> 31 | B32: =IF(G32="PeriodStart",B31+1,B31) -> 1 | C32: =IF(G32<>"PeriodStart",E31,18) -> 5 | D32: =F31 -> 02 | E32: 3 | F32: 33 | I32: 79 | J32: 7 | K32: 44 | L32: 80 | M32: 8 | O32: =O31 -> 31 | P32: 70 | Q32: 87 | R32: 75 | S32: 93 | T32: 52 | V32: =V31 -> 39 | W32: =SUMIFS(events!AJ:AJ,events!Q:Q,"=DeadIce",events!AK:AK,"<="&shifts!AG32,events!AL:AL,">"&shifts!AH32,events!E:E,"="&shifts!B33)+SUMIFS(events!AJ:AJ,events!Q:Q,"=Timeout",events!AK:AK,"<="&shifts!AG32,events!AL:AL,">"&shifts!AH32,events!E:E,"="&shifts!B33) -> 0 | X32: =IF(OR($H31="Home Goal",$H31="Away Goal",$H31="Period End"),"",IF(Y31=1,1,"")) | Y32: 1 | Z32: =IF(OR($H31="Home Goal",$H31="Away Goal",$H31="Period End"),"",IF(AA31=1,1,"")) | AB32: =IF(OR($H31="Home Goal",$H31="Away Goal",$H31="Period End"),1,IF(AC31=1,1,"")) -> 1 | AD32: 19011 | AE32: Nelson | AF32: Velodrome | AG32: =((C32*60)+D32) -> 302 | AH32: =((E32*60)+F32) -> 213 | AI32: =ROUND(AG32-AH32,0) -> 89 | AJ32: =COUNTIF(I32:N32,">0") -> 5 | AK32: =COUNTIF(P32:U32,">0") -> 5 | AL32: =IF(O32="",1,0) -> 0 | AM32: =IF(V32="",1,0) -> 0 | AN32: =IF(AND($AL32<>1,$AJ32<$AK32,AM32<>1),1,) -> 0 | AO32: =IF(AND($AL32<>1,$AJ32>$AK32),1,) -> 0 | AP32: =IF(AN32=1,1,0) -> 0 | AQ32: =IF(AO32=1,1,0) -> 0 | AR32: =IF(AND(AJ32=5,AK32=5,AL32=0,AM32=0),"Full Strength",IF(AP32=1,"Away PowerPlay",IF(AO32=1,"Home PowerPlay",IF(AL32=1,"Home EmptyNet",IF(AM32=1,"Away EmptyNet",""))))) -> Full Strength | AS32: =IF(AND(AL32=0,AM32=0),AJ32&"v"&AK32,IF(AL32=1,AJ32&"v"&AK32&" Home EN",IF(AM32=1,AJ32&"v"&AK32&" Away EN",""))) -> 5v5 | AT32: =IF($H31="Home Goal",AT31+1,AT31) -> 1 | AU32: =IF($H31="Away Goal",AU31+1,AU31) -> 1 | AV32: =IF(AND($H32="Home Goal", AO32=0),1,0) -> 0 | AW32: =IF(AX32=1,-1,0) -> 0 | AX32: =IF(AND($H32="Away Goal", AP32=0),1,0) -> 0 | AY32: =IF(AV32=1,-1,0) -> 0 | AZ32: =IFERROR(VLOOKUP(B32,events!AD:BR,37,FALSE),0) -> 0 | BA32: =ROUND(IF(G32="Intermission",BA31,((1080)-((C32*60)+D32))+AZ32),0) -> 778 | BB32: =IF(BA32<5,0,BA32-5) -> 773 | BC32: =BB32+AI32+3 -> 865
A33: =A32+1 -> 32 | B33: =IF(G33="PeriodStart",B32+1,B32) -> 1 | C33: =IF(G33<>"PeriodStart",E32,18) -> 3 | D33: =F32 -> 33 | E33: 3 | F33: 25 | I33: 79 | J33: 7 | K33: 44 | L33: 80 | M33: 8 | O33: =O32 -> 31 | P33: 70 | Q33: 91 | R33: 24 | S33: 93 | T33: 52 | V33: =V32 -> 39 | W33: =SUMIFS(events!AJ:AJ,events!Q:Q,"=DeadIce",events!AK:AK,"<="&shifts!AG33,events!AL:AL,">"&shifts!AH33,events!E:E,"="&shifts!B34)+SUMIFS(events!AJ:AJ,events!Q:Q,"=Timeout",events!AK:AK,"<="&shifts!AG33,events!AL:AL,">"&shifts!AH33,events!E:E,"="&shifts!B34) -> 0 | X33: =IF(OR($H32="Home Goal",$H32="Away Goal",$H32="Period End"),"",IF(Y32=1,1,"")) -> 1 | Z33: =IF(OR($H32="Home Goal",$H32="Away Goal",$H32="Period End"),"",IF(AA32=1,1,"")) | AA33: 1 | AB33: =IF(OR($H32="Home Goal",$H32="Away Goal",$H32="Period End"),1,IF(AC32=1,1,"")) | AD33: 19012 | AE33: Nelson | AF33: Velodrome | AG33: =((C33*60)+D33) -> 213 | AH33: =((E33*60)+F33) -> 205 | AI33: =ROUND(AG33-AH33,0) -> 8 | AJ33: =COUNTIF(I33:N33,">0") -> 5 | AK33: =COUNTIF(P33:U33,">0") -> 5 | AL33: =IF(O33="",1,0) -> 0 | AM33: =IF(V33="",1,0) -> 0 | AN33: =IF(AND($AL33<>1,$AJ33<$AK33,AM33<>1),1,) -> 0 | AO33: =IF(AND($AL33<>1,$AJ33>$AK33),1,) -> 0 | AP33: =IF(AN33=1,1,0) -> 0 | AQ33: =IF(AO33=1,1,0) -> 0 | AR33: =IF(AND(AJ33=5,AK33=5,AL33=0,AM33=0),"Full Strength",IF(AP33=1,"Away PowerPlay",IF(AO33=1,"Home PowerPlay",IF(AL33=1,"Home EmptyNet",IF(AM33=1,"Away EmptyNet",""))))) -> Full Strength | AS33: =IF(AND(AL33=0,AM33=0),AJ33&"v"&AK33,IF(AL33=1,AJ33&"v"&AK33&" Home EN",IF(AM33=1,AJ33&"v"&AK33&" Away EN",""))) -> 5v5 | AT33: =IF($H32="Home Goal",AT32+1,AT32) -> 1 | AU33: =IF($H32="Away Goal",AU32+1,AU32) -> 1 | AV33: =IF(AND($H33="Home Goal", AO33=0),1,0) -> 0 | AW33: =IF(AX33=1,-1,0) -> 0 | AX33: =IF(AND($H33="Away Goal", AP33=0),1,0) -> 0 | AY33: =IF(AV33=1,-1,0) -> 0 | AZ33: =IFERROR(VLOOKUP(B33,events!AD:BR,37,FALSE),0) -> 0 | BA33: =ROUND(IF(G33="Intermission",BA32,((1080)-((C33*60)+D33))+AZ33),0) -> 867 | BB33: =IF(BA33<5,0,BA33-5) -> 862 | BC33: =BB33+AI33+3 -> 873
A34: =A33+1 -> 33 | B34: =IF(G34="PeriodStart",B33+1,B33) -> 1 | C34: =IF(G34<>"PeriodStart",E33,18) -> 3 | D34: =F33 -> 25 | E34: 3 | F34: 12 | I34: 79 | J34: 15 | K34: 44 | L34: 80 | M34: 23 | O34: =O33 -> 31 | P34: 42 | Q34: 91 | R34: 24 | S34: 93 | T34: 52 | V34: =V33 -> 39 | W34: =SUMIFS(events!AJ:AJ,events!Q:Q,"=DeadIce",events!AK:AK,"<="&shifts!AG34,events!AL:AL,">"&shifts!AH34,events!E:E,"="&shifts!B35)+SUMIFS(events!AJ:AJ,events!Q:Q,"=Timeout",events!AK:AK,"<="&shifts!AG34,events!AL:AL,">"&shifts!AH34,events!E:E,"="&shifts!B35) -> 0 | X34: =IF(OR($H33="Home Goal",$H33="Away Goal",$H33="Period End"),"",IF(Y33=1,1,"")) | Y34: 1 | Z34: =IF(OR($H33="Home Goal",$H33="Away Goal",$H33="Period End"),"",IF(AA33=1,1,"")) -> 1 | AB34: =IF(OR($H33="Home Goal",$H33="Away Goal",$H33="Period End"),1,IF(AC33=1,1,"")) | AD34: 19013 | AE34: Nelson | AF34: Velodrome | AG34: =((C34*60)+D34) -> 205 | AH34: =((E34*60)+F34) -> 192 | AI34: =ROUND(AG34-AH34,0) -> 13 | AJ34: =COUNTIF(I34:N34,">0") -> 5 | AK34: =COUNTIF(P34:U34,">0") -> 5 | AL34: =IF(O34="",1,0) -> 0 | AM34: =IF(V34="",1,0) -> 0 | AN34: =IF(AND($AL34<>1,$AJ34<$AK34,AM34<>1),1,) -> 0 | AO34: =IF(AND($AL34<>1,$AJ34>$AK34),1,) -> 0 | AP34: =IF(AN34=1,1,0) -> 0 | AQ34: =IF(AO34=1,1,0) -> 0 | AR34: =IF(AND(AJ34=5,AK34=5,AL34=0,AM34=0),"Full Strength",IF(AP34=1,"Away PowerPlay",IF(AO34=1,"Home PowerPlay",IF(AL34=1,"Home EmptyNet",IF(AM34=1,"Away EmptyNet",""))))) -> Full Strength | AS34: =IF(AND(AL34=0,AM34=0),AJ34&"v"&AK34,IF(AL34=1,AJ34&"v"&AK34&" Home EN",IF(AM34=1,AJ34&"v"&AK34&" Away EN",""))) -> 5v5 | AT34: =IF($H33="Home Goal",AT33+1,AT33) -> 1 | AU34: =IF($H33="Away Goal",AU33+1,AU33) -> 1 | AV34: =IF(AND($H34="Home Goal", AO34=0),1,0) -> 0 | AW34: =IF(AX34=1,-1,0) -> 0 | AX34: =IF(AND($H34="Away Goal", AP34=0),1,0) -> 0 | AY34: =IF(AV34=1,-1,0) -> 0 | AZ34: =IFERROR(VLOOKUP(B34,events!AD:BR,37,FALSE),0) -> 0 | BA34: =ROUND(IF(G34="Intermission",BA33,((1080)-((C34*60)+D34))+AZ34),0) -> 875 | BB34: =IF(BA34<5,0,BA34-5) -> 870 | BC34: =BB34+AI34+3 -> 886
A35: =A34+1 -> 34 | B35: =IF(G35="PeriodStart",B34+1,B34) -> 1 | C35: =IF(G35<>"PeriodStart",E34,18) -> 3 | D35: =F34 -> 12 | E35: 2 | F35: 59 | I35: 10 | J35: 15 | K35: 44 | L35: 80 | M35: 23 | O35: =O34 -> 31 | P35: 42 | Q35: 91 | R35: 24 | S35: 93 | T35: 52 | V35: =V34 -> 39 | W35: =SUMIFS(events!AJ:AJ,events!Q:Q,"=DeadIce",events!AK:AK,"<="&shifts!AG35,events!AL:AL,">"&shifts!AH35,events!E:E,"="&shifts!B36)+SUMIFS(events!AJ:AJ,events!Q:Q,"=Timeout",events!AK:AK,"<="&shifts!AG35,events!AL:AL,">"&shifts!AH35,events!E:E,"="&shifts!B36) -> 0 | X35: =IF(OR($H34="Home Goal",$H34="Away Goal",$H34="Period End"),"",IF(Y34=1,1,"")) -> 1 | Y35: 1 | Z35: =IF(OR($H34="Home Goal",$H34="Away Goal",$H34="Period End"),"",IF(AA34=1,1,"")) | AB35: =IF(OR($H34="Home Goal",$H34="Away Goal",$H34="Period End"),1,IF(AC34=1,1,"")) | AD35: 19014 | AE35: Nelson | AF35: Velodrome | AG35: =((C35*60)+D35) -> 192 | AH35: =((E35*60)+F35) -> 179 | AI35: =ROUND(AG35-AH35,0) -> 13 | AJ35: =COUNTIF(I35:N35,">0") -> 5 | AK35: =COUNTIF(P35:U35,">0") -> 5 | AL35: =IF(O35="",1,0) -> 0 | AM35: =IF(V35="",1,0) -> 0 | AN35: =IF(AND($AL35<>1,$AJ35<$AK35,AM35<>1),1,) -> 0 | AO35: =IF(AND($AL35<>1,$AJ35>$AK35),1,) -> 0 | AP35: =IF(AN35=1,1,0) -> 0 | AQ35: =IF(AO35=1,1,0) -> 0 | AR35: =IF(AND(AJ35=5,AK35=5,AL35=0,AM35=0),"Full Strength",IF(AP35=1,"Away PowerPlay",IF(AO35=1,"Home PowerPlay",IF(AL35=1,"Home EmptyNet",IF(AM35=1,"Away EmptyNet",""))))) -> Full Strength | AS35: =IF(AND(AL35=0,AM35=0),AJ35&"v"&AK35,IF(AL35=1,AJ35&"v"&AK35&" Home EN",IF(AM35=1,AJ35&"v"&AK35&" Away EN",""))) -> 5v5 | AT35: =IF($H34="Home Goal",AT34+1,AT34) -> 1 | AU35: =IF($H34="Away Goal",AU34+1,AU34) -> 1 | AV35: =IF(AND($H35="Home Goal", AO35=0),1,0) -> 0 | AW35: =IF(AX35=1,-1,0) -> 0 | AX35: =IF(AND($H35="Away Goal", AP35=0),1,0) -> 0 | AY35: =IF(AV35=1,-1,0) -> 0 | AZ35: =IFERROR(VLOOKUP(B35,events!AD:BR,37,FALSE),0) -> 0 | BA35: =ROUND(IF(G35="Intermission",BA34,((1080)-((C35*60)+D35))+AZ35),0) -> 888 | BB35: =IF(BA35<5,0,BA35-5) -> 883 | BC35: =BB35+AI35+3 -> 899
A36: =A35+1 -> 35 | B36: =IF(G36="PeriodStart",B35+1,B35) -> 1 | C36: =IF(G36<>"PeriodStart",E35,18) -> 2 | D36: =F35 -> 59 | E36: 2 | F36: 48 | I36: 10 | J36: 15 | K36: 44 | L36: 80 | M36: 23 | O36: =O35 -> 31 | P36: 42 | Q36: 91 | R36: 24 | S36: 93 | T36: 9 | V36: =V35 -> 39 | W36: =SUMIFS(events!AJ:AJ,events!Q:Q,"=DeadIce",events!AK:AK,"<="&shifts!AG36,events!AL:AL,">"&shifts!AH36,events!E:E,"="&shifts!B37)+SUMIFS(events!AJ:AJ,events!Q:Q,"=Timeout",events!AK:AK,"<="&shifts!AG36,events!AL:AL,">"&shifts!AH36,events!E:E,"="&shifts!B37) -> 0 | X36: =IF(OR($H35="Home Goal",$H35="Away Goal",$H35="Period End"),"",IF(Y35=1,1,"")) -> 1 | Z36: =IF(OR($H35="Home Goal",$H35="Away Goal",$H35="Period End"),"",IF(AA35=1,1,"")) | AB36: =IF(OR($H35="Home Goal",$H35="Away Goal",$H35="Period End"),1,IF(AC35=1,1,"")) | AC36: 1 | AD36: 19015 | AE36: Nelson | AF36: Velodrome | AG36: =((C36*60)+D36) -> 179 | AH36: =((E36*60)+F36) -> 168 | AI36: =ROUND(AG36-AH36,0) -> 11 | AJ36: =COUNTIF(I36:N36,">0") -> 5 | AK36: =COUNTIF(P36:U36,">0") -> 5 | AL36: =IF(O36="",1,0) -> 0 | AM36: =IF(V36="",1,0) -> 0 | AN36: =IF(AND($AL36<>1,$AJ36<$AK36,AM36<>1),1,) -> 0 | AO36: =IF(AND($AL36<>1,$AJ36>$AK36),1,) -> 0 | AP36: =IF(AN36=1,1,0) -> 0 | AQ36: =IF(AO36=1,1,0) -> 0 | AR36: =IF(AND(AJ36=5,AK36=5,AL36=0,AM36=0),"Full Strength",IF(AP36=1,"Away PowerPlay",IF(AO36=1,"Home PowerPlay",IF(AL36=1,"Home EmptyNet",IF(AM36=1,"Away EmptyNet",""))))) -> Full Strength | AS36: =IF(AND(AL36=0,AM36=0),AJ36&"v"&AK36,IF(AL36=1,AJ36&"v"&AK36&" Home EN",IF(AM36=1,AJ36&"v"&AK36&" Away EN",""))) -> 5v5 | AT36: =IF($H35="Home Goal",AT35+1,AT35) -> 1 | AU36: =IF($H35="Away Goal",AU35+1,AU35) -> 1 | AV36: =IF(AND($H36="Home Goal", AO36=0),1,0) -> 0 | AW36: =IF(AX36=1,-1,0) -> 0 | AX36: =IF(AND($H36="Away Goal", AP36=0),1,0) -> 0 | AY36: =IF(AV36=1,-1,0) -> 0 | AZ36: =IFERROR(VLOOKUP(B36,events!AD:BR,37,FALSE),0) -> 0 | BA36: =ROUND(IF(G36="Intermission",BA35,((1080)-((C36*60)+D36))+AZ36),0) -> 901 | BB36: =IF(BA36<5,0,BA36-5) -> 896 | BC36: =BB36+AI36+3 -> 910
A37: =A36+1 -> 36 | B37: =IF(G37="PeriodStart",B36+1,B36) -> 1 | C37: =IF(G37<>"PeriodStart",E36,18) -> 2 | D37: =F36 -> 48 | E37: 2 | F37: 24 | H37: Away Icing | I37: 10 | J37: 15 | K37: 44 | L37: 37 | M37: 23 | O37: =O36 -> 31 | P37: 42 | Q37: 91 | R37: 24 | S37: 93 | T37: 9 | V37: =V36 -> 39 | W37: =SUMIFS(events!AJ:AJ,events!Q:Q,"=DeadIce",events!AK:AK,"<="&shifts!AG37,events!AL:AL,">"&shifts!AH37,events!E:E,"="&shifts!B38)+SUMIFS(events!AJ:AJ,events!Q:Q,"=Timeout",events!AK:AK,"<="&shifts!AG37,events!AL:AL,">"&shifts!AH37,events!E:E,"="&shifts!B38) -> 0 | X37: =IF(OR($H36="Home Goal",$H36="Away Goal",$H36="Period End"),"",IF(Y36=1,1,"")) | Z37: =IF(OR($H36="Home Goal",$H36="Away Goal",$H36="Period End"),"",IF(AA36=1,1,"")) | AA37: 1 | AB37: =IF(OR($H36="Home Goal",$H36="Away Goal",$H36="Period End"),1,IF(AC36=1,1,"")) -> 1 | AD37: 19016 | AE37: Nelson | AF37: Velodrome | AG37: =((C37*60)+D37) -> 168 | AH37: =((E37*60)+F37) -> 144 | AI37: =ROUND(AG37-AH37,0) -> 24 | AJ37: =COUNTIF(I37:N37,">0") -> 5 | AK37: =COUNTIF(P37:U37,">0") -> 5 | AL37: =IF(O37="",1,0) -> 0 | AM37: =IF(V37="",1,0) -> 0 | AN37: =IF(AND($AL37<>1,$AJ37<$AK37,AM37<>1),1,) -> 0 | AO37: =IF(AND($AL37<>1,$AJ37>$AK37),1,) -> 0 | AP37: =IF(AN37=1,1,0) -> 0 | AQ37: =IF(AO37=1,1,0) -> 0 | AR37: =IF(AND(AJ37=5,AK37=5,AL37=0,AM37=0),"Full Strength",IF(AP37=1,"Away PowerPlay",IF(AO37=1,"Home PowerPlay",IF(AL37=1,"Home EmptyNet",IF(AM37=1,"Away EmptyNet",""))))) -> Full Strength | AS37: =IF(AND(AL37=0,AM37=0),AJ37&"v"&AK37,IF(AL37=1,AJ37&"v"&AK37&" Home EN",IF(AM37=1,AJ37&"v"&AK37&" Away EN",""))) -> 5v5 | AT37: =IF($H36="Home Goal",AT36+1,AT36) -> 1 | AU37: =IF($H36="Away Goal",AU36+1,AU36) -> 1 | AV37: =IF(AND($H37="Home Goal", AO37=0),1,0) -> 0 | AW37: =IF(AX37=1,-1,0) -> 0 | AX37: =IF(AND($H37="Away Goal", AP37=0),1,0) -> 0 | AY37: =IF(AV37=1,-1,0) -> 0 | AZ37: =IFERROR(VLOOKUP(B37,events!AD:BR,37,FALSE),0) -> 0 | BA37: =ROUND(IF(G37="Intermission",BA36,((1080)-((C37*60)+D37))+AZ37),0) -> 912 | BB37: =IF(BA37<5,0,BA37-5) -> 907 | BC37: =BB37+AI37+3 -> 934
A38: =A37+1 -> 37 | B38: =IF(G38="PeriodStart",B37+1,B37) -> 1 | C38: =IF(G38<>"PeriodStart",E37,18) -> 2 | D38: =F37 -> 24 | E38: 1 | F38: 47 | G38: OtherFaceoff | H38: Home Goalie Stopped (after Away SOG) | I38: 10 | J38: 3 | K38: 16 | L38: 37 | M38: 23 | O38: =O37 -> 31 | P38: 42 | Q38: 91 | R38: 24 | S38: 93 | T38: 9 | V38: =V37 -> 39 | W38: =SUMIFS(events!AJ:AJ,events!Q:Q,"=DeadIce",events!AK:AK,"<="&shifts!AG38,events!AL:AL,">"&shifts!AH38,events!E:E,"="&shifts!B39)+SUMIFS(events!AJ:AJ,events!Q:Q,"=Timeout",events!AK:AK,"<="&shifts!AG38,events!AL:AL,">"&shifts!AH38,events!E:E,"="&shifts!B39) -> 0 | X38: =IF(OR($H37="Home Goal",$H37="Away Goal",$H37="Period End"),"",IF(Y37=1,1,"")) | Y38: 1 | Z38: =IF(OR($H37="Home Goal",$H37="Away Goal",$H37="Period End"),"",IF(AA37=1,1,"")) -> 1 | AB38: =IF(OR($H37="Home Goal",$H37="Away Goal",$H37="Period End"),1,IF(AC37=1,1,"")) | AD38: 19017 | AE38: Nelson | AF38: Velodrome | AG38: =((C38*60)+D38) -> 144 | AH38: =((E38*60)+F38) -> 107 | AI38: =ROUND(AG38-AH38,0) -> 37 | AJ38: =COUNTIF(I38:N38,">0") -> 5 | AK38: =COUNTIF(P38:U38,">0") -> 5 | AL38: =IF(O38="",1,0) -> 0 | AM38: =IF(V38="",1,0) -> 0 | AN38: =IF(AND($AL38<>1,$AJ38<$AK38,AM38<>1),1,) -> 0 | AO38: =IF(AND($AL38<>1,$AJ38>$AK38),1,) -> 0 | AP38: =IF(AN38=1,1,0) -> 0 | AQ38: =IF(AO38=1,1,0) -> 0 | AR38: =IF(AND(AJ38=5,AK38=5,AL38=0,AM38=0),"Full Strength",IF(AP38=1,"Away PowerPlay",IF(AO38=1,"Home PowerPlay",IF(AL38=1,"Home EmptyNet",IF(AM38=1,"Away EmptyNet",""))))) -> Full Strength | AS38: =IF(AND(AL38=0,AM38=0),AJ38&"v"&AK38,IF(AL38=1,AJ38&"v"&AK38&" Home EN",IF(AM38=1,AJ38&"v"&AK38&" Away EN",""))) -> 5v5 | AT38: =IF($H37="Home Goal",AT37+1,AT37) -> 1 | AU38: =IF($H37="Away Goal",AU37+1,AU37) -> 1 | AV38: =IF(AND($H38="Home Goal", AO38=0),1,0) -> 0 | AW38: =IF(AX38=1,-1,0) -> 0 | AX38: =IF(AND($H38="Away Goal", AP38=0),1,0) -> 0 | AY38: =IF(AV38=1,-1,0) -> 0 | AZ38: =IFERROR(VLOOKUP(B38,events!AD:BR,37,FALSE),0) -> 0 | BA38: =ROUND(IF(G38="Intermission",BA37,((1080)-((C38*60)+D38))+AZ38),0) -> 936 | BB38: =IF(BA38<5,0,BA38-5) -> 931 | BC38: =BB38+AI38+3 -> 971
A39: =A38+1 -> 38 | B39: =IF(G39="PeriodStart",B38+1,B38) -> 1 | C39: =IF(G39<>"PeriodStart",E38,18) -> 1 | D39: =F38 -> 47 | E39: 0 | F39: 58 | G39: OtherFaceoff | H39: Away Penalty | I39: 10 | J39: 3 | K39: 16 | L39: 37 | M39: 23 | O39: =O38 -> 31 | P39: 42 | Q39: 91 | R39: 24 | S39: 84 | T39: 9 | V39: =V38 -> 39 | W39: =SUMIFS(events!AJ:AJ,events!Q:Q,"=DeadIce",events!AK:AK,"<="&shifts!AG39,events!AL:AL,">"&shifts!AH39,events!E:E,"="&shifts!B40)+SUMIFS(events!AJ:AJ,events!Q:Q,"=Timeout",events!AK:AK,"<="&shifts!AG39,events!AL:AL,">"&shifts!AH39,events!E:E,"="&shifts!B40) -> 0 | X39: =IF(OR($H38="Home Goal",$H38="Away Goal",$H38="Period End"),"",IF(Y38=1,1,"")) -> 1 | Z39: =IF(OR($H38="Home Goal",$H38="Away Goal",$H38="Period End"),"",IF(AA38=1,1,"")) | AA39: 1 | AB39: =IF(OR($H38="Home Goal",$H38="Away Goal",$H38="Period End"),1,IF(AC38=1,1,"")) | AD39: 19018 | AE39: Nelson | AF39: Velodrome | AG39: =((C39*60)+D39) -> 107 | AH39: =((E39*60)+F39) -> 58 | AI39: =ROUND(AG39-AH39,0) -> 49 | AJ39: =COUNTIF(I39:N39,">0") -> 5 | AK39: =COUNTIF(P39:U39,">0") -> 5 | AL39: =IF(O39="",1,0) -> 0 | AM39: =IF(V39="",1,0) -> 0 | AN39: =IF(AND($AL39<>1,$AJ39<$AK39,AM39<>1),1,) -> 0 | AO39: =IF(AND($AL39<>1,$AJ39>$AK39),1,) -> 0 | AP39: =IF(AN39=1,1,0) -> 0 | AQ39: =IF(AO39=1,1,0) -> 0 | AR39: =IF(AND(AJ39=5,AK39=5,AL39=0,AM39=0),"Full Strength",IF(AP39=1,"Away PowerPlay",IF(AO39=1,"Home PowerPlay",IF(AL39=1,"Home EmptyNet",IF(AM39=1,"Away EmptyNet",""))))) -> Full Strength | AS39: =IF(AND(AL39=0,AM39=0),AJ39&"v"&AK39,IF(AL39=1,AJ39&"v"&AK39&" Home EN",IF(AM39=1,AJ39&"v"&AK39&" Away EN",""))) -> 5v5 | AT39: =IF($H38="Home Goal",AT38+1,AT38) -> 1 | AU39: =IF($H38="Away Goal",AU38+1,AU38) -> 1 | AV39: =IF(AND($H39="Home Goal", AO39=0),1,0) -> 0 | AW39: =IF(AX39=1,-1,0) -> 0 | AX39: =IF(AND($H39="Away Goal", AP39=0),1,0) -> 0 | AY39: =IF(AV39=1,-1,0) -> 0 | AZ39: =IFERROR(VLOOKUP(B39,events!AD:BR,37,FALSE),0) -> 0 | BA39: =ROUND(IF(G39="Intermission",BA38,((1080)-((C39*60)+D39))+AZ39),0) -> 973 | BB39: =IF(BA39<5,0,BA39-5) -> 968 | BC39: =BB39+AI39+3 -> 1020
A40: =A39+1 -> 39 | B40: =IF(G40="PeriodStart",B39+1,B39) -> 1 | C40: =IF(G40<>"PeriodStart",E39,18) -> 0 | D40: =F39 -> 58 | E40: 0 | F40: 0.01 | G40: FaceoffAfterPenalty | H40: Period End | I40: 10 | J40: 3 | K40: 16 | L40: 80 | M40: 8 | O40: =O39 -> 31 | P40: 14 | Q40: 61 | S40: 84 | T40: 52 | V40: =V39 -> 39 | W40: =SUMIFS(events!AJ:AJ,events!Q:Q,"=DeadIce",events!AK:AK,"<="&shifts!AG40,events!AL:AL,">"&shifts!AH40,events!E:E,"="&shifts!B41)+SUMIFS(events!AJ:AJ,events!Q:Q,"=Timeout",events!AK:AK,"<="&shifts!AG40,events!AL:AL,">"&shifts!AH40,events!E:E,"="&shifts!B41) -> 0 | X40: =IF(OR($H39="Home Goal",$H39="Away Goal",$H39="Period End"),"",IF(Y39=1,1,"")) | Z40: =IF(OR($H39="Home Goal",$H39="Away Goal",$H39="Period End"),"",IF(AA39=1,1,"")) -> 1 | AB40: =IF(OR($H39="Home Goal",$H39="Away Goal",$H39="Period End"),1,IF(AC39=1,1,"")) | AD40: 19019 | AE40: Nelson | AF40: Velodrome | AG40: =((C40*60)+D40) -> 58 | AH40: =((E40*60)+F40) -> 0.01 | AI40: =ROUND(AG40-AH40,0) -> 58 | AJ40: =COUNTIF(I40:N40,">0") -> 5 | AK40: =COUNTIF(P40:U40,">0") -> 4 | AL40: =IF(O40="",1,0) -> 0 | AM40: =IF(V40="",1,0) -> 0 | AN40: =IF(AND($AL40<>1,$AJ40<$AK40,AM40<>1),1,) -> 0 | AO40: =IF(AND($AL40<>1,$AJ40>$AK40),1,) -> 1 | AP40: =IF(AN40=1,1,0) -> 0 | AQ40: =IF(AO40=1,1,0) -> 1 | AR40: =IF(AND(AJ40=5,AK40=5,AL40=0,AM40=0),"Full Strength",IF(AP40=1,"Away PowerPlay",IF(AO40=1,"Home PowerPlay",IF(AL40=1,"Home EmptyNet",IF(AM40=1,"Away EmptyNet",""))))) -> Home PowerPlay | AS40: =IF(AND(AL40=0,AM40=0),AJ40&"v"&AK40,IF(AL40=1,AJ40&"v"&AK40&" Home EN",IF(AM40=1,AJ40&"v"&AK40&" Away EN",""))) -> 5v4 | AT40: =IF($H39="Home Goal",AT39+1,AT39) -> 1 | AU40: =IF($H39="Away Goal",AU39+1,AU39) -> 1 | AV40: =IF(AND($H40="Home Goal", AO40=0),1,0) -> 0 | AW40: =IF(AX40=1,-1,0) -> 0 | AX40: =IF(AND($H40="Away Goal", AP40=0),1,0) -> 0 | AY40: =IF(AV40=1,-1,0) -> 0 | AZ40: =IFERROR(VLOOKUP(B40,events!AD:BR,37,FALSE),0) -> 0 | BA40: =ROUND(IF(G40="Intermission",BA39,((1080)-((C40*60)+D40))+AZ40),0) -> 1022 | BB40: =IF(BA40<5,0,BA40-5) -> 1017 | BC40: =BB40+AI40+3 -> 1078
A41: =A40+1 -> 40 | B41: =IF(G41="PeriodStart",B40+1,B40) -> 1 | C41: =IF(G41<>"PeriodStart",E40,18) -> 0 | D41: =F40 -> 0.01 | G41: Intermission | W41: =SUMIFS(events!AJ:AJ,events!Q:Q,"=DeadIce",events!AK:AK,"<="&shifts!AG41,events!AL:AL,">"&shifts!AH41,events!E:E,"="&shifts!B42)+SUMIFS(events!AJ:AJ,events!Q:Q,"=Timeout",events!AK:AK,"<="&shifts!AG41,events!AL:AL,">"&shifts!AH41,events!E:E,"="&shifts!B42) -> 0 | X41: =IF(OR($H40="Home Goal",$H40="Away Goal",$H40="Period End"),"",IF(Y40=1,1,"")) | Z41: =IF(OR($H40="Home Goal",$H40="Away Goal",$H40="Period End"),"",IF(AA40=1,1,"")) | AB41: =IF(OR($H40="Home Goal",$H40="Away Goal",$H40="Period End"),1,IF(AC40=1,1,"")) -> 1 | AD41: 19020 | AE41: Nelson | AF41: Velodrome | AG41: =((C41*60)+D41) -> 0.01 | AH41: =((E41*60)+F41) -> 0 | AI41: =ROUND(AG41-AH41,0) -> 0 | AJ41: =COUNTIF(I41:N41,">0") -> 0 | AK41: =COUNTIF(P41:U41,">0") -> 0 | AL41: =IF(O41="",1,0) -> 1 | AM41: =IF(V41="",1,0) -> 1 | AN41: =IF(AND($AL41<>1,$AJ41<$AK41,AM41<>1),1,) -> 0 | AO41: =IF(AND($AL41<>1,$AJ41>$AK41),1,) -> 0 | AP41: =IF(AN41=1,1,0) -> 0 | AQ41: =IF(AO41=1,1,0) -> 0 | AR41: =IF(AND(AJ41=5,AK41=5,AL41=0,AM41=0),"Full Strength",IF(AP41=1,"Away PowerPlay",IF(AO41=1,"Home PowerPlay",IF(AL41=1,"Home EmptyNet",IF(AM41=1,"Away EmptyNet",""))))) -> Home EmptyNet | AS41: =IF(AND(AL41=0,AM41=0),AJ41&"v"&AK41,IF(AL41=1,AJ41&"v"&AK41&" Home EN",IF(AM41=1,AJ41&"v"&AK41&" Away EN",""))) -> 0v0 Home EN | AT41: =IF($H40="Home Goal",AT40+1,AT40) -> 1 | AU41: =IF($H40="Away Goal",AU40+1,AU40) -> 1 | AV41: =IF(AND($H41="Home Goal", AO41=0),1,0) -> 0 | AW41: =IF(AX41=1,-1,0) -> 0 | AX41: =IF(AND($H41="Away Goal", AP41=0),1,0) -> 0 | AY41: =IF(AV41=1,-1,0) -> 0 | AZ41: =IFERROR(VLOOKUP(B41,events!AD:BR,37,FALSE),0) -> 0 | BA41: =ROUND(IF(G41="Intermission",BA40,((1080)-((C41*60)+D41))+AZ41),0) -> 1022 | BB41: =IF(BA41<5,0,BA41-5) -> 1017 | BC41: =BB41+AI41+3 -> 1020
A42: =A41+1 -> 41 | B42: =IF(G42="PeriodStart",B41+1,B41) -> 2 | C42: =IF(G42<>"PeriodStart",E41,18) -> 18 | D42: =F41 -> 0 | E42: 17 | F42: 25 | G42: PeriodStart | H42: Home Goal | I42: 10 | J42: 3 | K42: 16 | L42: 80 | M42: 8 | O42: 31 | P42: 14 | Q42: 61 | S42: 84 | T42: 52 | V42: 39 | W42: =SUMIFS(events!AJ:AJ,events!Q:Q,"=DeadIce",events!AK:AK,"<="&shifts!AG42,events!AL:AL,">"&shifts!AH42,events!E:E,"="&shifts!B43)+SUMIFS(events!AJ:AJ,events!Q:Q,"=Timeout",events!AK:AK,"<="&shifts!AG42,events!AL:AL,">"&shifts!AH42,events!E:E,"="&shifts!B43) -> 0 | X42: =IF(OR($H41="Home Goal",$H41="Away Goal",$H41="Period End"),"",IF(Y41=1,1,"")) | Z42: =IF(OR($H41="Home Goal",$H41="Away Goal",$H41="Period End"),"",IF(AA41=1,1,"")) | AA42: 1 | AB42: =IF(OR($H41="Home Goal",$H41="Away Goal",$H41="Period End"),1,IF(AC41=1,1,"")) | AD42: 19021 | AE42: Nelson | AF42: Velodrome | AG42: =((C42*60)+D42) -> 1080 | AH42: =((E42*60)+F42) -> 1045 | AI42: =ROUND(AG42-AH42,0) -> 35 | AJ42: =COUNTIF(I42:N42,">0") -> 5 | AK42: =COUNTIF(P42:U42,">0") -> 4 | AL42: =IF(O42="",1,0) -> 0 | AM42: =IF(V42="",1,0) -> 0 | AN42: =IF(AND($AL42<>1,$AJ42<$AK42,AM42<>1),1,) -> 0 | AO42: =IF(AND($AL42<>1,$AJ42>$AK42),1,) -> 1 | AP42: =IF(AN42=1,1,0) -> 0 | AQ42: =IF(AO42=1,1,0) -> 1 | AR42: =IF(AND(AJ42=5,AK42=5,AL42=0,AM42=0),"Full Strength",IF(AP42=1,"Away PowerPlay",IF(AO42=1,"Home PowerPlay",IF(AL42=1,"Home EmptyNet",IF(AM42=1,"Away EmptyNet",""))))) -> Home PowerPlay | AS42: =IF(AND(AL42=0,AM42=0),AJ42&"v"&AK42,IF(AL42=1,AJ42&"v"&AK42&" Home EN",IF(AM42=1,AJ42&"v"&AK42&" Away EN",""))) -> 5v4 | AT42: =IF($H41="Home Goal",AT41+1,AT41) -> 1 | AU42: =IF($H41="Away Goal",AU41+1,AU41) -> 1 | AV42: =IF(AND($H42="Home Goal", AO42=0),1,0) -> 0 | AW42: =IF(AX42=1,-1,0) -> 0 | AX42: =IF(AND($H42="Away Goal", AP42=0),1,0) -> 0 | AY42: =IF(AV42=1,-1,0) -> 0 | AZ42: =IFERROR(VLOOKUP(B42,events!AD:BR,37,FALSE),0) -> 1152 | BA42: =ROUND(IF(G42="Intermission",BA41,((1080)-((C42*60)+D42))+AZ42),0) -> 1152 | BB42: =IF(BA42<5,0,BA42-5) -> 1147 | BC42: =BB42+AI42+3 -> 1185
A43: =A42+1 -> 42 | B43: =IF(G43="PeriodStart",B42+1,B42) -> 2 | C43: =IF(G43<>"PeriodStart",E42,18) -> 17 | D43: =F42 -> 25 | E43: 16 | F43: 22 | G43: FaceoffAfterGoal | H43: Home Icing | I43: 79 | J43: 15 | K43: 44 | L43: 37 | M43: 23 | O43: =O42 -> 31 | P43: 70 | Q43: 87 | R43: 75 | S43: 22 | T43: 93 | V43: =V42 -> 39 | W43: =SUMIFS(events!AJ:AJ,events!Q:Q,"=DeadIce",events!AK:AK,"<="&shifts!AG43,events!AL:AL,">"&shifts!AH43,events!E:E,"="&shifts!B44)+SUMIFS(events!AJ:AJ,events!Q:Q,"=Timeout",events!AK:AK,"<="&shifts!AG43,events!AL:AL,">"&shifts!AH43,events!E:E,"="&shifts!B44) -> 0 | X43: =IF(OR($H42="Home Goal",$H42="Away Goal",$H42="Period End"),"",IF(Y42=1,1,"")) | Y43: 1 | Z43: =IF(OR($H42="Home Goal",$H42="Away Goal",$H42="Period End"),"",IF(AA42=1,1,"")) | AB43: =IF(OR($H42="Home Goal",$H42="Away Goal",$H42="Period End"),1,IF(AC42=1,1,"")) -> 1 | AD43: 19022 | AE43: Nelson | AF43: Velodrome | AG43: =((C43*60)+D43) -> 1045 | AH43: =((E43*60)+F43) -> 982 | AI43: =ROUND(AG43-AH43,0) -> 63 | AJ43: =COUNTIF(I43:N43,">0") -> 5 | AK43: =COUNTIF(P43:U43,">0") -> 5 | AL43: =IF(O43="",1,0) -> 0 | AM43: =IF(V43="",1,0) -> 0 | AN43: =IF(AND($AL43<>1,$AJ43<$AK43,AM43<>1),1,) -> 0 | AO43: =IF(AND($AL43<>1,$AJ43>$AK43),1,) -> 0 | AP43: =IF(AN43=1,1,0) -> 0 | AQ43: =IF(AO43=1,1,0) -> 0 | AR43: =IF(AND(AJ43=5,AK43=5,AL43=0,AM43=0),"Full Strength",IF(AP43=1,"Away PowerPlay",IF(AO43=1,"Home PowerPlay",IF(AL43=1,"Home EmptyNet",IF(AM43=1,"Away EmptyNet",""))))) -> Full Strength | AS43: =IF(AND(AL43=0,AM43=0),AJ43&"v"&AK43,IF(AL43=1,AJ43&"v"&AK43&" Home EN",IF(AM43=1,AJ43&"v"&AK43&" Away EN",""))) -> 5v5 | AT43: =IF($H42="Home Goal",AT42+1,AT42) -> 2 | AU43: =IF($H42="Away Goal",AU42+1,AU42) -> 1 | AV43: =IF(AND($H43="Home Goal", AO43=0),1,0) -> 0 | AW43: =IF(AX43=1,-1,0) -> 0 | AX43: =IF(AND($H43="Away Goal", AP43=0),1,0) -> 0 | AY43: =IF(AV43=1,-1,0) -> 0 | AZ43: =IFERROR(VLOOKUP(B43,events!AD:BR,37,FALSE),0) -> 1152 | BA43: =ROUND(IF(G43="Intermission",BA42,((1080)-((C43*60)+D43))+AZ43),0) -> 1187 | BB43: =IF(BA43<5,0,BA43-5) -> 1182 | BC43: =BB43+AI43+3 -> 1248
A44: =A43+1 -> 43 | B44: =IF(G44="PeriodStart",B43+1,B43) -> 2 | C44: =IF(G44<>"PeriodStart",E43,18) -> 16 | D44: =F43 -> 22 | E44: 15 | F44: 34 | G44: OtherFaceoff | H44: Away Penalty | I44: 79 | J44: 15 | K44: 44 | L44: 37 | M44: 23 | O44: =O43 -> 31 | P44: 70 | Q44: 87 | R44: 75 | S44: 22 | T44: 93 | V44: =V43 -> 39 | W44: =SUMIFS(events!AJ:AJ,events!Q:Q,"=DeadIce",events!AK:AK,"<="&shifts!AG44,events!AL:AL,">"&shifts!AH44,events!E:E,"="&shifts!B45)+SUMIFS(events!AJ:AJ,events!Q:Q,"=Timeout",events!AK:AK,"<="&shifts!AG44,events!AL:AL,">"&shifts!AH44,events!E:E,"="&shifts!B45) -> 0 | X44: =IF(OR($H43="Home Goal",$H43="Away Goal",$H43="Period End"),"",IF(Y43=1,1,"")) -> 1 | Z44: =IF(OR($H43="Home Goal",$H43="Away Goal",$H43="Period End"),"",IF(AA43=1,1,"")) | AA44: 1 | AB44: =IF(OR($H43="Home Goal",$H43="Away Goal",$H43="Period End"),1,IF(AC43=1,1,"")) | AD44: 19023 | AE44: Nelson | AF44: Velodrome | AG44: =((C44*60)+D44) -> 982 | AH44: =((E44*60)+F44) -> 934 | AI44: =ROUND(AG44-AH44,0) -> 48 | AJ44: =COUNTIF(I44:N44,">0") -> 5 | AK44: =COUNTIF(P44:U44,">0") -> 5 | AL44: =IF(O44="",1,0) -> 0 | AM44: =IF(V44="",1,0) -> 0 | AN44: =IF(AND($AL44<>1,$AJ44<$AK44,AM44<>1),1,) -> 0 | AO44: =IF(AND($AL44<>1,$AJ44>$AK44),1,) -> 0 | AP44: =IF(AN44=1,1,0) -> 0 | AQ44: =IF(AO44=1,1,0) -> 0 | AR44: =IF(AND(AJ44=5,AK44=5,AL44=0,AM44=0),"Full Strength",IF(AP44=1,"Away PowerPlay",IF(AO44=1,"Home PowerPlay",IF(AL44=1,"Home EmptyNet",IF(AM44=1,"Away EmptyNet",""))))) -> Full Strength | AS44: =IF(AND(AL44=0,AM44=0),AJ44&"v"&AK44,IF(AL44=1,AJ44&"v"&AK44&" Home EN",IF(AM44=1,AJ44&"v"&AK44&" Away EN",""))) -> 5v5 | AT44: =IF($H43="Home Goal",AT43+1,AT43) -> 2 | AU44: =IF($H43="Away Goal",AU43+1,AU43) -> 1 | AV44: =IF(AND($H44="Home Goal", AO44=0),1,0) -> 0 | AW44: =IF(AX44=1,-1,0) -> 0 | AX44: =IF(AND($H44="Away Goal", AP44=0),1,0) -> 0 | AY44: =IF(AV44=1,-1,0) -> 0 | AZ44: =IFERROR(VLOOKUP(B44,events!AD:BR,37,FALSE),0) -> 1152 | BA44: =ROUND(IF(G44="Intermission",BA43,((1080)-((C44*60)+D44))+AZ44),0) -> 1250 | BB44: =IF(BA44<5,0,BA44-5) -> 1245 | BC44: =BB44+AI44+3 -> 1296
A45: =A44+1 -> 44 | B45: =IF(G45="PeriodStart",B44+1,B44) -> 2 | C45: =IF(G45<>"PeriodStart",E44,18) -> 15 | D45: =F44 -> 34 | E45: 14 | F45: 25 | G45: FaceoffAfterPenalty | I45: 79 | J45: 15 | K45: 44 | L45: 37 | M45: 23 | O45: =O44 -> 31 | P45: 70 | Q45: 49 | S45: 22 | T45: 93 | V45: =V44 -> 39 | W45: =SUMIFS(events!AJ:AJ,events!Q:Q,"=DeadIce",events!AK:AK,"<="&shifts!AG45,events!AL:AL,">"&shifts!AH45,events!E:E,"="&shifts!B46)+SUMIFS(events!AJ:AJ,events!Q:Q,"=Timeout",events!AK:AK,"<="&shifts!AG45,events!AL:AL,">"&shifts!AH45,events!E:E,"="&shifts!B46) -> 0 | X45: =IF(OR($H44="Home Goal",$H44="Away Goal",$H44="Period End"),"",IF(Y44=1,1,"")) | Y45: 1 | Z45: =IF(OR($H44="Home Goal",$H44="Away Goal",$H44="Period End"),"",IF(AA44=1,1,"")) -> 1 | AB45: =IF(OR($H44="Home Goal",$H44="Away Goal",$H44="Period End"),1,IF(AC44=1,1,"")) | AD45: 19024 | AE45: Nelson | AF45: Velodrome | AG45: =((C45*60)+D45) -> 934 | AH45: =((E45*60)+F45) -> 865 | AI45: =ROUND(AG45-AH45,0) -> 69 | AJ45: =COUNTIF(I45:N45,">0") -> 5 | AK45: =COUNTIF(P45:U45,">0") -> 4 | AL45: =IF(O45="",1,0) -> 0 | AM45: =IF(V45="",1,0) -> 0 | AN45: =IF(AND($AL45<>1,$AJ45<$AK45,AM45<>1),1,) -> 0 | AO45: =IF(AND($AL45<>1,$AJ45>$AK45),1,) -> 1 | AP45: =IF(AN45=1,1,0) -> 0 | AQ45: =IF(AO45=1,1,0) -> 1 | AR45: =IF(AND(AJ45=5,AK45=5,AL45=0,AM45=0),"Full Strength",IF(AP45=1,"Away PowerPlay",IF(AO45=1,"Home PowerPlay",IF(AL45=1,"Home EmptyNet",IF(AM45=1,"Away EmptyNet",""))))) -> Home PowerPlay | AS45: =IF(AND(AL45=0,AM45=0),AJ45&"v"&AK45,IF(AL45=1,AJ45&"v"&AK45&" Home EN",IF(AM45=1,AJ45&"v"&AK45&" Away EN",""))) -> 5v4 | AT45: =IF($H44="Home Goal",AT44+1,AT44) -> 2 | AU45: =IF($H44="Away Goal",AU44+1,AU44) -> 1 | AV45: =IF(AND($H45="Home Goal", AO45=0),1,0) -> 0 | AW45: =IF(AX45=1,-1,0) -> 0 | AX45: =IF(AND($H45="Away Goal", AP45=0),1,0) -> 0 | AY45: =IF(AV45=1,-1,0) -> 0 | AZ45: =IFERROR(VLOOKUP(B45,events!AD:BR,37,FALSE),0) -> 1152 | BA45: =ROUND(IF(G45="Intermission",BA44,((1080)-((C45*60)+D45))+AZ45),0) -> 1298 | BB45: =IF(BA45<5,0,BA45-5) -> 1293 | BC45: =BB45+AI45+3 -> 1365
A46: =A45+1 -> 45 | B46: =IF(G46="PeriodStart",B45+1,B45) -> 2 | C46: =IF(G46<>"PeriodStart",E45,18) -> 14 | D46: =F45 -> 25 | E46: 14 | F46: 14 | I46: 79 | J46: 15 | K46: 44 | L46: 37 | M46: 23 | O46: =O45 -> 31 | P46: 42 | Q46: 49 | S46: 9 | T46: 93 | V46: =V45 -> 39 | W46: =SUMIFS(events!AJ:AJ,events!Q:Q,"=DeadIce",events!AK:AK,"<="&shifts!AG46,events!AL:AL,">"&shifts!AH46,events!E:E,"="&shifts!B47)+SUMIFS(events!AJ:AJ,events!Q:Q,"=Timeout",events!AK:AK,"<="&shifts!AG46,events!AL:AL,">"&shifts!AH46,events!E:E,"="&shifts!B47) -> 0 | X46: =IF(OR($H45="Home Goal",$H45="Away Goal",$H45="Period End"),"",IF(Y45=1,1,"")) -> 1 | Z46: =IF(OR($H45="Home Goal",$H45="Away Goal",$H45="Period End"),"",IF(AA45=1,1,"")) | AA46: 1 | AB46: =IF(OR($H45="Home Goal",$H45="Away Goal",$H45="Period End"),1,IF(AC45=1,1,"")) | AD46: 19025 | AE46: Nelson | AF46: Velodrome | AG46: =((C46*60)+D46) -> 865 | AH46: =((E46*60)+F46) -> 854 | AI46: =ROUND(AG46-AH46,0) -> 11 | AJ46: =COUNTIF(I46:N46,">0") -> 5 | AK46: =COUNTIF(P46:U46,">0") -> 4 | AL46: =IF(O46="",1,0) -> 0 | AM46: =IF(V46="",1,0) -> 0 | AN46: =IF(AND($AL46<>1,$AJ46<$AK46,AM46<>1),1,) -> 0 | AO46: =IF(AND($AL46<>1,$AJ46>$AK46),1,) -> 1 | AP46: =IF(AN46=1,1,0) -> 0 | AQ46: =IF(AO46=1,1,0) -> 1 | AR46: =IF(AND(AJ46=5,AK46=5,AL46=0,AM46=0),"Full Strength",IF(AP46=1,"Away PowerPlay",IF(AO46=1,"Home PowerPlay",IF(AL46=1,"Home EmptyNet",IF(AM46=1,"Away EmptyNet",""))))) -> Home PowerPlay | AS46: =IF(AND(AL46=0,AM46=0),AJ46&"v"&AK46,IF(AL46=1,AJ46&"v"&AK46&" Home EN",IF(AM46=1,AJ46&"v"&AK46&" Away EN",""))) -> 5v4 | AT46: =IF($H45="Home Goal",AT45+1,AT45) -> 2 | AU46: =IF($H45="Away Goal",AU45+1,AU45) -> 1 | AV46: =IF(AND($H46="Home Goal", AO46=0),1,0) -> 0 | AW46: =IF(AX46=1,-1,0) -> 0 | AX46: =IF(AND($H46="Away Goal", AP46=0),1,0) -> 0 | AY46: =IF(AV46=1,-1,0) -> 0 | AZ46: =IFERROR(VLOOKUP(B46,events!AD:BR,37,FALSE),0) -> 1152 | BA46: =ROUND(IF(G46="Intermission",BA45,((1080)-((C46*60)+D46))+AZ46),0) -> 1367 | BB46: =IF(BA46<5,0,BA46-5) -> 1362 | BC46: =BB46+AI46+3 -> 1376
A47: =A46+1 -> 46 | B47: =IF(G47="PeriodStart",B46+1,B46) -> 2 | C47: =IF(G47<>"PeriodStart",E46,18) -> 14 | D47: =F46 -> 14 | E47: 14 | F47: 00 | I47: 79 | J47: 3 | K47: 44 | L47: 37 | M47: 23 | O47: =O46 -> 31 | P47: 42 | Q47: 49 | S47: 9 | T47: 93 | V47: =V46 -> 39 | W47: =SUMIFS(events!AJ:AJ,events!Q:Q,"=DeadIce",events!AK:AK,"<="&shifts!AG47,events!AL:AL,">"&shifts!AH47,events!E:E,"="&shifts!B48)+SUMIFS(events!AJ:AJ,events!Q:Q,"=Timeout",events!AK:AK,"<="&shifts!AG47,events!AL:AL,">"&shifts!AH47,events!E:E,"="&shifts!B48) -> 0 | X47: =IF(OR($H46="Home Goal",$H46="Away Goal",$H46="Period End"),"",IF(Y46=1,1,"")) | Y47: 1 | Z47: =IF(OR($H46="Home Goal",$H46="Away Goal",$H46="Period End"),"",IF(AA46=1,1,"")) -> 1 | AB47: =IF(OR($H46="Home Goal",$H46="Away Goal",$H46="Period End"),1,IF(AC46=1,1,"")) | AD47: 19026 | AE47: Nelson | AF47: Velodrome | AG47: =((C47*60)+D47) -> 854 | AH47: =((E47*60)+F47) -> 840 | AI47: =ROUND(AG47-AH47,0) -> 14 | AJ47: =COUNTIF(I47:N47,">0") -> 5 | AK47: =COUNTIF(P47:U47,">0") -> 4 | AL47: =IF(O47="",1,0) -> 0 | AM47: =IF(V47="",1,0) -> 0 | AN47: =IF(AND($AL47<>1,$AJ47<$AK47,AM47<>1),1,) -> 0 | AO47: =IF(AND($AL47<>1,$AJ47>$AK47),1,) -> 1 | AP47: =IF(AN47=1,1,0) -> 0 | AQ47: =IF(AO47=1,1,0) -> 1 | AR47: =IF(AND(AJ47=5,AK47=5,AL47=0,AM47=0),"Full Strength",IF(AP47=1,"Away PowerPlay",IF(AO47=1,"Home PowerPlay",IF(AL47=1,"Home EmptyNet",IF(AM47=1,"Away EmptyNet",""))))) -> Home PowerPlay | AS47: =IF(AND(AL47=0,AM47=0),AJ47&"v"&AK47,IF(AL47=1,AJ47&"v"&AK47&" Home EN",IF(AM47=1,AJ47&"v"&AK47&" Away EN",""))) -> 5v4 | AT47: =IF($H46="Home Goal",AT46+1,AT46) -> 2 | AU47: =IF($H46="Away Goal",AU46+1,AU46) -> 1 | AV47: =IF(AND($H47="Home Goal", AO47=0),1,0) -> 0 | AW47: =IF(AX47=1,-1,0) -> 0 | AX47: =IF(AND($H47="Away Goal", AP47=0),1,0) -> 0 | AY47: =IF(AV47=1,-1,0) -> 0 | AZ47: =IFERROR(VLOOKUP(B47,events!AD:BR,37,FALSE),0) -> 1152 | BA47: =ROUND(IF(G47="Intermission",BA46,((1080)-((C47*60)+D47))+AZ47),0) -> 1378 | BB47: =IF(BA47<5,0,BA47-5) -> 1373 | BC47: =BB47+AI47+3 -> 1390
A48: =A47+1 -> 47 | B48: =IF(G48="PeriodStart",B47+1,B47) -> 2 | C48: =IF(G48<>"PeriodStart",E47,18) -> 14 | D48: =F47 -> 00 | E48: 13 | F48: 34 | I48: 10 | J48: 3 | K48: 44 | L48: 37 | M48: 23 | O48: =O47 -> 31 | P48: 42 | Q48: 49 | S48: 9 | T48: 93 | V48: =V47 -> 39 | W48: =SUMIFS(events!AJ:AJ,events!Q:Q,"=DeadIce",events!AK:AK,"<="&shifts!AG48,events!AL:AL,">"&shifts!AH48,events!E:E,"="&shifts!B49)+SUMIFS(events!AJ:AJ,events!Q:Q,"=Timeout",events!AK:AK,"<="&shifts!AG48,events!AL:AL,">"&shifts!AH48,events!E:E,"="&shifts!B49) -> 0 | X48: =IF(OR($H47="Home Goal",$H47="Away Goal",$H47="Period End"),"",IF(Y47=1,1,"")) -> 1 | Z48: =IF(OR($H47="Home Goal",$H47="Away Goal",$H47="Period End"),"",IF(AA47=1,1,"")) | AA48: 1 | AB48: =IF(OR($H47="Home Goal",$H47="Away Goal",$H47="Period End"),1,IF(AC47=1,1,"")) | AD48: 19027 | AE48: Nelson | AF48: Velodrome | AG48: =((C48*60)+D48) -> 840 | AH48: =((E48*60)+F48) -> 814 | AI48: =ROUND(AG48-AH48,0) -> 26 | AJ48: =COUNTIF(I48:N48,">0") -> 5 | AK48: =COUNTIF(P48:U48,">0") -> 4 | AL48: =IF(O48="",1,0) -> 0 | AM48: =IF(V48="",1,0) -> 0 | AN48: =IF(AND($AL48<>1,$AJ48<$AK48,AM48<>1),1,) -> 0 | AO48: =IF(AND($AL48<>1,$AJ48>$AK48),1,) -> 1 | AP48: =IF(AN48=1,1,0) -> 0 | AQ48: =IF(AO48=1,1,0) -> 1 | AR48: =IF(AND(AJ48=5,AK48=5,AL48=0,AM48=0),"Full Strength",IF(AP48=1,"Away PowerPlay",IF(AO48=1,"Home PowerPlay",IF(AL48=1,"Home EmptyNet",IF(AM48=1,"Away EmptyNet",""))))) -> Home PowerPlay | AS48: =IF(AND(AL48=0,AM48=0),AJ48&"v"&AK48,IF(AL48=1,AJ48&"v"&AK48&" Home EN",IF(AM48=1,AJ48&"v"&AK48&" Away EN",""))) -> 5v4 | AT48: =IF($H47="Home Goal",AT47+1,AT47) -> 2 | AU48: =IF($H47="Away Goal",AU47+1,AU47) -> 1 | AV48: =IF(AND($H48="Home Goal", AO48=0),1,0) -> 0 | AW48: =IF(AX48=1,-1,0) -> 0 | AX48: =IF(AND($H48="Away Goal", AP48=0),1,0) -> 0 | AY48: =IF(AV48=1,-1,0) -> 0 | AZ48: =IFERROR(VLOOKUP(B48,events!AD:BR,37,FALSE),0) -> 1152 | BA48: =ROUND(IF(G48="Intermission",BA47,((1080)-((C48*60)+D48))+AZ48),0) -> 1392 | BB48: =IF(BA48<5,0,BA48-5) -> 1387 | BC48: =BB48+AI48+3 -> 1416
A49: =A48+1 -> 48 | B49: =IF(G49="PeriodStart",B48+1,B48) -> 2 | C49: =IF(G49<>"PeriodStart",E48,18) -> 13 | D49: =F48 -> 34 | E49: 12 | F49: 36 | I49: 10 | J49: 3 | K49: 44 | L49: 37 | M49: 80 | O49: =O48 -> 31 | P49: 42 | Q49: 49 | S49: 9 | T49: 93 | V49: =V48 -> 39 | W49: =SUMIFS(events!AJ:AJ,events!Q:Q,"=DeadIce",events!AK:AK,"<="&shifts!AG49,events!AL:AL,">"&shifts!AH49,events!E:E,"="&shifts!B50)+SUMIFS(events!AJ:AJ,events!Q:Q,"=Timeout",events!AK:AK,"<="&shifts!AG49,events!AL:AL,">"&shifts!AH49,events!E:E,"="&shifts!B50) -> 0 | X49: =IF(OR($H48="Home Goal",$H48="Away Goal",$H48="Period End"),"",IF(Y48=1,1,"")) | Y49: 1 | Z49: =IF(OR($H48="Home Goal",$H48="Away Goal",$H48="Period End"),"",IF(AA48=1,1,"")) -> 1 | AB49: =IF(OR($H48="Home Goal",$H48="Away Goal",$H48="Period End"),1,IF(AC48=1,1,"")) | AD49: 19028 | AE49: Nelson | AF49: Velodrome | AG49: =((C49*60)+D49) -> 814 | AH49: =((E49*60)+F49) -> 756 | AI49: =ROUND(AG49-AH49,0) -> 58 | AJ49: =COUNTIF(I49:N49,">0") -> 5 | AK49: =COUNTIF(P49:U49,">0") -> 4 | AL49: =IF(O49="",1,0) -> 0 | AM49: =IF(V49="",1,0) -> 0 | AN49: =IF(AND($AL49<>1,$AJ49<$AK49,AM49<>1),1,) -> 0 | AO49: =IF(AND($AL49<>1,$AJ49>$AK49),1,) -> 1 | AP49: =IF(AN49=1,1,0) -> 0 | AQ49: =IF(AO49=1,1,0) -> 1 | AR49: =IF(AND(AJ49=5,AK49=5,AL49=0,AM49=0),"Full Strength",IF(AP49=1,"Away PowerPlay",IF(AO49=1,"Home PowerPlay",IF(AL49=1,"Home EmptyNet",IF(AM49=1,"Away EmptyNet",""))))) -> Home PowerPlay | AS49: =IF(AND(AL49=0,AM49=0),AJ49&"v"&AK49,IF(AL49=1,AJ49&"v"&AK49&" Home EN",IF(AM49=1,AJ49&"v"&AK49&" Away EN",""))) -> 5v4 | AT49: =IF($H48="Home Goal",AT48+1,AT48) -> 2 | AU49: =IF($H48="Away Goal",AU48+1,AU48) -> 1 | AV49: =IF(AND($H49="Home Goal", AO49=0),1,0) -> 0 | AW49: =IF(AX49=1,-1,0) -> 0 | AX49: =IF(AND($H49="Away Goal", AP49=0),1,0) -> 0 | AY49: =IF(AV49=1,-1,0) -> 0 | AZ49: =IFERROR(VLOOKUP(B49,events!AD:BR,37,FALSE),0) -> 1152 | BA49: =ROUND(IF(G49="Intermission",BA48,((1080)-((C49*60)+D49))+AZ49),0) -> 1418 | BB49: =IF(BA49<5,0,BA49-5) -> 1413 | BC49: =BB49+AI49+3 -> 1474
A50: =A49+1 -> 49 | B50: =IF(G50="PeriodStart",B49+1,B49) -> 2 | C50: =IF(G50<>"PeriodStart",E49,18) -> 12 | D50: =F49 -> 36 | E50: 12 | F50: 24 | I50: 10 | J50: 3 | K50: 44 | L50: 80 | M50: 8 | O50: =O49 -> 31 | P50: 42 | Q50: 24 | S50: 9 | T50: 93 | V50: =V49 -> 39 | W50: =SUMIFS(events!AJ:AJ,events!Q:Q,"=DeadIce",events!AK:AK,"<="&shifts!AG50,events!AL:AL,">"&shifts!AH50,events!E:E,"="&shifts!B51)+SUMIFS(events!AJ:AJ,events!Q:Q,"=Timeout",events!AK:AK,"<="&shifts!AG50,events!AL:AL,">"&shifts!AH50,events!E:E,"="&shifts!B51) -> 0 | X50: =IF(OR($H49="Home Goal",$H49="Away Goal",$H49="Period End"),"",IF(Y49=1,1,"")) -> 1 | Z50: =IF(OR($H49="Home Goal",$H49="Away Goal",$H49="Period End"),"",IF(AA49=1,1,"")) | AA50: 1 | AB50: =IF(OR($H49="Home Goal",$H49="Away Goal",$H49="Period End"),1,IF(AC49=1,1,"")) | AD50: 19029 | AE50: Nelson | AF50: Velodrome | AG50: =((C50*60)+D50) -> 756 | AH50: =((E50*60)+F50) -> 744 | AI50: =ROUND(AG50-AH50,0) -> 12 | AJ50: =COUNTIF(I50:N50,">0") -> 5 | AK50: =COUNTIF(P50:U50,">0") -> 4 | AL50: =IF(O50="",1,0) -> 0 | AM50: =IF(V50="",1,0) -> 0 | AN50: =IF(AND($AL50<>1,$AJ50<$AK50,AM50<>1),1,) -> 0 | AO50: =IF(AND($AL50<>1,$AJ50>$AK50),1,) -> 1 | AP50: =IF(AN50=1,1,0) -> 0 | AQ50: =IF(AO50=1,1,0) -> 1 | AR50: =IF(AND(AJ50=5,AK50=5,AL50=0,AM50=0),"Full Strength",IF(AP50=1,"Away PowerPlay",IF(AO50=1,"Home PowerPlay",IF(AL50=1,"Home EmptyNet",IF(AM50=1,"Away EmptyNet",""))))) -> Home PowerPlay | AS50: =IF(AND(AL50=0,AM50=0),AJ50&"v"&AK50,IF(AL50=1,AJ50&"v"&AK50&" Home EN",IF(AM50=1,AJ50&"v"&AK50&" Away EN",""))) -> 5v4 | AT50: =IF($H49="Home Goal",AT49+1,AT49) -> 2 | AU50: =IF($H49="Away Goal",AU49+1,AU49) -> 1 | AV50: =IF(AND($H50="Home Goal", AO50=0),1,0) -> 0 | AW50: =IF(AX50=1,-1,0) -> 0 | AX50: =IF(AND($H50="Away Goal", AP50=0),1,0) -> 0 | AY50: =IF(AV50=1,-1,0) -> 0 | AZ50: =IFERROR(VLOOKUP(B50,events!AD:BR,37,FALSE),0) -> 1152 | BA50: =ROUND(IF(G50="Intermission",BA49,((1080)-((C50*60)+D50))+AZ50),0) -> 1476 | BB50: =IF(BA50<5,0,BA50-5) -> 1471 | BC50: =BB50+AI50+3 -> 1486
A51: =A50+1 -> 50 | B51: =IF(G51="PeriodStart",B50+1,B50) -> 2 | C51: =IF(G51<>"PeriodStart",E50,18) -> 12 | D51: =F50 -> 24 | E51: 12 | F51: 05 | I51: 10 | J51: 7 | K51: 44 | L51: 80 | M51: 8 | O51: =O50 -> 31 | P51: 42 | Q51: 24 | S51: 9 | T51: 93 | V51: =V50 -> 39 | W51: =SUMIFS(events!AJ:AJ,events!Q:Q,"=DeadIce",events!AK:AK,"<="&shifts!AG51,events!AL:AL,">"&shifts!AH51,events!E:E,"="&shifts!B52)+SUMIFS(events!AJ:AJ,events!Q:Q,"=Timeout",events!AK:AK,"<="&shifts!AG51,events!AL:AL,">"&shifts!AH51,events!E:E,"="&shifts!B52) -> 0 | X51: =IF(OR($H50="Home Goal",$H50="Away Goal",$H50="Period End"),"",IF(Y50=1,1,"")) | Y51: 1 | Z51: =IF(OR($H50="Home Goal",$H50="Away Goal",$H50="Period End"),"",IF(AA50=1,1,"")) -> 1 | AB51: =IF(OR($H50="Home Goal",$H50="Away Goal",$H50="Period End"),1,IF(AC50=1,1,"")) | AD51: 19030 | AE51: Nelson | AF51: Velodrome | AG51: =((C51*60)+D51) -> 744 | AH51: =((E51*60)+F51) -> 725 | AI51: =ROUND(AG51-AH51,0) -> 19 | AJ51: =COUNTIF(I51:N51,">0") -> 5 | AK51: =COUNTIF(P51:U51,">0") -> 4 | AL51: =IF(O51="",1,0) -> 0 | AM51: =IF(V51="",1,0) -> 0 | AN51: =IF(AND($AL51<>1,$AJ51<$AK51,AM51<>1),1,) -> 0 | AO51: =IF(AND($AL51<>1,$AJ51>$AK51),1,) -> 1 | AP51: =IF(AN51=1,1,0) -> 0 | AQ51: =IF(AO51=1,1,0) -> 1 | AR51: =IF(AND(AJ51=5,AK51=5,AL51=0,AM51=0),"Full Strength",IF(AP51=1,"Away PowerPlay",IF(AO51=1,"Home PowerPlay",IF(AL51=1,"Home EmptyNet",IF(AM51=1,"Away EmptyNet",""))))) -> Home PowerPlay | AS51: =IF(AND(AL51=0,AM51=0),AJ51&"v"&AK51,IF(AL51=1,AJ51&"v"&AK51&" Home EN",IF(AM51=1,AJ51&"v"&AK51&" Away EN",""))) -> 5v4 | AT51: =IF($H50="Home Goal",AT50+1,AT50) -> 2 | AU51: =IF($H50="Away Goal",AU50+1,AU50) -> 1 | AV51: =IF(AND($H51="Home Goal", AO51=0),1,0) -> 0 | AW51: =IF(AX51=1,-1,0) -> 0 | AX51: =IF(AND($H51="Away Goal", AP51=0),1,0) -> 0 | AY51: =IF(AV51=1,-1,0) -> 0 | AZ51: =IFERROR(VLOOKUP(B51,events!AD:BR,37,FALSE),0) -> 1152 | BA51: =ROUND(IF(G51="Intermission",BA50,((1080)-((C51*60)+D51))+AZ51),0) -> 1488 | BB51: =IF(BA51<5,0,BA51-5) -> 1483 | BC51: =BB51+AI51+3 -> 1505
A52: =A51+1 -> 51 | B52: =IF(G52="PeriodStart",B51+1,B51) -> 2 | C52: =IF(G52<>"PeriodStart",E51,18) -> 12 | D52: =F51 -> 05 | E52: 11 | F52: 07 | I52: 10 | J52: 7 | K52: 16 | L52: 80 | M52: 8 | O52: =O51 -> 31 | P52: 70 | Q52: 91 | R52: 24 | S52: 52 | T52: 84 | V52: =V51 -> 39 | W52: =SUMIFS(events!AJ:AJ,events!Q:Q,"=DeadIce",events!AK:AK,"<="&shifts!AG52,events!AL:AL,">"&shifts!AH52,events!E:E,"="&shifts!B53)+SUMIFS(events!AJ:AJ,events!Q:Q,"=Timeout",events!AK:AK,"<="&shifts!AG52,events!AL:AL,">"&shifts!AH52,events!E:E,"="&shifts!B53) -> 0 | X52: =IF(OR($H51="Home Goal",$H51="Away Goal",$H51="Period End"),"",IF(Y51=1,1,"")) -> 1 | Y52: 1 | Z52: =IF(OR($H51="Home Goal",$H51="Away Goal",$H51="Period End"),"",IF(AA51=1,1,"")) | AB52: =IF(OR($H51="Home Goal",$H51="Away Goal",$H51="Period End"),1,IF(AC51=1,1,"")) | AD52: 19031 | AE52: Nelson | AF52: Velodrome | AG52: =((C52*60)+D52) -> 725 | AH52: =((E52*60)+F52) -> 667 | AI52: =ROUND(AG52-AH52,0) -> 58 | AJ52: =COUNTIF(I52:N52,">0") -> 5 | AK52: =COUNTIF(P52:U52,">0") -> 5 | AL52: =IF(O52="",1,0) -> 0 | AM52: =IF(V52="",1,0) -> 0 | AN52: =IF(AND($AL52<>1,$AJ52<$AK52,AM52<>1),1,) -> 0 | AO52: =IF(AND($AL52<>1,$AJ52>$AK52),1,) -> 0 | AP52: =IF(AN52=1,1,0) -> 0 | AQ52: =IF(AO52=1,1,0) -> 0 | AR52: =IF(AND(AJ52=5,AK52=5,AL52=0,AM52=0),"Full Strength",IF(AP52=1,"Away PowerPlay",IF(AO52=1,"Home PowerPlay",IF(AL52=1,"Home EmptyNet",IF(AM52=1,"Away EmptyNet",""))))) -> Full Strength | AS52: =IF(AND(AL52=0,AM52=0),AJ52&"v"&AK52,IF(AL52=1,AJ52&"v"&AK52&" Home EN",IF(AM52=1,AJ52&"v"&AK52&" Away EN",""))) -> 5v5 | AT52: =IF($H51="Home Goal",AT51+1,AT51) -> 2 | AU52: =IF($H51="Away Goal",AU51+1,AU51) -> 1 | AV52: =IF(AND($H52="Home Goal", AO52=0),1,0) -> 0 | AW52: =IF(AX52=1,-1,0) -> 0 | AX52: =IF(AND($H52="Away Goal", AP52=0),1,0) -> 0 | AY52: =IF(AV52=1,-1,0) -> 0 | AZ52: =IFERROR(VLOOKUP(B52,events!AD:BR,37,FALSE),0) -> 1152 | BA52: =ROUND(IF(G52="Intermission",BA51,((1080)-((C52*60)+D52))+AZ52),0) -> 1507 | BB52: =IF(BA52<5,0,BA52-5) -> 1502 | BC52: =BB52+AI52+3 -> 1563
A53: =A52+1 -> 52 | B53: =IF(G53="PeriodStart",B52+1,B52) -> 2 | C53: =IF(G53<>"PeriodStart",E52,18) -> 11 | D53: =F52 -> 07 | E53: 10 | F53: 55 | I53: 10 | J53: 7 | K53: 16 | L53: 80 | M53: 8 | O53: =O52 -> 31 | P53: 49 | Q53: 91 | R53: 24 | S53: 52 | T53: 84 | V53: =V52 -> 39 | W53: =SUMIFS(events!AJ:AJ,events!Q:Q,"=DeadIce",events!AK:AK,"<="&shifts!AG53,events!AL:AL,">"&shifts!AH53,events!E:E,"="&shifts!B54)+SUMIFS(events!AJ:AJ,events!Q:Q,"=Timeout",events!AK:AK,"<="&shifts!AG53,events!AL:AL,">"&shifts!AH53,events!E:E,"="&shifts!B54) -> 0 | X53: =IF(OR($H52="Home Goal",$H52="Away Goal",$H52="Period End"),"",IF(Y52=1,1,"")) -> 1 | Y53: 1 | Z53: =IF(OR($H52="Home Goal",$H52="Away Goal",$H52="Period End"),"",IF(AA52=1,1,"")) | AB53: =IF(OR($H52="Home Goal",$H52="Away Goal",$H52="Period End"),1,IF(AC52=1,1,"")) | AD53: 19032 | AE53: Nelson | AF53: Velodrome | AG53: =((C53*60)+D53) -> 667 | AH53: =((E53*60)+F53) -> 655 | AI53: =ROUND(AG53-AH53,0) -> 12 | AJ53: =COUNTIF(I53:N53,">0") -> 5 | AK53: =COUNTIF(P53:U53,">0") -> 5 | AL53: =IF(O53="",1,0) -> 0 | AM53: =IF(V53="",1,0) -> 0 | AN53: =IF(AND($AL53<>1,$AJ53<$AK53,AM53<>1),1,) -> 0 | AO53: =IF(AND($AL53<>1,$AJ53>$AK53),1,) -> 0 | AP53: =IF(AN53=1,1,0) -> 0 | AQ53: =IF(AO53=1,1,0) -> 0 | AR53: =IF(AND(AJ53=5,AK53=5,AL53=0,AM53=0),"Full Strength",IF(AP53=1,"Away PowerPlay",IF(AO53=1,"Home PowerPlay",IF(AL53=1,"Home EmptyNet",IF(AM53=1,"Away EmptyNet",""))))) -> Full Strength | AS53: =IF(AND(AL53=0,AM53=0),AJ53&"v"&AK53,IF(AL53=1,AJ53&"v"&AK53&" Home EN",IF(AM53=1,AJ53&"v"&AK53&" Away EN",""))) -> 5v5 | AT53: =IF($H52="Home Goal",AT52+1,AT52) -> 2 | AU53: =IF($H52="Away Goal",AU52+1,AU52) -> 1 | AV53: =IF(AND($H53="Home Goal", AO53=0),1,0) -> 0 | AW53: =IF(AX53=1,-1,0) -> 0 | AX53: =IF(AND($H53="Away Goal", AP53=0),1,0) -> 0 | AY53: =IF(AV53=1,-1,0) -> 0 | AZ53: =IFERROR(VLOOKUP(B53,events!AD:BR,37,FALSE),0) -> 1152 | BA53: =ROUND(IF(G53="Intermission",BA52,((1080)-((C53*60)+D53))+AZ53),0) -> 1565 | BB53: =IF(BA53<5,0,BA53-5) -> 1560 | BC53: =BB53+AI53+3 -> 1575
A54: =A53+1 -> 53 | B54: =IF(G54="PeriodStart",B53+1,B53) -> 2 | C54: =IF(G54<>"PeriodStart",E53,18) -> 10 | D54: =F53 -> 55 | E54: 10 | F54: 39 | I54: 10 | J54: 15 | K54: 16 | L54: 80 | M54: 8 | O54: =O53 -> 31 | P54: 49 | Q54: 91 | R54: 24 | S54: 52 | T54: 84 | V54: =V53 -> 39 | W54: =SUMIFS(events!AJ:AJ,events!Q:Q,"=DeadIce",events!AK:AK,"<="&shifts!AG54,events!AL:AL,">"&shifts!AH54,events!E:E,"="&shifts!B55)+SUMIFS(events!AJ:AJ,events!Q:Q,"=Timeout",events!AK:AK,"<="&shifts!AG54,events!AL:AL,">"&shifts!AH54,events!E:E,"="&shifts!B55) -> 0 | X54: =IF(OR($H53="Home Goal",$H53="Away Goal",$H53="Period End"),"",IF(Y53=1,1,"")) -> 1 | Z54: =IF(OR($H53="Home Goal",$H53="Away Goal",$H53="Period End"),"",IF(AA53=1,1,"")) | AA54: 1 | AB54: =IF(OR($H53="Home Goal",$H53="Away Goal",$H53="Period End"),1,IF(AC53=1,1,"")) | AD54: 19033 | AE54: Nelson | AF54: Velodrome | AG54: =((C54*60)+D54) -> 655 | AH54: =((E54*60)+F54) -> 639 | AI54: =ROUND(AG54-AH54,0) -> 16 | AJ54: =COUNTIF(I54:N54,">0") -> 5 | AK54: =COUNTIF(P54:U54,">0") -> 5 | AL54: =IF(O54="",1,0) -> 0 | AM54: =IF(V54="",1,0) -> 0 | AN54: =IF(AND($AL54<>1,$AJ54<$AK54,AM54<>1),1,) -> 0 | AO54: =IF(AND($AL54<>1,$AJ54>$AK54),1,) -> 0 | AP54: =IF(AN54=1,1,0) -> 0 | AQ54: =IF(AO54=1,1,0) -> 0 | AR54: =IF(AND(AJ54=5,AK54=5,AL54=0,AM54=0),"Full Strength",IF(AP54=1,"Away PowerPlay",IF(AO54=1,"Home PowerPlay",IF(AL54=1,"Home EmptyNet",IF(AM54=1,"Away EmptyNet",""))))) -> Full Strength | AS54: =IF(AND(AL54=0,AM54=0),AJ54&"v"&AK54,IF(AL54=1,AJ54&"v"&AK54&" Home EN",IF(AM54=1,AJ54&"v"&AK54&" Away EN",""))) -> 5v5 | AT54: =IF($H53="Home Goal",AT53+1,AT53) -> 2 | AU54: =IF($H53="Away Goal",AU53+1,AU53) -> 1 | AV54: =IF(AND($H54="Home Goal", AO54=0),1,0) -> 0 | AW54: =IF(AX54=1,-1,0) -> 0 | AX54: =IF(AND($H54="Away Goal", AP54=0),1,0) -> 0 | AY54: =IF(AV54=1,-1,0) -> 0 | AZ54: =IFERROR(VLOOKUP(B54,events!AD:BR,37,FALSE),0) -> 1152 | BA54: =ROUND(IF(G54="Intermission",BA53,((1080)-((C54*60)+D54))+AZ54),0) -> 1577 | BB54: =IF(BA54<5,0,BA54-5) -> 1572 | BC54: =BB54+AI54+3 -> 1591
A55: =A54+1 -> 54 | B55: =IF(G55="PeriodStart",B54+1,B54) -> 2 | C55: =IF(G55<>"PeriodStart",E54,18) -> 10 | D55: =F54 -> 39 | E55: 10 | F55: 35 | G55: DelayedPenalty | H55: Away Penalty | I55: 10 | J55: 15 | K55: 16 | L55: 80 | M55: 8 | N55: 79 | P55: 49 | Q55: 91 | R55: 24 | S55: 52 | T55: 84 | V55: =V54 -> 39 | W55: =SUMIFS(events!AJ:AJ,events!Q:Q,"=DeadIce",events!AK:AK,"<="&shifts!AG55,events!AL:AL,">"&shifts!AH55,events!E:E,"="&shifts!B56)+SUMIFS(events!AJ:AJ,events!Q:Q,"=Timeout",events!AK:AK,"<="&shifts!AG55,events!AL:AL,">"&shifts!AH55,events!E:E,"="&shifts!B56) -> 0 | X55: =IF(OR($H54="Home Goal",$H54="Away Goal",$H54="Period End"),"",IF(Y54=1,1,"")) | Z55: =IF(OR($H54="Home Goal",$H54="Away Goal",$H54="Period End"),"",IF(AA54=1,1,"")) -> 1 | AA55: 1 | AB55: =IF(OR($H54="Home Goal",$H54="Away Goal",$H54="Period End"),1,IF(AC54=1,1,"")) | AD55: 19034 | AE55: Nelson | AF55: Velodrome | AG55: =((C55*60)+D55) -> 639 | AH55: =((E55*60)+F55) -> 635 | AI55: =ROUND(AG55-AH55,0) -> 4 | AJ55: =COUNTIF(I55:N55,">0") -> 6 | AK55: =COUNTIF(P55:U55,">0") -> 5 | AL55: =IF(O55="",1,0) -> 1 | AM55: =IF(V55="",1,0) -> 0 | AN55: =IF(AND($AL55<>1,$AJ55<$AK55,AM55<>1),1,) -> 0 | AO55: =IF(AND($AL55<>1,$AJ55>$AK55),1,) -> 0 | AP55: =IF(AN55=1,1,0) -> 0 | AQ55: =IF(AO55=1,1,0) -> 0 | AR55: =IF(AND(AJ55=5,AK55=5,AL55=0,AM55=0),"Full Strength",IF(AP55=1,"Away PowerPlay",IF(AO55=1,"Home PowerPlay",IF(AL55=1,"Home EmptyNet",IF(AM55=1,"Away EmptyNet",""))))) -> Home EmptyNet | AS55: =IF(AND(AL55=0,AM55=0),AJ55&"v"&AK55,IF(AL55=1,AJ55&"v"&AK55&" Home EN",IF(AM55=1,AJ55&"v"&AK55&" Away EN",""))) -> 6v5 Home EN | AT55: =IF($H54="Home Goal",AT54+1,AT54) -> 2 | AU55: =IF($H54="Away Goal",AU54+1,AU54) -> 1 | AV55: =IF(AND($H55="Home Goal", AO55=0),1,0) -> 0 | AW55: =IF(AX55=1,-1,0) -> 0 | AX55: =IF(AND($H55="Away Goal", AP55=0),1,0) -> 0 | AY55: =IF(AV55=1,-1,0) -> 0 | AZ55: =IFERROR(VLOOKUP(B55,events!AD:BR,37,FALSE),0) -> 1152 | BA55: =ROUND(IF(G55="Intermission",BA54,((1080)-((C55*60)+D55))+AZ55),0) -> 1593 | BB55: =IF(BA55<5,0,BA55-5) -> 1588 | BC55: =BB55+AI55+3 -> 1595
A56: =A55+1 -> 55 | B56: =IF(G56="PeriodStart",B55+1,B55) -> 2 | C56: =IF(G56<>"PeriodStart",E55,18) -> 10 | D56: =F55 -> 35 | E56: 9 | F56: 20 | G56: FaceoffAfterPenalty | I56: 79 | J56: 15 | K56: 16 | L56: 37 | M56: 23 | N56: 7 | O56: 31 | P56: 14 | Q56: 61 | S56: 52 | T56: 84 | V56: =V55 -> 39 | W56: =SUMIFS(events!AJ:AJ,events!Q:Q,"=DeadIce",events!AK:AK,"<="&shifts!AG56,events!AL:AL,">"&shifts!AH56,events!E:E,"="&shifts!B57)+SUMIFS(events!AJ:AJ,events!Q:Q,"=Timeout",events!AK:AK,"<="&shifts!AG56,events!AL:AL,">"&shifts!AH56,events!E:E,"="&shifts!B57) -> 0 | X56: =IF(OR($H55="Home Goal",$H55="Away Goal",$H55="Period End"),"",IF(Y55=1,1,"")) | Y56: 1 | Z56: =IF(OR($H55="Home Goal",$H55="Away Goal",$H55="Period End"),"",IF(AA55=1,1,"")) -> 1 | AB56: =IF(OR($H55="Home Goal",$H55="Away Goal",$H55="Period End"),1,IF(AC55=1,1,"")) | AD56: 19035 | AE56: Nelson | AF56: Velodrome | AG56: =((C56*60)+D56) -> 635 | AH56: =((E56*60)+F56) -> 560 | AI56: =ROUND(AG56-AH56,0) -> 75 | AJ56: =COUNTIF(I56:N56,">0") -> 6 | AK56: =COUNTIF(P56:U56,">0") -> 4 | AL56: =IF(O56="",1,0) -> 0 | AM56: =IF(V56="",1,0) -> 0 | AN56: =IF(AND($AL56<>1,$AJ56<$AK56,AM56<>1),1,) -> 0 | AO56: =IF(AND($AL56<>1,$AJ56>$AK56),1,) -> 1 | AP56: =IF(AN56=1,1,0) -> 0 | AQ56: =IF(AO56=1,1,0) -> 1 | AR56: =IF(AND(AJ56=5,AK56=5,AL56=0,AM56=0),"Full Strength",IF(AP56=1,"Away PowerPlay",IF(AO56=1,"Home PowerPlay",IF(AL56=1,"Home EmptyNet",IF(AM56=1,"Away EmptyNet",""))))) -> Home PowerPlay | AS56: =IF(AND(AL56=0,AM56=0),AJ56&"v"&AK56,IF(AL56=1,AJ56&"v"&AK56&" Home EN",IF(AM56=1,AJ56&"v"&AK56&" Away EN",""))) -> 6v4 | AT56: =IF($H55="Home Goal",AT55+1,AT55) -> 2 | AU56: =IF($H55="Away Goal",AU55+1,AU55) -> 1 | AV56: =IF(AND($H56="Home Goal", AO56=0),1,0) -> 0 | AW56: =IF(AX56=1,-1,0) -> 0 | AX56: =IF(AND($H56="Away Goal", AP56=0),1,0) -> 0 | AY56: =IF(AV56=1,-1,0) -> 0 | AZ56: =IFERROR(VLOOKUP(B56,events!AD:BR,37,FALSE),0) -> 1152 | BA56: =ROUND(IF(G56="Intermission",BA55,((1080)-((C56*60)+D56))+AZ56),0) -> 1597 | BB56: =IF(BA56<5,0,BA56-5) -> 1592 | BC56: =BB56+AI56+3 -> 1670
A57: =A56+1 -> 56 | B57: =IF(G57="PeriodStart",B56+1,B56) -> 2 | C57: =IF(G57<>"PeriodStart",E56,18) -> 9 | D57: =F56 -> 20 | E57: 8 | F57: 30 | H57: Away Goalie Stopped (after Home SOG) | I57: 79 | J57: 15 | K57: 44 | L57: 37 | M57: 23 | O57: =O56 -> 31 | P57: 14 | Q57: 61 | S57: 52 | T57: 22 | V57: =V56 -> 39 | W57: =SUMIFS(events!AJ:AJ,events!Q:Q,"=DeadIce",events!AK:AK,"<="&shifts!AG57,events!AL:AL,">"&shifts!AH57,events!E:E,"="&shifts!B58)+SUMIFS(events!AJ:AJ,events!Q:Q,"=Timeout",events!AK:AK,"<="&shifts!AG57,events!AL:AL,">"&shifts!AH57,events!E:E,"="&shifts!B58) -> 0 | X57: =IF(OR($H56="Home Goal",$H56="Away Goal",$H56="Period End"),"",IF(Y56=1,1,"")) -> 1 | Z57: =IF(OR($H56="Home Goal",$H56="Away Goal",$H56="Period End"),"",IF(AA56=1,1,"")) | AA57: 1 | AB57: =IF(OR($H56="Home Goal",$H56="Away Goal",$H56="Period End"),1,IF(AC56=1,1,"")) | AD57: 19036 | AE57: Nelson | AF57: Velodrome | AG57: =((C57*60)+D57) -> 560 | AH57: =((E57*60)+F57) -> 510 | AI57: =ROUND(AG57-AH57,0) -> 50 | AJ57: =COUNTIF(I57:N57,">0") -> 5 | AK57: =COUNTIF(P57:U57,">0") -> 4 | AL57: =IF(O57="",1,0) -> 0 | AM57: =IF(V57="",1,0) -> 0 | AN57: =IF(AND($AL57<>1,$AJ57<$AK57,AM57<>1),1,) -> 0 | AO57: =IF(AND($AL57<>1,$AJ57>$AK57),1,) -> 1 | AP57: =IF(AN57=1,1,0) -> 0 | AQ57: =IF(AO57=1,1,0) -> 1 | AR57: =IF(AND(AJ57=5,AK57=5,AL57=0,AM57=0),"Full Strength",IF(AP57=1,"Away PowerPlay",IF(AO57=1,"Home PowerPlay",IF(AL57=1,"Home EmptyNet",IF(AM57=1,"Away EmptyNet",""))))) -> Home PowerPlay | AS57: =IF(AND(AL57=0,AM57=0),AJ57&"v"&AK57,IF(AL57=1,AJ57&"v"&AK57&" Home EN",IF(AM57=1,AJ57&"v"&AK57&" Away EN",""))) -> 5v4 | AT57: =IF($H56="Home Goal",AT56+1,AT56) -> 2 | AU57: =IF($H56="Away Goal",AU56+1,AU56) -> 1 | AV57: =IF(AND($H57="Home Goal", AO57=0),1,0) -> 0 | AW57: =IF(AX57=1,-1,0) -> 0 | AX57: =IF(AND($H57="Away Goal", AP57=0),1,0) -> 0 | AY57: =IF(AV57=1,-1,0) -> 0 | AZ57: =IFERROR(VLOOKUP(B57,events!AD:BR,37,FALSE),0) -> 1152 | BA57: =ROUND(IF(G57="Intermission",BA56,((1080)-((C57*60)+D57))+AZ57),0) -> 1672 | BB57: =IF(BA57<5,0,BA57-5) -> 1667 | BC57: =BB57+AI57+3 -> 1720
A58: =A57+1 -> 57 | B58: =IF(G58="PeriodStart",B57+1,B57) -> 2 | C58: =IF(G58<>"PeriodStart",E57,18) -> 8 | D58: =F57 -> 30 | E58: 7 | F58: 29 | G58: OtherFaceoff | I58: 79 | J58: 3 | K58: 44 | L58: 37 | M58: 23 | O58: =O57 -> 31 | P58: 87 | Q58: 75 | S58: 93 | T58: 22 | V58: =V57 -> 39 | W58: =SUMIFS(events!AJ:AJ,events!Q:Q,"=DeadIce",events!AK:AK,"<="&shifts!AG58,events!AL:AL,">"&shifts!AH58,events!E:E,"="&shifts!B59)+SUMIFS(events!AJ:AJ,events!Q:Q,"=Timeout",events!AK:AK,"<="&shifts!AG58,events!AL:AL,">"&shifts!AH58,events!E:E,"="&shifts!B59) -> 0 | X58: =IF(OR($H57="Home Goal",$H57="Away Goal",$H57="Period End"),"",IF(Y57=1,1,"")) | Z58: =IF(OR($H57="Home Goal",$H57="Away Goal",$H57="Period End"),"",IF(AA57=1,1,"")) -> 1 | AA58: 1 | AB58: =IF(OR($H57="Home Goal",$H57="Away Goal",$H57="Period End"),1,IF(AC57=1,1,"")) | AD58: 19037 | AE58: Nelson | AF58: Velodrome | AG58: =((C58*60)+D58) -> 510 | AH58: =((E58*60)+F58) -> 449 | AI58: =ROUND(AG58-AH58,0) -> 61 | AJ58: =COUNTIF(I58:N58,">0") -> 5 | AK58: =COUNTIF(P58:U58,">0") -> 4 | AL58: =IF(O58="",1,0) -> 0 | AM58: =IF(V58="",1,0) -> 0 | AN58: =IF(AND($AL58<>1,$AJ58<$AK58,AM58<>1),1,) -> 0 | AO58: =IF(AND($AL58<>1,$AJ58>$AK58),1,) -> 1 | AP58: =IF(AN58=1,1,0) -> 0 | AQ58: =IF(AO58=1,1,0) -> 1 | AR58: =IF(AND(AJ58=5,AK58=5,AL58=0,AM58=0),"Full Strength",IF(AP58=1,"Away PowerPlay",IF(AO58=1,"Home PowerPlay",IF(AL58=1,"Home EmptyNet",IF(AM58=1,"Away EmptyNet",""))))) -> Home PowerPlay | AS58: =IF(AND(AL58=0,AM58=0),AJ58&"v"&AK58,IF(AL58=1,AJ58&"v"&AK58&" Home EN",IF(AM58=1,AJ58&"v"&AK58&" Away EN",""))) -> 5v4 | AT58: =IF($H57="Home Goal",AT57+1,AT57) -> 2 | AU58: =IF($H57="Away Goal",AU57+1,AU57) -> 1 | AV58: =IF(AND($H58="Home Goal", AO58=0),1,0) -> 0 | AW58: =IF(AX58=1,-1,0) -> 0 | AX58: =IF(AND($H58="Away Goal", AP58=0),1,0) -> 0 | AY58: =IF(AV58=1,-1,0) -> 0 | AZ58: =IFERROR(VLOOKUP(B58,events!AD:BR,37,FALSE),0) -> 1152 | BA58: =ROUND(IF(G58="Intermission",BA57,((1080)-((C58*60)+D58))+AZ58),0) -> 1722 | BB58: =IF(BA58<5,0,BA58-5) -> 1717 | BC58: =BB58+AI58+3 -> 1781
A59: =A58+1 -> 58 | B59: =IF(G59="PeriodStart",B58+1,B58) -> 2 | C59: =IF(G59<>"PeriodStart",E58,18) -> 7 | D59: =F58 -> 29 | E59: 7 | F59: 21 | H59: Away Goalie Stopped (after Home SOG) | I59: 10 | J59: 3 | K59: 44 | L59: 37 | M59: 23 | O59: =O58 -> 31 | P59: 87 | Q59: 75 | S59: 93 | T59: 22 | V59: =V58 -> 39 | W59: =SUMIFS(events!AJ:AJ,events!Q:Q,"=DeadIce",events!AK:AK,"<="&shifts!AG59,events!AL:AL,">"&shifts!AH59,events!E:E,"="&shifts!B60)+SUMIFS(events!AJ:AJ,events!Q:Q,"=Timeout",events!AK:AK,"<="&shifts!AG59,events!AL:AL,">"&shifts!AH59,events!E:E,"="&shifts!B60) -> 0 | X59: =IF(OR($H58="Home Goal",$H58="Away Goal",$H58="Period End"),"",IF(Y58=1,1,"")) | Z59: =IF(OR($H58="Home Goal",$H58="Away Goal",$H58="Period End"),"",IF(AA58=1,1,"")) -> 1 | AA59: 1 | AB59: =IF(OR($H58="Home Goal",$H58="Away Goal",$H58="Period End"),1,IF(AC58=1,1,"")) | AD59: 19038 | AE59: Nelson | AF59: Velodrome | AG59: =((C59*60)+D59) -> 449 | AH59: =((E59*60)+F59) -> 441 | AI59: =ROUND(AG59-AH59,0) -> 8 | AJ59: =COUNTIF(I59:N59,">0") -> 5 | AK59: =COUNTIF(P59:U59,">0") -> 4 | AL59: =IF(O59="",1,0) -> 0 | AM59: =IF(V59="",1,0) -> 0 | AN59: =IF(AND($AL59<>1,$AJ59<$AK59,AM59<>1),1,) -> 0 | AO59: =IF(AND($AL59<>1,$AJ59>$AK59),1,) -> 1 | AP59: =IF(AN59=1,1,0) -> 0 | AQ59: =IF(AO59=1,1,0) -> 1 | AR59: =IF(AND(AJ59=5,AK59=5,AL59=0,AM59=0),"Full Strength",IF(AP59=1,"Away PowerPlay",IF(AO59=1,"Home PowerPlay",IF(AL59=1,"Home EmptyNet",IF(AM59=1,"Away EmptyNet",""))))) -> Home PowerPlay | AS59: =IF(AND(AL59=0,AM59=0),AJ59&"v"&AK59,IF(AL59=1,AJ59&"v"&AK59&" Home EN",IF(AM59=1,AJ59&"v"&AK59&" Away EN",""))) -> 5v4 | AT59: =IF($H58="Home Goal",AT58+1,AT58) -> 2 | AU59: =IF($H58="Away Goal",AU58+1,AU58) -> 1 | AV59: =IF(AND($H59="Home Goal", AO59=0),1,0) -> 0 | AW59: =IF(AX59=1,-1,0) -> 0 | AX59: =IF(AND($H59="Away Goal", AP59=0),1,0) -> 0 | AY59: =IF(AV59=1,-1,0) -> 0 | AZ59: =IFERROR(VLOOKUP(B59,events!AD:BR,37,FALSE),0) -> 1152 | BA59: =ROUND(IF(G59="Intermission",BA58,((1080)-((C59*60)+D59))+AZ59),0) -> 1783 | BB59: =IF(BA59<5,0,BA59-5) -> 1778 | BC59: =BB59+AI59+3 -> 1789
A60: =A59+1 -> 59 | B60: =IF(G60="PeriodStart",B59+1,B59) -> 2 | C60: =IF(G60<>"PeriodStart",E59,18) -> 7 | D60: =F59 -> 21 | E60: 6 | F60: 39 | G60: OtherFaceoff | I60: 10 | J60: 3 | K60: 44 | L60: 80 | M60: 8 | O60: =O59 -> 31 | P60: 87 | Q60: 75 | S60: 93 | T60: 9 | V60: =V59 -> 39 | W60: =SUMIFS(events!AJ:AJ,events!Q:Q,"=DeadIce",events!AK:AK,"<="&shifts!AG60,events!AL:AL,">"&shifts!AH60,events!E:E,"="&shifts!B61)+SUMIFS(events!AJ:AJ,events!Q:Q,"=Timeout",events!AK:AK,"<="&shifts!AG60,events!AL:AL,">"&shifts!AH60,events!E:E,"="&shifts!B61) -> 0 | X60: =IF(OR($H59="Home Goal",$H59="Away Goal",$H59="Period End"),"",IF(Y59=1,1,"")) | Y60: 1 | Z60: =IF(OR($H59="Home Goal",$H59="Away Goal",$H59="Period End"),"",IF(AA59=1,1,"")) -> 1 | AB60: =IF(OR($H59="Home Goal",$H59="Away Goal",$H59="Period End"),1,IF(AC59=1,1,"")) | AD60: 19039 | AE60: Nelson | AF60: Velodrome | AG60: =((C60*60)+D60) -> 441 | AH60: =((E60*60)+F60) -> 399 | AI60: =ROUND(AG60-AH60,0) -> 42 | AJ60: =COUNTIF(I60:N60,">0") -> 5 | AK60: =COUNTIF(P60:U60,">0") -> 4 | AL60: =IF(O60="",1,0) -> 0 | AM60: =IF(V60="",1,0) -> 0 | AN60: =IF(AND($AL60<>1,$AJ60<$AK60,AM60<>1),1,) -> 0 | AO60: =IF(AND($AL60<>1,$AJ60>$AK60),1,) -> 1 | AP60: =IF(AN60=1,1,0) -> 0 | AQ60: =IF(AO60=1,1,0) -> 1 | AR60: =IF(AND(AJ60=5,AK60=5,AL60=0,AM60=0),"Full Strength",IF(AP60=1,"Away PowerPlay",IF(AO60=1,"Home PowerPlay",IF(AL60=1,"Home EmptyNet",IF(AM60=1,"Away EmptyNet",""))))) -> Home PowerPlay | AS60: =IF(AND(AL60=0,AM60=0),AJ60&"v"&AK60,IF(AL60=1,AJ60&"v"&AK60&" Home EN",IF(AM60=1,AJ60&"v"&AK60&" Away EN",""))) -> 5v4 | AT60: =IF($H59="Home Goal",AT59+1,AT59) -> 2 | AU60: =IF($H59="Away Goal",AU59+1,AU59) -> 1 | AV60: =IF(AND($H60="Home Goal", AO60=0),1,0) -> 0 | AW60: =IF(AX60=1,-1,0) -> 0 | AX60: =IF(AND($H60="Away Goal", AP60=0),1,0) -> 0 | AY60: =IF(AV60=1,-1,0) -> 0 | AZ60: =IFERROR(VLOOKUP(B60,events!AD:BR,37,FALSE),0) -> 1152 | BA60: =ROUND(IF(G60="Intermission",BA59,((1080)-((C60*60)+D60))+AZ60),0) -> 1791 | BB60: =IF(BA60<5,0,BA60-5) -> 1786 | BC60: =BB60+AI60+3 -> 1831
A61: =A60+1 -> 60 | B61: =IF(G61="PeriodStart",B60+1,B60) -> 2 | C61: =IF(G61<>"PeriodStart",E60,18) -> 6 | D61: =F60 -> 39 | E61: 6 | F61: 11 | I61: 10 | J61: 3 | K61: 44 | L61: 80 | M61: 8 | O61: =O60 -> 31 | P61: 70 | Q61: 87 | R61: 75 | S61: 93 | T61: 9 | V61: =V60 -> 39 | W61: =SUMIFS(events!AJ:AJ,events!Q:Q,"=DeadIce",events!AK:AK,"<="&shifts!AG61,events!AL:AL,">"&shifts!AH61,events!E:E,"="&shifts!B62)+SUMIFS(events!AJ:AJ,events!Q:Q,"=Timeout",events!AK:AK,"<="&shifts!AG61,events!AL:AL,">"&shifts!AH61,events!E:E,"="&shifts!B62) -> 0 | X61: =IF(OR($H60="Home Goal",$H60="Away Goal",$H60="Period End"),"",IF(Y60=1,1,"")) -> 1 | Y61: 1 | Z61: =IF(OR($H60="Home Goal",$H60="Away Goal",$H60="Period End"),"",IF(AA60=1,1,"")) | AB61: =IF(OR($H60="Home Goal",$H60="Away Goal",$H60="Period End"),1,IF(AC60=1,1,"")) | AD61: 19040 | AE61: Nelson | AF61: Velodrome | AG61: =((C61*60)+D61) -> 399 | AH61: =((E61*60)+F61) -> 371 | AI61: =ROUND(AG61-AH61,0) -> 28 | AJ61: =COUNTIF(I61:N61,">0") -> 5 | AK61: =COUNTIF(P61:U61,">0") -> 5 | AL61: =IF(O61="",1,0) -> 0 | AM61: =IF(V61="",1,0) -> 0 | AN61: =IF(AND($AL61<>1,$AJ61<$AK61,AM61<>1),1,) -> 0 | AO61: =IF(AND($AL61<>1,$AJ61>$AK61),1,) -> 0 | AP61: =IF(AN61=1,1,0) -> 0 | AQ61: =IF(AO61=1,1,0) -> 0 | AR61: =IF(AND(AJ61=5,AK61=5,AL61=0,AM61=0),"Full Strength",IF(AP61=1,"Away PowerPlay",IF(AO61=1,"Home PowerPlay",IF(AL61=1,"Home EmptyNet",IF(AM61=1,"Away EmptyNet",""))))) -> Full Strength | AS61: =IF(AND(AL61=0,AM61=0),AJ61&"v"&AK61,IF(AL61=1,AJ61&"v"&AK61&" Home EN",IF(AM61=1,AJ61&"v"&AK61&" Away EN",""))) -> 5v5 | AT61: =IF($H60="Home Goal",AT60+1,AT60) -> 2 | AU61: =IF($H60="Away Goal",AU60+1,AU60) -> 1 | AV61: =IF(AND($H61="Home Goal", AO61=0),1,0) -> 0 | AW61: =IF(AX61=1,-1,0) -> 0 | AX61: =IF(AND($H61="Away Goal", AP61=0),1,0) -> 0 | AY61: =IF(AV61=1,-1,0) -> 0 | AZ61: =IFERROR(VLOOKUP(B61,events!AD:BR,37,FALSE),0) -> 1152 | BA61: =ROUND(IF(G61="Intermission",BA60,((1080)-((C61*60)+D61))+AZ61),0) -> 1833 | BB61: =IF(BA61<5,0,BA61-5) -> 1828 | BC61: =BB61+AI61+3 -> 1859
A62: =A61+1 -> 61 | B62: =IF(G62="PeriodStart",B61+1,B61) -> 2 | C62: =IF(G62<>"PeriodStart",E61,18) -> 6 | D62: =F61 -> 11 | E62: 5 | F62: 21 | H62: Home Offside | I62: 10 | J62: 7 | K62: 44 | L62: 80 | M62: 8 | O62: =O61 -> 31 | P62: 70 | Q62: 87 | R62: 75 | S62: 93 | T62: 9 | V62: =V61 -> 39 | W62: =SUMIFS(events!AJ:AJ,events!Q:Q,"=DeadIce",events!AK:AK,"<="&shifts!AG62,events!AL:AL,">"&shifts!AH62,events!E:E,"="&shifts!B63)+SUMIFS(events!AJ:AJ,events!Q:Q,"=Timeout",events!AK:AK,"<="&shifts!AG62,events!AL:AL,">"&shifts!AH62,events!E:E,"="&shifts!B63) -> 0 | X62: =IF(OR($H61="Home Goal",$H61="Away Goal",$H61="Period End"),"",IF(Y61=1,1,"")) -> 1 | Z62: =IF(OR($H61="Home Goal",$H61="Away Goal",$H61="Period End"),"",IF(AA61=1,1,"")) | AB62: =IF(OR($H61="Home Goal",$H61="Away Goal",$H61="Period End"),1,IF(AC61=1,1,"")) | AC62: 1 | AD62: 19041 | AE62: Nelson | AF62: Velodrome | AG62: =((C62*60)+D62) -> 371 | AH62: =((E62*60)+F62) -> 321 | AI62: =ROUND(AG62-AH62,0) -> 50 | AJ62: =COUNTIF(I62:N62,">0") -> 5 | AK62: =COUNTIF(P62:U62,">0") -> 5 | AL62: =IF(O62="",1,0) -> 0 | AM62: =IF(V62="",1,0) -> 0 | AN62: =IF(AND($AL62<>1,$AJ62<$AK62,AM62<>1),1,) -> 0 | AO62: =IF(AND($AL62<>1,$AJ62>$AK62),1,) -> 0 | AP62: =IF(AN62=1,1,0) -> 0 | AQ62: =IF(AO62=1,1,0) -> 0 | AR62: =IF(AND(AJ62=5,AK62=5,AL62=0,AM62=0),"Full Strength",IF(AP62=1,"Away PowerPlay",IF(AO62=1,"Home PowerPlay",IF(AL62=1,"Home EmptyNet",IF(AM62=1,"Away EmptyNet",""))))) -> Full Strength | AS62: =IF(AND(AL62=0,AM62=0),AJ62&"v"&AK62,IF(AL62=1,AJ62&"v"&AK62&" Home EN",IF(AM62=1,AJ62&"v"&AK62&" Away EN",""))) -> 5v5 | AT62: =IF($H61="Home Goal",AT61+1,AT61) -> 2 | AU62: =IF($H61="Away Goal",AU61+1,AU61) -> 1 | AV62: =IF(AND($H62="Home Goal", AO62=0),1,0) -> 0 | AW62: =IF(AX62=1,-1,0) -> 0 | AX62: =IF(AND($H62="Away Goal", AP62=0),1,0) -> 0 | AY62: =IF(AV62=1,-1,0) -> 0 | AZ62: =IFERROR(VLOOKUP(B62,events!AD:BR,37,FALSE),0) -> 1152 | BA62: =ROUND(IF(G62="Intermission",BA61,((1080)-((C62*60)+D62))+AZ62),0) -> 1861 | BB62: =IF(BA62<5,0,BA62-5) -> 1856 | BC62: =BB62+AI62+3 -> 1909
A63: =A62+1 -> 62 | B63: =IF(G63="PeriodStart",B62+1,B62) -> 2 | C63: =IF(G63<>"PeriodStart",E62,18) -> 5 | D63: =F62 -> 21 | E63: 4 | F63: 27 | G63: OtherFaceoff | H63: Away Goalie Stopped (after Home SOG) | I63: 79 | J63: 15 | K63: 16 | L63: 80 | M63: 8 | O63: =O62 -> 31 | P63: 42 | Q63: 91 | R63: 24 | S63: 84 | T63: 9 | V63: =V62 -> 39 | W63: =SUMIFS(events!AJ:AJ,events!Q:Q,"=DeadIce",events!AK:AK,"<="&shifts!AG63,events!AL:AL,">"&shifts!AH63,events!E:E,"="&shifts!B64)+SUMIFS(events!AJ:AJ,events!Q:Q,"=Timeout",events!AK:AK,"<="&shifts!AG63,events!AL:AL,">"&shifts!AH63,events!E:E,"="&shifts!B64) -> 0 | X63: =IF(OR($H62="Home Goal",$H62="Away Goal",$H62="Period End"),"",IF(Y62=1,1,"")) | Z63: =IF(OR($H62="Home Goal",$H62="Away Goal",$H62="Period End"),"",IF(AA62=1,1,"")) | AA63: 1 | AB63: =IF(OR($H62="Home Goal",$H62="Away Goal",$H62="Period End"),1,IF(AC62=1,1,"")) -> 1 | AD63: 19042 | AE63: Nelson | AF63: Velodrome | AG63: =((C63*60)+D63) -> 321 | AH63: =((E63*60)+F63) -> 267 | AI63: =ROUND(AG63-AH63,0) -> 54 | AJ63: =COUNTIF(I63:N63,">0") -> 5 | AK63: =COUNTIF(P63:U63,">0") -> 5 | AL63: =IF(O63="",1,0) -> 0 | AM63: =IF(V63="",1,0) -> 0 | AN63: =IF(AND($AL63<>1,$AJ63<$AK63,AM63<>1),1,) -> 0 | AO63: =IF(AND($AL63<>1,$AJ63>$AK63),1,) -> 0 | AP63: =IF(AN63=1,1,0) -> 0 | AQ63: =IF(AO63=1,1,0) -> 0 | AR63: =IF(AND(AJ63=5,AK63=5,AL63=0,AM63=0),"Full Strength",IF(AP63=1,"Away PowerPlay",IF(AO63=1,"Home PowerPlay",IF(AL63=1,"Home EmptyNet",IF(AM63=1,"Away EmptyNet",""))))) -> Full Strength | AS63: =IF(AND(AL63=0,AM63=0),AJ63&"v"&AK63,IF(AL63=1,AJ63&"v"&AK63&" Home EN",IF(AM63=1,AJ63&"v"&AK63&" Away EN",""))) -> 5v5 | AT63: =IF($H62="Home Goal",AT62+1,AT62) -> 2 | AU63: =IF($H62="Away Goal",AU62+1,AU62) -> 1 | AV63: =IF(AND($H63="Home Goal", AO63=0),1,0) -> 0 | AW63: =IF(AX63=1,-1,0) -> 0 | AX63: =IF(AND($H63="Away Goal", AP63=0),1,0) -> 0 | AY63: =IF(AV63=1,-1,0) -> 0 | AZ63: =IFERROR(VLOOKUP(B63,events!AD:BR,37,FALSE),0) -> 1152 | BA63: =ROUND(IF(G63="Intermission",BA62,((1080)-((C63*60)+D63))+AZ63),0) -> 1911 | BB63: =IF(BA63<5,0,BA63-5) -> 1906 | BC63: =BB63+AI63+3 -> 1963
A64: =A63+1 -> 63 | B64: =IF(G64="PeriodStart",B63+1,B63) -> 2 | C64: =IF(G64<>"PeriodStart",E63,18) -> 4 | D64: =F63 -> 27 | E64: 3 | F64: 35 | G64: OtherFaceoff | I64: 79 | J64: 15 | K64: 16 | L64: 37 | M64: 23 | O64: =O63 -> 31 | P64: 42 | Q64: 91 | R64: 24 | S64: 84 | T64: 52 | V64: =V63 -> 39 | W64: =SUMIFS(events!AJ:AJ,events!Q:Q,"=DeadIce",events!AK:AK,"<="&shifts!AG64,events!AL:AL,">"&shifts!AH64,events!E:E,"="&shifts!B65)+SUMIFS(events!AJ:AJ,events!Q:Q,"=Timeout",events!AK:AK,"<="&shifts!AG64,events!AL:AL,">"&shifts!AH64,events!E:E,"="&shifts!B65) -> 0 | X64: =IF(OR($H63="Home Goal",$H63="Away Goal",$H63="Period End"),"",IF(Y63=1,1,"")) | Z64: =IF(OR($H63="Home Goal",$H63="Away Goal",$H63="Period End"),"",IF(AA63=1,1,"")) -> 1 | AA64: 1 | AB64: =IF(OR($H63="Home Goal",$H63="Away Goal",$H63="Period End"),1,IF(AC63=1,1,"")) | AD64: 19043 | AE64: Nelson | AF64: Velodrome | AG64: =((C64*60)+D64) -> 267 | AH64: =((E64*60)+F64) -> 215 | AI64: =ROUND(AG64-AH64,0) -> 52 | AJ64: =COUNTIF(I64:N64,">0") -> 5 | AK64: =COUNTIF(P64:U64,">0") -> 5 | AL64: =IF(O64="",1,0) -> 0 | AM64: =IF(V64="",1,0) -> 0 | AN64: =IF(AND($AL64<>1,$AJ64<$AK64,AM64<>1),1,) -> 0 | AO64: =IF(AND($AL64<>1,$AJ64>$AK64),1,) -> 0 | AP64: =IF(AN64=1,1,0) -> 0 | AQ64: =IF(AO64=1,1,0) -> 0 | AR64: =IF(AND(AJ64=5,AK64=5,AL64=0,AM64=0),"Full Strength",IF(AP64=1,"Away PowerPlay",IF(AO64=1,"Home PowerPlay",IF(AL64=1,"Home EmptyNet",IF(AM64=1,"Away EmptyNet",""))))) -> Full Strength | AS64: =IF(AND(AL64=0,AM64=0),AJ64&"v"&AK64,IF(AL64=1,AJ64&"v"&AK64&" Home EN",IF(AM64=1,AJ64&"v"&AK64&" Away EN",""))) -> 5v5 | AT64: =IF($H63="Home Goal",AT63+1,AT63) -> 2 | AU64: =IF($H63="Away Goal",AU63+1,AU63) -> 1 | AV64: =IF(AND($H64="Home Goal", AO64=0),1,0) -> 0 | AW64: =IF(AX64=1,-1,0) -> 0 | AX64: =IF(AND($H64="Away Goal", AP64=0),1,0) -> 0 | AY64: =IF(AV64=1,-1,0) -> 0 | AZ64: =IFERROR(VLOOKUP(B64,events!AD:BR,37,FALSE),0) -> 1152 | BA64: =ROUND(IF(G64="Intermission",BA63,((1080)-((C64*60)+D64))+AZ64),0) -> 1965 | BB64: =IF(BA64<5,0,BA64-5) -> 1960 | BC64: =BB64+AI64+3 -> 2015
A65: =A64+1 -> 64 | B65: =IF(G65="PeriodStart",B64+1,B64) -> 2 | C65: =IF(G65<>"PeriodStart",E64,18) -> 3 | D65: =F64 -> 35 | E65: 3 | F65: 32 | H65: Puck Out of Play | I65: 10 | J65: 15 | K65: 16 | L65: 37 | M65: 23 | O65: =O64 -> 31 | P65: 42 | Q65: 91 | R65: 24 | S65: 84 | T65: 52 | V65: =V64 -> 39 | W65: =SUMIFS(events!AJ:AJ,events!Q:Q,"=DeadIce",events!AK:AK,"<="&shifts!AG65,events!AL:AL,">"&shifts!AH65,events!E:E,"="&shifts!B66)+SUMIFS(events!AJ:AJ,events!Q:Q,"=Timeout",events!AK:AK,"<="&shifts!AG65,events!AL:AL,">"&shifts!AH65,events!E:E,"="&shifts!B66) -> 0 | X65: =IF(OR($H64="Home Goal",$H64="Away Goal",$H64="Period End"),"",IF(Y64=1,1,"")) | Z65: =IF(OR($H64="Home Goal",$H64="Away Goal",$H64="Period End"),"",IF(AA64=1,1,"")) -> 1 | AA65: 1 | AB65: =IF(OR($H64="Home Goal",$H64="Away Goal",$H64="Period End"),1,IF(AC64=1,1,"")) | AD65: 19044 | AE65: Nelson | AF65: Velodrome | AG65: =((C65*60)+D65) -> 215 | AH65: =((E65*60)+F65) -> 212 | AI65: =ROUND(AG65-AH65,0) -> 3 | AJ65: =COUNTIF(I65:N65,">0") -> 5 | AK65: =COUNTIF(P65:U65,">0") -> 5 | AL65: =IF(O65="",1,0) -> 0 | AM65: =IF(V65="",1,0) -> 0 | AN65: =IF(AND($AL65<>1,$AJ65<$AK65,AM65<>1),1,) -> 0 | AO65: =IF(AND($AL65<>1,$AJ65>$AK65),1,) -> 0 | AP65: =IF(AN65=1,1,0) -> 0 | AQ65: =IF(AO65=1,1,0) -> 0 | AR65: =IF(AND(AJ65=5,AK65=5,AL65=0,AM65=0),"Full Strength",IF(AP65=1,"Away PowerPlay",IF(AO65=1,"Home PowerPlay",IF(AL65=1,"Home EmptyNet",IF(AM65=1,"Away EmptyNet",""))))) -> Full Strength | AS65: =IF(AND(AL65=0,AM65=0),AJ65&"v"&AK65,IF(AL65=1,AJ65&"v"&AK65&" Home EN",IF(AM65=1,AJ65&"v"&AK65&" Away EN",""))) -> 5v5 | AT65: =IF($H64="Home Goal",AT64+1,AT64) -> 2 | AU65: =IF($H64="Away Goal",AU64+1,AU64) -> 1 | AV65: =IF(AND($H65="Home Goal", AO65=0),1,0) -> 0 | AW65: =IF(AX65=1,-1,0) -> 0 | AX65: =IF(AND($H65="Away Goal", AP65=0),1,0) -> 0 | AY65: =IF(AV65=1,-1,0) -> 0 | AZ65: =IFERROR(VLOOKUP(B65,events!AD:BR,37,FALSE),0) -> 1152 | BA65: =ROUND(IF(G65="Intermission",BA64,((1080)-((C65*60)+D65))+AZ65),0) -> 2017 | BB65: =IF(BA65<5,0,BA65-5) -> 2012 | BC65: =BB65+AI65+3 -> 2018
A66: =A65+1 -> 65 | B66: =IF(G66="PeriodStart",B65+1,B65) -> 2 | C66: =IF(G66<>"PeriodStart",E65,18) -> 3 | D66: =F65 -> 32 | E66: 2 | F66: 14 | G66: OtherFaceoff | I66: 10 | J66: 3 | K66: 44 | L66: 37 | M66: 23 | O66: =O65 -> 31 | P66: 42 | Q66: 91 | R66: 24 | S66: 22 | T66: 52 | V66: =V65 -> 39 | W66: =SUMIFS(events!AJ:AJ,events!Q:Q,"=DeadIce",events!AK:AK,"<="&shifts!AG66,events!AL:AL,">"&shifts!AH66,events!E:E,"="&shifts!B67)+SUMIFS(events!AJ:AJ,events!Q:Q,"=Timeout",events!AK:AK,"<="&shifts!AG66,events!AL:AL,">"&shifts!AH66,events!E:E,"="&shifts!B67) -> 0 | X66: =IF(OR($H65="Home Goal",$H65="Away Goal",$H65="Period End"),"",IF(Y65=1,1,"")) | Y66: 1 | Z66: =IF(OR($H65="Home Goal",$H65="Away Goal",$H65="Period End"),"",IF(AA65=1,1,"")) -> 1 | AB66: =IF(OR($H65="Home Goal",$H65="Away Goal",$H65="Period End"),1,IF(AC65=1,1,"")) | AD66: 19045 | AE66: Nelson | AF66: Velodrome | AG66: =((C66*60)+D66) -> 212 | AH66: =((E66*60)+F66) -> 134 | AI66: =ROUND(AG66-AH66,0) -> 78 | AJ66: =COUNTIF(I66:N66,">0") -> 5 | AK66: =COUNTIF(P66:U66,">0") -> 5 | AL66: =IF(O66="",1,0) -> 0 | AM66: =IF(V66="",1,0) -> 0 | AN66: =IF(AND($AL66<>1,$AJ66<$AK66,AM66<>1),1,) -> 0 | AO66: =IF(AND($AL66<>1,$AJ66>$AK66),1,) -> 0 | AP66: =IF(AN66=1,1,0) -> 0 | AQ66: =IF(AO66=1,1,0) -> 0 | AR66: =IF(AND(AJ66=5,AK66=5,AL66=0,AM66=0),"Full Strength",IF(AP66=1,"Away PowerPlay",IF(AO66=1,"Home PowerPlay",IF(AL66=1,"Home EmptyNet",IF(AM66=1,"Away EmptyNet",""))))) -> Full Strength | AS66: =IF(AND(AL66=0,AM66=0),AJ66&"v"&AK66,IF(AL66=1,AJ66&"v"&AK66&" Home EN",IF(AM66=1,AJ66&"v"&AK66&" Away EN",""))) -> 5v5 | AT66: =IF($H65="Home Goal",AT65+1,AT65) -> 2 | AU66: =IF($H65="Away Goal",AU65+1,AU65) -> 1 | AV66: =IF(AND($H66="Home Goal", AO66=0),1,0) -> 0 | AW66: =IF(AX66=1,-1,0) -> 0 | AX66: =IF(AND($H66="Away Goal", AP66=0),1,0) -> 0 | AY66: =IF(AV66=1,-1,0) -> 0 | AZ66: =IFERROR(VLOOKUP(B66,events!AD:BR,37,FALSE),0) -> 1152 | BA66: =ROUND(IF(G66="Intermission",BA65,((1080)-((C66*60)+D66))+AZ66),0) -> 2020 | BB66: =IF(BA66<5,0,BA66-5) -> 2015 | BC66: =BB66+AI66+3 -> 2096
A67: =A66+1 -> 66 | B67: =IF(G67="PeriodStart",B66+1,B66) -> 2 | C67: =IF(G67<>"PeriodStart",E66,18) -> 2 | D67: =F66 -> 14 | E67: 2 | F67: 07 | I67: 10 | J67: 3 | K67: 44 | L67: 37 | M67: 23 | N67: 41.4 | O67: =O66 -> 31 | P67: 49 | Q67: 91 | R67: 24 | S67: 22 | T67: 52 | V67: =V66 -> 39 | W67: =SUMIFS(events!AJ:AJ,events!Q:Q,"=DeadIce",events!AK:AK,"<="&shifts!AG67,events!AL:AL,">"&shifts!AH67,events!E:E,"="&shifts!B68)+SUMIFS(events!AJ:AJ,events!Q:Q,"=Timeout",events!AK:AK,"<="&shifts!AG67,events!AL:AL,">"&shifts!AH67,events!E:E,"="&shifts!B68) -> 0 | X67: =IF(OR($H66="Home Goal",$H66="Away Goal",$H66="Period End"),"",IF(Y66=1,1,"")) -> 1 | Y67: 1 | Z67: =IF(OR($H66="Home Goal",$H66="Away Goal",$H66="Period End"),"",IF(AA66=1,1,"")) | AB67: =IF(OR($H66="Home Goal",$H66="Away Goal",$H66="Period End"),1,IF(AC66=1,1,"")) | AD67: 19046 | AE67: Nelson | AF67: Velodrome | AG67: =((C67*60)+D67) -> 134 | AH67: =((E67*60)+F67) -> 127 | AI67: =ROUND(AG67-AH67,0) -> 7 | AJ67: =COUNTIF(I67:N67,">0") -> 6 | AK67: =COUNTIF(P67:U67,">0") -> 5 | AL67: =IF(O67="",1,0) -> 0 | AM67: =IF(V67="",1,0) -> 0 | AN67: =IF(AND($AL67<>1,$AJ67<$AK67,AM67<>1),1,) -> 0 | AO67: =IF(AND($AL67<>1,$AJ67>$AK67),1,) -> 1 | AP67: =IF(AN67=1,1,0) -> 0 | AQ67: =IF(AO67=1,1,0) -> 1 | AR67: =IF(AND(AJ67=5,AK67=5,AL67=0,AM67=0),"Full Strength",IF(AP67=1,"Away PowerPlay",IF(AO67=1,"Home PowerPlay",IF(AL67=1,"Home EmptyNet",IF(AM67=1,"Away EmptyNet",""))))) -> Home PowerPlay | AS67: =IF(AND(AL67=0,AM67=0),AJ67&"v"&AK67,IF(AL67=1,AJ67&"v"&AK67&" Home EN",IF(AM67=1,AJ67&"v"&AK67&" Away EN",""))) -> 6v5 | AT67: =IF($H66="Home Goal",AT66+1,AT66) -> 2 | AU67: =IF($H66="Away Goal",AU66+1,AU66) -> 1 | AV67: =IF(AND($H67="Home Goal", AO67=0),1,0) -> 0 | AW67: =IF(AX67=1,-1,0) -> 0 | AX67: =IF(AND($H67="Away Goal", AP67=0),1,0) -> 0 | AY67: =IF(AV67=1,-1,0) -> 0 | AZ67: =IFERROR(VLOOKUP(B67,events!AD:BR,37,FALSE),0) -> 1152 | BA67: =ROUND(IF(G67="Intermission",BA66,((1080)-((C67*60)+D67))+AZ67),0) -> 2098 | BB67: =IF(BA67<5,0,BA67-5) -> 2093 | BC67: =BB67+AI67+3 -> 2103
A68: =A67+1 -> 67 | B68: =IF(G68="PeriodStart",B67+1,B67) -> 2 | C68: =IF(G68<>"PeriodStart",E67,18) -> 2 | D68: =F67 -> 07 | E68: 2 | F68: 02 | I68: 10 | J68: 3 | K68: 44 | L68: 37 | M68: 23 | O68: =O67 -> 31 | P68: 49 | Q68: 14 | R68: 24 | S68: 22 | T68: 52 | V68: =V67 -> 39 | W68: =SUMIFS(events!AJ:AJ,events!Q:Q,"=DeadIce",events!AK:AK,"<="&shifts!AG68,events!AL:AL,">"&shifts!AH68,events!E:E,"="&shifts!B69)+SUMIFS(events!AJ:AJ,events!Q:Q,"=Timeout",events!AK:AK,"<="&shifts!AG68,events!AL:AL,">"&shifts!AH68,events!E:E,"="&shifts!B69) -> 0 | X68: =IF(OR($H67="Home Goal",$H67="Away Goal",$H67="Period End"),"",IF(Y67=1,1,"")) -> 1 | Y68: 1 | Z68: =IF(OR($H67="Home Goal",$H67="Away Goal",$H67="Period End"),"",IF(AA67=1,1,"")) | AB68: =IF(OR($H67="Home Goal",$H67="Away Goal",$H67="Period End"),1,IF(AC67=1,1,"")) | AD68: 19047 | AE68: Nelson | AF68: Velodrome | AG68: =((C68*60)+D68) -> 127 | AH68: =((E68*60)+F68) -> 122 | AI68: =ROUND(AG68-AH68,0) -> 5 | AJ68: =COUNTIF(I68:N68,">0") -> 5 | AK68: =COUNTIF(P68:U68,">0") -> 5 | AL68: =IF(O68="",1,0) -> 0 | AM68: =IF(V68="",1,0) -> 0 | AN68: =IF(AND($AL68<>1,$AJ68<$AK68,AM68<>1),1,) -> 0 | AO68: =IF(AND($AL68<>1,$AJ68>$AK68),1,) -> 0 | AP68: =IF(AN68=1,1,0) -> 0 | AQ68: =IF(AO68=1,1,0) -> 0 | AR68: =IF(AND(AJ68=5,AK68=5,AL68=0,AM68=0),"Full Strength",IF(AP68=1,"Away PowerPlay",IF(AO68=1,"Home PowerPlay",IF(AL68=1,"Home EmptyNet",IF(AM68=1,"Away EmptyNet",""))))) -> Full Strength | AS68: =IF(AND(AL68=0,AM68=0),AJ68&"v"&AK68,IF(AL68=1,AJ68&"v"&AK68&" Home EN",IF(AM68=1,AJ68&"v"&AK68&" Away EN",""))) -> 5v5 | AT68: =IF($H67="Home Goal",AT67+1,AT67) -> 2 | AU68: =IF($H67="Away Goal",AU67+1,AU67) -> 1 | AV68: =IF(AND($H68="Home Goal", AO68=0),1,0) -> 0 | AW68: =IF(AX68=1,-1,0) -> 0 | AX68: =IF(AND($H68="Away Goal", AP68=0),1,0) -> 0 | AY68: =IF(AV68=1,-1,0) -> 0 | AZ68: =IFERROR(VLOOKUP(B68,events!AD:BR,37,FALSE),0) -> 1152 | BA68: =ROUND(IF(G68="Intermission",BA67,((1080)-((C68*60)+D68))+AZ68),0) -> 2105 | BB68: =IF(BA68<5,0,BA68-5) -> 2100 | BC68: =BB68+AI68+3 -> 2108
A69: =A68+1 -> 68 | B69: =IF(G69="PeriodStart",B68+1,B68) -> 2 | C69: =IF(G69<>"PeriodStart",E68,18) -> 2 | D69: =F68 -> 02 | E69: 1 | F69: 55 | I69: 10 | J69: 3 | K69: 44 | L69: 37 | M69: 23 | O69: =O68 -> 31 | P69: 49 | Q69: 14 | R69: 24 | S69: 93 | T69: 52 | V69: =V68 -> 39 | W69: =SUMIFS(events!AJ:AJ,events!Q:Q,"=DeadIce",events!AK:AK,"<="&shifts!AG69,events!AL:AL,">"&shifts!AH69,events!E:E,"="&shifts!B70)+SUMIFS(events!AJ:AJ,events!Q:Q,"=Timeout",events!AK:AK,"<="&shifts!AG69,events!AL:AL,">"&shifts!AH69,events!E:E,"="&shifts!B70) -> 0 | X69: =IF(OR($H68="Home Goal",$H68="Away Goal",$H68="Period End"),"",IF(Y68=1,1,"")) -> 1 | Z69: =IF(OR($H68="Home Goal",$H68="Away Goal",$H68="Period End"),"",IF(AA68=1,1,"")) | AB69: =IF(OR($H68="Home Goal",$H68="Away Goal",$H68="Period End"),1,IF(AC68=1,1,"")) | AC69: 1 | AD69: 19048 | AE69: Nelson | AF69: Velodrome | AG69: =((C69*60)+D69) -> 122 | AH69: =((E69*60)+F69) -> 115 | AI69: =ROUND(AG69-AH69,0) -> 7 | AJ69: =COUNTIF(I69:N69,">0") -> 5 | AK69: =COUNTIF(P69:U69,">0") -> 5 | AL69: =IF(O69="",1,0) -> 0 | AM69: =IF(V69="",1,0) -> 0 | AN69: =IF(AND($AL69<>1,$AJ69<$AK69,AM69<>1),1,) -> 0 | AO69: =IF(AND($AL69<>1,$AJ69>$AK69),1,) -> 0 | AP69: =IF(AN69=1,1,0) -> 0 | AQ69: =IF(AO69=1,1,0) -> 0 | AR69: =IF(AND(AJ69=5,AK69=5,AL69=0,AM69=0),"Full Strength",IF(AP69=1,"Away PowerPlay",IF(AO69=1,"Home PowerPlay",IF(AL69=1,"Home EmptyNet",IF(AM69=1,"Away EmptyNet",""))))) -> Full Strength | AS69: =IF(AND(AL69=0,AM69=0),AJ69&"v"&AK69,IF(AL69=1,AJ69&"v"&AK69&" Home EN",IF(AM69=1,AJ69&"v"&AK69&" Away EN",""))) -> 5v5 | AT69: =IF($H68="Home Goal",AT68+1,AT68) -> 2 | AU69: =IF($H68="Away Goal",AU68+1,AU68) -> 1 | AV69: =IF(AND($H69="Home Goal", AO69=0),1,0) -> 0 | AW69: =IF(AX69=1,-1,0) -> 0 | AX69: =IF(AND($H69="Away Goal", AP69=0),1,0) -> 0 | AY69: =IF(AV69=1,-1,0) -> 0 | AZ69: =IFERROR(VLOOKUP(B69,events!AD:BR,37,FALSE),0) -> 1152 | BA69: =ROUND(IF(G69="Intermission",BA68,((1080)-((C69*60)+D69))+AZ69),0) -> 2110 | BB69: =IF(BA69<5,0,BA69-5) -> 2105 | BC69: =BB69+AI69+3 -> 2115
A70: =A69+1 -> 69 | B70: =IF(G70="PeriodStart",B69+1,B69) -> 2 | C70: =IF(G70<>"PeriodStart",E69,18) -> 1 | D70: =F69 -> 55 | E70: 1 | F70: 38 | I70: 10 | J70: 3 | K70: 44 | L70: 37 | M70: 23 | O70: =O69 -> 31 | P70: 49 | Q70: 14 | R70: 61 | S70: 93 | T70: 52 | V70: =V69 -> 39 | W70: =SUMIFS(events!AJ:AJ,events!Q:Q,"=DeadIce",events!AK:AK,"<="&shifts!AG70,events!AL:AL,">"&shifts!AH70,events!E:E,"="&shifts!B71)+SUMIFS(events!AJ:AJ,events!Q:Q,"=Timeout",events!AK:AK,"<="&shifts!AG70,events!AL:AL,">"&shifts!AH70,events!E:E,"="&shifts!B71) -> 0 | X70: =IF(OR($H69="Home Goal",$H69="Away Goal",$H69="Period End"),"",IF(Y69=1,1,"")) | Y70: 1 | Z70: =IF(OR($H69="Home Goal",$H69="Away Goal",$H69="Period End"),"",IF(AA69=1,1,"")) | AB70: =IF(OR($H69="Home Goal",$H69="Away Goal",$H69="Period End"),1,IF(AC69=1,1,"")) -> 1 | AD70: 19049 | AE70: Nelson | AF70: Velodrome | AG70: =((C70*60)+D70) -> 115 | AH70: =((E70*60)+F70) -> 98 | AI70: =ROUND(AG70-AH70,0) -> 17 | AJ70: =COUNTIF(I70:N70,">0") -> 5 | AK70: =COUNTIF(P70:U70,">0") -> 5 | AL70: =IF(O70="",1,0) -> 0 | AM70: =IF(V70="",1,0) -> 0 | AN70: =IF(AND($AL70<>1,$AJ70<$AK70,AM70<>1),1,) -> 0 | AO70: =IF(AND($AL70<>1,$AJ70>$AK70),1,) -> 0 | AP70: =IF(AN70=1,1,0) -> 0 | AQ70: =IF(AO70=1,1,0) -> 0 | AR70: =IF(AND(AJ70=5,AK70=5,AL70=0,AM70=0),"Full Strength",IF(AP70=1,"Away PowerPlay",IF(AO70=1,"Home PowerPlay",IF(AL70=1,"Home EmptyNet",IF(AM70=1,"Away EmptyNet",""))))) -> Full Strength | AS70: =IF(AND(AL70=0,AM70=0),AJ70&"v"&AK70,IF(AL70=1,AJ70&"v"&AK70&" Home EN",IF(AM70=1,AJ70&"v"&AK70&" Away EN",""))) -> 5v5 | AT70: =IF($H69="Home Goal",AT69+1,AT69) -> 2 | AU70: =IF($H69="Away Goal",AU69+1,AU69) -> 1 | AV70: =IF(AND($H70="Home Goal", AO70=0),1,0) -> 0 | AW70: =IF(AX70=1,-1,0) -> 0 | AX70: =IF(AND($H70="Away Goal", AP70=0),1,0) -> 0 | AY70: =IF(AV70=1,-1,0) -> 0 | AZ70: =IFERROR(VLOOKUP(B70,events!AD:BR,37,FALSE),0) -> 1152 | BA70: =ROUND(IF(G70="Intermission",BA69,((1080)-((C70*60)+D70))+AZ70),0) -> 2117 | BB70: =IF(BA70<5,0,BA70-5) -> 2112 | BC70: =BB70+AI70+3 -> 2132
A71: =A70+1 -> 70 | B71: =IF(G71="PeriodStart",B70+1,B70) -> 2 | C71: =IF(G71<>"PeriodStart",E70,18) -> 1 | D71: =F70 -> 38 | E71: 0 | F71: 59 | I71: 10 | J71: 7 | K71: 44 | L71: 37 | M71: 23 | O71: =O70 -> 31 | P71: 49 | Q71: 14 | R71: 61 | S71: 93 | T71: 52 | V71: =V70 -> 39 | W71: =SUMIFS(events!AJ:AJ,events!Q:Q,"=DeadIce",events!AK:AK,"<="&shifts!AG71,events!AL:AL,">"&shifts!AH71,events!E:E,"="&shifts!B72)+SUMIFS(events!AJ:AJ,events!Q:Q,"=Timeout",events!AK:AK,"<="&shifts!AG71,events!AL:AL,">"&shifts!AH71,events!E:E,"="&shifts!B72) -> 0 | X71: =IF(OR($H70="Home Goal",$H70="Away Goal",$H70="Period End"),"",IF(Y70=1,1,"")) -> 1 | Z71: =IF(OR($H70="Home Goal",$H70="Away Goal",$H70="Period End"),"",IF(AA70=1,1,"")) | AA71: 1 | AB71: =IF(OR($H70="Home Goal",$H70="Away Goal",$H70="Period End"),1,IF(AC70=1,1,"")) | AD71: 19050 | AE71: Nelson | AF71: Velodrome | AG71: =((C71*60)+D71) -> 98 | AH71: =((E71*60)+F71) -> 59 | AI71: =ROUND(AG71-AH71,0) -> 39 | AJ71: =COUNTIF(I71:N71,">0") -> 5 | AK71: =COUNTIF(P71:U71,">0") -> 5 | AL71: =IF(O71="",1,0) -> 0 | AM71: =IF(V71="",1,0) -> 0 | AN71: =IF(AND($AL71<>1,$AJ71<$AK71,AM71<>1),1,) -> 0 | AO71: =IF(AND($AL71<>1,$AJ71>$AK71),1,) -> 0 | AP71: =IF(AN71=1,1,0) -> 0 | AQ71: =IF(AO71=1,1,0) -> 0 | AR71: =IF(AND(AJ71=5,AK71=5,AL71=0,AM71=0),"Full Strength",IF(AP71=1,"Away PowerPlay",IF(AO71=1,"Home PowerPlay",IF(AL71=1,"Home EmptyNet",IF(AM71=1,"Away EmptyNet",""))))) -> Full Strength | AS71: =IF(AND(AL71=0,AM71=0),AJ71&"v"&AK71,IF(AL71=1,AJ71&"v"&AK71&" Home EN",IF(AM71=1,AJ71&"v"&AK71&" Away EN",""))) -> 5v5 | AT71: =IF($H70="Home Goal",AT70+1,AT70) -> 2 | AU71: =IF($H70="Away Goal",AU70+1,AU70) -> 1 | AV71: =IF(AND($H71="Home Goal", AO71=0),1,0) -> 0 | AW71: =IF(AX71=1,-1,0) -> 0 | AX71: =IF(AND($H71="Away Goal", AP71=0),1,0) -> 0 | AY71: =IF(AV71=1,-1,0) -> 0 | AZ71: =IFERROR(VLOOKUP(B71,events!AD:BR,37,FALSE),0) -> 1152 | BA71: =ROUND(IF(G71="Intermission",BA70,((1080)-((C71*60)+D71))+AZ71),0) -> 2134 | BB71: =IF(BA71<5,0,BA71-5) -> 2129 | BC71: =BB71+AI71+3 -> 2171
A72: =A71+1 -> 71 | B72: =IF(G72="PeriodStart",B71+1,B71) -> 2 | C72: =IF(G72<>"PeriodStart",E71,18) -> 0 | D72: =F71 -> 59 | E72: 0 | F72: 44 | I72: 10 | J72: 7 | K72: 16 | L72: 37 | M72: 23 | O72: =O71 -> 31 | P72: 49 | Q72: 14 | R72: 61 | S72: 93 | T72: 52 | V72: =V71 -> 39 | W72: =SUMIFS(events!AJ:AJ,events!Q:Q,"=DeadIce",events!AK:AK,"<="&shifts!AG72,events!AL:AL,">"&shifts!AH72,events!E:E,"="&shifts!B73)+SUMIFS(events!AJ:AJ,events!Q:Q,"=Timeout",events!AK:AK,"<="&shifts!AG72,events!AL:AL,">"&shifts!AH72,events!E:E,"="&shifts!B73) -> 0 | X72: =IF(OR($H71="Home Goal",$H71="Away Goal",$H71="Period End"),"",IF(Y71=1,1,"")) | Y72: 1 | Z72: =IF(OR($H71="Home Goal",$H71="Away Goal",$H71="Period End"),"",IF(AA71=1,1,"")) -> 1 | AB72: =IF(OR($H71="Home Goal",$H71="Away Goal",$H71="Period End"),1,IF(AC71=1,1,"")) | AD72: 19051 | AE72: Nelson | AF72: Velodrome | AG72: =((C72*60)+D72) -> 59 | AH72: =((E72*60)+F72) -> 44 | AI72: =ROUND(AG72-AH72,0) -> 15 | AJ72: =COUNTIF(I72:N72,">0") -> 5 | AK72: =COUNTIF(P72:U72,">0") -> 5 | AL72: =IF(O72="",1,0) -> 0 | AM72: =IF(V72="",1,0) -> 0 | AN72: =IF(AND($AL72<>1,$AJ72<$AK72,AM72<>1),1,) -> 0 | AO72: =IF(AND($AL72<>1,$AJ72>$AK72),1,) -> 0 | AP72: =IF(AN72=1,1,0) -> 0 | AQ72: =IF(AO72=1,1,0) -> 0 | AR72: =IF(AND(AJ72=5,AK72=5,AL72=0,AM72=0),"Full Strength",IF(AP72=1,"Away PowerPlay",IF(AO72=1,"Home PowerPlay",IF(AL72=1,"Home EmptyNet",IF(AM72=1,"Away EmptyNet",""))))) -> Full Strength | AS72: =IF(AND(AL72=0,AM72=0),AJ72&"v"&AK72,IF(AL72=1,AJ72&"v"&AK72&" Home EN",IF(AM72=1,AJ72&"v"&AK72&" Away EN",""))) -> 5v5 | AT72: =IF($H71="Home Goal",AT71+1,AT71) -> 2 | AU72: =IF($H71="Away Goal",AU71+1,AU71) -> 1 | AV72: =IF(AND($H72="Home Goal", AO72=0),1,0) -> 0 | AW72: =IF(AX72=1,-1,0) -> 0 | AX72: =IF(AND($H72="Away Goal", AP72=0),1,0) -> 0 | AY72: =IF(AV72=1,-1,0) -> 0 | AZ72: =IFERROR(VLOOKUP(B72,events!AD:BR,37,FALSE),0) -> 1152 | BA72: =ROUND(IF(G72="Intermission",BA71,((1080)-((C72*60)+D72))+AZ72),0) -> 2173 | BB72: =IF(BA72<5,0,BA72-5) -> 2168 | BC72: =BB72+AI72+3 -> 2186
A73: =A72+1 -> 72 | B73: =IF(G73="PeriodStart",B72+1,B72) -> 2 | C73: =IF(G73<>"PeriodStart",E72,18) -> 0 | D73: =F72 -> 44 | E73: 0 | F73: 22 | I73: 79 | J73: 7 | K73: 16 | L73: 80 | M73: 8 | O73: =O72 -> 31 | P73: 49 | Q73: 14 | R73: 61 | S73: 93 | T73: 52 | V73: =V72 -> 39 | W73: =SUMIFS(events!AJ:AJ,events!Q:Q,"=DeadIce",events!AK:AK,"<="&shifts!AG73,events!AL:AL,">"&shifts!AH73,events!E:E,"="&shifts!B74)+SUMIFS(events!AJ:AJ,events!Q:Q,"=Timeout",events!AK:AK,"<="&shifts!AG73,events!AL:AL,">"&shifts!AH73,events!E:E,"="&shifts!B74) -> 0 | X73: =IF(OR($H72="Home Goal",$H72="Away Goal",$H72="Period End"),"",IF(Y72=1,1,"")) -> 1 | Y73: 1 | Z73: =IF(OR($H72="Home Goal",$H72="Away Goal",$H72="Period End"),"",IF(AA72=1,1,"")) | AB73: =IF(OR($H72="Home Goal",$H72="Away Goal",$H72="Period End"),1,IF(AC72=1,1,"")) | AD73: 19052 | AE73: Nelson | AF73: Velodrome | AG73: =((C73*60)+D73) -> 44 | AH73: =((E73*60)+F73) -> 22 | AI73: =ROUND(AG73-AH73,0) -> 22 | AJ73: =COUNTIF(I73:N73,">0") -> 5 | AK73: =COUNTIF(P73:U73,">0") -> 5 | AL73: =IF(O73="",1,0) -> 0 | AM73: =IF(V73="",1,0) -> 0 | AN73: =IF(AND($AL73<>1,$AJ73<$AK73,AM73<>1),1,) -> 0 | AO73: =IF(AND($AL73<>1,$AJ73>$AK73),1,) -> 0 | AP73: =IF(AN73=1,1,0) -> 0 | AQ73: =IF(AO73=1,1,0) -> 0 | AR73: =IF(AND(AJ73=5,AK73=5,AL73=0,AM73=0),"Full Strength",IF(AP73=1,"Away PowerPlay",IF(AO73=1,"Home PowerPlay",IF(AL73=1,"Home EmptyNet",IF(AM73=1,"Away EmptyNet",""))))) -> Full Strength | AS73: =IF(AND(AL73=0,AM73=0),AJ73&"v"&AK73,IF(AL73=1,AJ73&"v"&AK73&" Home EN",IF(AM73=1,AJ73&"v"&AK73&" Away EN",""))) -> 5v5 | AT73: =IF($H72="Home Goal",AT72+1,AT72) -> 2 | AU73: =IF($H72="Away Goal",AU72+1,AU72) -> 1 | AV73: =IF(AND($H73="Home Goal", AO73=0),1,0) -> 0 | AW73: =IF(AX73=1,-1,0) -> 0 | AX73: =IF(AND($H73="Away Goal", AP73=0),1,0) -> 0 | AY73: =IF(AV73=1,-1,0) -> 0 | AZ73: =IFERROR(VLOOKUP(B73,events!AD:BR,37,FALSE),0) -> 1152 | BA73: =ROUND(IF(G73="Intermission",BA72,((1080)-((C73*60)+D73))+AZ73),0) -> 2188 | BB73: =IF(BA73<5,0,BA73-5) -> 2183 | BC73: =BB73+AI73+3 -> 2208
A74: =A73+1 -> 73 | B74: =IF(G74="PeriodStart",B73+1,B73) -> 2 | C74: =IF(G74<>"PeriodStart",E73,18) -> 0 | D74: =F73 -> 22 | E74: 0 | F74: 0.01 | H74: Period End | I74: 79 | J74: 7 | K74: 16 | L74: 80 | M74: 8 | O74: =O73 -> 31 | P74: 49 | Q74: 14 | R74: 61 | S74: 93 | T74: 9 | V74: =V73 -> 39 | W74: =SUMIFS(events!AJ:AJ,events!Q:Q,"=DeadIce",events!AK:AK,"<="&shifts!AG74,events!AL:AL,">"&shifts!AH74,events!E:E,"="&shifts!B75)+SUMIFS(events!AJ:AJ,events!Q:Q,"=Timeout",events!AK:AK,"<="&shifts!AG74,events!AL:AL,">"&shifts!AH74,events!E:E,"="&shifts!B75) -> 0 | X74: =IF(OR($H73="Home Goal",$H73="Away Goal",$H73="Period End"),"",IF(Y73=1,1,"")) -> 1 | Z74: =IF(OR($H73="Home Goal",$H73="Away Goal",$H73="Period End"),"",IF(AA73=1,1,"")) | AA74: 1 | AB74: =IF(OR($H73="Home Goal",$H73="Away Goal",$H73="Period End"),1,IF(AC73=1,1,"")) | AD74: 19053 | AE74: Nelson | AF74: Velodrome | AG74: =((C74*60)+D74) -> 22 | AH74: =((E74*60)+F74) -> 0.01 | AI74: =ROUND(AG74-AH74,0) -> 22 | AJ74: =COUNTIF(I74:N74,">0") -> 5 | AK74: =COUNTIF(P74:U74,">0") -> 5 | AL74: =IF(O74="",1,0) -> 0 | AM74: =IF(V74="",1,0) -> 0 | AN74: =IF(AND($AL74<>1,$AJ74<$AK74,AM74<>1),1,) -> 0 | AO74: =IF(AND($AL74<>1,$AJ74>$AK74),1,) -> 0 | AP74: =IF(AN74=1,1,0) -> 0 | AQ74: =IF(AO74=1,1,0) -> 0 | AR74: =IF(AND(AJ74=5,AK74=5,AL74=0,AM74=0),"Full Strength",IF(AP74=1,"Away PowerPlay",IF(AO74=1,"Home PowerPlay",IF(AL74=1,"Home EmptyNet",IF(AM74=1,"Away EmptyNet",""))))) -> Full Strength | AS74: =IF(AND(AL74=0,AM74=0),AJ74&"v"&AK74,IF(AL74=1,AJ74&"v"&AK74&" Home EN",IF(AM74=1,AJ74&"v"&AK74&" Away EN",""))) -> 5v5 | AT74: =IF($H73="Home Goal",AT73+1,AT73) -> 2 | AU74: =IF($H73="Away Goal",AU73+1,AU73) -> 1 | AV74: =IF(AND($H74="Home Goal", AO74=0),1,0) -> 0 | AW74: =IF(AX74=1,-1,0) -> 0 | AX74: =IF(AND($H74="Away Goal", AP74=0),1,0) -> 0 | AY74: =IF(AV74=1,-1,0) -> 0 | AZ74: =IFERROR(VLOOKUP(B74,events!AD:BR,37,FALSE),0) -> 1152 | BA74: =ROUND(IF(G74="Intermission",BA73,((1080)-((C74*60)+D74))+AZ74),0) -> 2210 | BB74: =IF(BA74<5,0,BA74-5) -> 2205 | BC74: =BB74+AI74+3 -> 2230
A75: =A74+1 -> 74 | B75: =IF(G75="PeriodStart",B74+1,B74) -> 2 | C75: =IF(G75<>"PeriodStart",E74,18) -> 0 | D75: =F74 -> 0.01 | G75: Intermission | O75: =O74 -> 31 | V75: =V74 -> 39 | W75: =SUMIFS(events!AJ:AJ,events!Q:Q,"=DeadIce",events!AK:AK,"<="&shifts!AG75,events!AL:AL,">"&shifts!AH75,events!E:E,"="&shifts!B76)+SUMIFS(events!AJ:AJ,events!Q:Q,"=Timeout",events!AK:AK,"<="&shifts!AG75,events!AL:AL,">"&shifts!AH75,events!E:E,"="&shifts!B76) -> 0 | X75: =IF(OR($H74="Home Goal",$H74="Away Goal",$H74="Period End"),"",IF(Y74=1,1,"")) | Z75: =IF(OR($H74="Home Goal",$H74="Away Goal",$H74="Period End"),"",IF(AA74=1,1,"")) | AB75: =IF(OR($H74="Home Goal",$H74="Away Goal",$H74="Period End"),1,IF(AC74=1,1,"")) -> 1 | AD75: 19054 | AE75: Nelson | AF75: Velodrome | AG75: =((C75*60)+D75) -> 0.01 | AH75: =((E75*60)+F75) -> 0 | AI75: =ROUND(AG75-AH75,0) -> 0 | AJ75: =COUNTIF(I75:N75,">0") -> 0 | AK75: =COUNTIF(P75:U75,">0") -> 0 | AL75: =IF(O75="",1,0) -> 0 | AM75: =IF(V75="",1,0) -> 0 | AN75: =IF(AND($AL75<>1,$AJ75<$AK75,AM75<>1),1,) -> 0 | AO75: =IF(AND($AL75<>1,$AJ75>$AK75),1,) -> 0 | AP75: =IF(AN75=1,1,0) -> 0 | AQ75: =IF(AO75=1,1,0) -> 0 | AR75: =IF(AND(AJ75=5,AK75=5,AL75=0,AM75=0),"Full Strength",IF(AP75=1,"Away PowerPlay",IF(AO75=1,"Home PowerPlay",IF(AL75=1,"Home EmptyNet",IF(AM75=1,"Away EmptyNet",""))))) | AS75: =IF(AND(AL75=0,AM75=0),AJ75&"v"&AK75,IF(AL75=1,AJ75&"v"&AK75&" Home EN",IF(AM75=1,AJ75&"v"&AK75&" Away EN",""))) -> 0v0 | AT75: =IF($H74="Home Goal",AT74+1,AT74) -> 2 | AU75: =IF($H74="Away Goal",AU74+1,AU74) -> 1 | AV75: =IF(AND($H75="Home Goal", AO75=0),1,0) -> 0 | AW75: =IF(AX75=1,-1,0) -> 0 | AX75: =IF(AND($H75="Away Goal", AP75=0),1,0) -> 0 | AY75: =IF(AV75=1,-1,0) -> 0 | AZ75: =IFERROR(VLOOKUP(B75,events!AD:BR,37,FALSE),0) -> 1152 | BA75: =ROUND(IF(G75="Intermission",BA74,((1080)-((C75*60)+D75))+AZ75),0) -> 2210 | BB75: =IF(BA75<5,0,BA75-5) -> 2205 | BC75: =BB75+AI75+3 -> 2208
